column,vif,bare_name,base_concept,group,asset,stage,window_s,market_scope
dist_to_fib_618_week_bps_fut_btc,13102.5766,dist_to_fib_618_week_bps_fut,dist_to_fib_618_week_bps,Range,btc,S1,,Futures
dist_to_fib_500_week_bps_fut_btc,12732.7009,dist_to_fib_500_week_bps_fut,dist_to_fib_500_week_bps,Range,btc,S1,,Futures
dist_to_fib_382_week_bps_fut_btc,10039.476,dist_to_fib_382_week_bps_fut,dist_to_fib_382_week_bps,Range,btc,S1,,Futures
dist_to_fib_786_week_bps_fut_btc,9975.2819,dist_to_fib_786_week_bps_fut,dist_to_fib_786_week_bps,Range,btc,S1,,Futures
lwp_bid_10bps_spot_1s_btc,9922.493,lwp_bid_10bps_spot_1s,lwp_bid_10bps,Price,btc,S0,,Spot
lwp_bid_5bps_spot_1s_btc,9922.2818,lwp_bid_5bps_spot_1s,lwp_bid_5bps,Price,btc,S0,,Spot
lwp_mid_10bps_spot_1s_btc,9922.0451,lwp_mid_10bps_spot_1s,lwp_mid_10bps,Price,btc,S0,,Spot
best_ask_spot_1s_btc,9921.9751,best_ask_spot_1s,best_ask,Price,btc,S0,,Spot
mid_spot_1s_btc,9921.9598,mid_spot_1s,mid,Price,btc,S0,,Spot
best_bid_spot_1s_btc,9921.9445,best_bid_spot_1s,best_bid,Price,btc,S0,,Spot
lwp_mid_5bps_spot_1s_btc,9921.8483,lwp_mid_5bps_spot_1s,lwp_mid_5bps,Price,btc,S0,,Spot
lwp_ask_5bps_spot_1s_btc,9921.208,lwp_ask_5bps_spot_1s,lwp_ask_5bps,Price,btc,S0,,Spot
lwp_mid_struct50_spot_1s_btc,9920.8132,lwp_mid_struct50_spot_1s,lwp_mid_struct50,Price,btc,S0,,Spot
lwp_ask_10bps_spot_1s_btc,9920.3009,lwp_ask_10bps_spot_1s,lwp_ask_10bps,Price,btc,S0,,Spot
lwp_mid_struct100_spot_1s_btc,9913.9976,lwp_mid_struct100_spot_1s,lwp_mid_struct100,Price,btc,S0,,Spot
lwp_ask_struct100_spot_1s_btc,9902.379,lwp_ask_struct100_spot_1s,lwp_ask_struct100,Price,btc,S0,,Spot
lwp_ask_struct50_spot_1s_btc,9902.316,lwp_ask_struct50_spot_1s,lwp_ask_struct50,Price,btc,S0,,Spot
lwp_bid_struct50_spot_1s_btc,9893.1519,lwp_bid_struct50_spot_1s,lwp_bid_struct50,Price,btc,S0,,Spot
lwp_ask_10bps_fut_1s_btc,9851.9353,lwp_ask_10bps_fut_1s,lwp_ask_10bps,Price,btc,S0,,Futures
lwp_ask_5bps_fut_1s_btc,9851.7899,lwp_ask_5bps_fut_1s,lwp_ask_5bps,Price,btc,S0,,Futures
lwp_mid_5bps_fut_1s_btc,9851.7541,lwp_mid_5bps_fut_1s,lwp_mid_5bps,Price,btc,S0,,Futures
lwp_mid_10bps_fut_1s_btc,9851.7519,lwp_mid_10bps_fut_1s,lwp_mid_10bps,Price,btc,S0,,Futures
lwp_bid_5bps_fut_1s_btc,9851.6534,lwp_bid_5bps_fut_1s,lwp_bid_5bps,Price,btc,S0,,Futures
best_bid_fut_1s_btc,9851.6217,best_bid_fut_1s,best_bid,Price,btc,S0,,Futures
mid_fut_1s_btc,9851.6161,mid_fut_1s,mid,Price,btc,S0,,Futures
best_ask_fut_1s_btc,9851.61,best_ask_fut_1s,best_ask,Price,btc,S0,,Futures
lwp_bid_struct50_fut_1s_btc,9851.4233,lwp_bid_struct50_fut_1s,lwp_bid_struct50,Price,btc,S0,,Futures
lwp_mid_struct50_fut_1s_btc,9851.121,lwp_mid_struct50_fut_1s,lwp_mid_struct50,Price,btc,S0,,Futures
lwp_mid_struct100_fut_1s_btc,9850.6049,lwp_mid_struct100_fut_1s,lwp_mid_struct100,Price,btc,S0,,Futures
lwp_bid_struct100_spot_1s_btc,9849.7934,lwp_bid_struct100_spot_1s,lwp_bid_struct100,Price,btc,S0,,Spot
lwp_ask_struct50_fut_1s_btc,9849.7193,lwp_ask_struct50_fut_1s,lwp_ask_struct50,Price,btc,S0,,Futures
lwp_bid_10bps_fut_1s_btc,9849.2124,lwp_bid_10bps_fut_1s,lwp_bid_10bps,Price,btc,S0,,Futures
lwp_ask_struct100_fut_1s_btc,9836.269,lwp_ask_struct100_fut_1s,lwp_ask_struct100,Price,btc,S0,,Futures
lwp_ask_2bps_spot_1s_btc,9835.3214,lwp_ask_2bps_spot_1s,lwp_ask_2bps,Price,btc,S0,,Spot
lwp_bid_struct100_fut_1s_btc,9834.6369,lwp_bid_struct100_fut_1s,lwp_bid_struct100,Price,btc,S0,,Futures
lwp_mid_2bps_spot_1s_btc,9834.2543,lwp_mid_2bps_spot_1s,lwp_mid_2bps,Price,btc,S0,,Spot
lwp_bid_2bps_spot_1s_btc,9833.06,lwp_bid_2bps_spot_1s,lwp_bid_2bps,Price,btc,S0,,Spot
lwp_ask_1bps_spot_1s_btc,9447.1243,lwp_ask_1bps_spot_1s,lwp_ask_1bps,Price,btc,S0,,Spot
lwp_mid_1bps_spot_1s_btc,9447.0658,lwp_mid_1bps_spot_1s,lwp_mid_1bps,Price,btc,S0,,Spot
lwp_bid_1bps_spot_1s_btc,9446.9645,lwp_bid_1bps_spot_1s,lwp_bid_1bps,Price,btc,S0,,Spot
lwp_ask_2bps_fut_1s_btc,9415.3039,lwp_ask_2bps_fut_1s,lwp_ask_2bps,Price,btc,S0,,Futures
lwp_mid_2bps_fut_1s_btc,9415.1736,lwp_mid_2bps_fut_1s,lwp_mid_2bps,Price,btc,S0,,Futures
lwp_bid_2bps_fut_1s_btc,9415.0194,lwp_bid_2bps_fut_1s,lwp_bid_2bps,Price,btc,S0,,Futures
lwp_mid_struct100_fut_900s_btc,9265.1373,lwp_mid_struct100_fut_900s,lwp_mid_struct100,Price,btc,S1,900.0,Futures
lwp_mid_10bps_fut_900s_btc,9264.4902,lwp_mid_10bps_fut_900s,lwp_mid_10bps,Price,btc,S1,900.0,Futures
lwp_mid_struct50_fut_900s_btc,9264.4379,lwp_mid_struct50_fut_900s,lwp_mid_struct50,Price,btc,S1,900.0,Futures
lwp_mid_struct50_fut_300s_btc,9025.9189,lwp_mid_struct50_fut_300s,lwp_mid_struct50,Price,btc,S1,300.0,Futures
lwp_mid_10bps_fut_300s_btc,9025.9076,lwp_mid_10bps_fut_300s,lwp_mid_10bps,Price,btc,S1,300.0,Futures
lwp_mid_struct100_fut_300s_btc,9024.7421,lwp_mid_struct100_fut_300s,lwp_mid_struct100,Price,btc,S1,300.0,Futures
lwp_mid_struct50_fut_60s_btc,8991.8942,lwp_mid_struct50_fut_60s,lwp_mid_struct50,Price,btc,S1,60.0,Futures
lwp_mid_10bps_fut_60s_btc,8991.7274,lwp_mid_10bps_fut_60s,lwp_mid_10bps,Price,btc,S1,60.0,Futures
lwp_mid_struct100_fut_60s_btc,8991.1787,lwp_mid_struct100_fut_60s,lwp_mid_struct100,Price,btc,S1,60.0,Futures
liq_concentration_bid_fut_struct50_1s_btc,8880.9593,liq_concentration_bid_fut_struct50_1s,liq_concentration_bid_struct50,Bookshape,btc,S1,,Futures
lwp_ask_1bps_fut_1s_btc,8734.5343,lwp_ask_1bps_fut_1s,lwp_ask_1bps,Price,btc,S0,,Futures
lwp_mid_1bps_fut_1s_btc,8734.4802,lwp_mid_1bps_fut_1s,lwp_mid_1bps,Price,btc,S0,,Futures
lwp_bid_1bps_fut_1s_btc,8734.4148,lwp_bid_1bps_fut_1s,lwp_bid_1bps,Price,btc,S0,,Futures
aggressor_absorption_ratio_spot_5bps_60s_btc,8720.3693,aggressor_absorption_ratio_spot_5bps_60s,aggressor_absorption_ratio_5bps,Absorption,btc,S2,60.0,Spot
lwp_mid_struct50_spot_900s_btc,8610.5562,lwp_mid_struct50_spot_900s,lwp_mid_struct50,Price,btc,S1,900.0,Spot
lwp_mid_struct100_spot_900s_btc,8606.1785,lwp_mid_struct100_spot_900s,lwp_mid_struct100,Price,btc,S1,900.0,Spot
liq_concentration_ask_fut_struct50_60s_btc,8594.7481,liq_concentration_ask_fut_struct50_60s,liq_concentration_ask_struct50,Bookshape,btc,S2,60.0,Futures
basis_vwap_sf_60s_btc,8554.783,basis_vwap_sf_60s,basis_vwap_sf,Cross-Market,btc,S3,60.0,Spot|Futures
lwp_mid_struct100_spot_300s_btc,8501.8017,lwp_mid_struct100_spot_300s,lwp_mid_struct100,Price,btc,S1,300.0,Spot
lwp_mid_struct50_spot_300s_btc,8501.6475,lwp_mid_struct50_spot_300s,lwp_mid_struct50,Price,btc,S1,300.0,Spot
liq_concentration_bid_fut_struct50_60s_btc,8466.2196,liq_concentration_bid_fut_struct50_60s,liq_concentration_bid_struct50,Bookshape,btc,S2,60.0,Futures
pull_rate_spot_5bps_15s_btc,8231.1326,pull_rate_spot_5bps_15s,pull_rate_5bps,Liquidity Events,btc,S1,15.0,Spot
liq_concentration_ask_fut_struct50_1s_btc,8217.0828,liq_concentration_ask_fut_struct50_1s,liq_concentration_ask_struct50,Bookshape,btc,S1,,Futures
lwp_mid_struct50_spot_60s_btc,8205.531,lwp_mid_struct50_spot_60s,lwp_mid_struct50,Price,btc,S1,60.0,Spot
lwp_mid_struct100_spot_60s_btc,8204.2059,lwp_mid_struct100_spot_60s,lwp_mid_struct100,Price,btc,S1,60.0,Spot
liq_concentration_ask_fut_struct50_900s_btc,7928.5666,liq_concentration_ask_fut_struct50_900s,liq_concentration_ask_struct50,Bookshape,btc,S2,900.0,Futures
liq_concentration_bid_fut_struct50_900s_btc,7881.403,liq_concentration_bid_fut_struct50_900s,liq_concentration_bid_struct50,Bookshape,btc,S2,900.0,Futures
aggressor_absorption_ratio_spot_2bps_60s_btc,7871.6716,aggressor_absorption_ratio_spot_2bps_60s,aggressor_absorption_ratio_2bps,Absorption,btc,S2,60.0,Spot
vwap_spot_1s_btc,7654.6742,vwap_spot_1s,vwap,Price,btc,S1,,Spot
lwp_mid_10bps_spot_900s_btc,7577.4337,lwp_mid_10bps_spot_900s,lwp_mid_10bps,Price,btc,S1,900.0,Spot
pull_rate_fut_1bps_60s_btc,7533.697,pull_rate_fut_1bps_60s,pull_rate_1bps,Liquidity Events,btc,S1,60.0,Futures
liq_concentration_bid_fut_struct50_300s_btc,7325.7205,liq_concentration_bid_fut_struct50_300s,liq_concentration_bid_struct50,Bookshape,btc,S2,300.0,Futures
vwap_fut_1s_btc,7307.9017,vwap_fut_1s,vwap,Price,btc,S1,,Futures
lwp_mid_10bps_spot_300s_btc,7294.3547,lwp_mid_10bps_spot_300s,lwp_mid_10bps,Price,btc,S1,300.0,Spot
liq_concentration_ask_fut_struct50_300s_btc,7266.9435,liq_concentration_ask_fut_struct50_300s,liq_concentration_ask_struct50,Bookshape,btc,S2,300.0,Futures
liq_concentration_bid_spot_struct50_1s_btc,7244.4727,liq_concentration_bid_spot_struct50_1s,liq_concentration_bid_struct50,Bookshape,btc,S1,,Spot
net_add_spot_2bps_1s_btc,7204.4238,net_add_spot_2bps_1s,net_add_2bps,Pressure,btc,S3,1.0,Spot
net_add_pressure_spot_2bps_1s_btc,7204.4238,net_add_pressure_spot_2bps_1s,net_add_pressure_2bps,Pressure,btc,S2,1.0,Spot
aggressor_absorption_ratio_fut_5bps_60s_btc,6993.9275,aggressor_absorption_ratio_fut_5bps_60s,aggressor_absorption_ratio_5bps,Absorption,btc,S2,60.0,Futures
basis_sf_vwap_1s_btc,6966.4271,basis_sf_vwap_1s,basis_sf_vwap,Cross-Market,btc,S2,1.0,Cross
basis_vwap_sf_1s_btc,6966.4271,basis_vwap_sf_1s,basis_vwap_sf,Cross-Market,btc,S2,1.0,Cross
pull_rate_spot_1bps_60s_btc,6899.5683,pull_rate_spot_1bps_60s,pull_rate_1bps,Liquidity Events,btc,S1,60.0,Spot
liq_concentration_ask_spot_struct50_1s_btc,6772.1938,liq_concentration_ask_spot_struct50_1s,liq_concentration_ask_struct50,Bookshape,btc,S1,,Spot
liq_concentration_spot_struct50_60s_btc,6734.6742,liq_concentration_spot_struct50_60s,liq_concentration_struct50,Bookshape,btc,S3,,Spot
net_cancel_pressure_spot_2bps_1s_btc,6729.5377,net_cancel_pressure_spot_2bps_1s,net_cancel_pressure_2bps,Pressure,btc,S2,1.0,Spot
net_cancel_spot_2bps_1s_btc,6729.5377,net_cancel_spot_2bps_1s,net_cancel_2bps,Pressure,btc,S3,1.0,Spot
net_add_spot_2bps_15s_btc,6721.0673,net_add_spot_2bps_15s,net_add_2bps,Pressure,btc,S4,15.0,Spot
net_pressure_spot_2bps_15s_btc,6720.8711,net_pressure_spot_2bps_15s,net_pressure_2bps,Pressure,btc,S3,15.0,Spot
net_add_pressure_spot_2bps_15s_btc,6720.8711,net_add_pressure_spot_2bps_15s,net_add_pressure_2bps,Pressure,btc,S3,15.0,Spot
net_add_pressure_fut_2bps_15s_btc,6684.6322,net_add_pressure_fut_2bps_15s,net_add_pressure_2bps,Pressure,btc,S3,15.0,Futures
net_pressure_fut_2bps_15s_btc,6684.6322,net_pressure_fut_2bps_15s,net_pressure_2bps,Pressure,btc,S3,15.0,Futures
net_add_fut_2bps_15s_btc,6684.6293,net_add_fut_2bps_15s,net_add_2bps,Pressure,btc,S4,15.0,Futures
net_cancel_pressure_fut_2bps_1s_btc,6682.2163,net_cancel_pressure_fut_2bps_1s,net_cancel_pressure_2bps,Pressure,btc,S2,1.0,Futures
net_cancel_fut_2bps_1s_btc,6682.2163,net_cancel_fut_2bps_1s,net_cancel_2bps,Pressure,btc,S3,1.0,Futures
net_add_pressure_spot_5bps_60s_btc,6680.7402,net_add_pressure_spot_5bps_60s,net_add_pressure_5bps,Pressure,btc,S3,60.0,Spot
net_pressure_spot_5bps_60s_btc,6680.7402,net_pressure_spot_5bps_60s,net_pressure_5bps,Pressure,btc,S3,60.0,Spot
net_add_spot_5bps_60s_btc,6680.337,net_add_spot_5bps_60s,net_add_5bps,Pressure,btc,S4,60.0,Spot
net_pressure_spot_10bps_60s_btc,6680.2205,net_pressure_spot_10bps_60s,net_pressure_10bps,Pressure,btc,S3,60.0,Spot
net_add_pressure_spot_10bps_60s_btc,6680.2205,net_add_pressure_spot_10bps_60s,net_add_pressure_10bps,Pressure,btc,S3,60.0,Spot
net_add_spot_10bps_60s_btc,6679.6762,net_add_spot_10bps_60s,net_add_10bps,Pressure,btc,S4,60.0,Spot
net_pressure_spot_10bps_15s_btc,6679.4849,net_pressure_spot_10bps_15s,net_pressure_10bps,Pressure,btc,S3,15.0,Spot
net_add_pressure_spot_10bps_15s_btc,6679.4849,net_add_pressure_spot_10bps_15s,net_add_pressure_10bps,Pressure,btc,S3,15.0,Spot
net_add_spot_10bps_15s_btc,6679.3604,net_add_spot_10bps_15s,net_add_10bps,Pressure,btc,S4,15.0,Spot
net_pressure_spot_5bps_15s_btc,6679.3176,net_pressure_spot_5bps_15s,net_pressure_5bps,Pressure,btc,S3,15.0,Spot
net_add_pressure_spot_5bps_15s_btc,6679.3176,net_add_pressure_spot_5bps_15s,net_add_pressure_5bps,Pressure,btc,S3,15.0,Spot
net_add_spot_5bps_15s_btc,6679.2285,net_add_spot_5bps_15s,net_add_5bps,Pressure,btc,S4,15.0,Spot
net_pressure_spot_2bps_60s_btc,6678.7384,net_pressure_spot_2bps_60s,net_pressure_2bps,Pressure,btc,S3,60.0,Spot
net_add_pressure_spot_2bps_60s_btc,6678.7384,net_add_pressure_spot_2bps_60s,net_add_pressure_2bps,Pressure,btc,S3,60.0,Spot
net_add_spot_2bps_60s_btc,6678.5887,net_add_spot_2bps_60s,net_add_2bps,Pressure,btc,S4,60.0,Spot
net_pressure_logratio_2bps_5bps_spot_60s_btc,6673.9157,net_pressure_logratio_2bps_5bps_spot_60s,net_pressure_logratio_2bps_5bps,Pressure,btc,S3,60.0,Spot
net_pressure_logratio_2bps_5bps_spot_1s_btc,6673.9157,net_pressure_logratio_2bps_5bps_spot_1s,net_pressure_logratio_2bps_5bps,Pressure,btc,S3,1.0,Spot
net_pressure_logratio_2bps_5bps_spot_15s_btc,6673.9157,net_pressure_logratio_2bps_5bps_spot_15s,net_pressure_logratio_2bps_5bps,Pressure,btc,S3,15.0,Spot
net_pressure_logratio_2bps_5bps_fut_60s_btc,6673.3894,net_pressure_logratio_2bps_5bps_fut_60s,net_pressure_logratio_2bps_5bps,Pressure,btc,S3,60.0,Futures
net_pressure_logratio_2bps_5bps_fut_1s_btc,6673.3894,net_pressure_logratio_2bps_5bps_fut_1s,net_pressure_logratio_2bps_5bps,Pressure,btc,S3,1.0,Futures
net_pressure_logratio_2bps_5bps_fut_15s_btc,6673.3894,net_pressure_logratio_2bps_5bps_fut_15s,net_pressure_logratio_2bps_5bps,Pressure,btc,S3,15.0,Futures
net_add_pressure_fut_2bps_60s_btc,6672.3616,net_add_pressure_fut_2bps_60s,net_add_pressure_2bps,Pressure,btc,S3,60.0,Futures
net_pressure_fut_2bps_60s_btc,6672.3616,net_pressure_fut_2bps_60s,net_pressure_2bps,Pressure,btc,S3,60.0,Futures
net_add_fut_2bps_60s_btc,6672.3505,net_add_fut_2bps_60s,net_add_2bps,Pressure,btc,S4,60.0,Futures
net_pressure_fut_10bps_60s_btc,6672.2983,net_pressure_fut_10bps_60s,net_pressure_10bps,Pressure,btc,S3,60.0,Futures
net_add_pressure_fut_10bps_60s_btc,6672.2983,net_add_pressure_fut_10bps_60s,net_add_pressure_10bps,Pressure,btc,S3,60.0,Futures
net_add_fut_10bps_60s_btc,6672.1228,net_add_fut_10bps_60s,net_add_10bps,Pressure,btc,S4,60.0,Futures
net_add_fut_5bps_15s_btc,6671.1863,net_add_fut_5bps_15s,net_add_5bps,Pressure,btc,S4,15.0,Futures
net_pressure_fut_5bps_15s_btc,6671.183,net_pressure_fut_5bps_15s,net_pressure_5bps,Pressure,btc,S3,15.0,Futures
net_add_pressure_fut_5bps_15s_btc,6671.183,net_add_pressure_fut_5bps_15s,net_add_pressure_5bps,Pressure,btc,S3,15.0,Futures
net_add_fut_5bps_60s_btc,6670.7398,net_add_fut_5bps_60s,net_add_5bps,Pressure,btc,S4,60.0,Futures
net_add_pressure_fut_5bps_60s_btc,6670.7001,net_add_pressure_fut_5bps_60s,net_add_pressure_5bps,Pressure,btc,S3,60.0,Futures
net_pressure_fut_5bps_60s_btc,6670.7001,net_pressure_fut_5bps_60s,net_pressure_5bps,Pressure,btc,S3,60.0,Futures
net_pressure_fut_10bps_15s_btc,6670.6502,net_pressure_fut_10bps_15s,net_pressure_10bps,Pressure,btc,S3,15.0,Futures
net_add_pressure_fut_10bps_15s_btc,6670.6502,net_add_pressure_fut_10bps_15s,net_add_pressure_10bps,Pressure,btc,S3,15.0,Futures
net_add_fut_10bps_15s_btc,6670.6291,net_add_fut_10bps_15s,net_add_10bps,Pressure,btc,S4,15.0,Futures
net_pressure_logratio_5bps_10bps_fut_1s_btc,6669.9202,net_pressure_logratio_5bps_10bps_fut_1s,net_pressure_logratio_5bps_10bps,Pressure,btc,S3,1.0,Futures
net_pressure_logratio_5bps_10bps_fut_15s_btc,6669.9202,net_pressure_logratio_5bps_10bps_fut_15s,net_pressure_logratio_5bps_10bps,Pressure,btc,S3,15.0,Futures
net_pressure_logratio_5bps_10bps_fut_60s_btc,6669.9202,net_pressure_logratio_5bps_10bps_fut_60s,net_pressure_logratio_5bps_10bps,Pressure,btc,S3,60.0,Futures
net_pressure_logratio_5bps_10bps_spot_1s_btc,6669.02,net_pressure_logratio_5bps_10bps_spot_1s,net_pressure_logratio_5bps_10bps,Pressure,btc,S3,1.0,Spot
net_pressure_logratio_5bps_10bps_spot_15s_btc,6669.02,net_pressure_logratio_5bps_10bps_spot_15s,net_pressure_logratio_5bps_10bps,Pressure,btc,S3,15.0,Spot
net_pressure_logratio_5bps_10bps_spot_60s_btc,6669.02,net_pressure_logratio_5bps_10bps_spot_60s,net_pressure_logratio_5bps_10bps,Pressure,btc,S3,60.0,Spot
trade_absorption_ratio_fut_5bps_1s_btc,6667.5235,trade_absorption_ratio_fut_5bps_1s,trade_absorption_ratio_5bps,Absorption,btc,S3,,Futures
trade_absorption_ratio_fut_1s_btc,6667.5235,trade_absorption_ratio_fut_1s,trade_absorption_ratio,Absorption,btc,S2,1.0,Futures
trade_absorption_ratio_fut_2bps_1s_btc,6667.5235,trade_absorption_ratio_fut_2bps_1s,trade_absorption_ratio_2bps,Absorption,btc,S3,,Futures
d1_pull_rate_spot_10bps_5s_btc,6651.0763,d1_pull_rate_spot_10bps_5s,d1_pull_rate_10bps,Dynamics,btc,S2,5.0,Spot
liq_concentration_fut_struct50_60s_btc,6612.2177,liq_concentration_fut_struct50_60s,liq_concentration_struct50,Bookshape,btc,S3,,Futures
net_add_fut_2bps_1s_btc,6602.0056,net_add_fut_2bps_1s,net_add_2bps,Pressure,btc,S3,1.0,Futures
net_add_pressure_fut_2bps_1s_btc,6602.0056,net_add_pressure_fut_2bps_1s,net_add_pressure_2bps,Pressure,btc,S2,1.0,Futures
aggressor_absorption_ratio_fut_2bps_60s_btc,6492.2159,aggressor_absorption_ratio_fut_2bps_60s,aggressor_absorption_ratio_2bps,Absorption,btc,S2,60.0,Futures
net_add_fut_5bps_1s_btc,6464.4662,net_add_fut_5bps_1s,net_add_5bps,Pressure,btc,S3,1.0,Futures
net_add_pressure_fut_5bps_1s_btc,6464.4662,net_add_pressure_fut_5bps_1s,net_add_pressure_5bps,Pressure,btc,S2,1.0,Futures
queue_pressure_spot_1bps_15s_btc,6457.1287,queue_pressure_spot_1bps_15s,queue_pressure_1bps,Pressure,btc,S2,15.0,Spot
queue_pressure_ratio_spot_1bps_15s_btc,6457.1287,queue_pressure_ratio_spot_1bps_15s,queue_pressure_ratio_1bps,Pressure,btc,S2,15.0,Spot
net_cancel_fut_5bps_1s_btc,6379.4682,net_cancel_fut_5bps_1s,net_cancel_5bps,Pressure,btc,S3,1.0,Futures
net_cancel_pressure_fut_5bps_1s_btc,6379.4682,net_cancel_pressure_fut_5bps_1s,net_cancel_pressure_5bps,Pressure,btc,S2,1.0,Futures
d1_pull_rate_fut_5bps_5s_btc,6353.5756,d1_pull_rate_fut_5bps_5s,d1_pull_rate_5bps,Dynamics,btc,S2,5.0,Futures
queue_pressure_spot_1bps_60s_btc,6305.5647,queue_pressure_spot_1bps_60s,queue_pressure_1bps,Pressure,btc,S2,60.0,Spot
queue_pressure_ratio_spot_1bps_60s_btc,6305.5647,queue_pressure_ratio_spot_1bps_60s,queue_pressure_ratio_1bps,Pressure,btc,S2,60.0,Spot
net_add_pressure_spot_5bps_1s_btc,6277.1345,net_add_pressure_spot_5bps_1s,net_add_pressure_5bps,Pressure,btc,S2,1.0,Spot
net_add_spot_5bps_1s_btc,6277.1345,net_add_spot_5bps_1s,net_add_5bps,Pressure,btc,S3,1.0,Spot
median_pull_rate_spot_5bps_15s_btc,6269.0942,median_pull_rate_spot_5bps_15s,median_pull_rate_5bps,Dynamics,btc,S2,15.0,Spot
net_pressure_flip_rate_fut_5bps_300s_btc,6255.2434,net_pressure_flip_rate_fut_5bps_300s,net_pressure_flip_rate_5bps,Dynamics,btc,S3,300.0,Futures
net_pressure_persist_fut_5bps_300s_btc,6255.2434,net_pressure_persist_fut_5bps_300s,net_pressure_persist_5bps,Dynamics,btc,S3,300.0,Futures
d1_pull_rate_fut_10bps_5s_btc,6232.8675,d1_pull_rate_fut_10bps_5s,d1_pull_rate_10bps,Dynamics,btc,S2,5.0,Futures
pull_rate_fut_10bps_5s_btc,6227.2255,pull_rate_fut_10bps_5s,pull_rate_10bps,Liquidity Events,btc,S1,5.0,Futures
liq_imb_persist_sf_struct50_900s_btc,6090.9346,liq_imb_persist_sf_struct50_900s,liq_imb_persist_sf_struct50,Cross-Market,btc,S3,,Spot|Futures
liq_imb_persist_sf_struct50_300s_btc,6090.9346,liq_imb_persist_sf_struct50_300s,liq_imb_persist_sf_struct50,Cross-Market,btc,S3,,Spot|Futures
liq_imb_fut_struct50_900s_btc,6056.6411,liq_imb_fut_struct50_900s,liq_imb_struct50,Imbalance,btc,S1,900.0,Futures
pull_rate_spot_5bps_60s_btc,6009.7743,pull_rate_spot_5bps_60s,pull_rate_5bps,Liquidity Events,btc,S1,60.0,Spot
net_cancel_fut_2bps_15s_btc,5968.1517,net_cancel_fut_2bps_15s,net_cancel_2bps,Pressure,btc,S4,15.0,Futures
net_cancel_pressure_fut_2bps_15s_btc,5968.1452,net_cancel_pressure_fut_2bps_15s,net_cancel_pressure_2bps,Pressure,btc,S3,15.0,Futures
liq_imb_div_fut_minus_spot_struct50_900s_btc,5948.9947,liq_imb_div_fut_minus_spot_struct50_900s,liq_imb_div_minus_struct50,Cross-Market,btc,S2,900.0,Futures
pull_rate_fut_5bps_15s_btc,5931.6443,pull_rate_fut_5bps_15s,pull_rate_5bps,Liquidity Events,btc,S1,15.0,Futures
refill_vs_pull_spot_2bps_5s_btc,5921.9709,refill_vs_pull_spot_2bps_5s,refill_vs_pull_2bps,Liquidity Events,btc,S2,5.0,Spot
refill_vs_pull_spot_2bps_60s_btc,5921.9709,refill_vs_pull_spot_2bps_60s,refill_vs_pull_2bps,Liquidity Events,btc,S2,60.0,Spot
pull_rate_spot_10bps_60s_btc,5918.9898,pull_rate_spot_10bps_60s,pull_rate_10bps,Liquidity Events,btc,S1,60.0,Spot
net_cancel_fut_10bps_1s_btc,5914.9723,net_cancel_fut_10bps_1s,net_cancel_10bps,Pressure,btc,S3,1.0,Futures
net_cancel_pressure_fut_10bps_1s_btc,5914.9723,net_cancel_pressure_fut_10bps_1s,net_cancel_pressure_10bps,Pressure,btc,S2,1.0,Futures
day_range_bps_spot_btc,5895.1619,day_range_bps_spot,day_range_bps,Range,btc,S1,,Spot
refill_vs_pull_spot_1bps_5s_btc,5887.5274,refill_vs_pull_spot_1bps_5s,refill_vs_pull_1bps,Liquidity Events,btc,S2,5.0,Spot
refill_vs_pull_spot_1bps_15s_btc,5887.5274,refill_vs_pull_spot_1bps_15s,refill_vs_pull_1bps,Liquidity Events,btc,S2,15.0,Spot
net_add_fut_10bps_1s_btc,5870.236,net_add_fut_10bps_1s,net_add_10bps,Pressure,btc,S3,1.0,Futures
net_add_pressure_fut_10bps_1s_btc,5870.236,net_add_pressure_fut_10bps_1s,net_add_pressure_10bps,Pressure,btc,S2,1.0,Futures
liq_concentration_fut_struct50_300s_btc,5867.4789,liq_concentration_fut_struct50_300s,liq_concentration_struct50,Bookshape,btc,S3,,Futures
pull_rate_spot_2bps_5s_btc,5831.1144,pull_rate_spot_2bps_5s,pull_rate_2bps,Liquidity Events,btc,S1,5.0,Spot
liq_imb_fut_struct50_60s_btc,5824.0962,liq_imb_fut_struct50_60s,liq_imb_struct50,Imbalance,btc,S1,60.0,Futures
day_range_bps_fut_btc,5822.0016,day_range_bps_fut,day_range_bps,Range,btc,S1,,Futures
liq_imb_spot_struct50_900s_btc,5821.3604,liq_imb_spot_struct50_900s,liq_imb_struct50,Imbalance,btc,S1,900.0,Spot
pull_rate_fut_2bps_5s_btc,5821.223,pull_rate_fut_2bps_5s,pull_rate_2bps,Liquidity Events,btc,S1,5.0,Futures
median_pull_rate_fut_10bps_60s_btc,5807.7907,median_pull_rate_fut_10bps_60s,median_pull_rate_10bps,Dynamics,btc,S2,60.0,Futures
liq_concentration_bid_spot_struct50_300s_btc,5795.4598,liq_concentration_bid_spot_struct50_300s,liq_concentration_bid_struct50,Bookshape,btc,S2,300.0,Spot
net_cancel_fut_2bps_60s_btc,5792.4151,net_cancel_fut_2bps_60s,net_cancel_2bps,Pressure,btc,S4,60.0,Futures
liq_concentration_spot_struct50_900s_btc,5792.3248,liq_concentration_spot_struct50_900s,liq_concentration_struct50,Bookshape,btc,S3,,Spot
net_cancel_pressure_fut_2bps_60s_btc,5791.7264,net_cancel_pressure_fut_2bps_60s,net_cancel_pressure_2bps,Pressure,btc,S3,60.0,Futures
liq_concentration_spot_struct50_300s_btc,5783.5466,liq_concentration_spot_struct50_300s,liq_concentration_struct50,Bookshape,btc,S3,,Spot
d1_pull_rate_spot_5bps_5s_btc,5779.404,d1_pull_rate_spot_5bps_5s,d1_pull_rate_5bps,Dynamics,btc,S2,5.0,Spot
pull_rate_spot_10bps_5s_btc,5774.2752,pull_rate_spot_10bps_5s,pull_rate_10bps,Liquidity Events,btc,S1,5.0,Spot
net_pressure_persist_spot_5bps_300s_btc,5756.2391,net_pressure_persist_spot_5bps_300s,net_pressure_persist_5bps,Dynamics,btc,S3,300.0,Spot
net_pressure_flip_rate_spot_5bps_300s_btc,5756.2391,net_pressure_flip_rate_spot_5bps_300s,net_pressure_flip_rate_5bps,Dynamics,btc,S3,300.0,Spot
net_cancel_pressure_spot_5bps_1s_btc,5729.6058,net_cancel_pressure_spot_5bps_1s,net_cancel_pressure_5bps,Pressure,btc,S2,1.0,Spot
net_cancel_spot_5bps_1s_btc,5729.6058,net_cancel_spot_5bps_1s,net_cancel_5bps,Pressure,btc,S3,1.0,Spot
pull_rate_fut_5bps_60s_btc,5722.7551,pull_rate_fut_5bps_60s,pull_rate_5bps,Liquidity Events,btc,S1,60.0,Futures
d2_pull_rate_spot_10bps_5s_btc,5693.3638,d2_pull_rate_spot_10bps_5s,d2_pull_rate_10bps,Dynamics,btc,S2,5.0,Spot
liq_concentration_bid_spot_struct50_900s_btc,5692.5888,liq_concentration_bid_spot_struct50_900s,liq_concentration_bid_struct50,Bookshape,btc,S2,900.0,Spot
median_pull_rate_spot_2bps_5s_btc,5681.7914,median_pull_rate_spot_2bps_5s,median_pull_rate_2bps,Dynamics,btc,S2,5.0,Spot
liq_imb_div_fut_minus_spot_struct50_60s_btc,5668.7364,liq_imb_div_fut_minus_spot_struct50_60s,liq_imb_div_minus_struct50,Cross-Market,btc,S2,60.0,Futures
mad_pull_rate_fut_1bps_60s_btc,5667.5669,mad_pull_rate_fut_1bps_60s,mad_pull_rate_1bps,Dynamics,btc,S2,60.0,Futures
liq_concentration_fut_struct50_900s_btc,5660.0829,liq_concentration_fut_struct50_900s,liq_concentration_struct50,Bookshape,btc,S3,,Futures
liq_imb_spot_struct50_300s_btc,5659.2756,liq_imb_spot_struct50_300s,liq_imb_struct50,Imbalance,btc,S1,300.0,Spot
lwp_mid_5bps_fut_300s_btc,5657.1238,lwp_mid_5bps_fut_300s,lwp_mid_5bps,Price,btc,S1,300.0,Futures
liq_imb_spot_struct50_60s_btc,5656.8215,liq_imb_spot_struct50_60s,liq_imb_struct50,Imbalance,btc,S1,60.0,Spot
lwp_mid_5bps_fut_900s_btc,5651.244,lwp_mid_5bps_fut_900s,lwp_mid_5bps,Price,btc,S1,900.0,Futures
queue_pressure_ratio_fut_1bps_15s_btc,5650.0674,queue_pressure_ratio_fut_1bps_15s,queue_pressure_ratio_1bps,Pressure,btc,S2,15.0,Futures
queue_pressure_fut_1bps_15s_btc,5650.0674,queue_pressure_fut_1bps_15s,queue_pressure_1bps,Pressure,btc,S2,15.0,Futures
liq_imb_fut_struct100_900s_btc,5631.8872,liq_imb_fut_struct100_900s,liq_imb_struct100,Imbalance,btc,S1,900.0,Futures
median_pull_rate_spot_5bps_60s_btc,5625.8413,median_pull_rate_spot_5bps_60s,median_pull_rate_5bps,Dynamics,btc,S2,60.0,Spot
net_cancel_fut_5bps_60s_btc,5613.9981,net_cancel_fut_5bps_60s,net_cancel_5bps,Pressure,btc,S4,60.0,Futures
net_cancel_pressure_fut_5bps_60s_btc,5613.992,net_cancel_pressure_fut_5bps_60s,net_cancel_pressure_5bps,Pressure,btc,S3,60.0,Futures
net_pressure_flip_rate_fut_10bps_300s_btc,5606.7573,net_pressure_flip_rate_fut_10bps_300s,net_pressure_flip_rate_10bps,Dynamics,btc,S3,300.0,Futures
net_pressure_persist_fut_10bps_300s_btc,5606.7573,net_pressure_persist_fut_10bps_300s,net_pressure_persist_10bps,Dynamics,btc,S3,300.0,Futures
liq_concentration_ask_spot_struct50_300s_btc,5606.078,liq_concentration_ask_spot_struct50_300s,liq_concentration_ask_struct50,Bookshape,btc,S2,300.0,Spot
mad_pull_rate_spot_1bps_5s_btc,5593.2421,mad_pull_rate_spot_1bps_5s,mad_pull_rate_1bps,Dynamics,btc,S2,5.0,Spot
d2_pull_rate_spot_5bps_5s_btc,5571.8967,d2_pull_rate_spot_5bps_5s,d2_pull_rate_5bps,Dynamics,btc,S2,5.0,Spot
liq_imb_div_fut_minus_spot_struct100_300s_btc,5565.4567,liq_imb_div_fut_minus_spot_struct100_300s,liq_imb_div_minus_struct100,Cross-Market,btc,S2,300.0,Futures
median_pull_rate_spot_10bps_5s_btc,5559.0971,median_pull_rate_spot_10bps_5s,median_pull_rate_10bps,Dynamics,btc,S2,5.0,Spot
queue_pressure_fut_1bps_60s_btc,5557.2966,queue_pressure_fut_1bps_60s,queue_pressure_1bps,Pressure,btc,S2,60.0,Futures
queue_pressure_ratio_fut_1bps_60s_btc,5557.2966,queue_pressure_ratio_fut_1bps_60s,queue_pressure_ratio_1bps,Pressure,btc,S2,60.0,Futures
notional_fut_1s_btc,5557.1455,notional_fut_1s,notional,Activity,btc,S0,,Futures
d1_pull_rate_fut_2bps_5s_btc,5552.5696,d1_pull_rate_fut_2bps_5s,d1_pull_rate_2bps,Dynamics,btc,S2,5.0,Futures
liq_imb_fut_struct100_60s_btc,5552.0796,liq_imb_fut_struct100_60s,liq_imb_struct100,Imbalance,btc,S1,60.0,Futures
depth_gradient_div_fut_minus_spot_struct50_900s_btc,5551.5734,depth_gradient_div_fut_minus_spot_struct50_900s,depth_gradient_div_minus_struct50,Cross-Market,btc,S4,,Spot|Futures
volume_fut_1s_btc,5551.1921,volume_fut_1s,volume,Activity,btc,S0,,Futures
net_pressure_flip_rate_spot_10bps_300s_btc,5543.5467,net_pressure_flip_rate_spot_10bps_300s,net_pressure_flip_rate_10bps,Dynamics,btc,S3,300.0,Spot
net_pressure_persist_spot_10bps_300s_btc,5543.5467,net_pressure_persist_spot_10bps_300s,net_pressure_persist_10bps,Dynamics,btc,S3,300.0,Spot
mad_pull_rate_spot_5bps_5s_btc,5518.2626,mad_pull_rate_spot_5bps_5s,mad_pull_rate_5bps,Dynamics,btc,S2,5.0,Spot
liq_imb_div_fut_minus_spot_struct100_900s_btc,5517.458,liq_imb_div_fut_minus_spot_struct100_900s,liq_imb_div_minus_struct100,Cross-Market,btc,S2,900.0,Futures
net_cancel_spot_2bps_15s_btc,5510.833,net_cancel_spot_2bps_15s,net_cancel_2bps,Pressure,btc,S4,15.0,Spot
net_cancel_pressure_spot_2bps_15s_btc,5510.7609,net_cancel_pressure_spot_2bps_15s,net_cancel_pressure_2bps,Pressure,btc,S3,15.0,Spot
liq_imb_spot_struct100_300s_btc,5506.0899,liq_imb_spot_struct100_300s,liq_imb_struct100,Imbalance,btc,S1,300.0,Spot
mad_pull_rate_spot_1bps_60s_btc,5498.3423,mad_pull_rate_spot_1bps_60s,mad_pull_rate_1bps,Dynamics,btc,S2,60.0,Spot
pull_rate_spot_1bps_5s_btc,5483.1025,pull_rate_spot_1bps_5s,pull_rate_1bps,Liquidity Events,btc,S1,5.0,Spot
liq_sum_spot_10bps_1s_btc,5482.9968,liq_sum_spot_10bps_1s,liq_sum_10bps,Bookshape,btc,S1,,Spot
median_pull_rate_spot_10bps_60s_btc,5476.9179,median_pull_rate_spot_10bps_60s,median_pull_rate_10bps,Dynamics,btc,S2,60.0,Spot
liq_concentration_ask_spot_struct50_900s_btc,5450.4523,liq_concentration_ask_spot_struct50_900s,liq_concentration_ask_struct50,Bookshape,btc,S2,900.0,Spot
mad_pull_rate_spot_10bps_5s_btc,5421.0234,mad_pull_rate_spot_10bps_5s,mad_pull_rate_10bps,Dynamics,btc,S2,5.0,Spot
median_pull_rate_fut_1bps_60s_btc,5418.3704,median_pull_rate_fut_1bps_60s,median_pull_rate_1bps,Dynamics,btc,S2,60.0,Futures
pull_rate_spot_5bps_5s_btc,5402.5407,pull_rate_spot_5bps_5s,pull_rate_5bps,Liquidity Events,btc,S1,5.0,Spot
liq_imb_div_fut_minus_spot_struct50_300s_btc,5388.5605,liq_imb_div_fut_minus_spot_struct50_300s,liq_imb_div_minus_struct50,Cross-Market,btc,S2,300.0,Futures
liq_imb_div_fut_minus_spot_struct100_60s_btc,5370.4416,liq_imb_div_fut_minus_spot_struct100_60s,liq_imb_div_minus_struct100,Cross-Market,btc,S2,60.0,Futures
liq_imb_fut_struct50_300s_btc,5369.2698,liq_imb_fut_struct50_300s,liq_imb_struct50,Imbalance,btc,S1,300.0,Futures
depth_gradient_bid_fut_struct100_1s_btc,5352.556,depth_gradient_bid_fut_struct100_1s,depth_gradient_bid_struct100,Bookshape,btc,S1,,Futures
notional_spot_1s_btc,5346.75,notional_spot_1s,notional,Activity,btc,S0,,Spot
liq_imb_spot_struct100_60s_btc,5337.7088,liq_imb_spot_struct100_60s,liq_imb_struct100,Imbalance,btc,S1,60.0,Spot
d1_pull_rate_spot_2bps_5s_btc,5329.0827,d1_pull_rate_spot_2bps_5s,d1_pull_rate_2bps,Dynamics,btc,S2,5.0,Spot
depth_gradient_div_fut_minus_spot_struct50_1s_btc,5318.0359,depth_gradient_div_fut_minus_spot_struct50_1s,depth_gradient_div_minus_struct50,Cross-Market,btc,S3,,Futures
volume_spot_1s_btc,5303.0781,volume_spot_1s,volume,Activity,btc,S0,,Spot
ca_basis_vwap_sf_spread_1s_btceth,5300.3147,ca_basis_vwap_sf_spread_1s,ca_basis_vwap_sf_spread,Cross-Asset,btceth,S6,,Cross-Asset
net_add_spot_10bps_1s_btc,5291.7106,net_add_spot_10bps_1s,net_add_10bps,Pressure,btc,S3,1.0,Spot
net_add_pressure_spot_10bps_1s_btc,5291.7106,net_add_pressure_spot_10bps_1s,net_add_pressure_10bps,Pressure,btc,S2,1.0,Spot
net_cancel_spot_2bps_60s_btc,5283.011,net_cancel_spot_2bps_60s,net_cancel_2bps,Pressure,btc,S4,60.0,Spot
net_cancel_pressure_spot_2bps_60s_btc,5280.0583,net_cancel_pressure_spot_2bps_60s,net_cancel_pressure_2bps,Pressure,btc,S3,60.0,Spot
median_pull_rate_fut_2bps_5s_btc,5278.7588,median_pull_rate_fut_2bps_5s,median_pull_rate_2bps,Dynamics,btc,S2,5.0,Futures
d2_pull_rate_fut_5bps_5s_btc,5271.7634,d2_pull_rate_fut_5bps_5s,d2_pull_rate_5bps,Dynamics,btc,S2,5.0,Futures
net_cancel_pressure_spot_10bps_1s_btc,5254.9294,net_cancel_pressure_spot_10bps_1s,net_cancel_pressure_10bps,Pressure,btc,S2,1.0,Spot
net_cancel_spot_10bps_1s_btc,5254.9294,net_cancel_spot_10bps_1s,net_cancel_10bps,Pressure,btc,S3,1.0,Spot
mad_pull_rate_fut_5bps_5s_btc,5231.3572,mad_pull_rate_fut_5bps_5s,mad_pull_rate_5bps,Dynamics,btc,S2,5.0,Futures
d1_pull_rate_spot_1bps_5s_btc,5225.8007,d1_pull_rate_spot_1bps_5s,d1_pull_rate_1bps,Dynamics,btc,S2,5.0,Spot
queue_pressure_spot_1bps_5s_btc,5208.9919,queue_pressure_spot_1bps_5s,queue_pressure_1bps,Pressure,btc,S1,5.0,Spot
queue_imb_spot_1bps_5s_btc,5208.9919,queue_imb_spot_1bps_5s,queue_imb_1bps,Pressure,btc,S2,5.0,Spot
median_pull_rate_spot_5bps_5s_btc,5161.4909,median_pull_rate_spot_5bps_5s,median_pull_rate_5bps,Dynamics,btc,S2,5.0,Spot
d2_pull_rate_fut_10bps_5s_btc,5161.4668,d2_pull_rate_fut_10bps_5s,d2_pull_rate_10bps,Dynamics,btc,S2,5.0,Futures
l2_update_count_spot_5bps_1s_btc,5161.3168,l2_update_count_spot_5bps_1s,l2_update_count_5bps,Activity,btc,S1,,Spot
queue_pressure_spot_5bps_1s_btc,5147.6802,queue_pressure_spot_5bps_1s,queue_pressure_5bps,Pressure,btc,S1,,Spot
queue_imb_spot_5bps_1s_btc,5147.6802,queue_imb_spot_5bps_1s,queue_imb_5bps,Pressure,btc,S1,,Spot
median_pull_rate_spot_1bps_60s_btc,5142.9486,median_pull_rate_spot_1bps_60s,median_pull_rate_1bps,Dynamics,btc,S2,60.0,Spot
taker_buy_notional_fut_1s_btc,5133.1462,taker_buy_notional_fut_1s,taker_buy_notional,Aggression,btc,S0,,Futures
mad_pull_rate_spot_2bps_5s_btc,5130.8973,mad_pull_rate_spot_2bps_5s,mad_pull_rate_2bps,Dynamics,btc,S2,5.0,Spot
liq_imb_div_fut_minus_spot_struct50_1s_btc,5125.7499,liq_imb_div_fut_minus_spot_struct50_1s,liq_imb_div_minus_struct50,Cross-Market,btc,S1,,Futures
net_cancel_pressure_fut_5bps_15s_btc,5121.5385,net_cancel_pressure_fut_5bps_15s,net_cancel_pressure_5bps,Pressure,btc,S3,15.0,Futures
net_cancel_fut_5bps_15s_btc,5121.5384,net_cancel_fut_5bps_15s,net_cancel_5bps,Pressure,btc,S4,15.0,Futures
queue_pressure_fut_5bps_1s_btc,5118.3834,queue_pressure_fut_5bps_1s,queue_pressure_5bps,Pressure,btc,S1,,Futures
queue_imb_fut_5bps_1s_btc,5118.3834,queue_imb_fut_5bps_1s,queue_imb_5bps,Pressure,btc,S1,,Futures
taker_sell_notional_spot_1s_btc,5114.5223,taker_sell_notional_spot_1s,taker_sell_notional,Aggression,btc,S0,,Spot
lwp_mid_10bps_spot_60s_btc,5113.5473,lwp_mid_10bps_spot_60s,lwp_mid_10bps,Price,btc,S1,60.0,Spot
liq_imb_spot_struct100_900s_btc,5106.0209,liq_imb_spot_struct100_900s,liq_imb_struct100,Imbalance,btc,S1,900.0,Spot
queue_imb_fut_1bps_1s_btc,5100.2581,queue_imb_fut_1bps_1s,queue_imb_1bps,Pressure,btc,S1,,Futures
queue_pressure_fut_1bps_1s_btc,5100.2581,queue_pressure_fut_1bps_1s,queue_pressure_1bps,Pressure,btc,S1,,Futures
queue_pressure_div_fut_minus_spot_1bps_15s_btc,5097.3904,queue_pressure_div_fut_minus_spot_1bps_15s,queue_pressure_div_minus_1bps,Cross-Market,btc,S3,,Futures
taker_sell_vol_spot_1s_btc,5084.8133,taker_sell_vol_spot_1s,taker_sell_vol,Aggression,btc,S0,,Spot
median_pull_rate_fut_5bps_5s_btc,5082.4517,median_pull_rate_fut_5bps_5s,median_pull_rate_5bps,Dynamics,btc,S2,5.0,Futures
queue_pressure_fut_2bps_1s_btc,5081.6928,queue_pressure_fut_2bps_1s,queue_pressure_2bps,Pressure,btc,S1,,Futures
queue_imb_fut_2bps_1s_btc,5081.6928,queue_imb_fut_2bps_1s,queue_imb_2bps,Pressure,btc,S1,,Futures
ca_add_minus_cancel_spot_5bps_spread_15s_btceth,5080.5355,ca_add_minus_cancel_spot_5bps_spread_15s,ca_add_minus_cancel_5bps_spread,Cross-Asset,btceth,S6,,Cross-Asset
taker_buy_vol_fut_1s_btc,5080.1816,taker_buy_vol_fut_1s,taker_buy_vol,Aggression,btc,S0,,Futures
queue_pressure_spot_2bps_1s_btc,5077.529,queue_pressure_spot_2bps_1s,queue_pressure_2bps,Pressure,btc,S1,,Spot
queue_imb_spot_2bps_1s_btc,5077.529,queue_imb_spot_2bps_1s,queue_imb_2bps,Pressure,btc,S1,,Spot
net_pressure_flip_rate_spot_10bps_60s_btc,5074.4589,net_pressure_flip_rate_spot_10bps_60s,net_pressure_flip_rate_10bps,Dynamics,btc,S4,60.0,Spot
net_pressure_persist_spot_10bps_60s_btc,5074.4589,net_pressure_persist_spot_10bps_60s,net_pressure_persist_10bps,Dynamics,btc,S4,60.0,Spot
queue_imb_fut_1bps_5s_btc,5070.3555,queue_imb_fut_1bps_5s,queue_imb_1bps,Pressure,btc,S2,5.0,Futures
queue_pressure_fut_1bps_5s_btc,5070.3555,queue_pressure_fut_1bps_5s,queue_pressure_1bps,Pressure,btc,S1,5.0,Futures
pull_rate_fut_10bps_60s_btc,5065.6732,pull_rate_fut_10bps_60s,pull_rate_10bps,Liquidity Events,btc,S1,60.0,Futures
net_cancel_spot_5bps_60s_btc,5064.7081,net_cancel_spot_5bps_60s,net_cancel_5bps,Pressure,btc,S4,60.0,Spot
net_cancel_pressure_spot_5bps_60s_btc,5064.636,net_cancel_pressure_spot_5bps_60s,net_cancel_pressure_5bps,Pressure,btc,S3,60.0,Spot
queue_imb_spot_1bps_1s_btc,5057.8973,queue_imb_spot_1bps_1s,queue_imb_1bps,Pressure,btc,S1,,Spot
queue_pressure_spot_1bps_1s_btc,5057.8973,queue_pressure_spot_1bps_1s,queue_pressure_1bps,Pressure,btc,S1,,Spot
net_pressure_flip_rate_spot_5bps_60s_btc,5055.5247,net_pressure_flip_rate_spot_5bps_60s,net_pressure_flip_rate_5bps,Dynamics,btc,S4,60.0,Spot
net_pressure_persist_spot_5bps_60s_btc,5055.5247,net_pressure_persist_spot_5bps_60s,net_pressure_persist_5bps,Dynamics,btc,S4,60.0,Spot
median_pull_rate_fut_5bps_60s_btc,5036.7613,median_pull_rate_fut_5bps_60s,median_pull_rate_5bps,Dynamics,btc,S2,60.0,Futures
net_pressure_flip_rate_fut_5bps_60s_btc,5033.7676,net_pressure_flip_rate_fut_5bps_60s,net_pressure_flip_rate_5bps,Dynamics,btc,S4,60.0,Futures
net_pressure_persist_fut_5bps_60s_btc,5033.7676,net_pressure_persist_fut_5bps_60s,net_pressure_persist_5bps,Dynamics,btc,S4,60.0,Futures
depth_gradient_ask_fut_struct100_1s_btc,5032.8973,depth_gradient_ask_fut_struct100_1s,depth_gradient_ask_struct100,Bookshape,btc,S1,,Futures
net_pressure_flip_rate_fut_10bps_60s_btc,5028.8342,net_pressure_flip_rate_fut_10bps_60s,net_pressure_flip_rate_10bps,Dynamics,btc,S4,60.0,Futures
net_pressure_persist_fut_10bps_60s_btc,5028.8342,net_pressure_persist_fut_10bps_60s,net_pressure_persist_10bps,Dynamics,btc,S4,60.0,Futures
net_pressure_spot_5bps_5s_btc,5027.6494,net_pressure_spot_5bps_5s,net_pressure_5bps,Pressure,btc,S3,5.0,Spot
net_add_spot_5bps_5s_btc,5027.6494,net_add_spot_5bps_5s,net_add_5bps,Pressure,btc,S4,5.0,Spot
net_add_spot_10bps_5s_btc,5026.3572,net_add_spot_10bps_5s,net_add_10bps,Pressure,btc,S4,5.0,Spot
net_pressure_spot_10bps_5s_btc,5026.3572,net_pressure_spot_10bps_5s,net_pressure_10bps,Pressure,btc,S3,5.0,Spot
net_cancel_spot_5bps_15s_btc,5023.7879,net_cancel_spot_5bps_15s,net_cancel_5bps,Pressure,btc,S4,15.0,Spot
net_cancel_pressure_spot_5bps_15s_btc,5023.7876,net_cancel_pressure_spot_5bps_15s,net_cancel_pressure_5bps,Pressure,btc,S3,15.0,Spot
net_add_fut_10bps_5s_btc,5020.9406,net_add_fut_10bps_5s,net_add_10bps,Pressure,btc,S4,5.0,Futures
net_pressure_fut_10bps_5s_btc,5020.9406,net_pressure_fut_10bps_5s,net_pressure_10bps,Pressure,btc,S3,5.0,Futures
net_pressure_fut_5bps_5s_btc,5018.1977,net_pressure_fut_5bps_5s,net_pressure_5bps,Pressure,btc,S3,5.0,Futures
net_add_fut_5bps_5s_btc,5018.1977,net_add_fut_5bps_5s,net_add_5bps,Pressure,btc,S4,5.0,Futures
net_add_robust_z_spot_10bps_60s_btc,5016.7588,net_add_robust_z_spot_10bps_60s,net_add_robust_z_10bps,Pressure,btc,S5,60.0,Spot
net_pressure_robust_z_spot_10bps_60s_btc,5016.7588,net_pressure_robust_z_spot_10bps_60s,net_pressure_robust_z_10bps,Pressure,btc,S4,60.0,Spot
net_pressure_spot_2bps_5s_btc,5016.7121,net_pressure_spot_2bps_5s,net_pressure_2bps,Pressure,btc,S3,5.0,Spot
net_add_spot_2bps_5s_btc,5016.7121,net_add_spot_2bps_5s,net_add_2bps,Pressure,btc,S4,5.0,Spot
net_pressure_robust_z_spot_5bps_60s_btc,5015.5479,net_pressure_robust_z_spot_5bps_60s,net_pressure_robust_z_5bps,Pressure,btc,S4,60.0,Spot
net_add_robust_z_spot_5bps_60s_btc,5015.5479,net_add_robust_z_spot_5bps_60s,net_add_robust_z_5bps,Pressure,btc,S5,60.0,Spot
book_asymmetry_div_fut_minus_spot_struct100_300s_btc,5015.3985,book_asymmetry_div_fut_minus_spot_struct100_300s,book_asymmetry_div_minus_struct100,Cross-Market,btc,S3,,Futures
ca_net_pressure_spot_5bps_spread_60s_btceth,5012.0145,ca_net_pressure_spot_5bps_spread_60s,ca_net_pressure_5bps_spread,Cross-Asset,btceth,S6,,Cross-Asset
ca_net_add_spot_5bps_spread_60s_btceth,5012.0145,ca_net_add_spot_5bps_spread_60s,ca_net_add_5bps_spread,Cross-Asset,btceth,S6,,Cross-Asset
net_pressure_fut_2bps_5s_btc,5011.6936,net_pressure_fut_2bps_5s,net_pressure_2bps,Pressure,btc,S3,5.0,Futures
net_add_fut_2bps_5s_btc,5011.6936,net_add_fut_2bps_5s,net_add_2bps,Pressure,btc,S4,5.0,Futures
d2_pull_rate_fut_2bps_5s_btc,5008.4576,d2_pull_rate_fut_2bps_5s,d2_pull_rate_2bps,Dynamics,btc,S2,5.0,Futures
net_add_robust_z_fut_10bps_60s_btc,5006.2389,net_add_robust_z_fut_10bps_60s,net_add_robust_z_10bps,Pressure,btc,S5,60.0,Futures
net_pressure_robust_z_fut_10bps_60s_btc,5006.2389,net_pressure_robust_z_fut_10bps_60s,net_pressure_robust_z_10bps,Pressure,btc,S4,60.0,Futures
taker_sell_vol_fut_1s_btc,5004.5794,taker_sell_vol_fut_1s,taker_sell_vol,Aggression,btc,S0,,Futures
net_pressure_robust_z_fut_5bps_60s_btc,5004.2704,net_pressure_robust_z_fut_5bps_60s,net_pressure_robust_z_5bps,Pressure,btc,S4,60.0,Futures
net_add_robust_z_fut_5bps_60s_btc,5004.2704,net_add_robust_z_fut_5bps_60s,net_add_robust_z_5bps,Pressure,btc,S5,60.0,Futures
refill_vs_pull_fut_2bps_5s_btc,5002.9873,refill_vs_pull_fut_2bps_5s,refill_vs_pull_2bps,Liquidity Events,btc,S2,5.0,Futures
refill_vs_pull_fut_2bps_60s_btc,5002.9873,refill_vs_pull_fut_2bps_60s,refill_vs_pull_2bps,Liquidity Events,btc,S2,60.0,Futures
refill_vs_pull_fut_1bps_15s_btc,5001.5916,refill_vs_pull_fut_1bps_15s,refill_vs_pull_1bps,Liquidity Events,btc,S2,15.0,Futures
refill_vs_pull_fut_1bps_5s_btc,5001.5916,refill_vs_pull_fut_1bps_5s,refill_vs_pull_1bps,Liquidity Events,btc,S2,5.0,Futures
liq_imb_sf_struct50_900s_btc,5000.7473,liq_imb_sf_struct50_900s,liq_imb_sf_struct50,Cross-Market,btc,S2,900.0,Cross
liq_imb_sf_struct50_300s_btc,5000.7473,liq_imb_sf_struct50_300s,liq_imb_sf_struct50,Cross-Market,btc,S2,300.0,Cross
taker_sell_notional_fut_1s_btc,4993.2183,taker_sell_notional_fut_1s,taker_sell_notional,Aggression,btc,S0,,Futures
liq_concentration_ask_spot_struct50_60s_btc,4987.6191,liq_concentration_ask_spot_struct50_60s,liq_concentration_ask_struct50,Bookshape,btc,S2,60.0,Spot
queue_pressure_div_fut_minus_spot_1bps_60s_btc,4966.7938,queue_pressure_div_fut_minus_spot_1bps_60s,queue_pressure_div_minus_1bps,Cross-Market,btc,S3,,Futures
median_pull_rate_fut_10bps_5s_btc,4937.5098,median_pull_rate_fut_10bps_5s,median_pull_rate_10bps,Dynamics,btc,S2,5.0,Futures
absorb_refill_mid_fut_5bps_1s_btc,4921.1439,absorb_refill_mid_fut_5bps_1s,absorb_refill_mid_5bps,Absorption,btc,S3,,Futures
book_asymmetry_div_fut_minus_spot_struct100_900s_btc,4919.1217,book_asymmetry_div_fut_minus_spot_struct100_900s,book_asymmetry_div_minus_struct100,Cross-Market,btc,S3,,Futures
liq_imb_fut_struct100_300s_btc,4909.7894,liq_imb_fut_struct100_300s,liq_imb_struct100,Imbalance,btc,S1,300.0,Futures
trade_count_sf_div_300s_btc,4896.916,trade_count_sf_div_300s,trade_count_sf_div,Cross-Market,btc,S3,,Spot|Futures
book_asymmetry_div_fut_minus_spot_struct50_1s_btc,4875.5882,book_asymmetry_div_fut_minus_spot_struct50_1s,book_asymmetry_div_minus_struct50,Cross-Market,btc,S2,1.0,Futures
lwp_mid_5bps_fut_60s_btc,4849.3131,lwp_mid_5bps_fut_60s,lwp_mid_5bps,Price,btc,S1,60.0,Futures
pull_rate_fut_1bps_5s_btc,4848.1151,pull_rate_fut_1bps_5s,pull_rate_1bps,Liquidity Events,btc,S1,5.0,Futures
lwp_mid_5bps_spot_900s_btc,4842.4248,lwp_mid_5bps_spot_900s,lwp_mid_5bps,Price,btc,S1,900.0,Spot
liq_imb_div_fut_minus_spot_struct100_1s_btc,4840.9241,liq_imb_div_fut_minus_spot_struct100_1s,liq_imb_div_minus_struct100,Cross-Market,btc,S1,,Futures
book_asymmetry_div_fut_minus_spot_struct50_60s_btc,4814.9705,book_asymmetry_div_fut_minus_spot_struct50_60s,book_asymmetry_div_minus_struct50,Cross-Market,btc,S3,,Futures
book_asymmetry_div_fut_minus_spot_struct50_300s_btc,4810.9406,book_asymmetry_div_fut_minus_spot_struct50_300s,book_asymmetry_div_minus_struct50,Cross-Market,btc,S3,,Futures
depth_gradient_fut_struct50_900s_btc,4806.3355,depth_gradient_fut_struct50_900s,depth_gradient_struct50,Bookshape,btc,S3,,Futures
d1_pull_rate_fut_1bps_5s_btc,4781.8426,d1_pull_rate_fut_1bps_5s,d1_pull_rate_1bps,Dynamics,btc,S2,5.0,Futures
mad_pull_rate_spot_5bps_60s_btc,4776.8758,mad_pull_rate_spot_5bps_60s,mad_pull_rate_5bps,Dynamics,btc,S2,60.0,Spot
mad_pull_rate_fut_10bps_5s_btc,4758.2973,mad_pull_rate_fut_10bps_5s,mad_pull_rate_10bps,Dynamics,btc,S2,5.0,Futures
lwp_mid_5bps_spot_300s_btc,4754.2684,lwp_mid_5bps_spot_300s,lwp_mid_5bps,Price,btc,S1,300.0,Spot
mad_pull_rate_fut_1bps_5s_btc,4733.1906,mad_pull_rate_fut_1bps_5s,mad_pull_rate_1bps,Dynamics,btc,S2,5.0,Futures
basis_300s_btc,4699.0902,basis_300s,basis,Price,btc,S1,300.0,Futures
ca_basis_vwap_sf_spread_300s_btceth,4693.374,ca_basis_vwap_sf_spread_300s,ca_basis_vwap_sf_spread,Cross-Asset,btceth,S6,,Cross-Asset
mad_pull_rate_spot_10bps_60s_btc,4645.5787,mad_pull_rate_spot_10bps_60s,mad_pull_rate_10bps,Dynamics,btc,S2,60.0,Spot
taker_buy_notional_spot_1s_btc,4601.3075,taker_buy_notional_spot_1s,taker_buy_notional,Aggression,btc,S0,,Spot
mad_pull_rate_fut_5bps_60s_btc,4593.0155,mad_pull_rate_fut_5bps_60s,mad_pull_rate_5bps,Dynamics,btc,S2,60.0,Futures
book_asymmetry_div_fut_minus_spot_struct100_1s_btc,4592.3012,book_asymmetry_div_fut_minus_spot_struct100_1s,book_asymmetry_div_minus_struct100,Cross-Market,btc,S2,1.0,Futures
median_pull_rate_spot_1bps_5s_btc,4590.8199,median_pull_rate_spot_1bps_5s,median_pull_rate_1bps,Dynamics,btc,S2,5.0,Spot
median_pull_rate_fut_5bps_15s_btc,4571.9275,median_pull_rate_fut_5bps_15s,median_pull_rate_5bps,Dynamics,btc,S2,15.0,Futures
median_pull_rate_fut_1bps_5s_btc,4557.3755,median_pull_rate_fut_1bps_5s,median_pull_rate_1bps,Dynamics,btc,S2,5.0,Futures
book_asymmetry_div_fut_minus_spot_struct100_60s_btc,4535.8562,book_asymmetry_div_fut_minus_spot_struct100_60s,book_asymmetry_div_minus_struct100,Cross-Market,btc,S3,,Futures
pull_rate_fut_5bps_5s_btc,4531.6977,pull_rate_fut_5bps_5s,pull_rate_5bps,Liquidity Events,btc,S1,5.0,Futures
mad_pull_rate_fut_10bps_60s_btc,4527.7278,mad_pull_rate_fut_10bps_60s,mad_pull_rate_10bps,Dynamics,btc,S2,60.0,Futures
lwp_mid_5bps_spot_60s_btc,4512.8653,lwp_mid_5bps_spot_60s,lwp_mid_5bps,Price,btc,S1,60.0,Spot
book_asymmetry_div_fut_minus_spot_struct50_900s_btc,4501.7943,book_asymmetry_div_fut_minus_spot_struct50_900s,book_asymmetry_div_minus_struct50,Cross-Market,btc,S3,,Futures
taker_buy_vol_spot_1s_btc,4487.0844,taker_buy_vol_spot_1s,taker_buy_vol,Aggression,btc,S0,,Spot
basis_vwap_sf_300s_btc,4485.7211,basis_vwap_sf_300s,basis_vwap_sf,Cross-Market,btc,S3,300.0,Spot|Futures
depth_imbalance_struct50_fut_1s_btc,4438.4964,depth_imbalance_struct50_fut_1s,depth_imbalance_struct50,Imbalance,btc,S0,,Futures
d1_pull_rate_spot_5bps_15s_btc,4430.0643,d1_pull_rate_spot_5bps_15s,d1_pull_rate_5bps,Dynamics,btc,S2,15.0,Spot
cancel_rate_ask_fut_2bps_1s_btc,4421.2314,cancel_rate_ask_fut_2bps_1s,cancel_rate_ask_2bps,Liquidity Events,btc,S1,,Futures
absorb_refill_mid_fut_2bps_1s_btc,4414.4151,absorb_refill_mid_fut_2bps_1s,absorb_refill_mid_2bps,Absorption,btc,S3,,Futures
liq_concentration_div_fut_minus_spot_struct50_1s_btc,4413.595,liq_concentration_div_fut_minus_spot_struct50_1s,liq_concentration_div_minus_struct50,Cross-Market,btc,S3,,Futures
depth_gradient_fut_struct50_300s_btc,4402.1981,depth_gradient_fut_struct50_300s,depth_gradient_struct50,Bookshape,btc,S3,,Futures
d1_pull_rate_spot_10bps_15s_btc,4402.1009,d1_pull_rate_spot_10bps_15s,d1_pull_rate_10bps,Dynamics,btc,S2,15.0,Spot
signed_notional_spot_1s_btc,4399.3793,signed_notional_spot_1s,signed_notional,Aggression,btc,S0,,Spot
d2_pull_rate_spot_2bps_5s_btc,4375.7813,d2_pull_rate_spot_2bps_5s,d2_pull_rate_2bps,Dynamics,btc,S2,5.0,Spot
queue_pressure_log_div_5bps_1s_btc,4345.2959,queue_pressure_log_div_5bps_1s,queue_pressure_log_div_5bps,Pressure,btc,S2,1.0,Cross
cancel_rate_bid_spot_10bps_1s_btc,4323.5524,cancel_rate_bid_spot_10bps_1s,cancel_rate_bid_10bps,Liquidity Events,btc,S1,,Spot
liq_concentration_bid_spot_struct100_900s_btc,4318.5382,liq_concentration_bid_spot_struct100_900s,liq_concentration_bid_struct100,Bookshape,btc,S2,900.0,Spot
depth_imbalance_struct100_fut_1s_btc,4315.6116,depth_imbalance_struct100_fut_1s,depth_imbalance_struct100,Imbalance,btc,S0,,Futures
depth_gradient_div_fut_minus_spot_struct100_1s_btc,4288.1725,depth_gradient_div_fut_minus_spot_struct100_1s,depth_gradient_div_minus_struct100,Cross-Market,btc,S3,,Futures
cancel_rate_ask_spot_10bps_1s_btc,4269.4356,cancel_rate_ask_spot_10bps_1s,cancel_rate_ask_10bps,Liquidity Events,btc,S1,,Spot
signed_vol_spot_1s_btc,4236.309,signed_vol_spot_1s,signed_vol,Aggression,btc,S0,,Spot
range_pos_day_fut_btc,4229.0281,range_pos_day_fut,range_pos_day,Range,btc,S1,,Futures
liq_concentration_bid_spot_struct50_60s_btc,4193.7064,liq_concentration_bid_spot_struct50_60s,liq_concentration_bid_struct50,Bookshape,btc,S2,60.0,Spot
signed_vol_fut_1s_btc,4182.2477,signed_vol_fut_1s,signed_vol,Aggression,btc,S0,,Futures
range_pos_day_spot_btc,4169.2942,range_pos_day_spot,range_pos_day,Range,btc,S1,,Spot
d2_pull_rate_fut_1bps_5s_btc,4167.7449,d2_pull_rate_fut_1bps_5s,d2_pull_rate_1bps,Dynamics,btc,S2,5.0,Futures
book_asymmetry_fut_struct100_300s_btc,4167.5974,book_asymmetry_fut_struct100_300s,book_asymmetry_struct100,Bookshape,btc,S2,300.0,Futures
liq_concentration_div_fut_minus_spot_struct100_1s_btc,4159.8406,liq_concentration_div_fut_minus_spot_struct100_1s,liq_concentration_div_minus_struct100,Cross-Market,btc,S3,,Futures
liq_concentration_bid_spot_struct100_1s_btc,4156.8291,liq_concentration_bid_spot_struct100_1s,liq_concentration_bid_struct100,Bookshape,btc,S1,,Spot
depth_gradient_div_fut_minus_spot_struct50_300s_btc,4150.4855,depth_gradient_div_fut_minus_spot_struct50_300s,depth_gradient_div_minus_struct50,Cross-Market,btc,S4,,Spot|Futures
trade_count_sf_share_900s_btc,4141.815,trade_count_sf_share_900s,trade_count_sf_share,Cross-Market,btc,S3,,Spot|Futures
signed_notional_fut_1s_btc,4139.198,signed_notional_fut_1s,signed_notional,Aggression,btc,S0,,Futures
basis_60s_btc,4132.4298,basis_60s,basis,Price,btc,S1,60.0,Futures
liq_concentration_ask_spot_struct100_1s_btc,4130.3898,liq_concentration_ask_spot_struct100_1s,liq_concentration_ask_struct100,Bookshape,btc,S1,,Spot
mad_pull_rate_fut_2bps_5s_btc,4096.8651,mad_pull_rate_fut_2bps_5s,mad_pull_rate_2bps,Dynamics,btc,S2,5.0,Futures
cancel_rate_ask_fut_5bps_1s_btc,4088.9789,cancel_rate_ask_fut_5bps_1s,cancel_rate_ask_5bps,Liquidity Events,btc,S1,,Futures
d2_pull_rate_fut_5bps_15s_btc,4063.3416,d2_pull_rate_fut_5bps_15s,d2_pull_rate_5bps,Dynamics,btc,S2,15.0,Futures
dist_to_day_high_bps_spot_btc,4056.8734,dist_to_day_high_bps_spot,dist_to_day_high_bps,Range,btc,S1,,Spot
dist_to_day_high_bps_fut_btc,4056.7215,dist_to_day_high_bps_fut,dist_to_day_high_bps,Range,btc,S1,,Futures
d2_pull_rate_spot_5bps_15s_btc,4039.937,d2_pull_rate_spot_5bps_15s,d2_pull_rate_5bps,Dynamics,btc,S2,15.0,Spot
d2_pull_rate_spot_10bps_15s_btc,4037.7963,d2_pull_rate_spot_10bps_15s,d2_pull_rate_10bps,Dynamics,btc,S2,15.0,Spot
spread_fut_60s_btc,4002.3232,spread_fut_60s,spread,Price,btc,S1,60.0,Futures
liq_sum_spot_1s_btc,4000.0119,liq_sum_spot_1s,liq_sum,Bookshape,btc,S1,,Spot
d1_pull_rate_fut_5bps_15s_btc,3994.0543,d1_pull_rate_fut_5bps_15s,d1_pull_rate_5bps,Dynamics,btc,S2,15.0,Futures
liq_concentration_spot_struct50_1s_btc,3990.8108,liq_concentration_spot_struct50_1s,liq_concentration_struct50,Bookshape,btc,S2,1.0,Spot
liq_concentration_fut_struct100_1s_btc,3988.1296,liq_concentration_fut_struct100_1s,liq_concentration_struct100,Bookshape,btc,S2,1.0,Futures
depth_gradient_bid_fut_struct100_300s_btc,3987.081,depth_gradient_bid_fut_struct100_300s,depth_gradient_bid_struct100,Bookshape,btc,S2,300.0,Futures
z_book_asymmetry_fut_struct50_1s_btc,3962.7738,z_book_asymmetry_fut_struct50_1s,z_book_asymmetry_struct50,Normalization,btc,S2,5.0,Futures
max_bps_ask_fut_60s_btc,3912.4003,max_bps_ask_fut_60s,max_bps_ask,Bookshape,btc,S1,60.0,Futures
book_asymmetry_fut_struct100_1s_btc,3910.4192,book_asymmetry_fut_struct100_1s,book_asymmetry_struct100,Bookshape,btc,S1,,Futures
l2_update_count_fut_5bps_5s_btc,3887.5569,l2_update_count_fut_5bps_5s,l2_update_count_5bps,Activity,btc,S2,5.0,Futures
spread_sf_div_300s_btc,3883.4062,spread_sf_div_300s,spread_sf_div,Cross-Market,btc,S2,300.0,Cross
d2_pull_rate_fut_10bps_15s_btc,3878.9874,d2_pull_rate_fut_10bps_15s,d2_pull_rate_10bps,Dynamics,btc,S2,15.0,Futures
spread_fut_300s_btc,3878.9748,spread_fut_300s,spread,Price,btc,S1,300.0,Futures
d1_pull_rate_fut_10bps_15s_btc,3866.2428,d1_pull_rate_fut_10bps_15s,d1_pull_rate_10bps,Dynamics,btc,S2,15.0,Futures
aggr_absorp_ratio_bid_spot_10bps_1s_btc,3849.5725,aggr_absorp_ratio_bid_spot_10bps_1s,aggr_absorp_ratio_bid_10bps,Absorption,btc,S1,,Spot
depth_gradient_fut_struct100_1s_btc,3837.1227,depth_gradient_fut_struct100_1s,depth_gradient_struct100,Bookshape,btc,S2,1.0,Futures
trade_count_sf_div_900s_btc,3823.6076,trade_count_sf_div_900s,trade_count_sf_div,Cross-Market,btc,S3,,Spot|Futures
z_liq_imb_fut_struct100_900s_btc,3799.7658,z_liq_imb_fut_struct100_900s,z_liq_imb_struct100,Normalization,btc,S2,900.0,Futures
queue_pressure_log_div_2bps_1s_btc,3793.0669,queue_pressure_log_div_2bps_1s,queue_pressure_log_div_2bps,Pressure,btc,S2,1.0,Cross
book_asymmetry_fut_struct100_60s_btc,3781.0995,book_asymmetry_fut_struct100_60s,book_asymmetry_struct100,Bookshape,btc,S2,60.0,Futures
z_book_asymmetry_fut_struct100_1s_btc,3780.4477,z_book_asymmetry_fut_struct100_1s,z_book_asymmetry_struct100,Normalization,btc,S2,5.0,Futures
liq_sum_fut_1s_btc,3748.3938,liq_sum_fut_1s,liq_sum,Bookshape,btc,S1,,Futures
depth_gradient_bid_fut_struct100_900s_btc,3741.0271,depth_gradient_bid_fut_struct100_900s,depth_gradient_bid_struct100,Bookshape,btc,S2,900.0,Futures
book_asymmetry_fut_struct100_900s_btc,3739.9209,book_asymmetry_fut_struct100_900s,book_asymmetry_struct100,Bookshape,btc,S2,900.0,Futures
book_asymmetry_fut_struct50_60s_btc,3738.8307,book_asymmetry_fut_struct50_60s,book_asymmetry_struct50,Bookshape,btc,S2,60.0,Futures
ca_dist_to_day_high_bps_spread_fut_btceth,3738.0036,ca_dist_to_day_high_bps_spread_fut,ca_dist_to_day_high_bps_spread,Cross-Asset,btceth,S6,,Cross-Asset
liq_concentration_ask_spot_struct100_900s_btc,3719.8561,liq_concentration_ask_spot_struct100_900s,liq_concentration_ask_struct100,Bookshape,btc,S2,900.0,Spot
cancel_rate_ask_spot_5bps_1s_btc,3703.1923,cancel_rate_ask_spot_5bps_1s,cancel_rate_ask_5bps,Liquidity Events,btc,S1,,Spot
book_asymmetry_fut_struct50_1s_btc,3677.6326,book_asymmetry_fut_struct50_1s,book_asymmetry_struct50,Bookshape,btc,S1,,Futures
depth_gradient_ask_fut_struct100_300s_btc,3673.9649,depth_gradient_ask_fut_struct100_300s,depth_gradient_ask_struct100,Bookshape,btc,S2,300.0,Futures
basis_1s_btc,3673.3171,basis_1s,basis,Price,btc,S1,,Futures
z_liq_imb_spot_struct50_60s_btc,3670.0337,z_liq_imb_spot_struct50_60s,z_liq_imb_struct50,Normalization,btc,S2,60.0,Spot
max_bps_ask_fut_300s_btc,3668.7144,max_bps_ask_fut_300s,max_bps_ask,Bookshape,btc,S1,300.0,Futures
z_liq_imb_fut_struct50_60s_btc,3656.7457,z_liq_imb_fut_struct50_60s,z_liq_imb_struct50,Normalization,btc,S2,60.0,Futures
liq_concentration_ask_spot_struct100_300s_btc,3648.6373,liq_concentration_ask_spot_struct100_300s,liq_concentration_ask_struct100,Bookshape,btc,S2,300.0,Spot
book_asymmetry_fut_struct50_300s_btc,3641.9864,book_asymmetry_fut_struct50_300s,book_asymmetry_struct50,Bookshape,btc,S2,300.0,Futures
mad_pull_rate_spot_5bps_15s_btc,3637.8234,mad_pull_rate_spot_5bps_15s,mad_pull_rate_5bps,Dynamics,btc,S2,15.0,Spot
depth_imbalance_struct100_spot_1s_btc,3625.8249,depth_imbalance_struct100_spot_1s,depth_imbalance_struct100,Imbalance,btc,S0,,Spot
ca_dist_to_day_high_bps_spread_spot_btceth,3602.6114,ca_dist_to_day_high_bps_spread_spot,ca_dist_to_day_high_bps_spread,Cross-Asset,btceth,S6,,Cross-Asset
z_liq_imb_fut_struct100_1s_btc,3583.753,z_liq_imb_fut_struct100_1s,z_liq_imb_struct100,Normalization,btc,S1,5.0,Futures
liq_concentration_spot_struct100_60s_btc,3573.8446,liq_concentration_spot_struct100_60s,liq_concentration_struct100,Bookshape,btc,S3,,Spot
z_liq_imb_fut_struct100_60s_btc,3572.1244,z_liq_imb_fut_struct100_60s,z_liq_imb_struct100,Normalization,btc,S2,60.0,Futures
queue_pressure_log_spot_2bps_1s_btc,3559.1718,queue_pressure_log_spot_2bps_1s,queue_pressure_log_2bps,Pressure,btc,S1,,Spot
liq_concentration_bid_spot_struct100_300s_btc,3554.553,liq_concentration_bid_spot_struct100_300s,liq_concentration_bid_struct100,Bookshape,btc,S2,300.0,Spot
liq_concentration_spot_struct100_900s_btc,3539.781,liq_concentration_spot_struct100_900s,liq_concentration_struct100,Bookshape,btc,S3,,Spot
mad_pull_rate_spot_10bps_15s_btc,3537.6497,mad_pull_rate_spot_10bps_15s,mad_pull_rate_10bps,Dynamics,btc,S2,15.0,Spot
z_liq_imb_fut_struct50_900s_btc,3534.1106,z_liq_imb_fut_struct50_900s,z_liq_imb_struct50,Normalization,btc,S2,900.0,Futures
depth_gradient_ask_spot_struct100_1s_btc,3524.0482,depth_gradient_ask_spot_struct100_1s,depth_gradient_ask_struct100,Bookshape,btc,S1,,Spot
ask_churn_fut_2bps_15s_btc,3512.1571,ask_churn_fut_2bps_15s,ask_churn_2bps,Liquidity Events,btc,S2,15.0,Futures
mad_pull_rate_fut_5bps_15s_btc,3509.8954,mad_pull_rate_fut_5bps_15s,mad_pull_rate_5bps,Dynamics,btc,S2,15.0,Futures
d2_pull_rate_spot_1bps_5s_btc,3499.2269,d2_pull_rate_spot_1bps_5s,d2_pull_rate_1bps,Dynamics,btc,S2,5.0,Spot
refill_vs_pull_div_fut_minus_spot_2bps_60s_btc,3498.0974,refill_vs_pull_div_fut_minus_spot_2bps_60s,refill_vs_pull_div_minus_2bps,Cross-Market,btc,S3,,Futures
spread_spot_60s_btc,3485.8992,spread_spot_60s,spread,Price,btc,S1,60.0,Spot
z_liq_imb_spot_struct100_1s_btc,3483.0306,z_liq_imb_spot_struct100_1s,z_liq_imb_struct100,Normalization,btc,S1,5.0,Spot
z_liq_imb_spot_struct50_300s_btc,3482.1049,z_liq_imb_spot_struct50_300s,z_liq_imb_struct50,Normalization,btc,S2,300.0,Spot
z_book_asymmetry_spot_struct100_1s_btc,3476.4154,z_book_asymmetry_spot_struct100_1s,z_book_asymmetry_struct100,Normalization,btc,S2,5.0,Spot
depth_gradient_bid_spot_struct100_1s_btc,3457.8043,depth_gradient_bid_spot_struct100_1s,depth_gradient_bid_struct100,Bookshape,btc,S1,,Spot
median_pull_rate_fut_10bps_15s_btc,3446.6306,median_pull_rate_fut_10bps_15s,median_pull_rate_10bps,Dynamics,btc,S2,15.0,Futures
liq_sum_fut_10bps_1s_btc,3435.1766,liq_sum_fut_10bps_1s,liq_sum_10bps,Bookshape,btc,S1,,Futures
liq_imb_persist_sf_struct100_300s_btc,3421.4831,liq_imb_persist_sf_struct100_300s,liq_imb_persist_sf_struct100,Cross-Market,btc,S3,,Spot|Futures
z_book_asymmetry_fut_struct100_60s_btc,3420.0361,z_book_asymmetry_fut_struct100_60s,z_book_asymmetry_struct100,Normalization,btc,S3,60.0,Futures
max_bps_bid_fut_60s_btc,3419.1059,max_bps_bid_fut_60s,max_bps_bid,Bookshape,btc,S1,60.0,Futures
depth_gradient_ask_fut_struct100_900s_btc,3406.9965,depth_gradient_ask_fut_struct100_900s,depth_gradient_ask_struct100,Bookshape,btc,S2,900.0,Futures
depth_gradient_bid_spot_struct100_300s_btc,3398.6003,depth_gradient_bid_spot_struct100_300s,depth_gradient_bid_struct100,Bookshape,btc,S2,300.0,Spot
l2_update_count_spot_5bps_5s_btc,3398.1063,l2_update_count_spot_5bps_5s,l2_update_count_5bps,Activity,btc,S2,5.0,Spot
z_liq_imb_fut_struct50_300s_btc,3391.577,z_liq_imb_fut_struct50_300s,z_liq_imb_struct50,Normalization,btc,S2,300.0,Futures
max_bps_bid_spot_900s_btc,3379.9739,max_bps_bid_spot_900s,max_bps_bid,Bookshape,btc,S1,900.0,Spot
liq_concentration_spot_struct100_300s_btc,3367.4587,liq_concentration_spot_struct100_300s,liq_concentration_struct100,Bookshape,btc,S3,,Spot
depth_notional_bid_struct100_spot_1s_btc,3366.2021,depth_notional_bid_struct100_spot_1s,depth_notional_bid_struct100,Bookshape,btc,S0,,Spot
ask_churn_spot_5bps_15s_btc,3361.416,ask_churn_spot_5bps_15s,ask_churn_5bps,Liquidity Events,btc,S3,15.0,Spot
z_liq_imb_fut_struct50_1s_btc,3341.4993,z_liq_imb_fut_struct50_1s,z_liq_imb_struct50,Normalization,btc,S1,5.0,Futures
cancel_rate_bid_spot_5bps_1s_btc,3323.3611,cancel_rate_bid_spot_5bps_1s,cancel_rate_bid_5bps,Liquidity Events,btc,S1,,Spot
refill_vs_pull_div_fut_minus_spot_1bps_15s_btc,3322.4081,refill_vs_pull_div_fut_minus_spot_1bps_15s,refill_vs_pull_div_minus_1bps,Cross-Market,btc,S3,,Futures
z_book_asymmetry_fut_struct100_900s_btc,3317.988,z_book_asymmetry_fut_struct100_900s,z_book_asymmetry_struct100,Normalization,btc,S3,900.0,Futures
pull_rate_fut_10bps_15s_btc,3305.196,pull_rate_fut_10bps_15s,pull_rate_10bps,Liquidity Events,btc,S1,15.0,Futures
book_asymmetry_fut_struct50_900s_btc,3304.3789,book_asymmetry_fut_struct50_900s,book_asymmetry_struct50,Bookshape,btc,S2,900.0,Futures
depth_gradient_bid_fut_struct100_60s_btc,3303.8526,depth_gradient_bid_fut_struct100_60s,depth_gradient_bid_struct100,Bookshape,btc,S2,60.0,Futures
z_book_asymmetry_spot_struct50_1s_btc,3294.205,z_book_asymmetry_spot_struct50_1s,z_book_asymmetry_struct50,Normalization,btc,S2,5.0,Spot
liq_concentration_bid_spot_struct100_60s_btc,3278.6791,liq_concentration_bid_spot_struct100_60s,liq_concentration_bid_struct100,Bookshape,btc,S2,60.0,Spot
max_bps_ask_fut_900s_btc,3278.3057,max_bps_ask_fut_900s,max_bps_ask,Bookshape,btc,S1,900.0,Futures
depth_gradient_bid_spot_struct100_900s_btc,3239.2254,depth_gradient_bid_spot_struct100_900s,depth_gradient_bid_struct100,Bookshape,btc,S2,900.0,Spot
liq_concentration_ask_spot_struct100_60s_btc,3229.901,liq_concentration_ask_spot_struct100_60s,liq_concentration_ask_struct100,Bookshape,btc,S2,60.0,Spot
book_asymmetry_spot_struct100_900s_btc,3217.3016,book_asymmetry_spot_struct100_900s,book_asymmetry_struct100,Bookshape,btc,S2,900.0,Spot
z_liq_imb_spot_struct50_900s_btc,3207.8324,z_liq_imb_spot_struct50_900s,z_liq_imb_struct50,Normalization,btc,S2,900.0,Spot
aggr_absorp_ratio_ask_spot_10bps_1s_btc,3202.6957,aggr_absorp_ratio_ask_spot_10bps_1s,aggr_absorp_ratio_ask_10bps,Absorption,btc,S1,,Spot
depth_gradient_ask_fut_struct100_60s_btc,3189.2786,depth_gradient_ask_fut_struct100_60s,depth_gradient_ask_struct100,Bookshape,btc,S2,60.0,Futures
spread_sf_div_60s_btc,3188.66,spread_sf_div_60s,spread_sf_div,Cross-Market,btc,S2,60.0,Cross
l2_update_count_fut_5bps_1s_btc,3188.5275,l2_update_count_fut_5bps_1s,l2_update_count_5bps,Activity,btc,S1,,Futures
mad_pull_rate_fut_10bps_15s_btc,3168.5731,mad_pull_rate_fut_10bps_15s,mad_pull_rate_10bps,Dynamics,btc,S2,15.0,Futures
trade_count_sf_div_60s_btc,3164.3264,trade_count_sf_div_60s,trade_count_sf_div,Cross-Market,btc,S3,,Spot|Futures
z_liq_imb_fut_struct100_300s_btc,3164.135,z_liq_imb_fut_struct100_300s,z_liq_imb_struct100,Normalization,btc,S2,300.0,Futures
depth_gradient_ask_spot_struct100_300s_btc,3132.8406,depth_gradient_ask_spot_struct100_300s,depth_gradient_ask_struct100,Bookshape,btc,S2,300.0,Spot
z_liq_imb_spot_struct100_60s_btc,3129.7725,z_liq_imb_spot_struct100_60s,z_liq_imb_struct100,Normalization,btc,S2,60.0,Spot
z_book_asymmetry_fut_struct50_900s_btc,3123.2007,z_book_asymmetry_fut_struct50_900s,z_book_asymmetry_struct50,Normalization,btc,S3,900.0,Futures
z_book_asymmetry_fut_struct50_60s_btc,3122.3779,z_book_asymmetry_fut_struct50_60s,z_book_asymmetry_struct50,Normalization,btc,S3,60.0,Futures
queue_pressure_log_spot_1bps_1s_btc,3113.725,queue_pressure_log_spot_1bps_1s,queue_pressure_log_1bps,Pressure,btc,S1,,Spot
ca_day_range_bps_spread_fut_btceth,3106.6706,ca_day_range_bps_spread_fut,ca_day_range_bps_spread,Cross-Asset,btceth,S6,,Cross-Asset
max_bps_bid_fut_300s_btc,3102.8602,max_bps_bid_fut_300s,max_bps_bid,Bookshape,btc,S1,300.0,Futures
ca_dist_to_day_low_bps_spread_fut_btceth,3082.4439,ca_dist_to_day_low_bps_spread_fut,ca_dist_to_day_low_bps_spread,Cross-Asset,btceth,S6,,Cross-Asset
trade_count_fut_div_300s_btc,3070.1744,trade_count_fut_div_300s,trade_count_div,Cross-Market,btc,S2,300.0,Futures
median_refill_rate_spot_10bps_60s_btc,3069.6104,median_refill_rate_spot_10bps_60s,median_refill_rate_10bps,Dynamics,btc,S2,60.0,Spot
z_liq_imb_spot_struct100_900s_btc,3051.2373,z_liq_imb_spot_struct100_900s,z_liq_imb_struct100,Normalization,btc,S2,900.0,Spot
aggr_absorp_ratio_bid_fut_10bps_1s_btc,3047.7114,aggr_absorp_ratio_bid_fut_10bps_1s,aggr_absorp_ratio_bid_10bps,Absorption,btc,S1,,Futures
fill_rate_ahead_spot_1bps_15s_btc,3042.7408,fill_rate_ahead_spot_1bps_15s,fill_rate_ahead_1bps,Liquidity Events,btc,S1,15.0,Spot
depth_notional_ask_struct100_spot_1s_btc,3042.0024,depth_notional_ask_struct100_spot_1s,depth_notional_ask_struct100,Bookshape,btc,S0,,Spot
z_book_asymmetry_fut_struct100_300s_btc,3016.4961,z_book_asymmetry_fut_struct100_300s,z_book_asymmetry_struct100,Normalization,btc,S3,300.0,Futures
z_liq_imb_spot_struct50_1s_btc,2954.3096,z_liq_imb_spot_struct50_1s,z_liq_imb_struct50,Normalization,btc,S1,5.0,Spot
z_book_asymmetry_spot_struct100_60s_btc,2950.8729,z_book_asymmetry_spot_struct100_60s,z_book_asymmetry_struct100,Normalization,btc,S3,60.0,Spot
absorb_refill_bid_fut_5bps_1s_btc,2934.9968,absorb_refill_bid_fut_5bps_1s,absorb_refill_bid_5bps,Absorption,btc,S2,1.0,Futures
median_pull_rate_spot_10bps_15s_btc,2926.25,median_pull_rate_spot_10bps_15s,median_pull_rate_10bps,Dynamics,btc,S2,15.0,Spot
z_liq_imb_spot_struct100_300s_btc,2913.9802,z_liq_imb_spot_struct100_300s,z_liq_imb_struct100,Normalization,btc,S2,300.0,Spot
z_book_asymmetry_spot_struct50_60s_btc,2900.0431,z_book_asymmetry_spot_struct50_60s,z_book_asymmetry_struct50,Normalization,btc,S3,60.0,Spot
dist_to_day_low_bps_spot_btc,2883.0619,dist_to_day_low_bps_spot,dist_to_day_low_bps,Range,btc,S1,,Spot
max_bps_bid_fut_900s_btc,2851.1363,max_bps_bid_fut_900s,max_bps_bid,Bookshape,btc,S1,900.0,Futures
cancel_rate_ask_fut_10bps_1s_btc,2848.9134,cancel_rate_ask_fut_10bps_1s,cancel_rate_ask_10bps,Liquidity Events,btc,S1,,Futures
add_rate_bid_spot_10bps_1s_btc,2844.5186,add_rate_bid_spot_10bps_1s,add_rate_bid_10bps,Liquidity Events,btc,S1,,Spot
z_refill_vs_pull_fut_2bps_60s_btc,2826.8968,z_refill_vs_pull_fut_2bps_60s,z_refill_vs_pull_2bps,Normalization,btc,S3,60.0,Futures
z_book_asymmetry_fut_struct50_300s_btc,2810.3995,z_book_asymmetry_fut_struct50_300s,z_book_asymmetry_struct50,Normalization,btc,S3,300.0,Futures
depth_gradient_spot_struct100_1s_btc,2806.7831,depth_gradient_spot_struct100_1s,depth_gradient_struct100,Bookshape,btc,S2,1.0,Spot
queue_pressure_log_fut_5bps_1s_btc,2796.8937,queue_pressure_log_fut_5bps_1s,queue_pressure_log_5bps,Pressure,btc,S1,,Futures
depth_imbalance_struct50_spot_1s_btc,2788.099,depth_imbalance_struct50_spot_1s,depth_imbalance_struct50,Imbalance,btc,S0,,Spot
add_rate_ask_fut_2bps_1s_btc,2782.0186,add_rate_ask_fut_2bps_1s,add_rate_ask_2bps,Liquidity Events,btc,S1,,Futures
absorb_refill_ask_fut_2bps_1s_btc,2765.1572,absorb_refill_ask_fut_2bps_1s,absorb_refill_ask_2bps,Absorption,btc,S2,1.0,Futures
ca_bps_spread_fut_btc,2763.7191,ca_bps_spread_fut,ca_bps_spread,Cross-Asset-Intermediary,btc,S6,,Fut
z_book_asymmetry_spot_struct50_300s_btc,2745.237,z_book_asymmetry_spot_struct50_300s,z_book_asymmetry_struct50,Normalization,btc,S3,300.0,Spot
depth_gradient_spot_struct100_60s_btc,2743.5574,depth_gradient_spot_struct100_60s,depth_gradient_struct100,Bookshape,btc,S3,,Spot
depth_gradient_fut_struct100_60s_btc,2735.7972,depth_gradient_fut_struct100_60s,depth_gradient_struct100,Bookshape,btc,S3,,Futures
add_rate_ask_spot_10bps_1s_btc,2730.3209,add_rate_ask_spot_10bps_1s,add_rate_ask_10bps,Liquidity Events,btc,S1,,Spot
depth_gradient_ask_spot_struct100_900s_btc,2725.0046,depth_gradient_ask_spot_struct100_900s,depth_gradient_ask_struct100,Bookshape,btc,S2,900.0,Spot
book_asymmetry_spot_struct100_300s_btc,2724.8396,book_asymmetry_spot_struct100_300s,book_asymmetry_struct100,Bookshape,btc,S2,300.0,Spot
ca_dist_to_day_low_bps_spread_spot_btceth,2720.5497,ca_dist_to_day_low_bps_spread_spot,ca_dist_to_day_low_bps_spread,Cross-Asset,btceth,S6,,Cross-Asset
add_rate_ask_fut_5bps_1s_btc,2714.9333,add_rate_ask_fut_5bps_1s,add_rate_ask_5bps,Liquidity Events,btc,S1,,Futures
mad_refill_rate_spot_10bps_60s_btc,2706.4895,mad_refill_rate_spot_10bps_60s,mad_refill_rate_10bps,Dynamics,btc,S2,60.0,Spot
depth_gradient_bid_spot_struct100_60s_btc,2703.0394,depth_gradient_bid_spot_struct100_60s,depth_gradient_bid_struct100,Bookshape,btc,S2,60.0,Spot
dist_to_day_low_bps_fut_btc,2679.2081,dist_to_day_low_bps_fut,dist_to_day_low_bps,Range,btc,S1,,Futures
basis_sf_mid_60s_btc,2677.5685,basis_sf_mid_60s,basis_sf_mid,Cross-Market,btc,S1,60.0,
aggr_absorp_ratio_ask_fut_10bps_1s_btc,2663.7795,aggr_absorp_ratio_ask_fut_10bps_1s,aggr_absorp_ratio_ask_10bps,Absorption,btc,S1,,Futures
queue_pressure_log_div_1bps_1s_btc,2661.3646,queue_pressure_log_div_1bps_1s,queue_pressure_log_div_1bps,Pressure,btc,S2,1.0,Cross
depth_notional_bid_10bps_spot_1s_btc,2656.5031,depth_notional_bid_10bps_spot_1s,depth_notional_bid_10bps,Bookshape,btc,S0,,Spot
depth_gradient_ask_spot_struct100_60s_btc,2644.7788,depth_gradient_ask_spot_struct100_60s,depth_gradient_ask_struct100,Bookshape,btc,S2,60.0,Spot
cancel_rate_bid_spot_2bps_1s_btc,2635.7041,cancel_rate_bid_spot_2bps_1s,cancel_rate_bid_2bps,Liquidity Events,btc,S1,,Spot
depth_gradient_spot_struct100_300s_btc,2626.0212,depth_gradient_spot_struct100_300s,depth_gradient_struct100,Bookshape,btc,S3,,Spot
cancel_rate_ask_spot_2bps_1s_btc,2607.9491,cancel_rate_ask_spot_2bps_1s,cancel_rate_ask_2bps,Liquidity Events,btc,S1,,Spot
z_rv_300s_btc,2606.9023,z_rv_300s,z_rv,Normalization,btc,S2,300.0,Spot
depth_notional_bid_struct100_spot_300s_btc,2600.9011,depth_notional_bid_struct100_spot_300s,depth_notional_bid_struct100,Bookshape,btc,S1,300.0,Spot
z_book_asymmetry_spot_struct50_900s_btc,2583.3587,z_book_asymmetry_spot_struct50_900s,z_book_asymmetry_struct50,Normalization,btc,S3,900.0,Spot
depth_notional_bid_struct100_spot_60s_btc,2579.2868,depth_notional_bid_struct100_spot_60s,depth_notional_bid_struct100,Bookshape,btc,S1,60.0,Spot
trade_count_fut_div_900s_btc,2567.1906,trade_count_fut_div_900s,trade_count_div,Cross-Market,btc,S2,900.0,Futures
liq_concentration_bid_fut_struct100_1s_btc,2564.0402,liq_concentration_bid_fut_struct100_1s,liq_concentration_bid_struct100,Bookshape,btc,S1,,Futures
depth_notional_bid_struct100_spot_900s_btc,2537.1168,depth_notional_bid_struct100_spot_900s,depth_notional_bid_struct100,Bookshape,btc,S1,900.0,Spot
z_book_asymmetry_spot_struct100_900s_btc,2524.9985,z_book_asymmetry_spot_struct100_900s,z_book_asymmetry_struct100,Normalization,btc,S3,900.0,Spot
spread_fut_900s_btc,2501.9172,spread_fut_900s,spread,Price,btc,S1,900.0,Futures
ask_churn_fut_2bps_60s_btc,2492.2991,ask_churn_fut_2bps_60s,ask_churn_2bps,Liquidity Events,btc,S2,60.0,Futures
z_book_asymmetry_spot_struct100_300s_btc,2490.7621,z_book_asymmetry_spot_struct100_300s,z_book_asymmetry_struct100,Normalization,btc,S3,300.0,Spot
ask_churn_spot_2bps_15s_btc,2474.7721,ask_churn_spot_2bps_15s,ask_churn_2bps,Liquidity Events,btc,S2,15.0,Spot
depth_notional_ask_struct100_spot_60s_btc,2471.8928,depth_notional_ask_struct100_spot_60s,depth_notional_ask_struct100,Bookshape,btc,S1,60.0,Spot
depth_gradient_div_fut_minus_spot_struct100_60s_btc,2458.2513,depth_gradient_div_fut_minus_spot_struct100_60s,depth_gradient_div_minus_struct100,Cross-Market,btc,S4,,Spot|Futures
net_cancel_fut_5bps_900s_btc,2455.0271,net_cancel_fut_5bps_900s,net_cancel_5bps,Pressure,btc,S3,900.0,Futures
depth_gradient_spot_struct100_900s_btc,2443.1861,depth_gradient_spot_struct100_900s,depth_gradient_struct100,Bookshape,btc,S3,,Spot
bps_sym_spot_1s_btc,2440.246,bps_sym_spot_1s,bps_sym,Price,btc,S0,,Spot
basis_vwap_sf_900s_btc,2431.7021,basis_vwap_sf_900s,basis_vwap_sf,Cross-Market,btc,S3,900.0,Spot|Futures
add_rate_ask_spot_5bps_1s_btc,2426.242,add_rate_ask_spot_5bps_1s,add_rate_ask_5bps,Liquidity Events,btc,S1,,Spot
book_asymmetry_spot_struct50_300s_btc,2374.3942,book_asymmetry_spot_struct50_300s,book_asymmetry_struct50,Bookshape,btc,S2,300.0,Spot
add_rate_bid_spot_5bps_1s_btc,2374.0579,add_rate_bid_spot_5bps_1s,add_rate_bid_5bps,Liquidity Events,btc,S1,,Spot
impact_per_signed_spot_persist_900s_btc,2369.2438,impact_per_signed_spot_persist_900s,impact_per_signed_persist,Dynamics,btc,S3,900.0,Spot
depth_gradient_div_fut_minus_spot_struct100_300s_btc,2363.3319,depth_gradient_div_fut_minus_spot_struct100_300s,depth_gradient_div_minus_struct100,Cross-Market,btc,S4,,Spot|Futures
depth_notional_ask_struct100_spot_300s_btc,2354.256,depth_notional_ask_struct100_spot_300s,depth_notional_ask_struct100,Bookshape,btc,S1,300.0,Spot
depth_gradient_div_fut_minus_spot_struct50_60s_btc,2345.1894,depth_gradient_div_fut_minus_spot_struct50_60s,depth_gradient_div_minus_struct50,Cross-Market,btc,S4,,Spot|Futures
z_refill_vs_pull_spot_2bps_60s_btc,2336.384,z_refill_vs_pull_spot_2bps_60s,z_refill_vs_pull_2bps,Normalization,btc,S3,60.0,Spot
depth_gradient_fut_struct100_300s_btc,2335.2649,depth_gradient_fut_struct100_300s,depth_gradient_struct100,Bookshape,btc,S3,,Futures
median_refill_rate_fut_10bps_60s_btc,2309.843,median_refill_rate_fut_10bps_60s,median_refill_rate_10bps,Dynamics,btc,S2,60.0,Futures
trade_count_fut_div_60s_btc,2295.8592,trade_count_fut_div_60s,trade_count_div,Cross-Market,btc,S2,60.0,Futures
depth_gradient_fut_struct100_900s_btc,2290.2235,depth_gradient_fut_struct100_900s,depth_gradient_struct100,Bookshape,btc,S3,,Futures
impact_per_signed_fut_persist_900s_btc,2284.4166,impact_per_signed_fut_persist_900s,impact_per_signed_persist,Dynamics,btc,S3,900.0,Futures
liq_concentration_fut_struct100_900s_btc,2283.6502,liq_concentration_fut_struct100_900s,liq_concentration_struct100,Bookshape,btc,S3,,Futures
impact_per_signed_spot_persist_60s_btc,2278.753,impact_per_signed_spot_persist_60s,impact_per_signed_persist,Dynamics,btc,S3,60.0,Spot
bid_churn_spot_2bps_15s_btc,2267.3114,bid_churn_spot_2bps_15s,bid_churn_2bps,Liquidity Events,btc,S2,15.0,Spot
refill_rate_behind_spot_1bps_15s_btc,2243.9315,refill_rate_behind_spot_1bps_15s,refill_rate_behind_1bps,Liquidity Events,btc,S2,15.0,Spot
spread_spot_300s_btc,2234.3608,spread_spot_300s,spread,Price,btc,S1,300.0,Spot
depth_notional_ask_struct100_spot_900s_btc,2219.6154,depth_notional_ask_struct100_spot_900s,depth_notional_ask_struct100,Bookshape,btc,S1,900.0,Spot
range_pos_fut_3600s_btc,2198.5181,range_pos_fut_3600s,range_pos,Range,btc,S1,3600.0,Futures
bid_churn_fut_5bps_60s_btc,2197.9872,bid_churn_fut_5bps_60s,bid_churn_5bps,Liquidity Events,btc,S3,60.0,Futures
range_pos_spot_3600s_btc,2197.9767,range_pos_spot_3600s,range_pos,Range,btc,S1,3600.0,Spot
spread_fut_1s_btc,2190.1222,spread_fut_1s,spread,Price,btc,S0,,Futures
depth_gradient_div_fut_minus_spot_struct100_900s_btc,2169.643,depth_gradient_div_fut_minus_spot_struct100_900s,depth_gradient_div_minus_struct100,Cross-Market,btc,S4,,Spot|Futures
max_bps_ask_spot_300s_btc,2169.546,max_bps_ask_spot_300s,max_bps_ask,Bookshape,btc,S1,300.0,Spot
ask_churn_spot_2bps_60s_btc,2166.1608,ask_churn_spot_2bps_60s,ask_churn_2bps,Liquidity Events,btc,S2,60.0,Spot
book_asymmetry_spot_struct50_1s_btc,2164.1777,book_asymmetry_spot_struct50_1s,book_asymmetry_struct50,Bookshape,btc,S1,,Spot
depth_notional_ask_10bps_spot_1s_btc,2157.603,depth_notional_ask_10bps_spot_1s,depth_notional_ask_10bps,Bookshape,btc,S0,,Spot
depth_notional_ask_5bps_fut_1s_btc,2134.7088,depth_notional_ask_5bps_fut_1s,depth_notional_ask_5bps,Bookshape,btc,S0,,Futures
liq_concentration_spot_struct100_1s_btc,2128.7915,liq_concentration_spot_struct100_1s,liq_concentration_struct100,Bookshape,btc,S2,1.0,Spot
bid_churn_spot_2bps_60s_btc,2110.7377,bid_churn_spot_2bps_60s,bid_churn_2bps,Liquidity Events,btc,S2,60.0,Spot
queue_pressure_log_spot_5bps_1s_btc,2106.5713,queue_pressure_log_spot_5bps_1s,queue_pressure_log_5bps,Pressure,btc,S1,,Spot
depth_gradient_spot_struct50_1s_btc,2091.9324,depth_gradient_spot_struct50_1s,depth_gradient_struct50,Bookshape,btc,S2,1.0,Spot
refill_rate_behind_fut_1bps_15s_btc,2079.4324,refill_rate_behind_fut_1bps_15s,refill_rate_behind_1bps,Liquidity Events,btc,S2,15.0,Futures
book_asymmetry_spot_struct50_900s_btc,2073.7101,book_asymmetry_spot_struct50_900s,book_asymmetry_struct50,Bookshape,btc,S2,900.0,Spot
z_basis_900s_btc,2052.5859,z_basis_900s,z_basis,Normalization,btc,S1,900.0,Futures
book_asymmetry_spot_struct50_60s_btc,2026.5189,book_asymmetry_spot_struct50_60s,book_asymmetry_struct50,Bookshape,btc,S2,60.0,Spot
refill_rate_spot_10bps_60s_btc,2002.1526,refill_rate_spot_10bps_60s,refill_rate_10bps,Liquidity Events,btc,S1,60.0,Spot
z_lwp_minus_mid_5bps_900s_btc,2001.421,z_lwp_minus_mid_5bps_900s,z_lwp_minus_mid_5bps,Normalization,btc,S1,900.0,Futures
max_bps_bid_spot_300s_btc,1956.1844,max_bps_bid_spot_300s,max_bps_bid,Bookshape,btc,S1,300.0,Spot
mad_impact_per_signed_fut_5s_btc,1947.7421,mad_impact_per_signed_fut_5s,mad_impact_per_signed,Dynamics,btc,S3,,Futures
liq_concentration_fut_struct100_300s_btc,1946.1342,liq_concentration_fut_struct100_300s,liq_concentration_struct100,Bookshape,btc,S3,,Futures
book_asymmetry_spot_struct100_60s_btc,1921.5354,book_asymmetry_spot_struct100_60s,book_asymmetry_struct100,Bookshape,btc,S2,60.0,Spot
ca_net_cancel_spot_5bps_spread_15s_btceth,1872.6749,ca_net_cancel_spot_5bps_spread_15s,ca_net_cancel_5bps_spread,Cross-Asset,btceth,S6,,Cross-Asset
liq_concentration_bid_fut_struct100_900s_btc,1859.5934,liq_concentration_bid_fut_struct100_900s,liq_concentration_bid_struct100,Bookshape,btc,S2,900.0,Futures
liq_concentration_fut_struct100_60s_btc,1851.1914,liq_concentration_fut_struct100_60s,liq_concentration_struct100,Bookshape,btc,S3,,Futures
book_asymmetry_spot_struct100_1s_btc,1826.8795,book_asymmetry_spot_struct100_1s,book_asymmetry_struct100,Bookshape,btc,S1,,Spot
queue_imb_persist_spot_1bps_300s_btc,1819.6356,queue_imb_persist_spot_1bps_300s,queue_imb_persist_1bps,Dynamics,btc,S2,300.0,Spot
max_bps_ask_fut_1s_btc,1807.4711,max_bps_ask_fut_1s,max_bps_ask,Bookshape,btc,S0,,Futures
liq_concentration_ask_fut_struct100_1s_btc,1789.9411,liq_concentration_ask_fut_struct100_1s,liq_concentration_ask_struct100,Bookshape,btc,S1,,Futures
depth_notional_ask_10bps_fut_1s_btc,1787.7865,depth_notional_ask_10bps_fut_1s,depth_notional_ask_10bps,Bookshape,btc,S0,,Futures
liq_concentration_bid_fut_struct100_300s_btc,1782.2596,liq_concentration_bid_fut_struct100_300s,liq_concentration_bid_struct100,Bookshape,btc,S2,300.0,Futures
pull_rate_spot_10bps_15s_btc,1775.0752,pull_rate_spot_10bps_15s,pull_rate_10bps,Liquidity Events,btc,S1,15.0,Spot
z_rv_60s_btc,1773.6368,z_rv_60s,z_rv,Normalization,btc,S2,60.0,Spot
queue_pressure_log_fut_1bps_1s_btc,1739.8353,queue_pressure_log_fut_1bps_1s,queue_pressure_log_1bps,Pressure,btc,S1,,Futures
add_rate_ask_fut_10bps_1s_btc,1734.5125,add_rate_ask_fut_10bps_1s,add_rate_ask_10bps,Liquidity Events,btc,S1,,Futures
liq_concentration_ask_fut_struct100_900s_btc,1731.2577,liq_concentration_ask_fut_struct100_900s,liq_concentration_ask_struct100,Bookshape,btc,S2,900.0,Futures
impact_per_signed_fut_persist_60s_btc,1726.7655,impact_per_signed_fut_persist_60s,impact_per_signed_persist,Dynamics,btc,S3,60.0,Futures
depth_notional_bid_struct100_fut_1s_btc,1712.6298,depth_notional_bid_struct100_fut_1s,depth_notional_bid_struct100,Bookshape,btc,S0,,Futures
refill_rate_fut_10bps_60s_btc,1691.1883,refill_rate_fut_10bps_60s,refill_rate_10bps,Liquidity Events,btc,S1,60.0,Futures
liq_concentration_bid_fut_struct100_60s_btc,1664.9171,liq_concentration_bid_fut_struct100_60s,liq_concentration_bid_struct100,Bookshape,btc,S2,60.0,Futures
liq_concentration_div_fut_minus_spot_struct100_900s_btc,1661.3889,liq_concentration_div_fut_minus_spot_struct100_900s,liq_concentration_div_minus_struct100,Cross-Market,btc,S4,,Spot|Futures
queue_pressure_log_fut_2bps_1s_btc,1659.6136,queue_pressure_log_fut_2bps_1s,queue_pressure_log_2bps,Pressure,btc,S1,,Futures
ca_z_trade_count_spot_300s_btc,1656.9532,ca_z_trade_count_spot_300s,ca_z_trade_count,Cross-Asset-Intermediary,btc,S6,900.0,Cross-Asset
avg_trade_size_fut_900s_btc,1650.5125,avg_trade_size_fut_900s,avg_trade_size,Activity,btc,S2,900.0,Futures
trade_count_sf_share_300s_btc,1649.0001,trade_count_sf_share_300s,trade_count_sf_share,Cross-Market,btc,S3,,Spot|Futures
add_rate_ask_spot_2bps_1s_btc,1640.7326,add_rate_ask_spot_2bps_1s,add_rate_ask_2bps,Liquidity Events,btc,S1,,Spot
liq_concentration_ask_fut_struct100_300s_btc,1632.8703,liq_concentration_ask_fut_struct100_300s,liq_concentration_ask_struct100,Bookshape,btc,S2,300.0,Futures
depth_notional_ask_5bps_spot_1s_btc,1621.6319,depth_notional_ask_5bps_spot_1s,depth_notional_ask_5bps,Bookshape,btc,S0,,Spot
depth_notional_bid_5bps_spot_1s_btc,1611.7713,depth_notional_bid_5bps_spot_1s,depth_notional_bid_5bps,Bookshape,btc,S0,,Spot
absorb_refill_ask_fut_5bps_1s_btc,1610.8177,absorb_refill_ask_fut_5bps_1s,absorb_refill_ask_5bps,Absorption,btc,S2,1.0,Futures
ask_churn_spot_5bps_60s_btc,1600.4834,ask_churn_spot_5bps_60s,ask_churn_5bps,Liquidity Events,btc,S3,60.0,Spot
ask_churn_spot_5bps_1s_btc,1592.76,ask_churn_spot_5bps_1s,ask_churn_5bps,Liquidity Events,btc,S2,1.0,Spot
median_refill_rate_spot_5bps_60s_btc,1570.4099,median_refill_rate_spot_5bps_60s,median_refill_rate_5bps,Dynamics,btc,S2,60.0,Spot
queue_imb_persist_fut_1bps_300s_btc,1562.561,queue_imb_persist_fut_1bps_300s,queue_imb_persist_1bps,Dynamics,btc,S2,300.0,Futures
max_bps_bid_fut_1s_btc,1549.4865,max_bps_bid_fut_1s,max_bps_bid,Bookshape,btc,S0,,Futures
depth_notional_ask_struct50_spot_300s_btc,1534.2477,depth_notional_ask_struct50_spot_300s,depth_notional_ask_struct50,Bookshape,btc,S1,300.0,Spot
trade_count_spot_share_900s_btc,1526.2871,trade_count_spot_share_900s,trade_count_share,Cross-Market,btc,S2,900.0,Spot
add_rate_bid_spot_2bps_1s_btc,1523.487,add_rate_bid_spot_2bps_1s,add_rate_bid_2bps,Liquidity Events,btc,S1,,Spot
refill_rate_spot_5bps_60s_btc,1520.9815,refill_rate_spot_5bps_60s,refill_rate_5bps,Liquidity Events,btc,S1,60.0,Spot
liq_concentration_div_fut_minus_spot_struct100_60s_btc,1520.0081,liq_concentration_div_fut_minus_spot_struct100_60s,liq_concentration_div_minus_struct100,Cross-Market,btc,S4,,Spot|Futures
bps_sym_fut_1s_btc,1497.4625,bps_sym_fut_1s,bps_sym,Price,btc,S0,,Futures
ca_bps_mid_dev_fut_5bps_btc,1490.7118,ca_bps_mid_dev_fut_5bps,ca_bps_mid_dev_5bps,Cross-Asset-Intermediary,btc,S6,,Fut
ca_net_add_spot_5bps_spread_15s_btceth,1477.6764,ca_net_add_spot_5bps_spread_15s,ca_net_add_5bps_spread,Cross-Asset,btceth,S6,,Cross-Asset
trade_count_fut_share_300s_btc,1477.4283,trade_count_fut_share_300s,trade_count_share,Cross-Market,btc,S2,300.0,Futures
depth_notional_ask_struct50_spot_1s_btc,1463.7643,depth_notional_ask_struct50_spot_1s,depth_notional_ask_struct50,Bookshape,btc,S0,,Spot
depth_notional_bid_struct50_spot_1s_btc,1451.016,depth_notional_bid_struct50_spot_1s,depth_notional_bid_struct50,Bookshape,btc,S0,,Spot
liq_concentration_ask_fut_struct100_60s_btc,1438.6689,liq_concentration_ask_fut_struct100_60s,liq_concentration_ask_struct100,Bookshape,btc,S2,60.0,Futures
ca_bps_spread_spot_btc,1432.6425,ca_bps_spread_spot,ca_bps_spread,Cross-Asset-Intermediary,btc,S6,,Spot
bid_churn_spot_5bps_1s_btc,1402.5514,bid_churn_spot_5bps_1s,bid_churn_5bps,Liquidity Events,btc,S2,1.0,Spot
liq_concentration_div_fut_minus_spot_struct100_300s_btc,1386.5345,liq_concentration_div_fut_minus_spot_struct100_300s,liq_concentration_div_minus_struct100,Cross-Market,btc,S4,,Spot|Futures
cancel_rate_bid_fut_10bps_1s_btc,1373.1228,cancel_rate_bid_fut_10bps_1s,cancel_rate_bid_10bps,Liquidity Events,btc,S1,,Futures
refill_rate_spot_10bps_15s_btc,1367.5108,refill_rate_spot_10bps_15s,refill_rate_10bps,Liquidity Events,btc,S1,15.0,Spot
liq_concentration_fut_struct50_1s_btc,1345.6665,liq_concentration_fut_struct50_1s,liq_concentration_struct50,Bookshape,btc,S2,1.0,Futures
absorb_refill_bid_fut_2bps_1s_btc,1333.9558,absorb_refill_bid_fut_2bps_1s,absorb_refill_bid_2bps,Absorption,btc,S2,1.0,Futures
aggr_absorp_ratio_bid_spot_5bps_1s_btc,1330.791,aggr_absorp_ratio_bid_spot_5bps_1s,aggr_absorp_ratio_bid_5bps,Absorption,btc,S1,,Spot
depth_notional_ask_struct50_spot_60s_btc,1328.7067,depth_notional_ask_struct50_spot_60s,depth_notional_ask_struct50,Bookshape,btc,S1,60.0,Spot
depth_notional_bid_5bps_fut_1s_btc,1317.0704,depth_notional_bid_5bps_fut_1s,depth_notional_bid_5bps,Bookshape,btc,S0,,Futures
median_refill_rate_spot_10bps_15s_btc,1307.2266,median_refill_rate_spot_10bps_15s,median_refill_rate_10bps,Dynamics,btc,S2,15.0,Spot
ca_refill_vs_pull_fut_2bps_spread_60s_btceth,1294.4637,ca_refill_vs_pull_fut_2bps_spread_60s,ca_refill_vs_pull_2bps_spread,Cross-Asset,btceth,S6,,Cross-Asset
depth_notional_bid_10bps_fut_1s_btc,1286.6643,depth_notional_bid_10bps_fut_1s,depth_notional_bid_10bps,Bookshape,btc,S0,,Futures
avg_trade_size_fut_300s_btc,1257.9823,avg_trade_size_fut_300s,avg_trade_size,Activity,btc,S2,300.0,Futures
max_bps_bid_spot_60s_btc,1253.2156,max_bps_bid_spot_60s,max_bps_bid,Bookshape,btc,S1,60.0,Spot
aggr_absorp_ratio_ask_spot_5bps_1s_btc,1242.7338,aggr_absorp_ratio_ask_spot_5bps_1s,aggr_absorp_ratio_ask_5bps,Absorption,btc,S1,,Spot
max_bps_bid_spot_1s_btc,1232.7825,max_bps_bid_spot_1s,max_bps_bid,Bookshape,btc,S0,,Spot
spread_spot_1s_btc,1226.4138,spread_spot_1s,spread,Price,btc,S0,,Spot
median_queue_pressure_fut_10bps_5s_btc,1213.2917,median_queue_pressure_fut_10bps_5s,median_queue_pressure_10bps,Dynamics,btc,S2,5.0,Futures
cancel_rate_bid_fut_5bps_1s_btc,1186.4819,cancel_rate_bid_fut_5bps_1s,cancel_rate_bid_5bps,Liquidity Events,btc,S1,,Futures
z_depth_gradient_fut_struct100_60s_btc,1182.2032,z_depth_gradient_fut_struct100_60s,z_depth_gradient_struct100,Normalization,btc,S4,60.0,Futures
depth_notional_ask_struct50_spot_900s_btc,1181.8041,depth_notional_ask_struct50_spot_900s,depth_notional_ask_struct50,Bookshape,btc,S1,900.0,Spot
depth_notional_bid_struct50_spot_300s_btc,1175.5792,depth_notional_bid_struct50_spot_300s,depth_notional_bid_struct50,Bookshape,btc,S1,300.0,Spot
max_liq_distance_ask_spot_5bps_300s_btc,1153.1853,max_liq_distance_ask_spot_5bps_300s,max_liq_distance_ask_5bps,Bookshape,btc,S2,300.0,Spot
median_refill_rate_fut_5bps_60s_btc,1151.4619,median_refill_rate_fut_5bps_60s,median_refill_rate_5bps,Dynamics,btc,S2,60.0,Futures
queue_pressure_spot_10bps_5s_btc,1145.2061,queue_pressure_spot_10bps_5s,queue_pressure_10bps,Pressure,btc,S1,5.0,Spot
fill_rate_ahead_fut_1bps_15s_btc,1141.8389,fill_rate_ahead_fut_1bps_15s,fill_rate_ahead_1bps,Liquidity Events,btc,S1,15.0,Futures
depth_gradient_bid_spot_struct50_900s_btc,1135.1123,depth_gradient_bid_spot_struct50_900s,depth_gradient_bid_struct50,Bookshape,btc,S2,900.0,Spot
ca_bps_mid_dev_spot_5bps_btc,1132.2689,ca_bps_mid_dev_spot_5bps,ca_bps_mid_dev_5bps,Cross-Asset-Intermediary,btc,S6,,Spot
z_lwp_minus_mid_struct100_900s_btc,1127.4981,z_lwp_minus_mid_struct100_900s,z_lwp_minus_mid_struct100,Normalization,btc,S1,900.0,Futures
depth_gradient_bid_spot_struct50_300s_btc,1116.3818,depth_gradient_bid_spot_struct50_300s,depth_gradient_bid_struct50,Bookshape,btc,S2,300.0,Spot
spread_spot_900s_btc,1115.9245,spread_spot_900s,spread,Price,btc,S1,900.0,Spot
queue_pressure_fut_10bps_5s_btc,1107.105,queue_pressure_fut_10bps_5s,queue_pressure_10bps,Pressure,btc,S1,5.0,Futures
price_deviation_spot_1s_btc,1101.2322,price_deviation_spot_1s,price_deviation,Price,btc,S2,1.0,Spot
depth_gradient_ask_spot_struct50_300s_btc,1099.347,depth_gradient_ask_spot_struct50_300s,depth_gradient_ask_struct50,Bookshape,btc,S2,300.0,Spot
bid_churn_fut_5bps_15s_btc,1098.5492,bid_churn_fut_5bps_15s,bid_churn_5bps,Liquidity Events,btc,S3,15.0,Futures
mad_impact_per_signed_spot_5s_btc,1095.8756,mad_impact_per_signed_spot_5s,mad_impact_per_signed,Dynamics,btc,S3,,Spot
max_bps_ask_spot_900s_btc,1082.0113,max_bps_ask_spot_900s,max_bps_ask,Bookshape,btc,S1,900.0,Spot
median_queue_pressure_spot_10bps_5s_btc,1081.352,median_queue_pressure_spot_10bps_5s,median_queue_pressure_10bps,Dynamics,btc,S2,5.0,Spot
cancel_rate_bid_fut_2bps_1s_btc,1050.9567,cancel_rate_bid_fut_2bps_1s,cancel_rate_bid_2bps,Liquidity Events,btc,S1,,Futures
depth_gradient_ask_spot_struct50_900s_btc,1035.692,depth_gradient_ask_spot_struct50_900s,depth_gradient_ask_struct50,Bookshape,btc,S2,900.0,Spot
depth_notional_bid_struct50_spot_60s_btc,1034.3451,depth_notional_bid_struct50_spot_60s,depth_notional_bid_struct50,Bookshape,btc,S1,60.0,Spot
range_pct_spot_3600s_btc,1026.2939,range_pct_spot_3600s,range_pct,Range,btc,S1,3600.0,Spot
z_liq_concentration_fut_struct100_60s_btc,1022.8335,z_liq_concentration_fut_struct100_60s,z_liq_concentration_struct100,Normalization,btc,S4,60.0,Futures
range_pct_fut_3600s_btc,1008.3988,range_pct_fut_3600s,range_pct,Range,btc,S1,3600.0,Futures
depth_gradient_ask_spot_struct50_60s_btc,998.7918,depth_gradient_ask_spot_struct50_60s,depth_gradient_ask_struct50,Bookshape,btc,S2,60.0,Spot
depth_gradient_bid_spot_struct50_60s_btc,989.5539,depth_gradient_bid_spot_struct50_60s,depth_gradient_bid_struct50,Bookshape,btc,S2,60.0,Spot
trade_count_fut_share_900s_btc,966.3364,trade_count_fut_share_900s,trade_count_share,Cross-Market,btc,S2,900.0,Futures
pull_rate_shock_spot_5bps_60s_btc,960.9656,pull_rate_shock_spot_5bps_60s,pull_rate_shock_5bps,Dynamics,btc,S2,60.0,Spot
queue_pressure_persist_fut_1bps_300s_btc,958.7651,queue_pressure_persist_fut_1bps_300s,queue_pressure_persist_1bps,Dynamics,btc,S2,300.0,Futures
depth_notional_bid_struct50_spot_900s_btc,957.4278,depth_notional_bid_struct50_spot_900s,depth_notional_bid_struct50,Bookshape,btc,S1,900.0,Spot
refill_rate_spot_10bps_5s_btc,947.1578,refill_rate_spot_10bps_5s,refill_rate_10bps,Liquidity Events,btc,S1,5.0,Spot
net_cancel_fut_10bps_60s_btc,934.527,net_cancel_fut_10bps_60s,net_cancel_10bps,Pressure,btc,S4,60.0,Futures
refill_rate_fut_5bps_60s_btc,926.4766,refill_rate_fut_5bps_60s,refill_rate_5bps,Liquidity Events,btc,S1,60.0,Futures
pull_rate_shock_spot_10bps_60s_btc,902.4229,pull_rate_shock_spot_10bps_60s,pull_rate_shock_10bps,Dynamics,btc,S2,60.0,Spot
z_rv_900s_btc,891.0237,z_rv_900s,z_rv,Normalization,btc,S2,900.0,Spot
depth_gradient_fut_struct50_60s_btc,868.6194,depth_gradient_fut_struct50_60s,depth_gradient_struct50,Bookshape,btc,S3,,Futures
trade_count_fut_share_60s_btc,861.5211,trade_count_fut_share_60s,trade_count_share,Cross-Market,btc,S2,60.0,Futures
queue_pressure_persist_spot_1bps_300s_btc,852.9428,queue_pressure_persist_spot_1bps_300s,queue_pressure_persist_1bps,Dynamics,btc,S2,300.0,Spot
trade_count_spot_share_300s_btc,837.5115,trade_count_spot_share_300s,trade_count_share,Cross-Market,btc,S2,300.0,Spot
queue_pressure_spot_5bps_5s_btc,832.5428,queue_pressure_spot_5bps_5s,queue_pressure_5bps,Pressure,btc,S1,5.0,Spot
median_queue_pressure_spot_5bps_5s_btc,824.1476,median_queue_pressure_spot_5bps_5s,median_queue_pressure_5bps,Dynamics,btc,S2,5.0,Spot
queue_imb_persist_fut_1bps_900s_btc,823.3578,queue_imb_persist_fut_1bps_900s,queue_imb_persist_1bps,Dynamics,btc,S2,900.0,Futures
ca_range_pos_day_spread_fut_btceth,816.1111,ca_range_pos_day_spread_fut,ca_range_pos_day_spread,Cross-Asset,btceth,S6,,Cross-Asset
ca_range_pos_day_spread_spot_btceth,810.4573,ca_range_pos_day_spread_spot,ca_range_pos_day_spread,Cross-Asset,btceth,S6,,Cross-Asset
price_deviation_fut_1s_btc,795.7451,price_deviation_fut_1s,price_deviation,Price,btc,S2,1.0,Futures
refill_rate_fut_10bps_15s_btc,788.8327,refill_rate_fut_10bps_15s,refill_rate_10bps,Liquidity Events,btc,S1,15.0,Futures
queue_imb_persist_spot_1bps_900s_btc,774.4967,queue_imb_persist_spot_1bps_900s,queue_imb_persist_1bps,Dynamics,btc,S2,900.0,Spot
max_liq_distance_bid_spot_5bps_300s_btc,755.4742,max_liq_distance_bid_spot_5bps_300s,max_liq_distance_bid_5bps,Bookshape,btc,S2,300.0,Spot
z_depth_gradient_fut_struct100_300s_btc,741.7383,z_depth_gradient_fut_struct100_300s,z_depth_gradient_struct100,Normalization,btc,S4,300.0,Futures
pull_rate_spot_2bps_60s_btc,740.6237,pull_rate_spot_2bps_60s,pull_rate_2bps,Liquidity Events,btc,S2,60.0,Spot
add_rate_bid_fut_5bps_1s_btc,739.5102,add_rate_bid_fut_5bps_1s,add_rate_bid_5bps,Liquidity Events,btc,S1,,Futures
median_queue_pressure_spot_1bps_5s_btc,722.9172,median_queue_pressure_spot_1bps_5s,median_queue_pressure_1bps,Dynamics,btc,S2,5.0,Spot
add_rate_bid_fut_10bps_1s_btc,713.5144,add_rate_bid_fut_10bps_1s,add_rate_bid_10bps,Liquidity Events,btc,S1,,Futures
queue_pressure_spot_2bps_5s_btc,696.0231,queue_pressure_spot_2bps_5s,queue_pressure_2bps,Pressure,btc,S1,5.0,Spot
z_lwp_minus_mid_struct50_900s_btc,683.7996,z_lwp_minus_mid_struct50_900s,z_lwp_minus_mid_struct50,Normalization,btc,S1,900.0,Futures
trade_count_spot_share_60s_btc,671.5416,trade_count_spot_share_60s,trade_count_share,Cross-Market,btc,S2,60.0,Spot
median_refill_rate_fut_10bps_15s_btc,667.6161,median_refill_rate_fut_10bps_15s,median_refill_rate_10bps,Dynamics,btc,S2,15.0,Futures
depth_gradient_bid_spot_struct50_1s_btc,662.8597,depth_gradient_bid_spot_struct50_1s,depth_gradient_bid_struct50,Bookshape,btc,S1,,Spot
median_queue_pressure_spot_2bps_5s_btc,659.3537,median_queue_pressure_spot_2bps_5s,median_queue_pressure_2bps,Dynamics,btc,S2,5.0,Spot
median_impact_per_signed_fut_5s_btc,656.8133,median_impact_per_signed_fut_5s,median_impact_per_signed,Dynamics,btc,S3,,Futures
trade_count_spot_div_300s_btc,656.7799,trade_count_spot_div_300s,trade_count_div,Cross-Market,btc,S2,300.0,Spot
add_rate_bid_fut_2bps_1s_btc,651.7707,add_rate_bid_fut_2bps_1s,add_rate_bid_2bps,Liquidity Events,btc,S1,,Futures
median_queue_pressure_fut_5bps_5s_btc,643.9241,median_queue_pressure_fut_5bps_5s,median_queue_pressure_5bps,Dynamics,btc,S2,5.0,Futures
ca_refill_vs_pull_spot_2bps_spread_60s_btceth,639.2519,ca_refill_vs_pull_spot_2bps_spread_60s,ca_refill_vs_pull_2bps_spread,Cross-Asset,btceth,S6,,Cross-Asset
max_liq_distance_ask_spot_5bps_60s_btc,620.4067,max_liq_distance_ask_spot_5bps_60s,max_liq_distance_ask_5bps,Bookshape,btc,S2,60.0,Spot
trade_count_spot_900s_btc,620.0172,trade_count_spot_900s,trade_count,Activity,btc,S1,900.0,Spot
trade_count_spot_div_60s_btc,604.5945,trade_count_spot_div_60s,trade_count_div,Cross-Market,btc,S2,60.0,Spot
z_lwp_minus_mid_struct100_300s_btc,599.2554,z_lwp_minus_mid_struct100_300s,z_lwp_minus_mid_struct100,Normalization,btc,S1,300.0,Futures
queue_pressure_persist_fut_1bps_900s_btc,598.9308,queue_pressure_persist_fut_1bps_900s,queue_pressure_persist_1bps,Dynamics,btc,S2,900.0,Futures
refill_rate_spot_5bps_15s_btc,596.1346,refill_rate_spot_5bps_15s,refill_rate_5bps,Liquidity Events,btc,S1,15.0,Spot
queue_pressure_fut_5bps_5s_btc,587.7044,queue_pressure_fut_5bps_5s,queue_pressure_5bps,Pressure,btc,S1,5.0,Futures
bid_churn_fut_2bps_15s_btc,585.6291,bid_churn_fut_2bps_15s,bid_churn_2bps,Liquidity Events,btc,S2,15.0,Futures
bid_churn_spot_5bps_60s_btc,575.9806,bid_churn_spot_5bps_60s,bid_churn_5bps,Liquidity Events,btc,S3,60.0,Spot
trade_count_spot_300s_btc,570.9487,trade_count_spot_300s,trade_count,Activity,btc,S1,300.0,Spot
pull_rate_shock_spot_1bps_60s_btc,562.354,pull_rate_shock_spot_1bps_60s,pull_rate_shock_1bps,Dynamics,btc,S2,60.0,Spot
z_liq_concentration_spot_struct100_300s_btc,556.5468,z_liq_concentration_spot_struct100_300s,z_liq_concentration_struct100,Normalization,btc,S4,300.0,Spot
z_liq_concentration_spot_struct100_60s_btc,551.9585,z_liq_concentration_spot_struct100_60s,z_liq_concentration_struct100,Normalization,btc,S4,60.0,Spot
z_liq_concentration_fut_struct100_300s_btc,548.9042,z_liq_concentration_fut_struct100_300s,z_liq_concentration_struct100,Normalization,btc,S4,300.0,Futures
z_absorb_refill_ask_spot_2bps_1s_btc,544.2485,z_absorb_refill_ask_spot_2bps_1s,z_absorb_refill_ask_2bps,Normalization,btc,S3,5.0,Spot
mad_refill_rate_fut_10bps_60s_btc,540.0348,mad_refill_rate_fut_10bps_60s,mad_refill_rate_10bps,Dynamics,btc,S2,60.0,Futures
trade_count_fut_300s_btc,539.0086,trade_count_fut_300s,trade_count,Activity,btc,S1,300.0,Futures
median_refill_rate_spot_10bps_5s_btc,534.1162,median_refill_rate_spot_10bps_5s,median_refill_rate_10bps,Dynamics,btc,S2,5.0,Spot
median_refill_rate_spot_5bps_15s_btc,531.3571,median_refill_rate_spot_5bps_15s,median_refill_rate_5bps,Dynamics,btc,S2,15.0,Spot
liq_concentration_div_fut_minus_spot_struct50_60s_btc,531.288,liq_concentration_div_fut_minus_spot_struct50_60s,liq_concentration_div_minus_struct50,Cross-Market,btc,S4,,Spot|Futures
spread_sf_div_1s_btc,530.5514,spread_sf_div_1s,spread_sf_div,Cross-Market,btc,S2,,Cross
trade_count_spot_div_900s_btc,526.4311,trade_count_spot_div_900s,trade_count_div,Cross-Market,btc,S2,900.0,Spot
max_liq_distance_bid_struct50_spot_1s_btc,522.517,max_liq_distance_bid_struct50_spot_1s,max_liq_distance_bid_struct50,Bookshape,btc,S0,,Spot
net_cancel_spot_10bps_60s_btc,522.329,net_cancel_spot_10bps_60s,net_cancel_10bps,Pressure,btc,S4,60.0,Spot
pull_rate_spot_2bps_15s_btc,517.1096,pull_rate_spot_2bps_15s,pull_rate_2bps,Liquidity Events,btc,S2,15.0,Spot
avg_trade_size_fut_60s_btc,515.8586,avg_trade_size_fut_60s,avg_trade_size,Activity,btc,S2,60.0,Futures
depth_notional_bid_struct50_fut_1s_btc,510.1758,depth_notional_bid_struct50_fut_1s,depth_notional_bid_struct50,Bookshape,btc,S0,,Futures
depth_notional_ask_struct100_fut_1s_btc,509.5637,depth_notional_ask_struct100_fut_1s,depth_notional_ask_struct100,Bookshape,btc,S0,,Futures
refill_rate_spot_5bps_5s_btc,506.2102,refill_rate_spot_5bps_5s,refill_rate_5bps,Liquidity Events,btc,S1,5.0,Spot
depth_gradient_ask_spot_struct50_1s_btc,502.8039,depth_gradient_ask_spot_struct50_1s,depth_gradient_ask_struct50,Bookshape,btc,S1,,Spot
median_refill_rate_fut_1bps_60s_btc,499.7659,median_refill_rate_fut_1bps_60s,median_refill_rate_1bps,Dynamics,btc,S2,60.0,Futures
max_liq_distance_ask_struct100_spot_1s_btc,499.1155,max_liq_distance_ask_struct100_spot_1s,max_liq_distance_ask_struct100,Bookshape,btc,S0,,Spot
trade_absorption_ratio_fut_persist_60s_btc,497.2152,trade_absorption_ratio_fut_persist_60s,trade_absorption_ratio_persist,Dynamics,btc,S4,60.0,Futures
median_impact_per_signed_fut_15s_btc,491.3307,median_impact_per_signed_fut_15s,median_impact_per_signed,Dynamics,btc,S3,,Futures
queue_pressure_persist_spot_1bps_900s_btc,487.267,queue_pressure_persist_spot_1bps_900s,queue_pressure_persist_1bps,Dynamics,btc,S2,900.0,Spot
median_refill_rate_spot_1bps_60s_btc,487.1802,median_refill_rate_spot_1bps_60s,median_refill_rate_1bps,Dynamics,btc,S2,60.0,Spot
refill_rate_spot_2bps_60s_btc,484.3994,refill_rate_spot_2bps_60s,refill_rate_2bps,Liquidity Events,btc,S2,60.0,Spot
z_lwp_minus_mid_2bps_300s_btc,483.9756,z_lwp_minus_mid_2bps_300s,z_lwp_minus_mid_2bps,Normalization,btc,S1,300.0,Futures
z_depth_gradient_spot_struct100_60s_btc,474.9005,z_depth_gradient_spot_struct100_60s,z_depth_gradient_struct100,Normalization,btc,S4,60.0,Spot
z_lwp_minus_mid_5bps_300s_btc,472.7003,z_lwp_minus_mid_5bps_300s,z_lwp_minus_mid_5bps,Normalization,btc,S1,300.0,Futures
refill_rate_fut_10bps_5s_btc,472.2401,refill_rate_fut_10bps_5s,refill_rate_10bps,Liquidity Events,btc,S1,5.0,Futures
refill_rate_fut_2bps_60s_btc,462.2879,refill_rate_fut_2bps_60s,refill_rate_2bps,Liquidity Events,btc,S2,60.0,Futures
trade_count_fut_900s_btc,461.8195,trade_count_fut_900s,trade_count,Activity,btc,S1,900.0,Futures
mad_refill_rate_spot_5bps_60s_btc,460.9351,mad_refill_rate_spot_5bps_60s,mad_refill_rate_5bps,Dynamics,btc,S2,60.0,Spot
depth_gradient_bid_fut_struct50_1s_btc,460.4992,depth_gradient_bid_fut_struct50_1s,depth_gradient_bid_struct50,Bookshape,btc,S1,,Futures
queue_pressure_spot_10bps_15s_btc,459.9559,queue_pressure_spot_10bps_15s,queue_pressure_10bps,Pressure,btc,S1,15.0,Spot
mad_taker_imbalance_fut_5s_btc,457.7386,mad_taker_imbalance_fut_5s,mad_taker_imbalance,Dynamics,btc,S3,,Futures
refill_rate_fut_1bps_60s_btc,457.3084,refill_rate_fut_1bps_60s,refill_rate_1bps,Liquidity Events,btc,S1,60.0,Futures
z_liq_concentration_fut_struct50_60s_btc,450.8536,z_liq_concentration_fut_struct50_60s,z_liq_concentration_struct50,Normalization,btc,S4,60.0,Futures
trade_count_fut_60s_btc,439.5253,trade_count_fut_60s,trade_count,Activity,btc,S1,60.0,Futures
trade_absorption_ratio_spot_persist_60s_btc,439.0403,trade_absorption_ratio_spot_persist_60s,trade_absorption_ratio_persist,Dynamics,btc,S4,60.0,Spot
max_liq_distance_bid_struct100_spot_1s_btc,436.2962,max_liq_distance_bid_struct100_spot_1s,max_liq_distance_bid_struct100,Bookshape,btc,S0,,Spot
bid_churn_spot_5bps_15s_btc,434.797,bid_churn_spot_5bps_15s,bid_churn_5bps,Liquidity Events,btc,S3,15.0,Spot
spot_fut_taker_activity_share_300s_btc,428.4923,spot_fut_taker_activity_share_300s,spot_taker_activity_share,Cross-Market,btc,S2,300.0,Futures
dir_consistency_persist_spot_60_over_900_btc,426.3498,dir_consistency_persist_spot_60_over_900,dir_consistency_persist_60_over_900,Dynamics,btc,S3,,Spot
aggr_absorp_ratio_ask_fut_5bps_1s_btc,423.7646,aggr_absorp_ratio_ask_fut_5bps_1s,aggr_absorp_ratio_ask_5bps,Absorption,btc,S1,,Futures
aggr_absorp_ratio_bid_fut_5bps_1s_btc,418.6218,aggr_absorp_ratio_bid_fut_5bps_1s,aggr_absorp_ratio_bid_5bps,Absorption,btc,S1,,Futures
median_refill_rate_spot_5bps_5s_btc,413.5585,median_refill_rate_spot_5bps_5s,median_refill_rate_5bps,Dynamics,btc,S2,5.0,Spot
max_liq_distance_bid_spot_5bps_60s_btc,413.4063,max_liq_distance_bid_spot_5bps_60s,max_liq_distance_bid_5bps,Bookshape,btc,S2,60.0,Spot
z_depth_gradient_spot_struct100_300s_btc,409.806,z_depth_gradient_spot_struct100_300s,z_depth_gradient_struct100,Normalization,btc,S4,300.0,Spot
mad_net_pressure_spot_1bps_60s_btc,405.6266,mad_net_pressure_spot_1bps_60s,mad_net_pressure_1bps,Dynamics,btc,S2,60.0,Spot
refill_rate_spot_1bps_60s_btc,405.6008,refill_rate_spot_1bps_60s,refill_rate_1bps,Liquidity Events,btc,S1,60.0,Spot
avg_trade_size_spot_900s_btc,405.0348,avg_trade_size_spot_900s,avg_trade_size,Activity,btc,S2,900.0,Spot
max_liq_distance_ask_struct50_spot_1s_btc,404.6655,max_liq_distance_ask_struct50_spot_1s,max_liq_distance_ask_struct50,Bookshape,btc,S0,,Spot
depth_gradient_spot_struct50_300s_btc,402.8324,depth_gradient_spot_struct50_300s,depth_gradient_struct50,Bookshape,btc,S3,,Spot
trade_count_sf_share_60s_btc,385.833,trade_count_sf_share_60s,trade_count_sf_share,Cross-Market,btc,S3,,Spot|Futures
net_cancel_spot_5bps_900s_btc,383.2598,net_cancel_spot_5bps_900s,net_cancel_5bps,Pressure,btc,S3,900.0,Spot
z_liq_concentration_fut_struct50_1s_btc,382.1689,z_liq_concentration_fut_struct50_1s,z_liq_concentration_struct50,Normalization,btc,S3,5.0,Futures
queue_pressure_spot_5bps_15s_btc,377.7802,queue_pressure_spot_5bps_15s,queue_pressure_5bps,Pressure,btc,S1,15.0,Spot
pull_rate_shock_fut_1bps_60s_btc,361.6755,pull_rate_shock_fut_1bps_60s,pull_rate_shock_1bps,Dynamics,btc,S2,60.0,Futures
median_queue_pressure_fut_2bps_5s_btc,361.2969,median_queue_pressure_fut_2bps_5s,median_queue_pressure_2bps,Dynamics,btc,S2,5.0,Futures
z_liq_concentration_spot_struct100_900s_btc,358.2005,z_liq_concentration_spot_struct100_900s,z_liq_concentration_struct100,Normalization,btc,S4,900.0,Spot
depth_gradient_fut_struct50_1s_btc,357.2058,depth_gradient_fut_struct50_1s,depth_gradient_struct50,Bookshape,btc,S2,1.0,Futures
queue_pressure_fut_2bps_5s_btc,356.4192,queue_pressure_fut_2bps_5s,queue_pressure_2bps,Pressure,btc,S1,5.0,Futures
queue_pressure_spot_10bps_60s_btc,349.8321,queue_pressure_spot_10bps_60s,queue_pressure_10bps,Pressure,btc,S1,60.0,Spot
max_liq_distance_bid_struct100_fut_1s_btc,348.4736,max_liq_distance_bid_struct100_fut_1s,max_liq_distance_bid_struct100,Bookshape,btc,S0,,Futures
aggr_absorp_ratio_bid_spot_2bps_1s_btc,341.2914,aggr_absorp_ratio_bid_spot_2bps_1s,aggr_absorp_ratio_bid_2bps,Absorption,btc,S1,,Spot
depth_notional_bid_struct100_fut_300s_btc,333.9018,depth_notional_bid_struct100_fut_300s,depth_notional_bid_struct100,Bookshape,btc,S1,300.0,Futures
impact_per_liquidity_spot_5bps_60s_btc,333.2293,impact_per_liquidity_spot_5bps_60s,impact_per_liquidity_5bps,Impact,btc,S2,60.0,Spot
depth_notional_ask_struct100_fut_900s_btc,330.5955,depth_notional_ask_struct100_fut_900s,depth_notional_ask_struct100,Bookshape,btc,S1,900.0,Futures
z_depth_gradient_fut_struct100_900s_btc,328.8987,z_depth_gradient_fut_struct100_900s,z_depth_gradient_struct100,Normalization,btc,S4,900.0,Futures
refill_rate_fut_5bps_15s_btc,324.7911,refill_rate_fut_5bps_15s,refill_rate_5bps,Liquidity Events,btc,S1,15.0,Futures
depth_notional_ask_struct100_fut_300s_btc,324.1121,depth_notional_ask_struct100_fut_300s,depth_notional_ask_struct100,Bookshape,btc,S1,300.0,Futures
max_liq_distance_ask_struct100_fut_1s_btc,323.1763,max_liq_distance_ask_struct100_fut_1s,max_liq_distance_ask_struct100,Bookshape,btc,S0,,Futures
aggr_absorp_ratio_ask_spot_2bps_1s_btc,323.1741,aggr_absorp_ratio_ask_spot_2bps_1s,aggr_absorp_ratio_ask_2bps,Absorption,btc,S1,,Spot
spot_fut_taker_activity_share_900s_btc,323.1491,spot_fut_taker_activity_share_900s,spot_taker_activity_share,Cross-Market,btc,S2,900.0,Futures
pull_rate_shock_fut_5bps_60s_btc,319.4695,pull_rate_shock_fut_5bps_60s,pull_rate_shock_5bps,Dynamics,btc,S2,60.0,Futures
median_queue_pressure_spot_10bps_15s_btc,314.6894,median_queue_pressure_spot_10bps_15s,median_queue_pressure_10bps,Dynamics,btc,S2,15.0,Spot
max_bps_ask_spot_60s_btc,312.8438,max_bps_ask_spot_60s,max_bps_ask,Bookshape,btc,S1,60.0,Spot
depth_gradient_spot_struct50_60s_btc,308.2935,depth_gradient_spot_struct50_60s,depth_gradient_struct50,Bookshape,btc,S3,,Spot
depth_notional_bid_struct100_fut_900s_btc,307.8296,depth_notional_bid_struct100_fut_900s,depth_notional_bid_struct100,Bookshape,btc,S1,900.0,Futures
median_impact_per_signed_spot_5s_btc,304.5909,median_impact_per_signed_spot_5s,median_impact_per_signed,Dynamics,btc,S3,,Spot
median_refill_rate_fut_5bps_15s_btc,302.7933,median_refill_rate_fut_5bps_15s,median_refill_rate_5bps,Dynamics,btc,S2,15.0,Futures
max_liq_distance_bid_fut_5bps_300s_btc,302.6768,max_liq_distance_bid_fut_5bps_300s,max_liq_distance_bid_5bps,Bookshape,btc,S2,300.0,Futures
depth_notional_ask_struct50_fut_1s_btc,302.5341,depth_notional_ask_struct50_fut_1s,depth_notional_ask_struct50,Bookshape,btc,S0,,Futures
ca_refill_vs_pull_fut_1bps_spread_15s_btceth,298.0708,ca_refill_vs_pull_fut_1bps_spread_15s,ca_refill_vs_pull_1bps_spread,Cross-Asset,btceth,S6,,Cross-Asset
depth_notional_ask_struct50_fut_900s_btc,294.2667,depth_notional_ask_struct50_fut_900s,depth_notional_ask_struct50,Bookshape,btc,S1,900.0,Futures
z_refill_vs_pull_spot_1bps_15s_btc,290.2325,z_refill_vs_pull_spot_1bps_15s,z_refill_vs_pull_1bps,Normalization,btc,S3,15.0,Spot
liq_sum_spot_60s_btc,289.5976,liq_sum_spot_60s,liq_sum,Bookshape,btc,S2,60.0,Spot
depth_notional_bid_struct50_fut_900s_btc,288.8564,depth_notional_bid_struct50_fut_900s,depth_notional_bid_struct50,Bookshape,btc,S1,900.0,Futures
refill_rate_fut_5bps_5s_btc,284.3415,refill_rate_fut_5bps_5s,refill_rate_5bps,Liquidity Events,btc,S1,5.0,Futures
z_depth_gradient_spot_struct100_900s_btc,280.5819,z_depth_gradient_spot_struct100_900s,z_depth_gradient_struct100,Normalization,btc,S4,900.0,Spot
mad_refill_rate_fut_5bps_60s_btc,279.9822,mad_refill_rate_fut_5bps_60s,mad_refill_rate_5bps,Dynamics,btc,S2,60.0,Futures
z_liq_concentration_fut_struct100_900s_btc,278.7659,z_liq_concentration_fut_struct100_900s,z_liq_concentration_struct100,Normalization,btc,S4,900.0,Futures
ca_z_depth_curvature_spot_60s_btc,273.8048,ca_z_depth_curvature_spot_60s,ca_z_depth_curvature,Cross-Asset-Intermediary,btc,S6,300.0,Cross-Asset
d1_refill_rate_spot_5bps_5s_btc,271.3823,d1_refill_rate_spot_5bps_5s,d1_refill_rate_5bps,Dynamics,btc,S2,5.0,Spot
mad_impact_per_signed_spot_15s_btc,270.9012,mad_impact_per_signed_spot_15s,mad_impact_per_signed,Dynamics,btc,S3,,Spot
trade_count_spot_60s_btc,269.3753,trade_count_spot_60s,trade_count,Activity,btc,S1,60.0,Spot
z_liq_concentration_spot_struct100_1s_btc,267.794,z_liq_concentration_spot_struct100_1s,z_liq_concentration_struct100,Normalization,btc,S3,5.0,Spot
max_liq_distance_ask_fut_5bps_300s_btc,267.154,max_liq_distance_ask_fut_5bps_300s,max_liq_distance_ask_5bps,Bookshape,btc,S2,300.0,Futures
bid_churn_fut_5bps_1s_btc,267.0985,bid_churn_fut_5bps_1s,bid_churn_5bps,Liquidity Events,btc,S2,1.0,Futures
median_queue_pressure_spot_5bps_15s_btc,265.2418,median_queue_pressure_spot_5bps_15s,median_queue_pressure_5bps,Dynamics,btc,S2,15.0,Spot
z_volume_asym_fut_minus_spot_900s_btc,265.1199,z_volume_asym_fut_minus_spot_900s,z_volume_asym_minus,Cross-Market,btc,S2,900.0,Futures
z_spread_fut_60s_btc,263.0783,z_spread_fut_60s,z_spread,Normalization,btc,S2,60.0,Futures
median_refill_rate_fut_10bps_5s_btc,262.6532,median_refill_rate_fut_10bps_5s,median_refill_rate_10bps,Dynamics,btc,S2,5.0,Futures
depth_gradient_ask_fut_struct50_1s_btc,261.6852,depth_gradient_ask_fut_struct50_1s,depth_gradient_ask_struct50,Bookshape,btc,S1,,Futures
queue_pressure_fut_10bps_15s_btc,259.7291,queue_pressure_fut_10bps_15s,queue_pressure_10bps,Pressure,btc,S1,15.0,Futures
impact_per_liquidity_fut_5bps_60s_btc,259.2372,impact_per_liquidity_fut_5bps_60s,impact_per_liquidity_5bps,Impact,btc,S2,60.0,Futures
z_pull_rate_spot_5bps_60s_btc,256.4336,z_pull_rate_spot_5bps_60s,z_pull_rate_5bps,Normalization,btc,S2,60.0,Spot
impact_per_liquidity_fut_2bps_60s_btc,255.8751,impact_per_liquidity_fut_2bps_60s,impact_per_liquidity_2bps,Impact,btc,S2,60.0,Futures
liq_sum_spot_900s_btc,254.8788,liq_sum_spot_900s,liq_sum,Bookshape,btc,S2,900.0,Spot
depth_notional_ask_struct100_fut_60s_btc,254.7721,depth_notional_ask_struct100_fut_60s,depth_notional_ask_struct100,Bookshape,btc,S1,60.0,Futures
depth_notional_bid_struct100_fut_60s_btc,254.5062,depth_notional_bid_struct100_fut_60s,depth_notional_bid_struct100,Bookshape,btc,S1,60.0,Futures
median_queue_pressure_fut_1bps_5s_btc,253.064,median_queue_pressure_fut_1bps_5s,median_queue_pressure_1bps,Dynamics,btc,S2,5.0,Futures
liq_concentration_div_fut_minus_spot_struct50_900s_btc,252.3143,liq_concentration_div_fut_minus_spot_struct50_900s,liq_concentration_div_minus_struct50,Cross-Market,btc,S4,,Spot|Futures
z_depth_gradient_fut_struct50_1s_btc,252.2235,z_depth_gradient_fut_struct50_1s,z_depth_gradient_struct50,Normalization,btc,S3,5.0,Futures
z_depth_gradient_spot_struct100_1s_btc,251.0291,z_depth_gradient_spot_struct100_1s,z_depth_gradient_struct100,Normalization,btc,S3,5.0,Spot
liq_sum_spot_300s_btc,250.8288,liq_sum_spot_300s,liq_sum,Bookshape,btc,S2,300.0,Spot
net_cancel_fut_10bps_15s_btc,250.7415,net_cancel_fut_10bps_15s,net_cancel_10bps,Pressure,btc,S4,15.0,Futures
z_lwp_minus_mid_struct50_300s_btc,249.0623,z_lwp_minus_mid_struct50_300s,z_lwp_minus_mid_struct50,Normalization,btc,S1,300.0,Futures
volume_fut_300s_btc,248.5251,volume_fut_300s,volume,Activity,btc,S1,300.0,Futures
z_refill_vs_pull_fut_1bps_15s_btc,248.0047,z_refill_vs_pull_fut_1bps_15s,z_refill_vs_pull_1bps,Normalization,btc,S3,15.0,Futures
pull_rate_shock_fut_10bps_60s_btc,247.9312,pull_rate_shock_fut_10bps_60s,pull_rate_shock_10bps,Dynamics,btc,S2,60.0,Futures
volume_fut_900s_btc,243.8652,volume_fut_900s,volume,Activity,btc,S1,900.0,Futures
max_liq_distance_ask_fut_5bps_60s_btc,242.5666,max_liq_distance_ask_fut_5bps_60s,max_liq_distance_ask_5bps,Bookshape,btc,S2,60.0,Futures
z_absorb_refill_ask_fut_2bps_1s_btc,242.3557,z_absorb_refill_ask_fut_2bps_1s,z_absorb_refill_ask_2bps,Normalization,btc,S3,5.0,Futures
d1_refill_rate_spot_10bps_5s_btc,242.2546,d1_refill_rate_spot_10bps_5s,d1_refill_rate_10bps,Dynamics,btc,S2,5.0,Spot
depth_notional_bid_struct50_fut_60s_btc,237.9168,depth_notional_bid_struct50_fut_60s,depth_notional_bid_struct50,Bookshape,btc,S1,60.0,Futures
avg_trade_size_spot_300s_btc,235.1629,avg_trade_size_spot_300s,avg_trade_size,Activity,btc,S2,300.0,Spot
z_pull_rate_spot_10bps_60s_btc,233.7453,z_pull_rate_spot_10bps_60s,z_pull_rate_10bps,Normalization,btc,S2,60.0,Spot
taker_imbalance_shock_fut_5s_btc,232.8158,taker_imbalance_shock_fut_5s,taker_imbalance_shock,Dynamics,btc,S3,,Futures
liq_concentration_div_fut_minus_spot_struct50_300s_btc,232.6607,liq_concentration_div_fut_minus_spot_struct50_300s,liq_concentration_div_minus_struct50,Cross-Market,btc,S4,,Spot|Futures
impact_per_liquidity_fut_2bps_900s_btc,230.0993,impact_per_liquidity_fut_2bps_900s,impact_per_liquidity_2bps,Impact,btc,S2,900.0,Futures
z_liq_concentration_fut_struct50_300s_btc,228.8185,z_liq_concentration_fut_struct50_300s,z_liq_concentration_struct50,Normalization,btc,S4,300.0,Futures
bid_churn_fut_2bps_60s_btc,228.5841,bid_churn_fut_2bps_60s,bid_churn_2bps,Liquidity Events,btc,S2,60.0,Futures
mad_refill_rate_spot_10bps_15s_btc,228.4081,mad_refill_rate_spot_10bps_15s,mad_refill_rate_10bps,Dynamics,btc,S2,15.0,Spot
ca_z_depth_curvature_spot_15s_btc,227.3874,ca_z_depth_curvature_spot_15s,ca_z_depth_curvature,Cross-Asset-Intermediary,btc,S6,300.0,Cross-Asset
d1_net_pressure_fut_1bps_5s_btc,225.5724,d1_net_pressure_fut_1bps_5s,d1_net_pressure_1bps,Dynamics,btc,S2,5.0,Futures
mad_net_pressure_spot_1bps_15s_btc,225.5367,mad_net_pressure_spot_1bps_15s,mad_net_pressure_1bps,Dynamics,btc,S2,15.0,Spot
max_liq_distance_bid_fut_5bps_60s_btc,220.297,max_liq_distance_bid_fut_5bps_60s,max_liq_distance_bid_5bps,Bookshape,btc,S2,60.0,Futures
ca_regime_xor_300s_btceth,214.9731,ca_regime_xor_300s,ca_regime_xor,Cross-Asset,btceth,S6,,Cross-Asset
z_net_add_spot_5bps_900s_btc,214.5441,z_net_add_spot_5bps_900s,z_net_add_5bps,Normalization,btc,S4,900.0,Spot
liq_sum_fut_900s_btc,212.6694,liq_sum_fut_900s,liq_sum,Bookshape,btc,S2,900.0,Futures
pull_rate_fut_2bps_60s_btc,212.0857,pull_rate_fut_2bps_60s,pull_rate_2bps,Liquidity Events,btc,S2,60.0,Futures
impact_per_liquidity_fut_5bps_300s_btc,212.0784,impact_per_liquidity_fut_5bps_300s,impact_per_liquidity_5bps,Impact,btc,S2,300.0,Futures
d1_net_pressure_spot_1bps_5s_btc,211.4348,d1_net_pressure_spot_1bps_5s,d1_net_pressure_1bps,Dynamics,btc,S2,5.0,Spot
net_cancel_spot_10bps_15s_btc,209.894,net_cancel_spot_10bps_15s,net_cancel_10bps,Pressure,btc,S4,15.0,Spot
net_cancel_fut_10bps_5s_btc,207.7872,net_cancel_fut_10bps_5s,net_cancel_10bps,Pressure,btc,S4,5.0,Futures
queue_pressure_spot_5bps_60s_btc,207.1445,queue_pressure_spot_5bps_60s,queue_pressure_5bps,Pressure,btc,S1,60.0,Spot
impact_per_liquidity_fut_2bps_300s_btc,205.0483,impact_per_liquidity_fut_2bps_300s,impact_per_liquidity_2bps,Impact,btc,S2,300.0,Futures
z_spread_spot_60s_btc,204.5784,z_spread_spot_60s,z_spread,Normalization,btc,S2,60.0,Spot
volume_fut_60s_btc,203.2728,volume_fut_60s,volume,Activity,btc,S1,60.0,Futures
depth_gradient_ask_fut_struct50_900s_btc,202.2836,depth_gradient_ask_fut_struct50_900s,depth_gradient_ask_struct50,Bookshape,btc,S2,900.0,Futures
d1_queue_pressure_spot_5bps_5s_btc,201.7102,d1_queue_pressure_spot_5bps_5s,d1_queue_pressure_5bps,Dynamics,btc,S2,5.0,Spot
refill_rate_spot_2bps_15s_btc,200.4664,refill_rate_spot_2bps_15s,refill_rate_2bps,Liquidity Events,btc,S2,15.0,Spot
median_impact_per_signed_spot_15s_btc,199.7123,median_impact_per_signed_spot_15s,median_impact_per_signed,Dynamics,btc,S3,,Spot
median_refill_rate_fut_5bps_5s_btc,198.7643,median_refill_rate_fut_5bps_5s,median_refill_rate_5bps,Dynamics,btc,S2,5.0,Futures
median_queue_pressure_fut_10bps_15s_btc,196.6039,median_queue_pressure_fut_10bps_15s,median_queue_pressure_10bps,Dynamics,btc,S2,15.0,Futures
queue_pressure_spot_2bps_15s_btc,195.3541,queue_pressure_spot_2bps_15s,queue_pressure_2bps,Pressure,btc,S1,15.0,Spot
mad_impact_per_signed_spot_60s_btc,192.7826,mad_impact_per_signed_spot_60s,mad_impact_per_signed,Dynamics,btc,S3,,Spot
mad_taker_imbalance_spot_5s_btc,191.4738,mad_taker_imbalance_spot_5s,mad_taker_imbalance,Dynamics,btc,S3,,Spot
queue_pressure_fut_5bps_15s_btc,191.3938,queue_pressure_fut_5bps_15s,queue_pressure_5bps,Pressure,btc,S1,15.0,Futures
depth_gradient_bid_fut_struct50_900s_btc,189.8148,depth_gradient_bid_fut_struct50_900s,depth_gradient_bid_struct50,Bookshape,btc,S2,900.0,Futures
ca_range_pct_spread_fut_900s_btceth,189.3874,ca_range_pct_spread_fut_900s,ca_range_pct_spread,Cross-Asset,btceth,S6,,Cross-Asset
flow_depth_align_fut_struct100_300s_btc,189.2985,flow_depth_align_fut_struct100_300s,flow_depth_align_struct100,Dynamics,btc,S2,300.0,Futures
mad_impact_per_signed_fut_15s_btc,188.7413,mad_impact_per_signed_fut_15s,mad_impact_per_signed,Dynamics,btc,S3,,Futures
aggr_absorp_ratio_bid_fut_2bps_1s_btc,186.8031,aggr_absorp_ratio_bid_fut_2bps_1s,aggr_absorp_ratio_bid_2bps,Absorption,btc,S1,,Futures
trade_size_sf_ratio_300s_btc,185.9542,trade_size_sf_ratio_300s,trade_size_sf_ratio,Cross-Market,btc,S2,,Cross
median_queue_pressure_spot_10bps_60s_btc,185.2497,median_queue_pressure_spot_10bps_60s,median_queue_pressure_10bps,Dynamics,btc,S2,60.0,Spot
mad_impact_per_signed_fut_60s_btc,182.1015,mad_impact_per_signed_fut_60s,mad_impact_per_signed,Dynamics,btc,S3,,Futures
d1_queue_pressure_spot_10bps_5s_btc,181.2161,d1_queue_pressure_spot_10bps_5s,d1_queue_pressure_10bps,Dynamics,btc,S2,5.0,Spot
aggr_absorp_ratio_ask_fut_2bps_1s_btc,180.2062,aggr_absorp_ratio_ask_fut_2bps_1s,aggr_absorp_ratio_ask_2bps,Absorption,btc,S1,,Futures
z_spread_spot_300s_btc,179.9416,z_spread_spot_300s,z_spread,Normalization,btc,S2,300.0,Spot
depth_notional_bid_struct50_fut_300s_btc,177.7842,depth_notional_bid_struct50_fut_300s,depth_notional_bid_struct50,Bookshape,btc,S1,300.0,Futures
mad_net_pressure_spot_1bps_5s_btc,177.1331,mad_net_pressure_spot_1bps_5s,mad_net_pressure_1bps,Dynamics,btc,S2,5.0,Spot
median_impact_per_signed_spot_60s_btc,175.952,median_impact_per_signed_spot_60s,median_impact_per_signed,Dynamics,btc,S3,,Spot
d2_refill_rate_spot_5bps_5s_btc,175.8047,d2_refill_rate_spot_5bps_5s,d2_refill_rate_5bps,Dynamics,btc,S2,5.0,Spot
ca_range_pct_spread_spot_900s_btceth,173.6495,ca_range_pct_spread_spot_900s,ca_range_pct_spread,Cross-Asset,btceth,S6,,Cross-Asset
queue_pressure_fut_10bps_60s_btc,173.1427,queue_pressure_fut_10bps_60s,queue_pressure_10bps,Pressure,btc,S1,60.0,Futures
ca_net_pressure_persist_fut_5bps_spread_300s_btceth,173.0747,ca_net_pressure_persist_fut_5bps_spread_300s,ca_net_pressure_persist_5bps_spread,Cross-Asset,btceth,S6,,Cross-Asset
impact_per_liquidity_fut_5bps_900s_btc,172.7001,impact_per_liquidity_fut_5bps_900s,impact_per_liquidity_5bps,Impact,btc,S2,900.0,Futures
depth_gradient_bid_fut_struct50_60s_btc,168.9451,depth_gradient_bid_fut_struct50_60s,depth_gradient_bid_struct50,Bookshape,btc,S2,60.0,Futures
flow_depth_align_spot_struct100_300s_btc,168.8624,flow_depth_align_spot_struct100_300s,flow_depth_align_struct100,Dynamics,btc,S2,300.0,Spot
depth_gradient_bid_fut_struct50_300s_btc,166.3518,depth_gradient_bid_fut_struct50_300s,depth_gradient_bid_struct50,Bookshape,btc,S2,300.0,Futures
ca_refill_vs_pull_spot_1bps_spread_15s_btceth,165.1589,ca_refill_vs_pull_spot_1bps_spread_15s,ca_refill_vs_pull_1bps_spread,Cross-Asset,btceth,S6,,Cross-Asset
d1_queue_pressure_spot_2bps_5s_btc,163.59,d1_queue_pressure_spot_2bps_5s,d1_queue_pressure_2bps,Dynamics,btc,S2,5.0,Spot
net_cancel_fut_2bps_5s_btc,163.4894,net_cancel_fut_2bps_5s,net_cancel_2bps,Pressure,btc,S4,5.0,Futures
trade_count_fut_share_1s_btc,162.795,trade_count_fut_share_1s,trade_count_share,Cross-Market,btc,S1,,Futures
net_cancel_fut_5bps_5s_btc,161.0812,net_cancel_fut_5bps_5s,net_cancel_5bps,Pressure,btc,S4,5.0,Futures
max_bps_ask_spot_1s_btc,160.6437,max_bps_ask_spot_1s,max_bps_ask,Bookshape,btc,S0,,Spot
refill_rate_spot_1bps_15s_btc,160.3727,refill_rate_spot_1bps_15s,refill_rate_1bps,Liquidity Events,btc,S2,15.0,Spot
depth_gradient_ask_fut_struct50_300s_btc,155.2935,depth_gradient_ask_fut_struct50_300s,depth_gradient_ask_struct50,Bookshape,btc,S2,300.0,Futures
refill_rate_fut_2bps_15s_btc,154.0622,refill_rate_fut_2bps_15s,refill_rate_2bps,Liquidity Events,btc,S2,15.0,Futures
net_pressure_fut_1bps_5s_btc,153.2709,net_pressure_fut_1bps_5s,net_pressure_1bps,Pressure,btc,S1,5.0,Futures
refill_rate_fut_1bps_15s_btc,151.0467,refill_rate_fut_1bps_15s,refill_rate_1bps,Liquidity Events,btc,S2,15.0,Futures
volume_spot_300s_btc,149.1658,volume_spot_300s,volume,Activity,btc,S1,300.0,Spot
mad_net_pressure_fut_1bps_60s_btc,146.0534,mad_net_pressure_fut_1bps_60s,mad_net_pressure_1bps,Dynamics,btc,S2,60.0,Futures
d1_queue_pressure_spot_1bps_5s_btc,145.5137,d1_queue_pressure_spot_1bps_5s,d1_queue_pressure_1bps,Dynamics,btc,S2,5.0,Spot
z_liq_concentration_fut_struct100_1s_btc,144.375,z_liq_concentration_fut_struct100_1s,z_liq_concentration_struct100,Normalization,btc,S3,5.0,Futures
volume_spot_900s_btc,142.6388,volume_spot_900s,volume,Activity,btc,S1,900.0,Spot
z_spread_fut_300s_btc,142.1868,z_spread_fut_300s,z_spread,Normalization,btc,S2,300.0,Futures
d1_refill_rate_fut_5bps_5s_btc,142.125,d1_refill_rate_fut_5bps_5s,d1_refill_rate_5bps,Dynamics,btc,S2,5.0,Futures
liq_imb_persist_sf_struct100_900s_btc,141.8816,liq_imb_persist_sf_struct100_900s,liq_imb_persist_sf_struct100,Cross-Market,btc,S3,,Spot|Futures
queue_pressure_spot_2bps_60s_btc,141.3431,queue_pressure_spot_2bps_60s,queue_pressure_2bps,Pressure,btc,S1,60.0,Spot
depth_notional_ask_struct50_fut_300s_btc,140.7516,depth_notional_ask_struct50_fut_300s,depth_notional_ask_struct50,Bookshape,btc,S1,300.0,Futures
refill_rate_fut_2bps_persist_60s_btc,136.74,refill_rate_fut_2bps_persist_60s,refill_rate_2bps_persist,Dynamics,btc,S3,60.0,Futures
median_queue_pressure_fut_5bps_15s_btc,135.2995,median_queue_pressure_fut_5bps_15s,median_queue_pressure_5bps,Dynamics,btc,S2,15.0,Futures
median_queue_pressure_spot_5bps_60s_btc,135.2547,median_queue_pressure_spot_5bps_60s,median_queue_pressure_5bps,Dynamics,btc,S2,60.0,Spot
z_basis_300s_btc,135.1385,z_basis_300s,z_basis,Normalization,btc,S2,300.0,
d2_refill_rate_spot_10bps_5s_btc,135.0899,d2_refill_rate_spot_10bps_5s,d2_refill_rate_10bps,Dynamics,btc,S2,5.0,Spot
median_queue_pressure_spot_2bps_15s_btc,134.4093,median_queue_pressure_spot_2bps_15s,median_queue_pressure_2bps,Dynamics,btc,S2,15.0,Spot
d1_queue_pressure_spot_10bps_15s_btc,134.0361,d1_queue_pressure_spot_10bps_15s,d1_queue_pressure_10bps,Dynamics,btc,S2,15.0,Spot
d1_net_pressure_spot_5bps_5s_btc,133.9892,d1_net_pressure_spot_5bps_5s,d1_net_pressure_5bps,Dynamics,btc,S4,,Spot
pull_rate_spot_1bps_15s_btc,133.4642,pull_rate_spot_1bps_15s,pull_rate_1bps,Liquidity Events,btc,S2,15.0,Spot
refill_rate_fut_1bps_persist_15s_btc,131.9467,refill_rate_fut_1bps_persist_15s,refill_rate_1bps_persist,Dynamics,btc,S3,15.0,Futures
refill_rate_fut_2bps_persist_15s_btc,131.3379,refill_rate_fut_2bps_persist_15s,refill_rate_2bps_persist,Dynamics,btc,S3,15.0,Futures
median_refill_rate_spot_2bps_5s_btc,129.9763,median_refill_rate_spot_2bps_5s,median_refill_rate_2bps,Dynamics,btc,S2,5.0,Spot
queue_imb_fut_1bps_60s_btc,128.5196,queue_imb_fut_1bps_60s,queue_imb_1bps,Pressure,btc,S2,60.0,Futures
d1_refill_rate_fut_10bps_5s_btc,126.3189,d1_refill_rate_fut_10bps_5s,d1_refill_rate_10bps,Dynamics,btc,S2,5.0,Futures
volume_fut_div_delta_900s_btc,126.0204,volume_fut_div_delta_900s,volume_div_delta,Cross-Market,btc,S2,900.0,Futures
depth_gradient_ask_fut_struct50_60s_btc,125.6013,depth_gradient_ask_fut_struct50_60s,depth_gradient_ask_struct50,Bookshape,btc,S2,60.0,Futures
ca_regime_xor_60s_btceth,125.5702,ca_regime_xor_60s,ca_regime_xor,Cross-Asset,btceth,S6,,Cross-Asset
depth_notional_ask_2bps_spot_1s_btc,125.0791,depth_notional_ask_2bps_spot_1s,depth_notional_ask_2bps,Bookshape,btc,S0,,Spot
z_pull_rate_fut_1bps_60s_btc,124.7157,z_pull_rate_fut_1bps_60s,z_pull_rate_1bps,Normalization,btc,S2,60.0,Futures
max_liq_distance_bid_10bps_spot_1s_btc,123.4993,max_liq_distance_bid_10bps_spot_1s,max_liq_distance_bid_10bps,Bookshape,btc,S0,,Spot
max_liq_distance_ask_10bps_spot_1s_btc,122.1351,max_liq_distance_ask_10bps_spot_1s,max_liq_distance_ask_10bps,Bookshape,btc,S0,,Spot
median_queue_pressure_fut_10bps_60s_btc,121.703,median_queue_pressure_fut_10bps_60s,median_queue_pressure_10bps,Dynamics,btc,S2,60.0,Futures
z_depth_gradient_fut_struct100_1s_btc,120.8066,z_depth_gradient_fut_struct100_1s,z_depth_gradient_struct100,Normalization,btc,S3,5.0,Futures
queue_imb_spot_1bps_60s_btc,120.3411,queue_imb_spot_1bps_60s,queue_imb_1bps,Pressure,btc,S2,60.0,Spot
queue_imb_fut_1bps_15s_btc,120.185,queue_imb_fut_1bps_15s,queue_imb_1bps,Pressure,btc,S2,15.0,Futures
z_depth_gradient_spot_struct50_1s_btc,120.1104,z_depth_gradient_spot_struct50_1s,z_depth_gradient_struct50,Normalization,btc,S3,5.0,Spot
flow_depth_align_fut_struct100_60s_btc,119.7809,flow_depth_align_fut_struct100_60s,flow_depth_align_struct100,Dynamics,btc,S2,60.0,Futures
median_net_pressure_fut_1bps_5s_btc,119.2902,median_net_pressure_fut_1bps_5s,median_net_pressure_1bps,Dynamics,btc,S2,5.0,Futures
queue_pressure_fut_5bps_60s_btc,119.0124,queue_pressure_fut_5bps_60s,queue_pressure_5bps,Pressure,btc,S1,60.0,Futures
net_pressure_spot_1bps_5s_btc,118.8079,net_pressure_spot_1bps_5s,net_pressure_1bps,Pressure,btc,S1,5.0,Spot
volume_spot_60s_btc,118.4526,volume_spot_60s,volume,Activity,btc,S1,60.0,Spot
refill_rate_spot_2bps_persist_60s_btc,118.2742,refill_rate_spot_2bps_persist_60s,refill_rate_2bps_persist,Dynamics,btc,S3,60.0,Spot
refill_rate_spot_2bps_persist_15s_btc,118.1578,refill_rate_spot_2bps_persist_15s,refill_rate_2bps_persist,Dynamics,btc,S3,15.0,Spot
d1_queue_pressure_spot_5bps_15s_btc,117.0908,d1_queue_pressure_spot_5bps_15s,d1_queue_pressure_5bps,Dynamics,btc,S2,15.0,Spot
impact_per_liquidity_spot_2bps_60s_btc,115.7377,impact_per_liquidity_spot_2bps_60s,impact_per_liquidity_2bps,Impact,btc,S2,60.0,Spot
refill_rate_spot_1bps_persist_15s_btc,115.7026,refill_rate_spot_1bps_persist_15s,refill_rate_1bps_persist,Dynamics,btc,S3,15.0,Spot
d1_queue_pressure_fut_1bps_5s_btc,114.8857,d1_queue_pressure_fut_1bps_5s,d1_queue_pressure_1bps,Dynamics,btc,S2,5.0,Futures
d1_refill_rate_spot_10bps_15s_btc,114.3539,d1_refill_rate_spot_10bps_15s,d1_refill_rate_10bps,Dynamics,btc,S2,15.0,Spot
trade_count_fut_1s_btc,114.0728,trade_count_fut_1s,trade_count,Activity,btc,S0,,Futures
refill_rate_fut_2bps_5s_btc,113.7019,refill_rate_fut_2bps_5s,refill_rate_2bps,Liquidity Events,btc,S1,5.0,Futures
d2_queue_pressure_fut_1bps_15s_btc,113.6984,d2_queue_pressure_fut_1bps_15s,d2_queue_pressure_1bps,Dynamics,btc,S3,,Futures
d1_queue_pressure_fut_2bps_5s_btc,112.5252,d1_queue_pressure_fut_2bps_5s,d1_queue_pressure_2bps,Dynamics,btc,S2,5.0,Futures
median_refill_rate_fut_2bps_5s_btc,112.2011,median_refill_rate_fut_2bps_5s,median_refill_rate_2bps,Dynamics,btc,S2,5.0,Futures
z_absorb_refill_ask_spot_5bps_1s_btc,111.7942,z_absorb_refill_ask_spot_5bps_1s,z_absorb_refill_ask_5bps,Normalization,btc,S3,5.0,Spot
d1_net_pressure_spot_10bps_5s_btc,111.6188,d1_net_pressure_spot_10bps_5s,d1_net_pressure_10bps,Dynamics,btc,S4,,Spot
taker_imbalance_spot_300s_btc,110.9129,taker_imbalance_spot_300s,taker_imbalance,Aggression,btc,S2,300.0,Spot
median_queue_pressure_spot_2bps_60s_btc,108.3882,median_queue_pressure_spot_2bps_60s,median_queue_pressure_2bps,Dynamics,btc,S2,60.0,Spot
queue_pressure_fut_2bps_15s_btc,107.6108,queue_pressure_fut_2bps_15s,queue_pressure_2bps,Pressure,btc,S1,15.0,Futures
refill_rate_spot_2bps_5s_btc,107.4802,refill_rate_spot_2bps_5s,refill_rate_2bps,Liquidity Events,btc,S1,5.0,Spot
z_absorb_refill_bid_fut_2bps_1s_btc,107.2365,z_absorb_refill_bid_fut_2bps_1s,z_absorb_refill_bid_2bps,Normalization,btc,S3,5.0,Futures
d1_queue_pressure_fut_5bps_5s_btc,106.6208,d1_queue_pressure_fut_5bps_5s,d1_queue_pressure_5bps,Dynamics,btc,S2,5.0,Futures
z_pull_rate_spot_1bps_60s_btc,106.1906,z_pull_rate_spot_1bps_60s,z_pull_rate_1bps,Normalization,btc,S2,60.0,Spot
depth_notional_ask_struct50_fut_60s_btc,105.6992,depth_notional_ask_struct50_fut_60s,depth_notional_ask_struct50,Bookshape,btc,S1,60.0,Futures
d1_refill_rate_spot_5bps_15s_btc,105.6215,d1_refill_rate_spot_5bps_15s,d1_refill_rate_5bps,Dynamics,btc,S2,15.0,Spot
avg_trade_size_spot_60s_btc,105.5654,avg_trade_size_spot_60s,avg_trade_size,Activity,btc,S2,60.0,Spot
z_volume_asym_fut_minus_spot_300s_btc,105.4621,z_volume_asym_fut_minus_spot_300s,z_volume_asym_minus,Cross-Market,btc,S2,300.0,Futures
queue_imb_spot_1bps_15s_btc,104.3212,queue_imb_spot_1bps_15s,queue_imb_1bps,Pressure,btc,S2,15.0,Spot
ca_z_depth_curvature_fut_15s_btc,104.2371,ca_z_depth_curvature_fut_15s,ca_z_depth_curvature,Cross-Asset-Intermediary,btc,S6,300.0,Cross-Asset
z_participation_rate_900s_btc,104.0184,z_participation_rate_900s,z_participation_rate,Normalization,btc,S2,900.0,Cross
z_pull_rate_fut_5bps_60s_btc,103.4236,z_pull_rate_fut_5bps_60s,z_pull_rate_5bps,Normalization,btc,S2,60.0,Futures
d2_queue_pressure_fut_1bps_5s_btc,102.7984,d2_queue_pressure_fut_1bps_5s,d2_queue_pressure_1bps,Dynamics,btc,S2,5.0,Futures
net_add_robust_z_spot_2bps_60s_btc,102.5484,net_add_robust_z_spot_2bps_60s,net_add_robust_z_2bps,Pressure,btc,S5,60.0,Spot
taker_imbalance_fut_300s_btc,102.1516,taker_imbalance_fut_300s,taker_imbalance,Aggression,btc,S2,300.0,Futures
pull_rate_shock_fut_5bps_5s_btc,102.0736,pull_rate_shock_fut_5bps_5s,pull_rate_shock_5bps,Dynamics,btc,S2,5.0,Futures
max_liq_distance_bid_struct50_fut_1s_btc,102.0439,max_liq_distance_bid_struct50_fut_1s,max_liq_distance_bid_struct50,Bookshape,btc,S0,,Futures
add_rate_bid_spot_1bps_1s_btc,102.04,add_rate_bid_spot_1bps_1s,add_rate_bid_1bps,Liquidity Events,btc,S1,,Spot
d1_queue_pressure_fut_10bps_5s_btc,100.9893,d1_queue_pressure_fut_10bps_5s,d1_queue_pressure_10bps,Dynamics,btc,S2,5.0,Futures
impact_per_liquidity_spot_5bps_900s_btc,100.7521,impact_per_liquidity_spot_5bps_900s,impact_per_liquidity_5bps,Impact,btc,S2,900.0,Spot
ca_net_pressure_persist_spot_5bps_spread_300s_btceth,99.2563,ca_net_pressure_persist_spot_5bps_spread_300s,ca_net_pressure_persist_5bps_spread,Cross-Asset,btceth,S6,,Cross-Asset
trade_absorption_ratio_fut_persist_900s_btc,97.4274,trade_absorption_ratio_fut_persist_900s,trade_absorption_ratio_persist,Dynamics,btc,S4,900.0,Futures
mad_refill_rate_spot_10bps_5s_btc,96.41,mad_refill_rate_spot_10bps_5s,mad_refill_rate_10bps,Dynamics,btc,S2,5.0,Spot
cancel_rate_ask_fut_1bps_1s_btc,96.2528,cancel_rate_ask_fut_1bps_1s,cancel_rate_ask_1bps,Liquidity Events,btc,S1,,Futures
mad_net_pressure_fut_1bps_15s_btc,95.5702,mad_net_pressure_fut_1bps_15s,mad_net_pressure_1bps,Dynamics,btc,S2,15.0,Futures
volume_spot_div_delta_900s_btc,94.3827,volume_spot_div_delta_900s,volume_div_delta,Cross-Market,btc,S2,900.0,Spot
d2_refill_rate_spot_5bps_15s_btc,94.3423,d2_refill_rate_spot_5bps_15s,d2_refill_rate_5bps,Dynamics,btc,S2,15.0,Spot
net_pressure_shock_spot_2bps_15s_btc,94.0802,net_pressure_shock_spot_2bps_15s,net_pressure_shock_2bps,Dynamics,btc,S4,,Spot
d2_net_pressure_fut_1bps_5s_btc,93.5034,d2_net_pressure_fut_1bps_5s,d2_net_pressure_1bps,Dynamics,btc,S2,5.0,Futures
mad_refill_rate_spot_5bps_15s_btc,92.9982,mad_refill_rate_spot_5bps_15s,mad_refill_rate_5bps,Dynamics,btc,S2,15.0,Spot
trade_count_spot_share_1s_btc,91.5177,trade_count_spot_share_1s,trade_count_share,Cross-Market,btc,S1,,Spot
cancel_rate_ahead_fut_1bps_15s_btc,90.8141,cancel_rate_ahead_fut_1bps_15s,cancel_rate_ahead_1bps,Liquidity Events,btc,S2,15.0,Futures
trade_absorption_ratio_spot_900s_btc,90.0891,trade_absorption_ratio_spot_900s,trade_absorption_ratio,Absorption,btc,S3,900.0,Spot
net_cancel_spot_10bps_5s_btc,90.001,net_cancel_spot_10bps_5s,net_cancel_10bps,Pressure,btc,S4,5.0,Spot
max_liq_distance_bid_5bps_spot_1s_btc,89.6432,max_liq_distance_bid_5bps_spot_1s,max_liq_distance_bid_5bps,Bookshape,btc,S0,,Spot
d1_net_pressure_spot_2bps_5s_btc,88.8268,d1_net_pressure_spot_2bps_5s,d1_net_pressure_2bps,Dynamics,btc,S4,,Spot
median_impact_per_signed_fut_60s_btc,88.8198,median_impact_per_signed_fut_60s,median_impact_per_signed,Dynamics,btc,S3,,Futures
pull_rate_shock_spot_10bps_15s_btc,88.6594,pull_rate_shock_spot_10bps_15s,pull_rate_shock_10bps,Dynamics,btc,S2,15.0,Spot
z_pull_rate_fut_10bps_60s_btc,88.6542,z_pull_rate_fut_10bps_60s,z_pull_rate_10bps,Normalization,btc,S2,60.0,Futures
z_absorb_refill_bid_spot_2bps_1s_btc,88.5335,z_absorb_refill_bid_spot_2bps_1s,z_absorb_refill_bid_2bps,Normalization,btc,S3,5.0,Spot
liq_sum_fut_300s_btc,88.5139,liq_sum_fut_300s,liq_sum,Bookshape,btc,S2,300.0,Futures
ca_z_avg_trade_size_spot_900s_btc,88.476,ca_z_avg_trade_size_spot_900s,ca_z_avg_trade_size,Cross-Asset-Intermediary,btc,S6,900.0,Cross-Asset
pull_rate_shock_spot_5bps_15s_btc,88.3258,pull_rate_shock_spot_5bps_15s,pull_rate_shock_5bps,Dynamics,btc,S2,15.0,Spot
impact_per_liquidity_spot_2bps_300s_btc,86.8432,impact_per_liquidity_spot_2bps_300s,impact_per_liquidity_2bps,Impact,btc,S2,300.0,Spot
median_net_pressure_spot_1bps_5s_btc,86.4942,median_net_pressure_spot_1bps_5s,median_net_pressure_1bps,Dynamics,btc,S2,5.0,Spot
median_taker_imbalance_fut_5s_btc,86.2691,median_taker_imbalance_fut_5s,median_taker_imbalance,Dynamics,btc,S3,,Futures
d2_queue_pressure_spot_5bps_5s_btc,85.9828,d2_queue_pressure_spot_5bps_5s,d2_queue_pressure_5bps,Dynamics,btc,S2,5.0,Spot
pull_rate_shock_fut_10bps_5s_btc,85.9746,pull_rate_shock_fut_10bps_5s,pull_rate_shock_10bps,Dynamics,btc,S2,5.0,Futures
net_pressure_shock_spot_2bps_60s_btc,85.7691,net_pressure_shock_spot_2bps_60s,net_pressure_shock_2bps,Dynamics,btc,S4,,Spot
taker_imbalance_spot_1s_btc,85.4718,taker_imbalance_spot_1s,taker_imbalance,Aggression,btc,S1,,Spot
d1_net_pressure_spot_5bps_15s_btc,84.7313,d1_net_pressure_spot_5bps_15s,d1_net_pressure_5bps,Dynamics,btc,S4,,Spot
pull_rate_shock_fut_2bps_5s_btc,84.6505,pull_rate_shock_fut_2bps_5s,pull_rate_shock_2bps,Dynamics,btc,S2,5.0,Futures
max_liq_distance_ask_5bps_spot_1s_btc,84.5951,max_liq_distance_ask_5bps_spot_1s,max_liq_distance_ask_5bps,Bookshape,btc,S0,,Spot
z_liq_concentration_spot_struct50_1s_btc,84.5356,z_liq_concentration_spot_struct50_1s,z_liq_concentration_struct50,Normalization,btc,S3,5.0,Spot
z_pull_rate_spot_2bps_60s_btc,84.0052,z_pull_rate_spot_2bps_60s,z_pull_rate_2bps,Normalization,btc,S3,60.0,Spot
z_refill_rate_spot_10bps_60s_btc,83.4313,z_refill_rate_spot_10bps_60s,z_refill_rate_10bps,Normalization,btc,S2,60.0,Spot
trade_absorption_ratio_spot_persist_900s_btc,83.2053,trade_absorption_ratio_spot_persist_900s,trade_absorption_ratio_persist,Dynamics,btc,S4,900.0,Spot
pull_rate_shock_fut_1bps_5s_btc,82.9193,pull_rate_shock_fut_1bps_5s,pull_rate_shock_1bps,Dynamics,btc,S2,5.0,Futures
d2_refill_rate_fut_5bps_5s_btc,82.4846,d2_refill_rate_fut_5bps_5s,d2_refill_rate_5bps,Dynamics,btc,S2,5.0,Futures
depth_notional_bid_2bps_spot_1s_btc,82.4787,depth_notional_bid_2bps_spot_1s,depth_notional_bid_2bps,Bookshape,btc,S0,,Spot
net_add_spot_5bps_900s_btc,81.7016,net_add_spot_5bps_900s,net_add_5bps,Pressure,btc,S3,900.0,Spot
d1_net_pressure_spot_10bps_15s_btc,81.2501,d1_net_pressure_spot_10bps_15s,d1_net_pressure_10bps,Dynamics,btc,S4,,Spot
net_add_persist_sf_5bps_900s_btc,81.213,net_add_persist_sf_5bps_900s,net_add_persist_sf_5bps,Cross-Market,btc,S5,900.0,Spot|Futures
median_net_pressure_spot_1bps_60s_btc,81.2067,median_net_pressure_spot_1bps_60s,median_net_pressure_1bps,Dynamics,btc,S2,60.0,Spot
mad_vacuum_score_fut_10bps_5s_btc,81.0424,mad_vacuum_score_fut_10bps_5s,mad_vacuum_score_10bps,Dynamics,btc,S4,5.0,Futures
taker_imbalance_fut_60s_btc,80.8966,taker_imbalance_fut_60s,taker_imbalance,Aggression,btc,S2,60.0,Futures
impact_per_liquidity_spot_5bps_300s_btc,80.8946,impact_per_liquidity_spot_5bps_300s,impact_per_liquidity_5bps,Impact,btc,S2,300.0,Spot
mad_vacuum_score_fut_5bps_5s_btc,80.7168,mad_vacuum_score_fut_5bps_5s,mad_vacuum_score_5bps,Dynamics,btc,S4,5.0,Futures
ca_spread_bps_spot_spread_1s_btceth,80.3766,ca_spread_bps_spot_spread_1s,ca_spread_bps_spread,Cross-Asset,btceth,S6,,Cross-Asset
ca_activity_trade_count_spot_300s_spread_btceth,80.1688,ca_activity_trade_count_spot_300s_spread,ca_activity_trade_count_spread,Cross-Asset,btceth,S6,,Cross-Asset
ca_lag_corr_eth_taker_lead_btc_ret_1s,80.0377,ca_lag_corr_eth_taker_lead_btc_ret_1s,ca_lag_corr_eth_taker_lead_btc_ret,Cross-Asset,btceth,S6,60.0,Cross-Asset
d2_queue_pressure_spot_1bps_15s_btc,79.9493,d2_queue_pressure_spot_1bps_15s,d2_queue_pressure_1bps,Dynamics,btc,S3,,Spot
z_participation_rate_60s_btc,79.5104,z_participation_rate_60s,z_participation_rate,Normalization,btc,S2,60.0,Cross
d2_queue_pressure_spot_10bps_5s_btc,79.4192,d2_queue_pressure_spot_10bps_5s,d2_queue_pressure_10bps,Dynamics,btc,S2,5.0,Spot
flow_depth_align_spot_struct100_60s_btc,79.3962,flow_depth_align_spot_struct100_60s,flow_depth_align_struct100,Dynamics,btc,S2,60.0,Spot
z_refill_rate_spot_5bps_60s_btc,79.2694,z_refill_rate_spot_5bps_60s,z_refill_rate_5bps,Normalization,btc,S2,60.0,Spot
d2_refill_rate_fut_10bps_5s_btc,79.2531,d2_refill_rate_fut_10bps_5s,d2_refill_rate_10bps,Dynamics,btc,S2,5.0,Futures
median_queue_pressure_fut_5bps_60s_btc,78.8934,median_queue_pressure_fut_5bps_60s,median_queue_pressure_5bps,Dynamics,btc,S2,60.0,Futures
ca_spread_bps_fut_spread_1s_btceth,78.2921,ca_spread_bps_fut_spread_1s,ca_spread_bps_spread,Cross-Asset,btceth,S6,,Cross-Asset
d1_refill_rate_fut_1bps_5s_btc,78.2061,d1_refill_rate_fut_1bps_5s,d1_refill_rate_1bps,Dynamics,btc,S3,,Futures
refill_rate_fut_1bps_5s_btc,77.9325,refill_rate_fut_1bps_5s,refill_rate_1bps,Liquidity Events,btc,S2,5.0,Futures
liq_sum_fut_60s_btc,77.8243,liq_sum_fut_60s,liq_sum,Bookshape,btc,S2,60.0,Futures
d2_refill_rate_spot_10bps_15s_btc,77.7745,d2_refill_rate_spot_10bps_15s,d2_refill_rate_10bps,Dynamics,btc,S2,15.0,Spot
max_liq_distance_ask_10bps_fut_1s_btc,77.4224,max_liq_distance_ask_10bps_fut_1s,max_liq_distance_ask_10bps,Bookshape,btc,S0,,Futures
d2_net_pressure_spot_1bps_5s_btc,77.0374,d2_net_pressure_spot_1bps_5s,d2_net_pressure_1bps,Dynamics,btc,S2,5.0,Spot
ask_churn_fut_5bps_1s_btc,76.9525,ask_churn_fut_5bps_1s,ask_churn_5bps,Liquidity Events,btc,S2,1.0,Futures
mad_vacuum_score_spot_10bps_5s_btc,76.1831,mad_vacuum_score_spot_10bps_5s,mad_vacuum_score_10bps,Dynamics,btc,S4,5.0,Spot
d1_queue_pressure_fut_10bps_15s_btc,76.1786,d1_queue_pressure_fut_10bps_15s,d1_queue_pressure_10bps,Dynamics,btc,S2,15.0,Futures
z_participation_rate_300s_btc,75.3679,z_participation_rate_300s,z_participation_rate,Normalization,btc,S2,300.0,Cross
max_liq_distance_bid_10bps_fut_1s_btc,74.8311,max_liq_distance_bid_10bps_fut_1s,max_liq_distance_bid_10bps,Bookshape,btc,S0,,Futures
mad_vacuum_score_spot_5bps_5s_btc,74.7402,mad_vacuum_score_spot_5bps_5s,mad_vacuum_score_5bps,Dynamics,btc,S4,5.0,Spot
d1_pull_rate_spot_1bps_15s_btc,74.6481,d1_pull_rate_spot_1bps_15s,d1_pull_rate_1bps,Dynamics,btc,S3,,Spot
taker_imbalance_spot_900s_btc,73.9901,taker_imbalance_spot_900s,taker_imbalance,Aggression,btc,S2,900.0,Spot
mad_refill_rate_fut_10bps_15s_btc,73.7712,mad_refill_rate_fut_10bps_15s,mad_refill_rate_10bps,Dynamics,btc,S2,15.0,Futures
max_liq_distance_ask_struct50_fut_1s_btc,73.5968,max_liq_distance_ask_struct50_fut_1s,max_liq_distance_ask_struct50,Bookshape,btc,S0,,Futures
trade_absorption_ratio_fut_900s_btc,72.754,trade_absorption_ratio_fut_900s,trade_absorption_ratio,Absorption,btc,S3,900.0,Futures
pull_rate_fut_1bps_15s_btc,71.6744,pull_rate_fut_1bps_15s,pull_rate_1bps,Liquidity Events,btc,S2,15.0,Futures
queue_pressure_fut_2bps_60s_btc,70.7543,queue_pressure_fut_2bps_60s,queue_pressure_2bps,Pressure,btc,S1,60.0,Futures
d1_refill_rate_spot_2bps_5s_btc,69.9734,d1_refill_rate_spot_2bps_5s,d1_refill_rate_2bps,Dynamics,btc,S2,5.0,Spot
d1_net_pressure_fut_5bps_5s_btc,69.9172,d1_net_pressure_fut_5bps_5s,d1_net_pressure_5bps,Dynamics,btc,S4,,Futures
median_taker_imbalance_spot_15s_btc,69.855,median_taker_imbalance_spot_15s,median_taker_imbalance,Dynamics,btc,S3,,Spot
refill_rate_shock_spot_10bps_60s_btc,69.8002,refill_rate_shock_spot_10bps_60s,refill_rate_shock_10bps,Dynamics,btc,S2,60.0,Spot
z_absorb_refill_bid_spot_5bps_1s_btc,69.4552,z_absorb_refill_bid_spot_5bps_1s,z_absorb_refill_bid_5bps,Normalization,btc,S3,5.0,Spot
median_taker_imbalance_spot_5s_btc,69.3373,median_taker_imbalance_spot_5s,median_taker_imbalance,Dynamics,btc,S3,,Spot
d1_refill_rate_fut_2bps_5s_btc,69.0716,d1_refill_rate_fut_2bps_5s,d1_refill_rate_2bps,Dynamics,btc,S2,5.0,Futures
median_queue_pressure_fut_2bps_60s_btc,68.9073,median_queue_pressure_fut_2bps_60s,median_queue_pressure_2bps,Dynamics,btc,S2,60.0,Futures
median_taker_imbalance_fut_15s_btc,68.3624,median_taker_imbalance_fut_15s,median_taker_imbalance,Dynamics,btc,S3,,Futures
taker_imbalance_fut_900s_btc,67.9316,taker_imbalance_fut_900s,taker_imbalance,Aggression,btc,S2,900.0,Futures
d1_pull_rate_spot_2bps_15s_btc,67.2506,d1_pull_rate_spot_2bps_15s,d1_pull_rate_2bps,Dynamics,btc,S3,,Spot
d1_net_pressure_fut_10bps_5s_btc,65.4114,d1_net_pressure_fut_10bps_5s,d1_net_pressure_10bps,Dynamics,btc,S4,,Futures
d2_queue_pressure_spot_1bps_5s_btc,65.1357,d2_queue_pressure_spot_1bps_5s,d2_queue_pressure_1bps,Dynamics,btc,S2,5.0,Spot
z_refill_rate_spot_1bps_60s_btc,64.6728,z_refill_rate_spot_1bps_60s,z_refill_rate_1bps,Normalization,btc,S2,60.0,Spot
z_absorb_refill_ask_spot_10bps_1s_btc,64.6166,z_absorb_refill_ask_spot_10bps_1s,z_absorb_refill_ask_10bps,Normalization,btc,S3,5.0,Spot
d1_refill_rate_fut_1bps_15s_btc,63.9531,d1_refill_rate_fut_1bps_15s,d1_refill_rate_1bps,Dynamics,btc,S3,,Futures
mad_net_pressure_fut_1bps_5s_btc,63.8089,mad_net_pressure_fut_1bps_5s,mad_net_pressure_1bps,Dynamics,btc,S2,5.0,Futures
z_refill_rate_fut_1bps_60s_btc,63.3922,z_refill_rate_fut_1bps_60s,z_refill_rate_1bps,Normalization,btc,S2,60.0,Futures
pull_rate_shock_fut_10bps_15s_btc,63.1397,pull_rate_shock_fut_10bps_15s,pull_rate_shock_10bps,Dynamics,btc,S2,15.0,Futures
d2_net_pressure_spot_5bps_5s_btc,62.913,d2_net_pressure_spot_5bps_5s,d2_net_pressure_5bps,Dynamics,btc,S4,,Spot
pull_rate_shock_fut_5bps_15s_btc,62.6777,pull_rate_shock_fut_5bps_15s,pull_rate_shock_5bps,Dynamics,btc,S2,15.0,Futures
net_pressure_shock_spot_10bps_60s_btc,62.0675,net_pressure_shock_spot_10bps_60s,net_pressure_shock_10bps,Dynamics,btc,S4,,Spot
mad_refill_rate_spot_1bps_60s_btc,61.7464,mad_refill_rate_spot_1bps_60s,mad_refill_rate_1bps,Dynamics,btc,S2,60.0,Spot
median_queue_pressure_fut_2bps_15s_btc,61.3349,median_queue_pressure_fut_2bps_15s,median_queue_pressure_2bps,Dynamics,btc,S2,15.0,Futures
net_pressure_robust_z_spot_5bps_300s_btc,61.1814,net_pressure_robust_z_spot_5bps_300s,net_pressure_robust_z_5bps,Pressure,btc,S4,300.0,Spot
net_pressure_shock_fut_2bps_15s_btc,60.6561,net_pressure_shock_fut_2bps_15s,net_pressure_shock_2bps,Dynamics,btc,S4,,Futures
z_refill_rate_fut_5bps_60s_btc,60.5188,z_refill_rate_fut_5bps_60s,z_refill_rate_5bps,Normalization,btc,S2,60.0,Futures
taker_imbalance_spot_60s_btc,60.1741,taker_imbalance_spot_60s,taker_imbalance,Aggression,btc,S2,60.0,Spot
z_trade_absorption_ratio_fut_1s_btc,59.9399,z_trade_absorption_ratio_fut_1s,z_trade_absorption_ratio,Normalization,btc,S3,5.0,Futures
d2_queue_pressure_spot_5bps_15s_btc,59.575,d2_queue_pressure_spot_5bps_15s,d2_queue_pressure_5bps,Dynamics,btc,S2,15.0,Spot
impact_per_liquidity_spot_2bps_900s_btc,59.1684,impact_per_liquidity_spot_2bps_900s,impact_per_liquidity_2bps,Impact,btc,S2,900.0,Spot
refill_rate_shock_spot_1bps_60s_btc,59.1437,refill_rate_shock_spot_1bps_60s,refill_rate_shock_1bps,Dynamics,btc,S2,60.0,Spot
z_liq_concentration_fut_struct50_900s_btc,58.6884,z_liq_concentration_fut_struct50_900s,z_liq_concentration_struct50,Normalization,btc,S4,900.0,Futures
d2_queue_pressure_spot_10bps_15s_btc,58.5446,d2_queue_pressure_spot_10bps_15s,d2_queue_pressure_10bps,Dynamics,btc,S2,15.0,Spot
taker_imbalance_fut_5s_btc,58.4554,taker_imbalance_fut_5s,taker_imbalance,Aggression,btc,S2,5.0,Futures
refill_vs_pull_spot_2bps_persist_60s_btc,58.2693,refill_vs_pull_spot_2bps_persist_60s,refill_vs_pull_2bps_persist,Dynamics,btc,S3,60.0,Spot
z_taker_imbalance_fut_900s_btc,57.6571,z_taker_imbalance_fut_900s,z_taker_imbalance,Normalization,btc,S3,900.0,Futures
pull_rate_fut_2bps_15s_btc,57.4675,pull_rate_fut_2bps_15s,pull_rate_2bps,Liquidity Events,btc,S2,15.0,Futures
mad_taker_imbalance_spot_15s_btc,57.0282,mad_taker_imbalance_spot_15s,mad_taker_imbalance,Dynamics,btc,S3,,Spot
refill_rate_spot_1bps_5s_btc,56.2504,refill_rate_spot_1bps_5s,refill_rate_1bps,Liquidity Events,btc,S2,5.0,Spot
ca_lag_corr_btc_taker_lead_eth_ret_1s,55.596,ca_lag_corr_btc_taker_lead_eth_ret_1s,ca_lag_corr_btc_taker_lead_eth_ret,Cross-Asset,btceth,S6,60.0,Cross-Asset
median_taker_imbalance_spot_60s_btc,55.5829,median_taker_imbalance_spot_60s,median_taker_imbalance,Dynamics,btc,S3,,Spot
d1_net_pressure_fut_2bps_5s_btc,55.3474,d1_net_pressure_fut_2bps_5s,d1_net_pressure_2bps,Dynamics,btc,S4,,Futures
refill_rate_shock_fut_1bps_60s_btc,55.0086,refill_rate_shock_fut_1bps_60s,refill_rate_shock_1bps,Dynamics,btc,S2,60.0,Futures
ca_z_depth_slope_spot_60s_btc,54.7225,ca_z_depth_slope_spot_60s,ca_z_depth_slope,Cross-Asset-Intermediary,btc,S6,300.0,Cross-Asset
ca_lag_corr_btc_taker_lead_eth_ret_3s,54.687,ca_lag_corr_btc_taker_lead_eth_ret_3s,ca_lag_corr_btc_taker_lead_eth_ret,Cross-Asset,btceth,S6,60.0,Cross-Asset
add_rate_ask_fut_1bps_1s_btc,54.4912,add_rate_ask_fut_1bps_1s,add_rate_ask_1bps,Liquidity Events,btc,S1,,Futures
d1_queue_pressure_fut_5bps_15s_btc,54.4372,d1_queue_pressure_fut_5bps_15s,d1_queue_pressure_5bps,Dynamics,btc,S2,15.0,Futures
net_pressure_shock_fut_2bps_60s_btc,54.1084,net_pressure_shock_fut_2bps_60s,net_pressure_shock_2bps,Dynamics,btc,S4,,Futures
refill_rate_shock_spot_5bps_60s_btc,54.1017,refill_rate_shock_spot_5bps_60s,refill_rate_shock_5bps,Dynamics,btc,S2,60.0,Spot
net_add_pressure_spot_5bps_300s_btc,53.992,net_add_pressure_spot_5bps_300s,net_add_pressure_5bps,Pressure,btc,S3,300.0,Spot
taker_imbalance_shock_fut_15s_btc,53.962,taker_imbalance_shock_fut_15s,taker_imbalance_shock,Dynamics,btc,S3,,Futures
d1_refill_rate_fut_10bps_15s_btc,53.836,d1_refill_rate_fut_10bps_15s,d1_refill_rate_10bps,Dynamics,btc,S2,15.0,Futures
ca_lag_corr_eth_taker_lead_btc_ret_3s,53.5052,ca_lag_corr_eth_taker_lead_btc_ret_3s,ca_lag_corr_eth_taker_lead_btc_ret,Cross-Asset,btceth,S6,60.0,Cross-Asset
z_absorb_refill_bid_spot_10bps_1s_btc,53.4852,z_absorb_refill_bid_spot_10bps_1s,z_absorb_refill_bid_10bps,Normalization,btc,S3,5.0,Spot
d1_queue_pressure_spot_2bps_15s_btc,53.4163,d1_queue_pressure_spot_2bps_15s,d1_queue_pressure_2bps,Dynamics,btc,S2,15.0,Spot
d2_queue_pressure_spot_2bps_5s_btc,52.8789,d2_queue_pressure_spot_2bps_5s,d2_queue_pressure_2bps,Dynamics,btc,S2,5.0,Spot
cancel_rate_behind_spot_1bps_15s_btc,52.3804,cancel_rate_behind_spot_1bps_15s,cancel_rate_behind_1bps,Liquidity Events,btc,S2,15.0,Spot
z_refill_rate_fut_10bps_60s_btc,52.3345,z_refill_rate_fut_10bps_60s,z_refill_rate_10bps,Normalization,btc,S2,60.0,Futures
z_absorb_refill_mid_fut_5bps_60s_btc,52.0434,z_absorb_refill_mid_fut_5bps_60s,z_absorb_refill_mid_5bps,Normalization,btc,S4,60.0,Futures
net_pressure_robust_z_spot_10bps_300s_btc,52.038,net_pressure_robust_z_spot_10bps_300s,net_pressure_robust_z_10bps,Pressure,btc,S4,300.0,Spot
ca_microprice_dev_spot_5bps_spread_1s_btceth,51.8257,ca_microprice_dev_spot_5bps_spread_1s,ca_microprice_dev_5bps_spread,Cross-Asset,btceth,S6,,Cross-Asset
queue_pressure_shock_spot_10bps_60s_btc,51.7525,queue_pressure_shock_spot_10bps_60s,queue_pressure_shock_10bps,Dynamics,btc,S2,60.0,Spot
cancel_rate_behind_fut_1bps_15s_btc,51.4604,cancel_rate_behind_fut_1bps_15s,cancel_rate_behind_1bps,Liquidity Events,btc,S2,15.0,Futures
trade_count_spot_1s_btc,51.3818,trade_count_spot_1s,trade_count,Activity,btc,S0,,Spot
trade_size_sf_ratio_60s_btc,51.372,trade_size_sf_ratio_60s,trade_size_sf_ratio,Cross-Market,btc,S2,,Cross
z_absorb_refill_mid_fut_2bps_60s_btc,50.7243,z_absorb_refill_mid_fut_2bps_60s,z_absorb_refill_mid_2bps,Normalization,btc,S4,60.0,Futures
refill_rate_shock_fut_5bps_60s_btc,50.3548,refill_rate_shock_fut_5bps_60s,refill_rate_shock_5bps,Dynamics,btc,S2,60.0,Futures
median_taker_imbalance_fut_60s_btc,50.2902,median_taker_imbalance_fut_60s,median_taker_imbalance,Dynamics,btc,S3,,Futures
net_pressure_shock_spot_5bps_60s_btc,50.2342,net_pressure_shock_spot_5bps_60s,net_pressure_shock_5bps,Dynamics,btc,S4,,Spot
d2_net_pressure_spot_2bps_5s_btc,48.9522,d2_net_pressure_spot_2bps_5s,d2_net_pressure_2bps,Dynamics,btc,S4,,Spot
d1_queue_pressure_fut_2bps_15s_btc,48.8709,d1_queue_pressure_fut_2bps_15s,d1_queue_pressure_2bps,Dynamics,btc,S2,15.0,Futures
taker_imbalance_shock_spot_5s_btc,48.4108,taker_imbalance_shock_spot_5s,taker_imbalance_shock,Dynamics,btc,S3,,Spot
ask_churn_fut_5bps_15s_btc,47.8572,ask_churn_fut_5bps_15s,ask_churn_5bps,Liquidity Events,btc,S3,15.0,Futures
net_add_robust_z_fut_2bps_60s_btc,47.8439,net_add_robust_z_fut_2bps_60s,net_add_robust_z_2bps,Pressure,btc,S5,60.0,Futures
mad_refill_rate_fut_1bps_60s_btc,47.7146,mad_refill_rate_fut_1bps_60s,mad_refill_rate_1bps,Dynamics,btc,S2,60.0,Futures
d2_net_pressure_spot_10bps_5s_btc,47.6734,d2_net_pressure_spot_10bps_5s,d2_net_pressure_10bps,Dynamics,btc,S4,,Spot
d1_refill_rate_spot_1bps_5s_btc,47.224,d1_refill_rate_spot_1bps_5s,d1_refill_rate_1bps,Dynamics,btc,S3,,Spot
pull_rate_shock_spot_10bps_5s_btc,47.1351,pull_rate_shock_spot_10bps_5s,pull_rate_shock_10bps,Dynamics,btc,S2,5.0,Spot
pull_rate_shock_spot_1bps_5s_btc,47.1241,pull_rate_shock_spot_1bps_5s,pull_rate_shock_1bps,Dynamics,btc,S2,5.0,Spot
participation_rate_fut_1s_btc,46.8062,participation_rate_fut_1s,participation_rate,Activity,btc,S1,,Futures
d1_net_pressure_spot_2bps_15s_btc,46.7662,d1_net_pressure_spot_2bps_15s,d1_net_pressure_2bps,Dynamics,btc,S4,,Spot
z_basis_60s_btc,46.1326,z_basis_60s,z_basis,Normalization,btc,S2,60.0,
d2_refill_rate_fut_10bps_15s_btc,45.9611,d2_refill_rate_fut_10bps_15s,d2_refill_rate_10bps,Dynamics,btc,S2,15.0,Futures
pull_rate_shock_spot_5bps_5s_btc,45.4837,pull_rate_shock_spot_5bps_5s,pull_rate_shock_5bps,Dynamics,btc,S2,5.0,Spot
z_absorb_refill_ask_fut_5bps_1s_btc,45.2315,z_absorb_refill_ask_fut_5bps_1s,z_absorb_refill_ask_5bps,Normalization,btc,S3,5.0,Futures
mad_vacuum_score_spot_5bps_15s_btc,45.1556,mad_vacuum_score_spot_5bps_15s,mad_vacuum_score_5bps,Dynamics,btc,S4,15.0,Spot
net_cancel_spot_2bps_5s_btc,44.9121,net_cancel_spot_2bps_5s,net_cancel_2bps,Pressure,btc,S4,5.0,Spot
z_liq_concentration_spot_struct50_900s_btc,44.8501,z_liq_concentration_spot_struct50_900s,z_liq_concentration_struct50,Normalization,btc,S4,900.0,Spot
pull_rate_fut_2bps_persist_60s_btc,44.616,pull_rate_fut_2bps_persist_60s,pull_rate_2bps_persist,Dynamics,btc,S3,60.0,Futures
d2_net_pressure_spot_5bps_15s_btc,44.4537,d2_net_pressure_spot_5bps_15s,d2_net_pressure_5bps,Dynamics,btc,S4,,Spot
z_depth_gradient_fut_struct50_300s_btc,44.124,z_depth_gradient_fut_struct50_300s,z_depth_gradient_struct50,Normalization,btc,S4,300.0,Futures
net_cancel_spot_5bps_5s_btc,44.0466,net_cancel_spot_5bps_5s,net_cancel_5bps,Pressure,btc,S4,5.0,Spot
depth_notional_bid_2bps_fut_1s_btc,43.9124,depth_notional_bid_2bps_fut_1s,depth_notional_bid_2bps,Bookshape,btc,S0,,Futures
z_pull_rate_spot_5bps_15s_btc,43.8672,z_pull_rate_spot_5bps_15s,z_pull_rate_5bps,Normalization,btc,S2,15.0,Spot
net_pressure_spot_1bps_60s_btc,43.8001,net_pressure_spot_1bps_60s,net_pressure_1bps,Pressure,btc,S1,60.0,Spot
z_liq_concentration_spot_struct50_300s_btc,43.4367,z_liq_concentration_spot_struct50_300s,z_liq_concentration_struct50,Normalization,btc,S4,300.0,Spot
d1_refill_rate_fut_5bps_15s_btc,43.1099,d1_refill_rate_fut_5bps_15s,d1_refill_rate_5bps,Dynamics,btc,S2,15.0,Futures
taker_imbalance_spot_5s_btc,43.0032,taker_imbalance_spot_5s,taker_imbalance,Aggression,btc,S2,5.0,Spot
mad_refill_rate_spot_5bps_5s_btc,42.4842,mad_refill_rate_spot_5bps_5s,mad_refill_rate_5bps,Dynamics,btc,S2,5.0,Spot
median_net_pressure_fut_1bps_60s_btc,42.4796,median_net_pressure_fut_1bps_60s,median_net_pressure_1bps,Dynamics,btc,S2,60.0,Futures
ca_net_pressure_shock_spot_5bps_spread_60s_btceth,41.8668,ca_net_pressure_shock_spot_5bps_spread_60s,ca_net_pressure_shock_5bps_spread,Cross-Asset,btceth,S6,,Cross-Asset
pull_rate_shock_spot_2bps_5s_btc,41.8634,pull_rate_shock_spot_2bps_5s,pull_rate_shock_2bps,Dynamics,btc,S2,5.0,Spot
refill_rate_shock_fut_10bps_60s_btc,41.495,refill_rate_shock_fut_10bps_60s,refill_rate_shock_10bps,Dynamics,btc,S2,60.0,Futures
absorption_break_spot_15s_btc,41.2943,absorption_break_spot_15s,absorption_break,Absorption,btc,S3,,Spot
d2_refill_rate_fut_2bps_5s_btc,41.2225,d2_refill_rate_fut_2bps_5s,d2_refill_rate_2bps,Dynamics,btc,S2,5.0,Futures
d2_queue_pressure_fut_2bps_5s_btc,41.1097,d2_queue_pressure_fut_2bps_5s,d2_queue_pressure_2bps,Dynamics,btc,S2,5.0,Futures
taker_imbalance_fut_15s_btc,40.8922,taker_imbalance_fut_15s,taker_imbalance,Aggression,btc,S2,15.0,Futures
ca_z_depth_slope_spot_15s_btc,40.4343,ca_z_depth_slope_spot_15s,ca_z_depth_slope,Cross-Asset-Intermediary,btc,S6,300.0,Cross-Asset
z_net_add_fut_5bps_900s_btc,40.3426,z_net_add_fut_5bps_900s,z_net_add_5bps,Normalization,btc,S4,900.0,Futures
d1_net_pressure_spot_1bps_15s_btc,40.251,d1_net_pressure_spot_1bps_15s,d1_net_pressure_1bps,Dynamics,btc,S2,15.0,Spot
ca_net_pressure_shock_spot_10bps_spread_60s_btceth,40.1248,ca_net_pressure_shock_spot_10bps_spread_60s,ca_net_pressure_shock_10bps_spread,Cross-Asset,btceth,S6,,Cross-Asset
vacuum_score_shock_spot_5bps_60s_btc,39.9447,vacuum_score_shock_spot_5bps_60s,vacuum_score_shock_5bps,Dynamics,btc,S4,,Spot
d2_net_pressure_fut_5bps_5s_btc,39.7468,d2_net_pressure_fut_5bps_5s,d2_net_pressure_5bps,Dynamics,btc,S4,,Futures
d1_refill_rate_spot_1bps_15s_btc,39.3679,d1_refill_rate_spot_1bps_15s,d1_refill_rate_1bps,Dynamics,btc,S3,,Spot
depth_notional_ask_1bps_spot_1s_btc,38.9124,depth_notional_ask_1bps_spot_1s,depth_notional_ask_1bps,Bookshape,btc,S0,,Spot
depth_notional_ask_2bps_fut_1s_btc,38.8516,depth_notional_ask_2bps_fut_1s,depth_notional_ask_2bps,Bookshape,btc,S0,,Futures
vacuum_score_shock_fut_10bps_15s_btc,38.7165,vacuum_score_shock_fut_10bps_15s,vacuum_score_shock_10bps,Dynamics,btc,S4,,Futures
net_add_pressure_spot_10bps_300s_btc,38.6851,net_add_pressure_spot_10bps_300s,net_add_pressure_10bps,Pressure,btc,S3,300.0,Spot
mad_refill_rate_fut_10bps_5s_btc,38.6737,mad_refill_rate_fut_10bps_5s,mad_refill_rate_10bps,Dynamics,btc,S2,5.0,Futures
mad_refill_rate_fut_5bps_15s_btc,38.4145,mad_refill_rate_fut_5bps_15s,mad_refill_rate_5bps,Dynamics,btc,S2,15.0,Futures
refill_vs_pull_fut_2bps_persist_60s_btc,38.264,refill_vs_pull_fut_2bps_persist_60s,refill_vs_pull_2bps_persist,Dynamics,btc,S3,60.0,Futures
d1_net_pressure_fut_1bps_15s_btc,38.1202,d1_net_pressure_fut_1bps_15s,d1_net_pressure_1bps,Dynamics,btc,S2,15.0,Futures
z_absorb_refill_ask_fut_10bps_1s_btc,37.7967,z_absorb_refill_ask_fut_10bps_1s,z_absorb_refill_ask_10bps,Normalization,btc,S3,5.0,Futures
d2_net_pressure_spot_10bps_15s_btc,37.0676,d2_net_pressure_spot_10bps_15s,d2_net_pressure_10bps,Dynamics,btc,S4,,Spot
pull_rate_spot_2bps_persist_60s_btc,36.9953,pull_rate_spot_2bps_persist_60s,pull_rate_2bps_persist,Dynamics,btc,S3,60.0,Spot
d2_refill_rate_fut_5bps_15s_btc,36.9466,d2_refill_rate_fut_5bps_15s,d2_refill_rate_5bps,Dynamics,btc,S2,15.0,Futures
d2_refill_rate_spot_2bps_5s_btc,36.3271,d2_refill_rate_spot_2bps_5s,d2_refill_rate_2bps,Dynamics,btc,S2,5.0,Spot
z_depth_gradient_fut_struct50_60s_btc,36.2851,z_depth_gradient_fut_struct50_60s,z_depth_gradient_struct50,Normalization,btc,S4,60.0,Futures
z_pull_rate_spot_10bps_15s_btc,36.232,z_pull_rate_spot_10bps_15s,z_pull_rate_10bps,Normalization,btc,S2,15.0,Spot
z_absorb_refill_bid_fut_5bps_1s_btc,36.2118,z_absorb_refill_bid_fut_5bps_1s,z_absorb_refill_bid_5bps,Normalization,btc,S3,5.0,Futures
median_absorption_break_fut_15s_btc,36.1354,median_absorption_break_fut_15s,median_absorption_break,Dynamics,btc,S5,15.0,Futures
d1_net_pressure_fut_5bps_15s_btc,36.0825,d1_net_pressure_fut_5bps_15s,d1_net_pressure_5bps,Dynamics,btc,S4,,Futures
d2_net_pressure_fut_2bps_15s_btc,36.041,d2_net_pressure_fut_2bps_15s,d2_net_pressure_2bps,Dynamics,btc,S4,,Futures
z_pull_rate_fut_5bps_5s_btc,35.9714,z_pull_rate_fut_5bps_5s,z_pull_rate_5bps,Normalization,btc,S2,5.0,Futures
net_pressure_shock_fut_5bps_60s_btc,35.6016,net_pressure_shock_fut_5bps_60s,net_pressure_shock_5bps,Dynamics,btc,S4,,Futures
taker_imbalance_shock_fut_60s_btc,35.3298,taker_imbalance_shock_fut_60s,taker_imbalance_shock,Dynamics,btc,S3,,Futures
z_trade_absorption_ratio_spot_1s_btc,35.1987,z_trade_absorption_ratio_spot_1s,z_trade_absorption_ratio,Normalization,btc,S3,5.0,Spot
z_pull_rate_fut_2bps_60s_btc,35.1726,z_pull_rate_fut_2bps_60s,z_pull_rate_2bps,Normalization,btc,S3,60.0,Futures
d1_queue_pressure_fut_1bps_15s_btc,34.8396,d1_queue_pressure_fut_1bps_15s,d1_queue_pressure_1bps,Dynamics,btc,S3,,Futures
depth_notional_bid_1bps_spot_1s_btc,34.8329,depth_notional_bid_1bps_spot_1s,depth_notional_bid_1bps,Bookshape,btc,S0,,Spot
ca_net_pressure_shock_fut_2bps_spread_15s_btceth,34.5951,ca_net_pressure_shock_fut_2bps_spread_15s,ca_net_pressure_shock_2bps_spread,Cross-Asset,btceth,S6,,Cross-Asset
absorption_volume_ask_spot_1bps_60s_btc,34.5166,absorption_volume_ask_spot_1bps_60s,absorption_volume_ask_1bps,Absorption,btc,S2,60.0,Spot
net_pressure_spot_1bps_15s_btc,34.2986,net_pressure_spot_1bps_15s,net_pressure_1bps,Pressure,btc,S1,15.0,Spot
d2_pull_rate_spot_1bps_15s_btc,34.054,d2_pull_rate_spot_1bps_15s,d2_pull_rate_1bps,Dynamics,btc,S3,,Spot
volume_spot_div_delta_300s_btc,33.9849,volume_spot_div_delta_300s,volume_div_delta,Cross-Market,btc,S2,300.0,Spot
taker_imbalance_fut_1s_btc,33.821,taker_imbalance_fut_1s,taker_imbalance,Aggression,btc,S1,,Futures
z_liq_concentration_spot_struct50_60s_btc,33.5954,z_liq_concentration_spot_struct50_60s,z_liq_concentration_struct50,Normalization,btc,S4,60.0,Spot
net_pressure_fut_1bps_60s_btc,33.5759,net_pressure_fut_1bps_60s,net_pressure_1bps,Pressure,btc,S1,60.0,Futures
d1_pull_rate_fut_1bps_15s_btc,33.5603,d1_pull_rate_fut_1bps_15s,d1_pull_rate_1bps,Dynamics,btc,S3,,Futures
mad_net_pressure_spot_5bps_60s_btc,33.5049,mad_net_pressure_spot_5bps_60s,mad_net_pressure_5bps,Dynamics,btc,S4,60.0,Spot
taker_imbalance_shock_spot_15s_btc,33.362,taker_imbalance_shock_spot_15s,taker_imbalance_shock,Dynamics,btc,S3,,Spot
z_pull_rate_fut_10bps_5s_btc,33.3428,z_pull_rate_fut_10bps_5s,z_pull_rate_10bps,Normalization,btc,S2,5.0,Futures
pull_rate_fut_2bps_persist_15s_btc,32.9256,pull_rate_fut_2bps_persist_15s,pull_rate_2bps_persist,Dynamics,btc,S3,15.0,Futures
d1_queue_pressure_spot_1bps_15s_btc,32.8054,d1_queue_pressure_spot_1bps_15s,d1_queue_pressure_1bps,Dynamics,btc,S3,,Spot
price_acceleration_spot_60s_btc,32.62,price_acceleration_spot_60s,price_acceleration,Price,btc,S2,60.0,Spot
absorption_break_fut_15s_btc,32.5507,absorption_break_fut_15s,absorption_break,Absorption,btc,S3,,Futures
trade_absorption_ratio_fut_60s_btc,32.4727,trade_absorption_ratio_fut_60s,trade_absorption_ratio,Absorption,btc,S3,60.0,Futures
z_pull_rate_fut_2bps_5s_btc,32.3677,z_pull_rate_fut_2bps_5s,z_pull_rate_2bps,Normalization,btc,S2,5.0,Futures
net_pressure_fut_1bps_15s_btc,32.2708,net_pressure_fut_1bps_15s,net_pressure_1bps,Pressure,btc,S1,15.0,Futures
volume_fut_div_delta_300s_btc,32.2341,volume_fut_div_delta_300s,volume_div_delta,Cross-Market,btc,S2,300.0,Futures
mad_net_pressure_fut_10bps_60s_btc,31.8939,mad_net_pressure_fut_10bps_60s,mad_net_pressure_10bps,Dynamics,btc,S4,60.0,Futures
d2_net_pressure_fut_2bps_5s_btc,31.8754,d2_net_pressure_fut_2bps_5s,d2_net_pressure_2bps,Dynamics,btc,S4,,Futures
mad_taker_imbalance_fut_15s_btc,31.8642,mad_taker_imbalance_fut_15s,mad_taker_imbalance,Dynamics,btc,S3,,Futures
median_absorption_break_spot_15s_btc,31.8354,median_absorption_break_spot_15s,median_absorption_break,Dynamics,btc,S5,15.0,Spot
d2_net_pressure_fut_10bps_5s_btc,31.752,d2_net_pressure_fut_10bps_5s,d2_net_pressure_10bps,Dynamics,btc,S4,,Futures
d1_net_pressure_fut_2bps_15s_btc,31.7513,d1_net_pressure_fut_2bps_15s,d1_net_pressure_2bps,Dynamics,btc,S4,,Futures
mad_net_pressure_fut_2bps_60s_btc,31.6464,mad_net_pressure_fut_2bps_60s,mad_net_pressure_2bps,Dynamics,btc,S4,60.0,Futures
mad_vacuum_score_spot_10bps_15s_btc,31.3254,mad_vacuum_score_spot_10bps_15s,mad_vacuum_score_10bps,Dynamics,btc,S4,15.0,Spot
pull_rate_fut_1bps_persist_15s_btc,31.3246,pull_rate_fut_1bps_persist_15s,pull_rate_1bps_persist,Dynamics,btc,S3,15.0,Futures
add_rate_ask_spot_1bps_1s_btc,31.2106,add_rate_ask_spot_1bps_1s,add_rate_ask_1bps,Liquidity Events,btc,S1,,Spot
mad_net_pressure_fut_5bps_15s_btc,31.1083,mad_net_pressure_fut_5bps_15s,mad_net_pressure_5bps,Dynamics,btc,S4,15.0,Futures
price_acceleration_spot_300s_btc,30.9218,price_acceleration_spot_300s,price_acceleration,Price,btc,S2,300.0,Spot
z_net_cancel_spot_5bps_900s_btc,30.8794,z_net_cancel_spot_5bps_900s,z_net_cancel_5bps,Normalization,btc,S4,900.0,Spot
net_add_pressure_spot_10bps_900s_btc,30.6675,net_add_pressure_spot_10bps_900s,net_add_pressure_10bps,Pressure,btc,S3,900.0,Spot
vacuum_score_shock_spot_10bps_60s_btc,30.5445,vacuum_score_shock_spot_10bps_60s,vacuum_score_shock_10bps,Dynamics,btc,S4,,Spot
absorption_volume_ask_fut_1bps_60s_btc,30.4838,absorption_volume_ask_fut_1bps_60s,absorption_volume_ask_1bps,Absorption,btc,S2,60.0,Futures
taker_imbalance_spot_15s_btc,30.4634,taker_imbalance_spot_15s,taker_imbalance,Aggression,btc,S2,15.0,Spot
ca_taker_imb_shock_spread_5s_btceth,30.3946,ca_taker_imb_shock_spread_5s,ca_taker_imb_shock_spread,Cross-Asset,btceth,S6,,Cross-Asset
z_pull_rate_fut_10bps_15s_btc,30.3695,z_pull_rate_fut_10bps_15s,z_pull_rate_10bps,Normalization,btc,S2,15.0,Futures
impact_per_signed_shock_spot_5s_btc,29.955,impact_per_signed_shock_spot_5s,impact_per_signed_shock,Dynamics,btc,S3,,Spot
d2_net_pressure_spot_1bps_15s_btc,29.8432,d2_net_pressure_spot_1bps_15s,d2_net_pressure_1bps,Dynamics,btc,S2,15.0,Spot
median_net_pressure_spot_5bps_5s_btc,29.7047,median_net_pressure_spot_5bps_5s,median_net_pressure_5bps,Dynamics,btc,S4,5.0,Spot
ca_net_pressure_shock_spot_2bps_spread_15s_btceth,29.6376,ca_net_pressure_shock_spot_2bps_spread_15s,ca_net_pressure_shock_2bps_spread,Cross-Asset,btceth,S6,,Cross-Asset
pull_rate_spot_2bps_persist_15s_btc,29.6291,pull_rate_spot_2bps_persist_15s,pull_rate_2bps_persist,Dynamics,btc,S3,15.0,Spot
mad_queue_pressure_spot_1bps_5s_btc,29.4977,mad_queue_pressure_spot_1bps_5s,mad_queue_pressure_1bps,Dynamics,btc,S2,5.0,Spot
ca_z_depth_slope_fut_15s_btc,29.4223,ca_z_depth_slope_fut_15s,ca_z_depth_slope,Cross-Asset-Intermediary,btc,S6,300.0,Cross-Asset
ca_z_depth_curvature_fut_60s_btc,29.2202,ca_z_depth_curvature_fut_60s,ca_z_depth_curvature,Cross-Asset-Intermediary,btc,S6,300.0,Cross-Asset
trade_absorption_ratio_spot_60s_btc,29.1002,trade_absorption_ratio_spot_60s,trade_absorption_ratio,Absorption,btc,S3,60.0,Spot
z_queue_pressure_spot_5bps_1s_btc,29.0987,z_queue_pressure_spot_5bps_1s,z_queue_pressure_5bps,Normalization,btc,S2,5.0,Spot
cancel_rate_ask_spot_1bps_1s_btc,28.9366,cancel_rate_ask_spot_1bps_1s,cancel_rate_ask_1bps,Liquidity Events,btc,S1,,Spot
d2_queue_pressure_fut_2bps_15s_btc,28.8346,d2_queue_pressure_fut_2bps_15s,d2_queue_pressure_2bps,Dynamics,btc,S2,15.0,Futures
taker_activity_share_sf_1s_btc,28.8271,taker_activity_share_sf_1s,taker_activity_share_sf,Cross-Market,btc,S1,,
vacuum_score_shock_spot_10bps_15s_btc,28.7048,vacuum_score_shock_spot_10bps_15s,vacuum_score_shock_10bps,Dynamics,btc,S4,,Spot
d2_net_pressure_fut_5bps_15s_btc,28.689,d2_net_pressure_fut_5bps_15s,d2_net_pressure_5bps,Dynamics,btc,S4,,Futures
d2_queue_pressure_fut_10bps_5s_btc,28.6751,d2_queue_pressure_fut_10bps_5s,d2_queue_pressure_10bps,Dynamics,btc,S2,5.0,Futures
z_pull_rate_fut_1bps_5s_btc,28.589,z_pull_rate_fut_1bps_5s,z_pull_rate_1bps,Normalization,btc,S2,5.0,Futures
absorption_volume_bid_spot_1bps_60s_btc,28.4323,absorption_volume_bid_spot_1bps_60s,absorption_volume_bid_1bps,Absorption,btc,S2,60.0,Spot
vacuum_score_shock_fut_10bps_60s_btc,28.2625,vacuum_score_shock_fut_10bps_60s,vacuum_score_shock_10bps,Dynamics,btc,S4,,Futures
median_net_pressure_spot_2bps_5s_btc,28.2526,median_net_pressure_spot_2bps_5s,median_net_pressure_2bps,Dynamics,btc,S4,5.0,Spot
d2_queue_pressure_fut_5bps_5s_btc,28.0839,d2_queue_pressure_fut_5bps_5s,d2_queue_pressure_5bps,Dynamics,btc,S2,5.0,Futures
pull_rate_spot_1bps_persist_15s_btc,28.0193,pull_rate_spot_1bps_persist_15s,pull_rate_1bps_persist,Dynamics,btc,S3,15.0,Spot
price_acceleration_spot_900s_btc,27.9211,price_acceleration_spot_900s,price_acceleration,Price,btc,S2,900.0,Spot
d1_pull_rate_fut_2bps_15s_btc,27.8711,d1_pull_rate_fut_2bps_15s,d1_pull_rate_2bps,Dynamics,btc,S3,,Futures
vacuum_score_shock_fut_5bps_15s_btc,27.8683,vacuum_score_shock_fut_5bps_15s,vacuum_score_shock_5bps,Dynamics,btc,S4,,Futures
z_price_deviation_300s_btc,27.7911,z_price_deviation_300s,z_price_deviation,Normalization,btc,S3,300.0,Spot|Futures
ca_net_pressure_persist_spot_10bps_spread_60s_btceth,27.6283,ca_net_pressure_persist_spot_10bps_spread_60s,ca_net_pressure_persist_10bps_spread,Cross-Asset,btceth,S6,,Cross-Asset
median_absorption_break_fut_60s_btc,27.5964,median_absorption_break_fut_60s,median_absorption_break,Dynamics,btc,S4,60.0,Futures
max_liq_distance_ask_5bps_fut_1s_btc,27.3201,max_liq_distance_ask_5bps_fut_1s,max_liq_distance_ask_5bps,Bookshape,btc,S0,,Futures
max_liq_distance_bid_5bps_fut_1s_btc,27.2604,max_liq_distance_bid_5bps_fut_1s,max_liq_distance_bid_5bps,Bookshape,btc,S0,,Futures
d2_net_pressure_spot_2bps_15s_btc,27.1222,d2_net_pressure_spot_2bps_15s,d2_net_pressure_2bps,Dynamics,btc,S4,,Spot
absorb_refill_bid_spot_10bps_1s_btc,27.104,absorb_refill_bid_spot_10bps_1s,absorb_refill_bid_10bps,Absorption,btc,S2,1.0,Spot
z_price_deviation_900s_btc,27.0118,z_price_deviation_900s,z_price_deviation,Normalization,btc,S3,900.0,Spot|Futures
z_pull_rate_fut_5bps_15s_btc,27.0088,z_pull_rate_fut_5bps_15s,z_pull_rate_5bps,Normalization,btc,S2,15.0,Futures
z_net_cancel_fut_5bps_900s_btc,26.8597,z_net_cancel_fut_5bps_900s,z_net_cancel_5bps,Normalization,btc,S4,900.0,Futures
z_avg_trade_size_fut_300s_btc,26.8311,z_avg_trade_size_fut_300s,z_avg_trade_size,Normalization,btc,S2,300.0,Futures
d1_refill_rate_spot_2bps_15s_btc,26.7368,d1_refill_rate_spot_2bps_15s,d1_refill_rate_2bps,Dynamics,btc,S3,,Spot
d1_refill_rate_fut_2bps_15s_btc,26.6159,d1_refill_rate_fut_2bps_15s,d1_refill_rate_2bps,Dynamics,btc,S3,,Futures
mad_vacuum_score_fut_5bps_15s_btc,26.5627,mad_vacuum_score_fut_5bps_15s,mad_vacuum_score_5bps,Dynamics,btc,S4,15.0,Futures
cancel_rate_bid_spot_1bps_1s_btc,26.4885,cancel_rate_bid_spot_1bps_1s,cancel_rate_bid_1bps,Liquidity Events,btc,S1,,Spot
impact_per_signed_shock_fut_5s_btc,26.4165,impact_per_signed_shock_fut_5s,impact_per_signed_shock,Dynamics,btc,S3,,Futures
z_refill_rate_spot_2bps_60s_btc,26.3041,z_refill_rate_spot_2bps_60s,z_refill_rate_2bps,Normalization,btc,S3,60.0,Spot
z_volume_asym_fut_minus_spot_60s_btc,26.2954,z_volume_asym_fut_minus_spot_60s,z_volume_asym_minus,Cross-Market,btc,S2,60.0,Futures
z_pull_rate_spot_5bps_5s_btc,26.2697,z_pull_rate_spot_5bps_5s,z_pull_rate_5bps,Normalization,btc,S2,5.0,Spot
mad_queue_pressure_spot_2bps_15s_btc,25.9767,mad_queue_pressure_spot_2bps_15s,mad_queue_pressure_2bps,Dynamics,btc,S2,15.0,Spot
mad_net_pressure_spot_2bps_60s_btc,25.8877,mad_net_pressure_spot_2bps_60s,mad_net_pressure_2bps,Dynamics,btc,S4,60.0,Spot
d2_queue_pressure_spot_2bps_15s_btc,25.8815,d2_queue_pressure_spot_2bps_15s,d2_queue_pressure_2bps,Dynamics,btc,S2,15.0,Spot
refill_rate_shock_spot_5bps_15s_btc,25.5194,refill_rate_shock_spot_5bps_15s,refill_rate_shock_5bps,Dynamics,btc,S2,15.0,Spot
liq_cluster_asymmetry_fut_struct100_300s_btc,25.4933,liq_cluster_asymmetry_fut_struct100_300s,liq_cluster_asymmetry_struct100,Bookshape,btc,S1,300.0,Futures
ca_activity_avg_trade_size_spot_900s_spread_btceth,25.3183,ca_activity_avg_trade_size_spot_900s_spread,ca_activity_avg_trade_size_spread,Cross-Asset,btceth,S6,,Cross-Asset
z_refill_rate_spot_10bps_15s_btc,25.3009,z_refill_rate_spot_10bps_15s,z_refill_rate_10bps,Normalization,btc,S2,15.0,Spot
ca_microprice_dev_fut_5bps_spread_1s_btceth,25.2971,ca_microprice_dev_fut_5bps_spread_1s,ca_microprice_dev_5bps_spread,Cross-Asset,btceth,S6,,Cross-Asset
vacuum_score_shock_fut_5bps_60s_btc,25.141,vacuum_score_shock_fut_5bps_60s,vacuum_score_shock_5bps,Dynamics,btc,S4,,Futures
absorption_break_spot_60s_btc,25.0967,absorption_break_spot_60s,absorption_break,Absorption,btc,S3,,Spot
taker_imbalance_shock_spot_60s_btc,25.0542,taker_imbalance_shock_spot_60s,taker_imbalance_shock,Dynamics,btc,S3,,Spot
ca_pull_rate_shock_spot_5bps_spread_60s_btceth,24.8073,ca_pull_rate_shock_spot_5bps_spread_60s,ca_pull_rate_shock_5bps_spread,Cross-Asset,btceth,S6,,Cross-Asset
liq_cluster_asymmetry_fut_struct50_300s_btc,24.7529,liq_cluster_asymmetry_fut_struct50_300s,liq_cluster_asymmetry_struct50,Bookshape,btc,S1,300.0,Futures
mad_net_pressure_fut_5bps_5s_btc,24.3686,mad_net_pressure_fut_5bps_5s,mad_net_pressure_5bps,Dynamics,btc,S4,5.0,Futures
vacuum_score_shock_spot_5bps_15s_btc,24.3277,vacuum_score_shock_spot_5bps_15s,vacuum_score_shock_5bps,Dynamics,btc,S4,,Spot
z_pull_rate_spot_10bps_5s_btc,24.3276,z_pull_rate_spot_10bps_5s,z_pull_rate_10bps,Normalization,btc,S2,5.0,Spot
absorb_refill_ask_spot_10bps_1s_btc,24.2869,absorb_refill_ask_spot_10bps_1s,absorb_refill_ask_10bps,Absorption,btc,S2,1.0,Spot
mad_queue_pressure_spot_2bps_60s_btc,24.2652,mad_queue_pressure_spot_2bps_60s,mad_queue_pressure_2bps,Dynamics,btc,S2,60.0,Spot
mad_absorption_break_fut_15s_btc,23.7228,mad_absorption_break_fut_15s,mad_absorption_break,Dynamics,btc,S5,15.0,Futures
flow_depth_align_spot_struct50_1s_btc,23.7073,flow_depth_align_spot_struct50_1s,flow_depth_align_struct50,Dynamics,btc,S2,,Spot
ca_net_pressure_shock_fut_5bps_spread_60s_btceth,23.6549,ca_net_pressure_shock_fut_5bps_spread_60s,ca_net_pressure_shock_5bps_spread,Cross-Asset,btceth,S6,,Cross-Asset
mad_vacuum_score_spot_5bps_60s_btc,23.5708,mad_vacuum_score_spot_5bps_60s,mad_vacuum_score_5bps,Dynamics,btc,S4,60.0,Spot
z_depth_gradient_fut_struct50_900s_btc,23.5264,z_depth_gradient_fut_struct50_900s,z_depth_gradient_struct50,Normalization,btc,S4,900.0,Futures
median_net_pressure_spot_10bps_5s_btc,23.3297,median_net_pressure_spot_10bps_5s,median_net_pressure_10bps,Dynamics,btc,S4,5.0,Spot
mad_net_pressure_fut_10bps_15s_btc,23.1353,mad_net_pressure_fut_10bps_15s,mad_net_pressure_10bps,Dynamics,btc,S4,15.0,Futures
net_add_fut_5bps_900s_btc,22.8134,net_add_fut_5bps_900s,net_add_5bps,Pressure,btc,S3,900.0,Futures
mad_net_pressure_spot_10bps_60s_btc,22.622,mad_net_pressure_spot_10bps_60s,mad_net_pressure_10bps,Dynamics,btc,S4,60.0,Spot
mad_net_pressure_spot_2bps_5s_btc,22.5463,mad_net_pressure_spot_2bps_5s,mad_net_pressure_2bps,Dynamics,btc,S4,5.0,Spot
net_cancel_persist_fut_10bps_15s_btc,22.4553,net_cancel_persist_fut_10bps_15s,net_cancel_persist_10bps,Dynamics,btc,S5,15.0,Futures
d2_refill_rate_fut_2bps_15s_btc,22.3648,d2_refill_rate_fut_2bps_15s,d2_refill_rate_2bps,Dynamics,btc,S3,,Futures
depth_notional_bid_1bps_fut_1s_btc,22.3349,depth_notional_bid_1bps_fut_1s,depth_notional_bid_1bps,Bookshape,btc,S0,,Futures
d1_net_pressure_fut_10bps_15s_btc,22.3011,d1_net_pressure_fut_10bps_15s,d1_net_pressure_10bps,Dynamics,btc,S4,,Futures
refill_rate_shock_spot_10bps_15s_btc,22.2534,refill_rate_shock_spot_10bps_15s,refill_rate_shock_10bps,Dynamics,btc,S2,15.0,Spot
net_cancel_robust_z_spot_10bps_60s_btc,22.1849,net_cancel_robust_z_spot_10bps_60s,net_cancel_robust_z_10bps,Pressure,btc,S5,60.0,Spot
ca_pull_rate_shock_spot_10bps_spread_15s_btceth,22.1821,ca_pull_rate_shock_spot_10bps_spread_15s,ca_pull_rate_shock_10bps_spread,Cross-Asset,btceth,S6,,Cross-Asset
net_pressure_robust_z_fut_5bps_300s_btc,22.0994,net_pressure_robust_z_fut_5bps_300s,net_pressure_robust_z_5bps,Pressure,btc,S4,300.0,Futures
mad_taker_imbalance_fut_60s_btc,22.0049,mad_taker_imbalance_fut_60s,mad_taker_imbalance,Dynamics,btc,S3,,Futures
participation_rate_spot_1s_btc,21.9822,participation_rate_spot_1s,participation_rate,Activity,btc,S1,,Spot
z_refill_rate_fut_10bps_15s_btc,21.6692,z_refill_rate_fut_10bps_15s,z_refill_rate_10bps,Normalization,btc,S2,15.0,Futures
absorption_volume_bid_fut_1bps_60s_btc,21.5801,absorption_volume_bid_fut_1bps_60s,absorption_volume_bid_1bps,Absorption,btc,S2,60.0,Futures
z_trade_absorption_ratio_spot_900s_btc,21.5652,z_trade_absorption_ratio_spot_900s,z_trade_absorption_ratio,Normalization,btc,S4,900.0,Spot
refill_rate_shock_fut_10bps_15s_btc,21.5054,refill_rate_shock_fut_10bps_15s,refill_rate_shock_10bps,Dynamics,btc,S2,15.0,Futures
ca_z_depth_slope_fut_60s_btc,21.4637,ca_z_depth_slope_fut_60s,ca_z_depth_slope,Cross-Asset-Intermediary,btc,S6,300.0,Cross-Asset
ca_pull_rate_shock_spot_5bps_spread_15s_btceth,21.4158,ca_pull_rate_shock_spot_5bps_spread_15s,ca_pull_rate_shock_5bps_spread,Cross-Asset,btceth,S6,,Cross-Asset
median_absorption_break_spot_60s_btc,21.3534,median_absorption_break_spot_60s,median_absorption_break,Dynamics,btc,S4,60.0,Spot
z_pull_rate_spot_2bps_5s_btc,21.3176,z_pull_rate_spot_2bps_5s,z_pull_rate_2bps,Normalization,btc,S2,5.0,Spot
median_net_pressure_spot_1bps_15s_btc,21.2581,median_net_pressure_spot_1bps_15s,median_net_pressure_1bps,Dynamics,btc,S2,15.0,Spot
mad_taker_imbalance_spot_60s_btc,21.1538,mad_taker_imbalance_spot_60s,mad_taker_imbalance,Dynamics,btc,S3,,Spot
z_refill_rate_spot_5bps_15s_btc,21.1044,z_refill_rate_spot_5bps_15s,z_refill_rate_5bps,Normalization,btc,S2,15.0,Spot
depth_notional_ask_1bps_fut_1s_btc,21.0645,depth_notional_ask_1bps_fut_1s,depth_notional_ask_1bps,Bookshape,btc,S0,,Futures
liq_cluster_asymmetry_spot_struct100_300s_btc,20.9973,liq_cluster_asymmetry_spot_struct100_300s,liq_cluster_asymmetry_struct100,Bookshape,btc,S1,300.0,Spot
ca_net_pressure_persist_fut_10bps_spread_60s_btceth,20.8371,ca_net_pressure_persist_fut_10bps_spread_60s,ca_net_pressure_persist_10bps_spread,Cross-Asset,btceth,S6,,Cross-Asset
ask_churn_fut_5bps_60s_btc,20.8352,ask_churn_fut_5bps_60s,ask_churn_5bps,Liquidity Events,btc,S3,60.0,Futures
absorb_refill_bid_spot_5bps_1s_btc,20.8268,absorb_refill_bid_spot_5bps_1s,absorb_refill_bid_5bps,Absorption,btc,S2,1.0,Spot
net_pressure_shock_fut_10bps_60s_btc,20.734,net_pressure_shock_fut_10bps_60s,net_pressure_shock_10bps,Dynamics,btc,S4,,Futures
mad_refill_rate_fut_5bps_5s_btc,20.7092,mad_refill_rate_fut_5bps_5s,mad_refill_rate_5bps,Dynamics,btc,S2,5.0,Futures
mad_vacuum_score_fut_5bps_60s_btc,20.6454,mad_vacuum_score_fut_5bps_60s,mad_vacuum_score_5bps,Dynamics,btc,S4,60.0,Futures
queue_pressure_shock_spot_5bps_60s_btc,20.6372,queue_pressure_shock_spot_5bps_60s,queue_pressure_shock_5bps,Dynamics,btc,S2,60.0,Spot
refill_rate_shock_spot_10bps_5s_btc,20.5599,refill_rate_shock_spot_10bps_5s,refill_rate_shock_10bps,Dynamics,btc,S2,5.0,Spot
z_flow_depth_align_fut_struct100_300s_btc,20.4957,z_flow_depth_align_fut_struct100_300s,z_flow_depth_align_struct100,Normalization,btc,S3,300.0,Futures
median_net_pressure_spot_10bps_60s_btc,20.4436,median_net_pressure_spot_10bps_60s,median_net_pressure_10bps,Dynamics,btc,S4,60.0,Spot
mad_absorption_break_spot_15s_btc,20.3445,mad_absorption_break_spot_15s,mad_absorption_break,Dynamics,btc,S5,15.0,Spot
ca_net_pressure_spot_10bps_spread_60s_btceth,20.2396,ca_net_pressure_spot_10bps_spread_60s,ca_net_pressure_10bps_spread,Cross-Asset,btceth,S6,,Cross-Asset
net_pressure_shock_spot_5bps_15s_btc,20.2346,net_pressure_shock_spot_5bps_15s,net_pressure_shock_5bps,Dynamics,btc,S4,,Spot
d2_refill_rate_spot_2bps_15s_btc,20.2313,d2_refill_rate_spot_2bps_15s,d2_refill_rate_2bps,Dynamics,btc,S3,,Spot
mad_vacuum_score_fut_10bps_60s_btc,20.1872,mad_vacuum_score_fut_10bps_60s,mad_vacuum_score_10bps,Dynamics,btc,S4,60.0,Futures
z_absorb_refill_bid_fut_10bps_1s_btc,20.1756,z_absorb_refill_bid_fut_10bps_1s,z_absorb_refill_bid_10bps,Normalization,btc,S3,5.0,Futures
z_refill_rate_fut_5bps_15s_btc,20.155,z_refill_rate_fut_5bps_15s,z_refill_rate_5bps,Normalization,btc,S2,15.0,Futures
net_cancel_persist_spot_2bps_15s_btc,20.1088,net_cancel_persist_spot_2bps_15s,net_cancel_persist_2bps,Dynamics,btc,S5,15.0,Spot
z_taker_imbalance_fut_300s_btc,20.1029,z_taker_imbalance_fut_300s,z_taker_imbalance,Normalization,btc,S3,300.0,Futures
z_pull_rate_spot_1bps_5s_btc,20.0188,z_pull_rate_spot_1bps_5s,z_pull_rate_1bps,Normalization,btc,S2,5.0,Spot
absorption_asymmetry_fut_1bps_15s_btc,19.9863,absorption_asymmetry_fut_1bps_15s,absorption_asymmetry_1bps,Absorption,btc,S2,15.0,Futures
avg_trade_size_fut_1s_btc,19.9415,avg_trade_size_fut_1s,avg_trade_size,Activity,btc,S1,,Futures
mad_net_pressure_spot_5bps_5s_btc,19.9178,mad_net_pressure_spot_5bps_5s,mad_net_pressure_5bps,Dynamics,btc,S4,5.0,Spot
absorption_break_fut_60s_btc,19.9064,absorption_break_fut_60s,absorption_break,Absorption,btc,S3,,Futures
mad_net_pressure_fut_2bps_15s_btc,19.8385,mad_net_pressure_fut_2bps_15s,mad_net_pressure_2bps,Dynamics,btc,S4,15.0,Futures
mad_vacuum_score_fut_10bps_15s_btc,19.7613,mad_vacuum_score_fut_10bps_15s,mad_vacuum_score_10bps,Dynamics,btc,S4,15.0,Futures
ca_depth_curvature_spot_spread_60s_btceth,19.7459,ca_depth_curvature_spot_spread_60s,ca_depth_curvature_spread,Cross-Asset,btceth,S6,,Cross-Asset
depth_gradient_spot_struct50_900s_btc,19.6226,depth_gradient_spot_struct50_900s,depth_gradient_struct50,Bookshape,btc,S3,,Spot
net_cancel_persist_spot_5bps_15s_btc,19.6008,net_cancel_persist_spot_5bps_15s,net_cancel_persist_5bps,Dynamics,btc,S5,15.0,Spot
median_net_pressure_spot_10bps_15s_btc,19.3388,median_net_pressure_spot_10bps_15s,median_net_pressure_10bps,Dynamics,btc,S4,15.0,Spot
absorption_asymmetry_fut_1bps_60s_btc,19.2984,absorption_asymmetry_fut_1bps_60s,absorption_asymmetry_1bps,Absorption,btc,S3,,Futures
mad_queue_pressure_fut_10bps_5s_btc,19.2606,mad_queue_pressure_fut_10bps_5s,mad_queue_pressure_10bps,Dynamics,btc,S2,5.0,Futures
cancel_rate_ahead_spot_1bps_15s_btc,19.207,cancel_rate_ahead_spot_1bps_15s,cancel_rate_ahead_1bps,Liquidity Events,btc,S2,15.0,Spot
net_pressure_pct_rank_fut_5bps_60s_btc,19.0317,net_pressure_pct_rank_fut_5bps_60s,net_pressure_pct_rank_5bps,Pressure,btc,S4,60.0,Futures
z_flow_depth_align_spot_struct100_60s_btc,18.909,z_flow_depth_align_spot_struct100_60s,z_flow_depth_align_struct100,Normalization,btc,S3,60.0,Spot
z_price_deviation_60s_btc,18.8436,z_price_deviation_60s,z_price_deviation,Normalization,btc,S3,60.0,Spot|Futures
add_rate_bid_fut_1bps_1s_btc,18.7872,add_rate_bid_fut_1bps_1s,add_rate_bid_1bps,Liquidity Events,btc,S1,,Futures
mad_net_pressure_fut_2bps_5s_btc,18.7839,mad_net_pressure_fut_2bps_5s,mad_net_pressure_2bps,Dynamics,btc,S4,5.0,Futures
refill_rate_shock_fut_10bps_5s_btc,18.3166,refill_rate_shock_fut_10bps_5s,refill_rate_shock_10bps,Dynamics,btc,S2,5.0,Futures
refill_rate_shock_fut_5bps_15s_btc,18.1027,refill_rate_shock_fut_5bps_15s,refill_rate_shock_5bps,Dynamics,btc,S2,15.0,Futures
mad_queue_pressure_spot_10bps_5s_btc,18.066,mad_queue_pressure_spot_10bps_5s,mad_queue_pressure_10bps,Dynamics,btc,S2,5.0,Spot
mad_queue_pressure_spot_5bps_60s_btc,17.9623,mad_queue_pressure_spot_5bps_60s,mad_queue_pressure_5bps,Dynamics,btc,S2,60.0,Spot
vacuum_score_shock_spot_10bps_5s_btc,17.9489,vacuum_score_shock_spot_10bps_5s,vacuum_score_shock_10bps,Dynamics,btc,S4,,Spot
impact_per_signed_fut_900s_btc,17.704,impact_per_signed_fut_900s,impact_per_signed,Impact,btc,S2,900.0,Futures
mad_net_pressure_fut_5bps_60s_btc,17.6399,mad_net_pressure_fut_5bps_60s,mad_net_pressure_5bps,Dynamics,btc,S4,60.0,Futures
mad_queue_pressure_spot_10bps_60s_btc,17.497,mad_queue_pressure_spot_10bps_60s,mad_queue_pressure_10bps,Dynamics,btc,S2,60.0,Spot
mad_queue_pressure_spot_5bps_5s_btc,17.3927,mad_queue_pressure_spot_5bps_5s,mad_queue_pressure_5bps,Dynamics,btc,S2,5.0,Spot
median_net_pressure_fut_10bps_5s_btc,17.3556,median_net_pressure_fut_10bps_5s,median_net_pressure_10bps,Dynamics,btc,S4,5.0,Futures
impact_per_signed_spot_900s_btc,17.3278,impact_per_signed_spot_900s,impact_per_signed,Impact,btc,S2,900.0,Spot
median_net_pressure_fut_5bps_5s_btc,17.3079,median_net_pressure_fut_5bps_5s,median_net_pressure_5bps,Dynamics,btc,S4,5.0,Futures
mad_queue_pressure_fut_1bps_5s_btc,17.2882,mad_queue_pressure_fut_1bps_5s,mad_queue_pressure_1bps,Dynamics,btc,S2,5.0,Futures
median_net_pressure_spot_5bps_15s_btc,17.1972,median_net_pressure_spot_5bps_15s,median_net_pressure_5bps,Dynamics,btc,S4,15.0,Spot
z_trade_absorption_ratio_fut_900s_btc,17.1807,z_trade_absorption_ratio_fut_900s,z_trade_absorption_ratio,Normalization,btc,S4,900.0,Futures
d2_net_pressure_fut_10bps_15s_btc,17.1566,d2_net_pressure_fut_10bps_15s,d2_net_pressure_10bps,Dynamics,btc,S4,,Futures
mad_absorption_break_fut_60s_btc,17.1279,mad_absorption_break_fut_60s,mad_absorption_break,Dynamics,btc,S4,60.0,Futures
z_trade_absorption_ratio_spot_60s_btc,17.0538,z_trade_absorption_ratio_spot_60s,z_trade_absorption_ratio,Normalization,btc,S4,60.0,Spot
z_flow_depth_align_spot_struct100_300s_btc,17.0301,z_flow_depth_align_spot_struct100_300s,z_flow_depth_align_struct100,Normalization,btc,S3,300.0,Spot
d2_refill_rate_fut_1bps_5s_btc,16.945,d2_refill_rate_fut_1bps_5s,d2_refill_rate_1bps,Dynamics,btc,S3,,Futures
absorption_asymmetry_spot_1bps_60s_btc,16.9345,absorption_asymmetry_spot_1bps_60s,absorption_asymmetry_1bps,Absorption,btc,S3,,Spot
d2_refill_rate_fut_1bps_15s_btc,16.8056,d2_refill_rate_fut_1bps_15s,d2_refill_rate_1bps,Dynamics,btc,S3,,Futures
mad_refill_rate_fut_2bps_5s_btc,16.782,mad_refill_rate_fut_2bps_5s,mad_refill_rate_2bps,Dynamics,btc,S2,5.0,Futures
net_add_pressure_fut_5bps_300s_btc,16.7701,net_add_pressure_fut_5bps_300s,net_add_pressure_5bps,Pressure,btc,S3,300.0,Futures
mad_refill_rate_spot_2bps_5s_btc,16.7549,mad_refill_rate_spot_2bps_5s,mad_refill_rate_2bps,Dynamics,btc,S2,5.0,Spot
net_cancel_persist_spot_10bps_15s_btc,16.7129,net_cancel_persist_spot_10bps_15s,net_cancel_persist_10bps,Dynamics,btc,S5,15.0,Spot
net_pressure_shock_spot_2bps_5s_btc,16.6761,net_pressure_shock_spot_2bps_5s,net_pressure_shock_2bps,Dynamics,btc,S4,,Spot
median_net_pressure_spot_5bps_60s_btc,16.6189,median_net_pressure_spot_5bps_60s,median_net_pressure_5bps,Dynamics,btc,S4,60.0,Spot
net_add_persist_fut_2bps_15s_btc,16.597,net_add_persist_fut_2bps_15s,net_add_persist_2bps,Dynamics,btc,S5,15.0,Futures
absorption_volume_bid_fut_1bps_1s_btc,16.5211,absorption_volume_bid_fut_1bps_1s,absorption_volume_bid_1bps,Absorption,btc,S1,,Futures
mad_queue_pressure_fut_10bps_15s_btc,16.3129,mad_queue_pressure_fut_10bps_15s,mad_queue_pressure_10bps,Dynamics,btc,S2,15.0,Futures
z_refill_rate_spot_5bps_5s_btc,16.2943,z_refill_rate_spot_5bps_5s,z_refill_rate_5bps,Normalization,btc,S2,5.0,Spot
mad_queue_pressure_fut_2bps_60s_btc,16.2913,mad_queue_pressure_fut_2bps_60s,mad_queue_pressure_2bps,Dynamics,btc,S2,60.0,Futures
mad_queue_pressure_fut_5bps_60s_btc,16.2895,mad_queue_pressure_fut_5bps_60s,mad_queue_pressure_5bps,Dynamics,btc,S2,60.0,Futures
z_refill_rate_fut_5bps_5s_btc,16.1593,z_refill_rate_fut_5bps_5s,z_refill_rate_5bps,Normalization,btc,S2,5.0,Futures
median_net_pressure_spot_2bps_60s_btc,16.1457,median_net_pressure_spot_2bps_60s,median_net_pressure_2bps,Dynamics,btc,S4,60.0,Spot
net_add_persist_fut_2bps_60s_btc,16.0498,net_add_persist_fut_2bps_60s,net_add_persist_2bps,Dynamics,btc,S5,60.0,Futures
median_vacuum_score_spot_5bps_60s_btc,16.0371,median_vacuum_score_spot_5bps_60s,median_vacuum_score_5bps,Dynamics,btc,S4,60.0,Spot
liq_cluster_asymmetry_spot_struct50_60s_btc,15.7823,liq_cluster_asymmetry_spot_struct50_60s,liq_cluster_asymmetry_struct50,Bookshape,btc,S1,60.0,Spot
net_pressure_shock_fut_5bps_15s_btc,15.6717,net_pressure_shock_fut_5bps_15s,net_pressure_shock_5bps,Dynamics,btc,S4,,Futures
net_cancel_persist_sf_5bps_900s_btc,15.5695,net_cancel_persist_sf_5bps_900s,net_cancel_persist_sf_5bps,Cross-Market,btc,S5,900.0,Spot|Futures
impact_per_signed_spot_60s_btc,15.5281,impact_per_signed_spot_60s,impact_per_signed,Impact,btc,S2,60.0,Spot
z_avg_trade_size_spot_300s_btc,15.4696,z_avg_trade_size_spot_300s,z_avg_trade_size,Normalization,btc,S2,300.0,Spot
net_pressure_robust_z_fut_10bps_300s_btc,15.4246,net_pressure_robust_z_fut_10bps_300s,net_pressure_robust_z_10bps,Pressure,btc,S4,300.0,Futures
net_cancel_persist_fut_2bps_60s_btc,15.415,net_cancel_persist_fut_2bps_60s,net_cancel_persist_2bps,Dynamics,btc,S5,60.0,Futures
net_cancel_persist_fut_10bps_60s_btc,15.4086,net_cancel_persist_fut_10bps_60s,net_cancel_persist_10bps,Dynamics,btc,S5,60.0,Futures
net_pressure_pct_rank_fut_2bps_5s_btc,15.4049,net_pressure_pct_rank_fut_2bps_5s,net_pressure_pct_rank_2bps,Pressure,btc,S4,5.0,Futures
z_refill_rate_fut_10bps_5s_btc,15.3673,z_refill_rate_fut_10bps_5s,z_refill_rate_10bps,Normalization,btc,S2,5.0,Futures
median_vacuum_score_spot_10bps_15s_btc,15.3627,median_vacuum_score_spot_10bps_15s,median_vacuum_score_10bps,Dynamics,btc,S4,15.0,Spot
d2_pull_rate_spot_2bps_15s_btc,15.3091,d2_pull_rate_spot_2bps_15s,d2_pull_rate_2bps,Dynamics,btc,S3,,Spot
net_cancel_robust_z_spot_5bps_60s_btc,15.249,net_cancel_robust_z_spot_5bps_60s,net_cancel_robust_z_5bps,Pressure,btc,S5,60.0,Spot
mad_queue_pressure_fut_10bps_60s_btc,15.2485,mad_queue_pressure_fut_10bps_60s,mad_queue_pressure_10bps,Dynamics,btc,S2,60.0,Futures
d2_queue_pressure_fut_5bps_15s_btc,15.2296,d2_queue_pressure_fut_5bps_15s,d2_queue_pressure_5bps,Dynamics,btc,S2,15.0,Futures
ca_net_pressure_persist_fut_5bps_spread_60s_btceth,15.2296,ca_net_pressure_persist_fut_5bps_spread_60s,ca_net_pressure_persist_5bps_spread,Cross-Asset,btceth,S6,,Cross-Asset
net_add_pressure_fut_10bps_300s_btc,15.1947,net_add_pressure_fut_10bps_300s,net_add_pressure_10bps,Pressure,btc,S3,300.0,Futures
z_refill_rate_spot_10bps_5s_btc,15.1471,z_refill_rate_spot_10bps_5s,z_refill_rate_10bps,Normalization,btc,S2,5.0,Spot
z_taker_imbalance_spot_900s_btc,15.1016,z_taker_imbalance_spot_900s,z_taker_imbalance,Normalization,btc,S3,900.0,Spot
z_flow_depth_align_fut_struct100_60s_btc,15.0985,z_flow_depth_align_fut_struct100_60s,z_flow_depth_align_struct100,Normalization,btc,S3,60.0,Futures
mad_queue_pressure_spot_2bps_5s_btc,14.9737,mad_queue_pressure_spot_2bps_5s,mad_queue_pressure_2bps,Dynamics,btc,S2,5.0,Spot
net_pressure_shock_fut_2bps_5s_btc,14.9282,net_pressure_shock_fut_2bps_5s,net_pressure_shock_2bps,Dynamics,btc,S4,,Futures
net_pressure_pct_rank_fut_2bps_60s_btc,14.9039,net_pressure_pct_rank_fut_2bps_60s,net_pressure_pct_rank_2bps,Pressure,btc,S4,60.0,Futures
net_cancel_persist_spot_2bps_60s_btc,14.7686,net_cancel_persist_spot_2bps_60s,net_cancel_persist_2bps,Dynamics,btc,S5,60.0,Spot
d2_refill_rate_spot_1bps_5s_btc,14.664,d2_refill_rate_spot_1bps_5s,d2_refill_rate_1bps,Dynamics,btc,S3,,Spot
median_net_pressure_fut_10bps_15s_btc,14.6298,median_net_pressure_fut_10bps_15s,median_net_pressure_10bps,Dynamics,btc,S4,15.0,Futures
absorb_refill_ask_spot_5bps_1s_btc,14.6191,absorb_refill_ask_spot_5bps_1s,absorb_refill_ask_5bps,Absorption,btc,S2,1.0,Spot
d2_refill_rate_spot_1bps_15s_btc,14.5409,d2_refill_rate_spot_1bps_15s,d2_refill_rate_1bps,Dynamics,btc,S3,,Spot
mad_queue_pressure_fut_5bps_5s_btc,14.5216,mad_queue_pressure_fut_5bps_5s,mad_queue_pressure_5bps,Dynamics,btc,S2,5.0,Futures
net_cancel_robust_z_fut_10bps_15s_btc,14.5005,net_cancel_robust_z_fut_10bps_15s,net_cancel_robust_z_10bps,Pressure,btc,S5,15.0,Futures
z_depth_gradient_spot_struct50_60s_btc,14.4756,z_depth_gradient_spot_struct50_60s,z_depth_gradient_struct50,Normalization,btc,S4,60.0,Spot
z_queue_pressure_fut_1bps_5s_btc,14.4313,z_queue_pressure_fut_1bps_5s,z_queue_pressure_1bps,Normalization,btc,S2,5.0,Futures
vacuum_score_shock_fut_5bps_5s_btc,14.3018,vacuum_score_shock_fut_5bps_5s,vacuum_score_shock_5bps,Dynamics,btc,S4,,Futures
liq_cluster_asymmetry_fut_struct50_60s_btc,14.2823,liq_cluster_asymmetry_fut_struct50_60s,liq_cluster_asymmetry_struct50,Bookshape,btc,S1,60.0,Futures
z_queue_pressure_spot_2bps_5s_btc,14.281,z_queue_pressure_spot_2bps_5s,z_queue_pressure_2bps,Normalization,btc,S2,5.0,Spot
mad_net_pressure_spot_2bps_15s_btc,14.2749,mad_net_pressure_spot_2bps_15s,mad_net_pressure_2bps,Dynamics,btc,S4,15.0,Spot
queue_pressure_shock_fut_10bps_60s_btc,14.2083,queue_pressure_shock_fut_10bps_60s,queue_pressure_shock_10bps,Dynamics,btc,S2,60.0,Futures
ca_net_pressure_shock_fut_10bps_spread_60s_btceth,14.1122,ca_net_pressure_shock_fut_10bps_spread_60s,ca_net_pressure_shock_10bps_spread,Cross-Asset,btceth,S6,,Cross-Asset
refill_rate_shock_fut_5bps_5s_btc,14.0519,refill_rate_shock_fut_5bps_5s,refill_rate_shock_5bps,Dynamics,btc,S2,5.0,Futures
z_taker_imbalance_fut_60s_btc,14.0338,z_taker_imbalance_fut_60s,z_taker_imbalance,Normalization,btc,S3,60.0,Futures
ca_net_pressure_shock_spot_5bps_spread_15s_btceth,14.033,ca_net_pressure_shock_spot_5bps_spread_15s,ca_net_pressure_shock_5bps_spread,Cross-Asset,btceth,S6,,Cross-Asset
z_queue_pressure_spot_2bps_1s_btc,13.9921,z_queue_pressure_spot_2bps_1s,z_queue_pressure_2bps,Normalization,btc,S2,5.0,Spot
ca_pull_rate_shock_fut_10bps_spread_15s_btceth,13.9857,ca_pull_rate_shock_fut_10bps_spread_15s,ca_pull_rate_shock_10bps_spread,Cross-Asset,btceth,S6,,Cross-Asset
net_cancel_persist_fut_5bps_15s_btc,13.9704,net_cancel_persist_fut_5bps_15s,net_cancel_persist_5bps,Dynamics,btc,S5,15.0,Futures
liq_cluster_asymmetry_spot_struct50_300s_btc,13.9069,liq_cluster_asymmetry_spot_struct50_300s,liq_cluster_asymmetry_struct50,Bookshape,btc,S1,300.0,Spot
d2_queue_pressure_fut_10bps_15s_btc,13.8901,d2_queue_pressure_fut_10bps_15s,d2_queue_pressure_10bps,Dynamics,btc,S2,15.0,Futures
absorb_refill_bid_spot_2bps_1s_btc,13.8814,absorb_refill_bid_spot_2bps_1s,absorb_refill_bid_2bps,Absorption,btc,S2,1.0,Spot
absorption_asymmetry_spot_1bps_15s_btc,13.8441,absorption_asymmetry_spot_1bps_15s,absorption_asymmetry_1bps,Absorption,btc,S2,15.0,Spot
z_refill_rate_fut_2bps_5s_btc,13.8344,z_refill_rate_fut_2bps_5s,z_refill_rate_2bps,Normalization,btc,S2,5.0,Futures
taker_imbalance_spot_persist_15s_btc,13.8334,taker_imbalance_spot_persist_15s,taker_imbalance_persist,Dynamics,btc,S3,15.0,Spot
mad_queue_pressure_spot_5bps_15s_btc,13.7792,mad_queue_pressure_spot_5bps_15s,mad_queue_pressure_5bps,Dynamics,btc,S2,15.0,Spot
z_queue_pressure_spot_1bps_5s_btc,13.7711,z_queue_pressure_spot_1bps_5s,z_queue_pressure_1bps,Normalization,btc,S2,5.0,Spot
refill_rate_shock_spot_5bps_5s_btc,13.7123,refill_rate_shock_spot_5bps_5s,refill_rate_shock_5bps,Dynamics,btc,S2,5.0,Spot
impact_per_signed_shock_fut_15s_btc,13.7098,impact_per_signed_shock_fut_15s,impact_per_signed_shock,Dynamics,btc,S3,,Futures
ca_vacuum_shock_fut_10bps_spread_15s_btceth,13.6126,ca_vacuum_shock_fut_10bps_spread_15s,ca_vacuum_shock_10bps_spread,Cross-Asset,btceth,S6,,Cross-Asset
flow_depth_align_fut_struct50_1s_btc,13.5668,flow_depth_align_fut_struct50_1s,flow_depth_align_struct50,Dynamics,btc,S2,,Futures
net_add_persist_fut_5bps_15s_btc,13.5132,net_add_persist_fut_5bps_15s,net_add_persist_5bps,Dynamics,btc,S5,15.0,Futures
mad_net_pressure_fut_10bps_5s_btc,13.4402,mad_net_pressure_fut_10bps_5s,mad_net_pressure_10bps,Dynamics,btc,S4,5.0,Futures
ca_depth_slope_spot_spread_60s_btceth,13.4379,ca_depth_slope_spot_spread_60s,ca_depth_slope_spread,Cross-Asset,btceth,S6,,Cross-Asset
mad_net_pressure_spot_5bps_15s_btc,13.3973,mad_net_pressure_spot_5bps_15s,mad_net_pressure_5bps,Dynamics,btc,S4,15.0,Spot
ca_regime_align_300s_btceth,13.3912,ca_regime_align_300s,ca_regime_align,Cross-Asset,btceth,S6,,Cross-Asset
vacuum_score_shock_fut_10bps_5s_btc,13.349,vacuum_score_shock_fut_10bps_5s,vacuum_score_shock_10bps,Dynamics,btc,S4,,Futures
mad_net_pressure_spot_10bps_15s_btc,13.3104,mad_net_pressure_spot_10bps_15s,mad_net_pressure_10bps,Dynamics,btc,S4,15.0,Spot
net_cancel_persist_fut_2bps_15s_btc,13.2911,net_cancel_persist_fut_2bps_15s,net_cancel_persist_2bps,Dynamics,btc,S5,15.0,Futures
net_add_pressure_fut_10bps_900s_btc,13.2868,net_add_pressure_fut_10bps_900s,net_add_pressure_10bps,Pressure,btc,S3,900.0,Futures
z_depth_gradient_spot_struct50_300s_btc,13.2748,z_depth_gradient_spot_struct50_300s,z_depth_gradient_struct50,Normalization,btc,S4,300.0,Spot
z_queue_pressure_fut_5bps_5s_btc,13.2317,z_queue_pressure_fut_5bps_5s,z_queue_pressure_5bps,Normalization,btc,S2,5.0,Futures
z_queue_pressure_spot_5bps_5s_btc,13.1771,z_queue_pressure_spot_5bps_5s,z_queue_pressure_5bps,Normalization,btc,S2,5.0,Spot
ca_lag_corr_eth_taker_lead_btc_ret_5s,13.1299,ca_lag_corr_eth_taker_lead_btc_ret_5s,ca_lag_corr_eth_taker_lead_btc_ret,Cross-Asset,btceth,S6,60.0,Cross-Asset
mad_vacuum_score_spot_10bps_60s_btc,13.0932,mad_vacuum_score_spot_10bps_60s,mad_vacuum_score_10bps,Dynamics,btc,S4,60.0,Spot
mad_absorption_break_spot_60s_btc,13.086,mad_absorption_break_spot_60s,mad_absorption_break,Dynamics,btc,S4,60.0,Spot
ca_pull_rate_shock_fut_5bps_spread_15s_btceth,12.9647,ca_pull_rate_shock_fut_5bps_spread_15s,ca_pull_rate_shock_5bps_spread,Cross-Asset,btceth,S6,,Cross-Asset
z_queue_pressure_fut_2bps_5s_btc,12.9254,z_queue_pressure_fut_2bps_5s,z_queue_pressure_2bps,Normalization,btc,S2,5.0,Futures
ca_net_pressure_persist_spot_5bps_spread_60s_btceth,12.8141,ca_net_pressure_persist_spot_5bps_spread_60s,ca_net_pressure_persist_5bps_spread,Cross-Asset,btceth,S6,,Cross-Asset
net_pressure_pct_rank_fut_2bps_15s_btc,12.7762,net_pressure_pct_rank_fut_2bps_15s,net_pressure_pct_rank_2bps,Pressure,btc,S4,15.0,Futures
mad_queue_pressure_spot_10bps_15s_btc,12.6414,mad_queue_pressure_spot_10bps_15s,mad_queue_pressure_10bps,Dynamics,btc,S2,15.0,Spot
net_cancel_robust_z_spot_5bps_15s_btc,12.6245,net_cancel_robust_z_spot_5bps_15s,net_cancel_robust_z_5bps,Pressure,btc,S5,15.0,Spot
impact_per_signed_shock_spot_60s_btc,12.6114,impact_per_signed_shock_spot_60s,impact_per_signed_shock,Dynamics,btc,S3,,Spot
net_cancel_persist_spot_10bps_60s_btc,12.5746,net_cancel_persist_spot_10bps_60s,net_cancel_persist_10bps,Dynamics,btc,S5,60.0,Spot
z_trade_absorption_ratio_fut_60s_btc,12.5398,z_trade_absorption_ratio_fut_60s,z_trade_absorption_ratio,Normalization,btc,S4,60.0,Futures
z_refill_rate_fut_2bps_60s_btc,12.5369,z_refill_rate_fut_2bps_60s,z_refill_rate_2bps,Normalization,btc,S3,60.0,Futures
median_vacuum_score_fut_5bps_60s_btc,12.4799,median_vacuum_score_fut_5bps_60s,median_vacuum_score_5bps,Dynamics,btc,S4,60.0,Futures
net_pressure_shock_spot_5bps_5s_btc,12.433,net_pressure_shock_spot_5bps_5s,net_pressure_shock_5bps,Dynamics,btc,S4,,Spot
absorption_volume_bid_spot_1bps_1s_btc,12.4144,absorption_volume_bid_spot_1bps_1s,absorption_volume_bid_1bps,Absorption,btc,S1,,Spot
avg_trade_size_spot_1s_btc,12.2171,avg_trade_size_spot_1s,avg_trade_size,Activity,btc,S1,,Spot
absorption_volume_ask_spot_1bps_1s_btc,12.1702,absorption_volume_ask_spot_1bps_1s,absorption_volume_ask_1bps,Absorption,btc,S1,,Spot
net_add_persist_fut_10bps_15s_btc,12.1393,net_add_persist_fut_10bps_15s,net_add_persist_10bps,Dynamics,btc,S5,15.0,Futures
queue_pressure_shock_spot_2bps_5s_btc,12.1329,queue_pressure_shock_spot_2bps_5s,queue_pressure_shock_2bps,Dynamics,btc,S2,5.0,Spot
absorb_refill_ask_fut_10bps_1s_btc,12.1207,absorb_refill_ask_fut_10bps_1s,absorb_refill_ask_10bps,Absorption,btc,S2,1.0,Futures
queue_pressure_shock_fut_5bps_5s_btc,12.1126,queue_pressure_shock_fut_5bps_5s,queue_pressure_shock_5bps,Dynamics,btc,S2,5.0,Futures
mad_net_pressure_spot_10bps_5s_btc,12.0036,mad_net_pressure_spot_10bps_5s,mad_net_pressure_10bps,Dynamics,btc,S4,5.0,Spot
d2_net_pressure_fut_1bps_15s_btc,11.9872,d2_net_pressure_fut_1bps_15s,d2_net_pressure_1bps,Dynamics,btc,S2,15.0,Futures
z_refill_rate_spot_2bps_5s_btc,11.8863,z_refill_rate_spot_2bps_5s,z_refill_rate_2bps,Normalization,btc,S2,5.0,Spot
z_taker_imbalance_fut_15s_btc,11.8381,z_taker_imbalance_fut_15s,z_taker_imbalance,Normalization,btc,S3,15.0,Futures
median_net_pressure_spot_2bps_15s_btc,11.8096,median_net_pressure_spot_2bps_15s,median_net_pressure_2bps,Dynamics,btc,S4,15.0,Spot
median_net_pressure_fut_1bps_15s_btc,11.7715,median_net_pressure_fut_1bps_15s,median_net_pressure_1bps,Dynamics,btc,S2,15.0,Futures
net_add_robust_z_fut_10bps_15s_btc,11.7526,net_add_robust_z_fut_10bps_15s,net_add_robust_z_10bps,Pressure,btc,S5,15.0,Futures
net_cancel_robust_z_spot_2bps_60s_btc,11.641,net_cancel_robust_z_spot_2bps_60s,net_cancel_robust_z_2bps,Pressure,btc,S5,60.0,Spot
queue_pressure_shock_spot_1bps_5s_btc,11.6047,queue_pressure_shock_spot_1bps_5s,queue_pressure_shock_1bps,Dynamics,btc,S2,5.0,Spot
ca_lag_corr_btc_taker_lead_eth_ret_5s,11.5606,ca_lag_corr_btc_taker_lead_eth_ret_5s,ca_lag_corr_btc_taker_lead_eth_ret,Cross-Asset,btceth,S6,60.0,Cross-Asset
refill_rate_shock_spot_2bps_5s_btc,11.521,refill_rate_shock_spot_2bps_5s,refill_rate_shock_2bps,Dynamics,btc,S2,5.0,Spot
queue_pressure_shock_fut_1bps_5s_btc,11.4972,queue_pressure_shock_fut_1bps_5s,queue_pressure_shock_1bps,Dynamics,btc,S2,5.0,Futures
net_cancel_persist_fut_5bps_60s_btc,11.4505,net_cancel_persist_fut_5bps_60s,net_cancel_persist_5bps,Dynamics,btc,S5,60.0,Futures
absorb_refill_ask_spot_2bps_1s_btc,11.4253,absorb_refill_ask_spot_2bps_1s,absorb_refill_ask_2bps,Absorption,btc,S2,1.0,Spot
queue_pressure_shock_spot_10bps_5s_btc,11.4033,queue_pressure_shock_spot_10bps_5s,queue_pressure_shock_10bps,Dynamics,btc,S2,5.0,Spot
z_queue_pressure_spot_1bps_1s_btc,11.3397,z_queue_pressure_spot_1bps_1s,z_queue_pressure_1bps,Normalization,btc,S2,5.0,Spot
mad_queue_pressure_fut_5bps_15s_btc,11.3191,mad_queue_pressure_fut_5bps_15s,mad_queue_pressure_5bps,Dynamics,btc,S2,15.0,Futures
net_add_persist_fut_10bps_60s_btc,11.2986,net_add_persist_fut_10bps_60s,net_add_persist_10bps,Dynamics,btc,S5,60.0,Futures
ca_vacuum_shock_spot_5bps_spread_60s_btceth,11.2266,ca_vacuum_shock_spot_5bps_spread_60s,ca_vacuum_shock_5bps_spread,Cross-Asset,btceth,S6,,Cross-Asset
median_net_pressure_fut_2bps_5s_btc,11.1933,median_net_pressure_fut_2bps_5s,median_net_pressure_2bps,Dynamics,btc,S4,5.0,Futures
flow_depth_align_fut_struct100_1s_btc,11.1359,flow_depth_align_fut_struct100_1s,flow_depth_align_struct100,Dynamics,btc,S2,,Futures
net_cancel_robust_z_fut_10bps_60s_btc,11.002,net_cancel_robust_z_fut_10bps_60s,net_cancel_robust_z_10bps,Pressure,btc,S5,60.0,Futures
queue_pressure_shock_spot_5bps_5s_btc,10.9081,queue_pressure_shock_spot_5bps_5s,queue_pressure_shock_5bps,Dynamics,btc,S2,5.0,Spot
median_vacuum_score_spot_10bps_60s_btc,10.8356,median_vacuum_score_spot_10bps_60s,median_vacuum_score_10bps,Dynamics,btc,S4,60.0,Spot
ca_vacuum_shock_spot_10bps_spread_60s_btceth,10.7917,ca_vacuum_shock_spot_10bps_spread_60s,ca_vacuum_shock_10bps_spread,Cross-Asset,btceth,S6,,Cross-Asset
liq_cluster_asymmetry_spot_struct100_60s_btc,10.6432,liq_cluster_asymmetry_spot_struct100_60s,liq_cluster_asymmetry_struct100,Bookshape,btc,S1,60.0,Spot
z_queue_pressure_spot_1bps_60s_btc,10.5466,z_queue_pressure_spot_1bps_60s,z_queue_pressure_1bps,Normalization,btc,S3,60.0,Spot
z_taker_imbalance_spot_60s_btc,10.5448,z_taker_imbalance_spot_60s,z_taker_imbalance,Normalization,btc,S3,60.0,Spot
impact_per_signed_shock_spot_15s_btc,10.4843,impact_per_signed_shock_spot_15s,impact_per_signed_shock,Dynamics,btc,S3,,Spot
queue_pressure_shock_fut_2bps_5s_btc,10.4506,queue_pressure_shock_fut_2bps_5s,queue_pressure_shock_2bps,Dynamics,btc,S2,5.0,Futures
z_pull_rate_spot_2bps_15s_btc,10.3922,z_pull_rate_spot_2bps_15s,z_pull_rate_2bps,Normalization,btc,S3,15.0,Spot
net_add_persist_spot_5bps_15s_btc,10.3356,net_add_persist_spot_5bps_15s,net_add_persist_5bps,Dynamics,btc,S5,15.0,Spot
taker_imbalance_fut_persist_15s_btc,10.3252,taker_imbalance_fut_persist_15s,taker_imbalance_persist,Dynamics,btc,S3,15.0,Futures
net_pressure_shock_fut_1bps_60s_btc,10.2538,net_pressure_shock_fut_1bps_60s,net_pressure_shock_1bps,Dynamics,btc,S2,60.0,Futures
median_vacuum_score_fut_10bps_60s_btc,10.2247,median_vacuum_score_fut_10bps_60s,median_vacuum_score_10bps,Dynamics,btc,S4,60.0,Futures
ca_vacuum_shock_spot_5bps_spread_15s_btceth,10.1621,ca_vacuum_shock_spot_5bps_spread_15s,ca_vacuum_shock_5bps_spread,Cross-Asset,btceth,S6,,Cross-Asset
net_add_robust_z_spot_10bps_15s_btc,10.1562,net_add_robust_z_spot_10bps_15s,net_add_robust_z_10bps,Pressure,btc,S5,15.0,Spot
z_avg_trade_size_fut_60s_btc,10.1331,z_avg_trade_size_fut_60s,z_avg_trade_size,Normalization,btc,S2,60.0,Futures
net_add_persist_fut_5bps_60s_btc,10.0946,net_add_persist_fut_5bps_60s,net_add_persist_5bps,Dynamics,btc,S5,60.0,Futures
ca_net_pressure_shock_fut_5bps_spread_15s_btceth,10.0446,ca_net_pressure_shock_fut_5bps_spread_15s,ca_net_pressure_shock_5bps_spread,Cross-Asset,btceth,S6,,Cross-Asset
net_cancel_robust_z_spot_10bps_15s_btc,10.0129,net_cancel_robust_z_spot_10bps_15s,net_cancel_robust_z_10bps,Pressure,btc,S5,15.0,Spot
z_queue_pressure_fut_1bps_60s_btc,10.0104,z_queue_pressure_fut_1bps_60s,z_queue_pressure_1bps,Normalization,btc,S3,60.0,Futures
d1_taker_imbalance_spot_5s_btc,9.9766,d1_taker_imbalance_spot_5s,d1_taker_imbalance,Dynamics,btc,S3,,Spot
refill_rate_shock_fut_2bps_5s_btc,9.9365,refill_rate_shock_fut_2bps_5s,refill_rate_shock_2bps,Dynamics,btc,S2,5.0,Futures
net_add_robust_z_spot_5bps_15s_btc,9.9224,net_add_robust_z_spot_5bps_15s,net_add_robust_z_5bps,Pressure,btc,S5,15.0,Spot
ca_pull_rate_shock_fut_5bps_spread_60s_btceth,9.9203,ca_pull_rate_shock_fut_5bps_spread_60s,ca_pull_rate_shock_5bps_spread,Cross-Asset,btceth,S6,,Cross-Asset
median_vacuum_score_fut_10bps_5s_btc,9.8374,median_vacuum_score_fut_10bps_5s,median_vacuum_score_10bps,Dynamics,btc,S4,5.0,Futures
net_pressure_shock_spot_1bps_60s_btc,9.8288,net_pressure_shock_spot_1bps_60s,net_pressure_shock_1bps,Dynamics,btc,S2,60.0,Spot
ca_vacuum_shock_fut_5bps_spread_15s_btceth,9.828,ca_vacuum_shock_fut_5bps_spread_15s,ca_vacuum_shock_5bps_spread,Cross-Asset,btceth,S6,,Cross-Asset
net_add_persist_spot_10bps_15s_btc,9.8123,net_add_persist_spot_10bps_15s,net_add_persist_10bps,Dynamics,btc,S5,15.0,Spot
flow_depth_align_spot_struct100_1s_btc,9.8077,flow_depth_align_spot_struct100_1s,flow_depth_align_struct100,Dynamics,btc,S2,,Spot
ca_net_pressure_fut_5bps_spread_60s_btceth,9.7935,ca_net_pressure_fut_5bps_spread_60s,ca_net_pressure_5bps_spread,Cross-Asset,btceth,S6,,Cross-Asset
net_add_persist_spot_2bps_15s_btc,9.7701,net_add_persist_spot_2bps_15s,net_add_persist_2bps,Dynamics,btc,S5,15.0,Spot
queue_pressure_shock_spot_2bps_60s_btc,9.7525,queue_pressure_shock_spot_2bps_60s,queue_pressure_shock_2bps,Dynamics,btc,S2,60.0,Spot
net_pressure_pct_rank_fut_5bps_15s_btc,9.7339,net_pressure_pct_rank_fut_5bps_15s,net_pressure_pct_rank_5bps,Pressure,btc,S4,15.0,Futures
median_net_pressure_fut_2bps_60s_btc,9.7166,median_net_pressure_fut_2bps_60s,median_net_pressure_2bps,Dynamics,btc,S4,60.0,Futures
net_add_persist_spot_2bps_60s_btc,9.6502,net_add_persist_spot_2bps_60s,net_add_persist_2bps,Dynamics,btc,S5,60.0,Spot
ca_vacuum_shock_spot_10bps_spread_15s_btceth,9.6347,ca_vacuum_shock_spot_10bps_spread_15s,ca_vacuum_shock_10bps_spread,Cross-Asset,btceth,S6,,Cross-Asset
net_cancel_persist_spot_5bps_60s_btc,9.5716,net_cancel_persist_spot_5bps_60s,net_cancel_persist_5bps,Dynamics,btc,S5,60.0,Spot
mad_queue_pressure_fut_2bps_15s_btc,9.5314,mad_queue_pressure_fut_2bps_15s,mad_queue_pressure_2bps,Dynamics,btc,S2,15.0,Futures
refill_vs_pull_spot_1bps_persist_15s_btc,9.5266,refill_vs_pull_spot_1bps_persist_15s,refill_vs_pull_1bps_persist,Dynamics,btc,S3,15.0,Spot
mad_queue_pressure_fut_2bps_5s_btc,9.5196,mad_queue_pressure_fut_2bps_5s,mad_queue_pressure_2bps,Dynamics,btc,S2,5.0,Futures
ca_depth_curvature_fut_spread_60s_btceth,9.4814,ca_depth_curvature_fut_spread_60s,ca_depth_curvature_spread,Cross-Asset,btceth,S6,,Cross-Asset
ca_net_pressure_spot_5bps_spread_300s_btceth,9.4693,ca_net_pressure_spot_5bps_spread_300s,ca_net_pressure_5bps_spread,Cross-Asset,btceth,S6,,Cross-Asset
ca_net_cancel_spot_5bps_spread_60s_btceth,9.458,ca_net_cancel_spot_5bps_spread_60s,ca_net_cancel_5bps_spread,Cross-Asset,btceth,S6,,Cross-Asset
impact_per_signed_spot_15s_btc,9.4175,impact_per_signed_spot_15s,impact_per_signed,Impact,btc,S2,15.0,Spot
z_queue_pressure_fut_5bps_1s_btc,9.4085,z_queue_pressure_fut_5bps_1s,z_queue_pressure_5bps,Normalization,btc,S2,5.0,Futures
net_cancel_robust_z_fut_5bps_15s_btc,9.3484,net_cancel_robust_z_fut_5bps_15s,net_cancel_robust_z_5bps,Pressure,btc,S5,15.0,Futures
ca_depth_curvature_fut_spread_15s_btceth,9.3431,ca_depth_curvature_fut_spread_15s,ca_depth_curvature_spread,Cross-Asset,btceth,S6,,Cross-Asset
net_add_persist_spot_5bps_60s_btc,9.3185,net_add_persist_spot_5bps_60s,net_add_persist_5bps,Dynamics,btc,S5,60.0,Spot
net_add_persist_spot_10bps_60s_btc,9.3047,net_add_persist_spot_10bps_60s,net_add_persist_10bps,Dynamics,btc,S5,60.0,Spot
z_pull_rate_fut_2bps_15s_btc,9.3004,z_pull_rate_fut_2bps_15s,z_pull_rate_2bps,Normalization,btc,S3,15.0,Futures
net_cancel_robust_z_fut_5bps_60s_btc,9.2661,net_cancel_robust_z_fut_5bps_60s,net_cancel_robust_z_5bps,Pressure,btc,S5,60.0,Futures
z_pull_rate_fut_1bps_15s_btc,9.228,z_pull_rate_fut_1bps_15s,z_pull_rate_1bps,Normalization,btc,S3,15.0,Futures
liq_cluster_asymmetry_fut_struct100_60s_btc,9.15,liq_cluster_asymmetry_fut_struct100_60s,liq_cluster_asymmetry_struct100,Bookshape,btc,S1,60.0,Futures
ca_vacuum_shock_fut_10bps_spread_60s_btceth,9.0672,ca_vacuum_shock_fut_10bps_spread_60s,ca_vacuum_shock_10bps_spread,Cross-Asset,btceth,S6,,Cross-Asset
z_pull_rate_spot_1bps_15s_btc,9.0398,z_pull_rate_spot_1bps_15s,z_pull_rate_1bps,Normalization,btc,S3,15.0,Spot
z_depth_gradient_spot_struct50_900s_btc,9.0143,z_depth_gradient_spot_struct50_900s,z_depth_gradient_struct50,Normalization,btc,S4,900.0,Spot
ca_depth_curvature_spot_spread_15s_btceth,8.9957,ca_depth_curvature_spot_spread_15s,ca_depth_curvature_spread,Cross-Asset,btceth,S6,,Cross-Asset
z_queue_pressure_fut_1bps_15s_btc,8.9905,z_queue_pressure_fut_1bps_15s,z_queue_pressure_1bps,Normalization,btc,S3,15.0,Futures
d1_taker_imbalance_fut_5s_btc,8.9516,d1_taker_imbalance_fut_5s,d1_taker_imbalance,Dynamics,btc,S3,,Futures
absorption_volume_bid_fut_1bps_15s_btc,8.9324,absorption_volume_bid_fut_1bps_15s,absorption_volume_bid_1bps,Absorption,btc,S1,15.0,Futures
taker_imbalance_fut_persist_60s_btc,8.8903,taker_imbalance_fut_persist_60s,taker_imbalance_persist,Dynamics,btc,S3,60.0,Futures
refill_vs_pull_fut_1bps_persist_15s_btc,8.863,refill_vs_pull_fut_1bps_persist_15s,refill_vs_pull_1bps_persist,Dynamics,btc,S3,15.0,Futures
z_taker_imbalance_spot_300s_btc,8.7937,z_taker_imbalance_spot_300s,z_taker_imbalance,Normalization,btc,S3,300.0,Spot
vacuum_score_shock_spot_5bps_5s_btc,8.7792,vacuum_score_shock_spot_5bps_5s,vacuum_score_shock_5bps,Dynamics,btc,S4,,Spot
absorption_volume_bid_spot_1bps_15s_btc,8.7736,absorption_volume_bid_spot_1bps_15s,absorption_volume_bid_1bps,Absorption,btc,S1,15.0,Spot
taker_imbalance_spot_persist_60s_btc,8.7533,taker_imbalance_spot_persist_60s,taker_imbalance_persist,Dynamics,btc,S3,60.0,Spot
ca_vacuum_shock_fut_5bps_spread_60s_btceth,8.6524,ca_vacuum_shock_fut_5bps_spread_60s,ca_vacuum_shock_5bps_spread,Cross-Asset,btceth,S6,,Cross-Asset
z_impact_per_signed_fut_15s_btc,8.647,z_impact_per_signed_fut_15s,z_impact_per_signed,Normalization,btc,S3,15.0,Futures
queue_pressure_shock_spot_10bps_15s_btc,8.631,queue_pressure_shock_spot_10bps_15s,queue_pressure_shock_10bps,Dynamics,btc,S2,15.0,Spot
net_add_robust_z_fut_5bps_15s_btc,8.6162,net_add_robust_z_fut_5bps_15s,net_add_robust_z_5bps,Pressure,btc,S5,15.0,Futures
median_vacuum_score_fut_5bps_15s_btc,8.5924,median_vacuum_score_fut_5bps_15s,median_vacuum_score_5bps,Dynamics,btc,S4,15.0,Futures
cancel_rate_bid_fut_1bps_1s_btc,8.5066,cancel_rate_bid_fut_1bps_1s,cancel_rate_bid_1bps,Liquidity Events,btc,S1,,Futures
d1_taker_imbalance_fut_15s_btc,8.4553,d1_taker_imbalance_fut_15s,d1_taker_imbalance,Dynamics,btc,S3,,Futures
net_pressure_pct_rank_fut_5bps_5s_btc,8.3398,net_pressure_pct_rank_fut_5bps_5s,net_pressure_pct_rank_5bps,Pressure,btc,S4,5.0,Futures
net_pressure_shock_spot_10bps_15s_btc,8.3347,net_pressure_shock_spot_10bps_15s,net_pressure_shock_10bps,Dynamics,btc,S4,,Spot
d1_taker_imbalance_spot_15s_btc,8.2811,d1_taker_imbalance_spot_15s,d1_taker_imbalance,Dynamics,btc,S3,,Spot
absorb_refill_bid_fut_10bps_1s_btc,8.2732,absorb_refill_bid_fut_10bps_1s,absorb_refill_bid_10bps,Absorption,btc,S2,1.0,Futures
net_add_robust_z_fut_2bps_15s_btc,8.2726,net_add_robust_z_fut_2bps_15s,net_add_robust_z_2bps,Pressure,btc,S5,15.0,Futures
net_pressure_shock_fut_10bps_15s_btc,8.2535,net_pressure_shock_fut_10bps_15s,net_pressure_shock_10bps,Dynamics,btc,S4,,Futures
absorption_volume_ask_spot_1bps_15s_btc,8.2363,absorption_volume_ask_spot_1bps_15s,absorption_volume_ask_1bps,Absorption,btc,S1,15.0,Spot
median_net_pressure_fut_2bps_15s_btc,8.187,median_net_pressure_fut_2bps_15s,median_net_pressure_2bps,Dynamics,btc,S4,15.0,Futures
queue_pressure_shock_fut_2bps_60s_btc,8.1666,queue_pressure_shock_fut_2bps_60s,queue_pressure_shock_2bps,Dynamics,btc,S2,60.0,Futures
net_cancel_robust_z_spot_2bps_15s_btc,8.1489,net_cancel_robust_z_spot_2bps_15s,net_cancel_robust_z_2bps,Pressure,btc,S5,15.0,Spot
median_vacuum_score_spot_5bps_15s_btc,8.135,median_vacuum_score_spot_5bps_15s,median_vacuum_score_5bps,Dynamics,btc,S4,15.0,Spot
net_add_robust_z_spot_2bps_15s_btc,8.0223,net_add_robust_z_spot_2bps_15s,net_add_robust_z_2bps,Pressure,btc,S5,15.0,Spot
absorption_volume_ask_fut_1bps_15s_btc,8.0183,absorption_volume_ask_fut_1bps_15s,absorption_volume_ask_1bps,Absorption,btc,S1,15.0,Futures
net_cancel_robust_z_fut_2bps_15s_btc,7.9505,net_cancel_robust_z_fut_2bps_15s,net_cancel_robust_z_2bps,Pressure,btc,S5,15.0,Futures
queue_pressure_shock_fut_5bps_60s_btc,7.784,queue_pressure_shock_fut_5bps_60s,queue_pressure_shock_5bps,Dynamics,btc,S2,60.0,Futures
z_refill_rate_fut_1bps_15s_btc,7.7275,z_refill_rate_fut_1bps_15s,z_refill_rate_1bps,Normalization,btc,S3,15.0,Futures
z_taker_imbalance_fut_1s_btc,7.7265,z_taker_imbalance_fut_1s,z_taker_imbalance,Normalization,btc,S2,5.0,Futures
trade_count_fut_div_1s_btc,7.7115,trade_count_fut_div_1s,trade_count_div,Cross-Market,btc,S1,,Futures
ca_regime_align_60s_btceth,7.6846,ca_regime_align_60s,ca_regime_align,Cross-Asset,btceth,S6,,Cross-Asset
net_pressure_shock_spot_10bps_5s_btc,7.5663,net_pressure_shock_spot_10bps_5s,net_pressure_shock_10bps,Dynamics,btc,S4,,Spot
z_queue_pressure_fut_2bps_1s_btc,7.5627,z_queue_pressure_fut_2bps_1s,z_queue_pressure_2bps,Normalization,btc,S2,5.0,Futures
z_queue_pressure_spot_1bps_15s_btc,7.5198,z_queue_pressure_spot_1bps_15s,z_queue_pressure_1bps,Normalization,btc,S3,15.0,Spot
d2_pull_rate_fut_2bps_15s_btc,7.5095,d2_pull_rate_fut_2bps_15s,d2_pull_rate_2bps,Dynamics,btc,S3,,Futures
median_net_pressure_fut_5bps_15s_btc,7.4914,median_net_pressure_fut_5bps_15s,median_net_pressure_5bps,Dynamics,btc,S4,15.0,Futures
median_vacuum_score_fut_10bps_15s_btc,7.3417,median_vacuum_score_fut_10bps_15s,median_vacuum_score_10bps,Dynamics,btc,S4,15.0,Futures
median_vacuum_score_spot_5bps_5s_btc,7.2833,median_vacuum_score_spot_5bps_5s,median_vacuum_score_5bps,Dynamics,btc,S4,5.0,Spot
d2_taker_imbalance_spot_5s_btc,7.2825,d2_taker_imbalance_spot_5s,d2_taker_imbalance,Dynamics,btc,S3,,Spot
ca_taker_imb_shock_spread_15s_btceth,7.2743,ca_taker_imb_shock_spread_15s,ca_taker_imb_shock_spread,Cross-Asset,btceth,S6,,Cross-Asset
z_queue_pressure_fut_1bps_1s_btc,7.2442,z_queue_pressure_fut_1bps_1s,z_queue_pressure_1bps,Normalization,btc,S2,5.0,Futures
ca_depth_slope_fut_spread_60s_btceth,7.1513,ca_depth_slope_fut_spread_60s,ca_depth_slope_spread,Cross-Asset,btceth,S6,,Cross-Asset
d2_taker_imbalance_fut_5s_btc,7.0734,d2_taker_imbalance_fut_5s,d2_taker_imbalance,Dynamics,btc,S3,,Futures
ca_impact_shock_spot_spread_60s_btceth,7.0624,ca_impact_shock_spot_spread_60s,ca_impact_shock_spread,Cross-Asset,btceth,S6,,Cross-Asset
median_vacuum_score_spot_10bps_5s_btc,6.9557,median_vacuum_score_spot_10bps_5s,median_vacuum_score_10bps,Dynamics,btc,S4,5.0,Spot
absorption_volume_ask_fut_1bps_1s_btc,6.9391,absorption_volume_ask_fut_1bps_1s,absorption_volume_ask_1bps,Absorption,btc,S1,,Futures
impact_per_signed_shock_fut_60s_btc,6.8811,impact_per_signed_shock_fut_60s,impact_per_signed_shock,Dynamics,btc,S3,,Futures
volume_fut_div_delta_1s_btc,6.8648,volume_fut_div_delta_1s,volume_div_delta,Cross-Market,btc,S1,,Futures
impact_per_signed_fut_60s_btc,6.8613,impact_per_signed_fut_60s,impact_per_signed,Impact,btc,S2,60.0,Futures
ca_impact_shock_spot_spread_15s_btceth,6.6073,ca_impact_shock_spot_spread_15s,ca_impact_shock_spread,Cross-Asset,btceth,S6,,Cross-Asset
d2_pull_rate_fut_1bps_15s_btc,6.5732,d2_pull_rate_fut_1bps_15s,d2_pull_rate_1bps,Dynamics,btc,S3,,Futures
z_refill_rate_fut_2bps_15s_btc,6.5611,z_refill_rate_fut_2bps_15s,z_refill_rate_2bps,Normalization,btc,S3,15.0,Futures
ca_taker_imb_fut_spread_15s_btceth,6.5565,ca_taker_imb_fut_spread_15s,ca_taker_imb_spread,Cross-Asset,btceth,S6,,Cross-Asset
ca_taker_imb_persist_spot_spread_60s_btceth,6.5562,ca_taker_imb_persist_spot_spread_60s,ca_taker_imb_persist_spread,Cross-Asset,btceth,S6,,Cross-Asset
queue_pressure_shock_fut_10bps_15s_btc,6.4337,queue_pressure_shock_fut_10bps_15s,queue_pressure_shock_10bps,Dynamics,btc,S2,15.0,Futures
z_taker_imbalance_spot_1s_btc,6.3452,z_taker_imbalance_spot_1s,z_taker_imbalance,Normalization,btc,S2,5.0,Spot
net_pressure_shock_fut_1bps_15s_btc,6.3205,net_pressure_shock_fut_1bps_15s,net_pressure_shock_1bps,Dynamics,btc,S2,15.0,Futures
median_net_pressure_fut_10bps_60s_btc,6.3029,median_net_pressure_fut_10bps_60s,median_net_pressure_10bps,Dynamics,btc,S4,60.0,Futures
d2_taker_imbalance_spot_15s_btc,6.2402,d2_taker_imbalance_spot_15s,d2_taker_imbalance,Dynamics,btc,S3,,Spot
z_taker_imbalance_spot_15s_btc,6.2318,z_taker_imbalance_spot_15s,z_taker_imbalance,Normalization,btc,S3,15.0,Spot
z_refill_rate_spot_1bps_15s_btc,6.2301,z_refill_rate_spot_1bps_15s,z_refill_rate_1bps,Normalization,btc,S3,15.0,Spot
queue_pressure_shock_spot_2bps_15s_btc,6.2007,queue_pressure_shock_spot_2bps_15s,queue_pressure_shock_2bps,Dynamics,btc,S2,15.0,Spot
impact_per_signed_fut_15s_btc,6.1528,impact_per_signed_fut_15s,impact_per_signed,Impact,btc,S2,15.0,Futures
queue_pressure_shock_fut_5bps_15s_btc,6.1493,queue_pressure_shock_fut_5bps_15s,queue_pressure_shock_5bps,Dynamics,btc,S2,15.0,Futures
trade_count_spot_div_1s_btc,6.0916,trade_count_spot_div_1s,trade_count_div,Cross-Market,btc,S1,,Spot
z_net_cancel_sf_5bps_900s_btc,6.0665,z_net_cancel_sf_5bps_900s,z_net_cancel_sf_5bps,Cross-Market,btc,S5,900.0,Spot|Futures
ca_impact_eff_fut_spread_60s_btceth,6.0391,ca_impact_eff_fut_spread_60s,ca_impact_eff_spread,Cross-Asset,btceth,S6,,Cross-Asset
z_refill_rate_spot_2bps_15s_btc,5.9423,z_refill_rate_spot_2bps_15s,z_refill_rate_2bps,Normalization,btc,S3,15.0,Spot
median_vacuum_score_fut_5bps_5s_btc,5.8966,median_vacuum_score_fut_5bps_5s,median_vacuum_score_5bps,Dynamics,btc,S4,5.0,Futures
ca_impact_shock_fut_spread_15s_btceth,5.8831,ca_impact_shock_fut_spread_15s,ca_impact_shock_spread,Cross-Asset,btceth,S6,,Cross-Asset
z_impact_per_signed_fut_60s_btc,5.6067,z_impact_per_signed_fut_60s,z_impact_per_signed,Normalization,btc,S3,60.0,Futures
impact_per_signed_fut_5s_btc,5.587,impact_per_signed_fut_5s,impact_per_signed,Impact,btc,S2,5.0,Futures
median_net_pressure_fut_5bps_60s_btc,5.538,median_net_pressure_fut_5bps_60s,median_net_pressure_5bps,Dynamics,btc,S4,60.0,Futures
ca_impact_eff_fut_spread_15s_btceth,5.5351,ca_impact_eff_fut_spread_15s,ca_impact_eff_spread,Cross-Asset,btceth,S6,,Cross-Asset
ca_depth_slope_spot_spread_15s_btceth,5.5,ca_depth_slope_spot_spread_15s,ca_depth_slope_spread,Cross-Asset,btceth,S6,,Cross-Asset
ca_impact_shock_fut_spread_60s_btceth,5.4724,ca_impact_shock_fut_spread_60s,ca_impact_shock_spread,Cross-Asset,btceth,S6,,Cross-Asset
impact_per_signed_spot_5s_btc,5.431,impact_per_signed_spot_5s,impact_per_signed,Impact,btc,S2,5.0,Spot
d2_taker_imbalance_fut_15s_btc,5.4281,d2_taker_imbalance_fut_15s,d2_taker_imbalance,Dynamics,btc,S3,,Futures
absorption_break_shock_fut_15s_btc,5.3295,absorption_break_shock_fut_15s,absorption_break_shock,Dynamics,btc,S5,,Futures
net_cancel_robust_z_fut_2bps_60s_btc,5.3106,net_cancel_robust_z_fut_2bps_60s,net_cancel_robust_z_2bps,Pressure,btc,S5,60.0,Futures
queue_pressure_shock_spot_5bps_15s_btc,5.2594,queue_pressure_shock_spot_5bps_15s,queue_pressure_shock_5bps,Dynamics,btc,S2,15.0,Spot
ca_depth_slope_fut_spread_15s_btceth,5.2509,ca_depth_slope_fut_spread_15s,ca_depth_slope_spread,Cross-Asset,btceth,S6,,Cross-Asset
absorption_break_shock_fut_60s_btc,5.2227,absorption_break_shock_fut_60s,absorption_break_shock,Dynamics,btc,S4,,Futures
z_net_add_sf_5bps_900s_btc,5.1987,z_net_add_sf_5bps_900s,z_net_add_sf_5bps,Cross-Market,btc,S5,900.0,Spot|Futures
ca_taker_imb_fut_spread_60s_btceth,5.1227,ca_taker_imb_fut_spread_60s,ca_taker_imb_spread,Cross-Asset,btceth,S6,,Cross-Asset
z_avg_trade_size_spot_60s_btc,5.0871,z_avg_trade_size_spot_60s,z_avg_trade_size,Normalization,btc,S2,60.0,Spot
net_pressure_logratio_2bps_5bps_fut_5s_btc,5.0637,net_pressure_logratio_2bps_5bps_fut_5s,net_pressure_logratio_2bps_5bps,Pressure,btc,S4,5.0,Futures
ca_queue_pressure_spot_1bps_spread_15s_btceth,4.9925,ca_queue_pressure_spot_1bps_spread_15s,ca_queue_pressure_1bps_spread,Cross-Asset,btceth,S6,,Cross-Asset
queue_pressure_shock_fut_10bps_5s_btc,4.775,queue_pressure_shock_fut_10bps_5s,queue_pressure_shock_10bps,Dynamics,btc,S2,5.0,Futures
net_pressure_shock_spot_1bps_5s_btc,4.7329,net_pressure_shock_spot_1bps_5s,net_pressure_shock_1bps,Dynamics,btc,S2,5.0,Spot
absorption_break_shock_spot_15s_btc,4.7173,absorption_break_shock_spot_15s,absorption_break_shock,Dynamics,btc,S5,,Spot
net_pressure_shock_fut_10bps_5s_btc,4.7006,net_pressure_shock_fut_10bps_5s,net_pressure_shock_10bps,Dynamics,btc,S4,,Futures
volume_sf_div_delta_300s_btc,4.6339,volume_sf_div_delta_300s,volume_sf_div_delta,Cross-Market,btc,S3,,Spot|Futures
queue_pressure_shock_fut_2bps_15s_btc,4.582,queue_pressure_shock_fut_2bps_15s,queue_pressure_shock_2bps,Dynamics,btc,S2,15.0,Futures
ca_queue_pressure_spot_1bps_spread_60s_btceth,4.4716,ca_queue_pressure_spot_1bps_spread_60s,ca_queue_pressure_1bps_spread,Cross-Asset,btceth,S6,,Cross-Asset
z_refill_rate_fut_1bps_5s_btc,4.4474,z_refill_rate_fut_1bps_5s,z_refill_rate_1bps,Normalization,btc,S3,5.0,Futures
ca_taker_imb_spot_spread_60s_btceth,4.4429,ca_taker_imb_spot_spread_60s,ca_taker_imb_spread,Cross-Asset,btceth,S6,,Cross-Asset
net_pressure_logratio_2bps_5bps_spot_5s_btc,4.4355,net_pressure_logratio_2bps_5bps_spot_5s,net_pressure_logratio_2bps_5bps,Pressure,btc,S4,5.0,Spot
z_refill_rate_spot_1bps_5s_btc,4.3151,z_refill_rate_spot_1bps_5s,z_refill_rate_1bps,Normalization,btc,S3,5.0,Spot
ca_queue_pressure_fut_1bps_spread_60s_btceth,4.303,ca_queue_pressure_fut_1bps_spread_60s,ca_queue_pressure_1bps_spread,Cross-Asset,btceth,S6,,Cross-Asset
net_pressure_logratio_5bps_10bps_fut_5s_btc,4.2956,net_pressure_logratio_5bps_10bps_fut_5s,net_pressure_logratio_5bps_10bps,Pressure,btc,S4,5.0,Futures
ca_taker_imb_persist_spot_spread_15s_btceth,4.1542,ca_taker_imb_persist_spot_spread_15s,ca_taker_imb_persist_spread,Cross-Asset,btceth,S6,,Cross-Asset
net_pressure_shock_fut_1bps_5s_btc,4.1485,net_pressure_shock_fut_1bps_5s,net_pressure_shock_1bps,Dynamics,btc,S2,5.0,Futures
net_pressure_shock_fut_5bps_5s_btc,4.1347,net_pressure_shock_fut_5bps_5s,net_pressure_shock_5bps,Dynamics,btc,S4,,Futures
net_pressure_logratio_5bps_10bps_spot_5s_btc,4.0987,net_pressure_logratio_5bps_10bps_spot_5s,net_pressure_logratio_5bps_10bps,Pressure,btc,S4,5.0,Spot
absorption_break_shock_spot_60s_btc,3.9559,absorption_break_shock_spot_60s,absorption_break_shock,Dynamics,btc,S4,,Spot
ca_absorb_break_shock_spot_spread_15s_btceth,3.9229,ca_absorb_break_shock_spot_spread_15s,ca_absorb_break_shock_spread,Cross-Asset,btceth,S6,,Cross-Asset
z_impact_per_signed_fut_5s_btc,3.8187,z_impact_per_signed_fut_5s,z_impact_per_signed,Normalization,btc,S3,5.0,Futures
ca_taker_imb_persist_fut_spread_60s_btceth,3.7704,ca_taker_imb_persist_fut_spread_60s,ca_taker_imb_persist_spread,Cross-Asset,btceth,S6,,Cross-Asset
net_pressure_shock_spot_1bps_15s_btc,3.589,net_pressure_shock_spot_1bps_15s,net_pressure_shock_1bps,Dynamics,btc,S2,15.0,Spot
ca_absorb_break_shock_fut_spread_15s_btceth,3.5652,ca_absorb_break_shock_fut_spread_15s,ca_absorb_break_shock_spread,Cross-Asset,btceth,S6,,Cross-Asset
ca_taker_imb_spot_spread_15s_btceth,3.5423,ca_taker_imb_spot_spread_15s,ca_taker_imb_spread,Cross-Asset,btceth,S6,,Cross-Asset
ca_taker_imb_persist_fut_spread_15s_btceth,3.4929,ca_taker_imb_persist_fut_spread_15s,ca_taker_imb_persist_spread,Cross-Asset,btceth,S6,,Cross-Asset
ca_queue_pressure_fut_1bps_spread_15s_btceth,3.3934,ca_queue_pressure_fut_1bps_spread_15s,ca_queue_pressure_1bps_spread,Cross-Asset,btceth,S6,,Cross-Asset
volume_sf_div_delta_900s_btc,3.206,volume_sf_div_delta_900s,volume_sf_div_delta,Cross-Market,btc,S3,,Spot|Futures
trade_absorption_ratio_spot_1s_btc,3.1885,trade_absorption_ratio_spot_1s,trade_absorption_ratio,Absorption,btc,S2,1.0,Spot
liq_imb_sf_struct100_900s_btc,2.4941,liq_imb_sf_struct100_900s,liq_imb_sf_struct100,Cross-Market,btc,S2,900.0,Cross
volume_spot_div_delta_1s_btc,2.4787,volume_spot_div_delta_1s,volume_div_delta,Cross-Market,btc,S1,,Spot
z_taker_imbalance_spot_5s_btc,2.3884,z_taker_imbalance_spot_5s,z_taker_imbalance,Normalization,btc,S3,5.0,Spot
net_cancel_sf_5bps_900s_btc,2.089,net_cancel_sf_5bps_900s,net_cancel_sf_5bps,Cross-Market,btc,S4,,Spot|Futures
z_taker_imbalance_fut_5s_btc,2.0022,z_taker_imbalance_fut_5s,z_taker_imbalance,Normalization,btc,S3,5.0,Futures
liq_imb_sf_struct100_300s_btc,1.7652,liq_imb_sf_struct100_300s,liq_imb_sf_struct100,Cross-Market,btc,S2,300.0,Cross
net_add_sf_5bps_900s_btc,1.7077,net_add_sf_5bps_900s,net_add_sf_5bps,Cross-Market,btc,S4,,Spot|Futures
