column,vif,bare_name,base_concept,group,asset,stage,window_s,market_scope
aggressor_absorption_ratio_spot_5bps_60s_eth,10434.6912,aggressor_absorption_ratio_spot_5bps_60s,aggressor_absorption_ratio_5bps,Absorption,eth,S2,60.0,Spot
lwp_mid_10bps_spot_900s_eth,10031.8936,lwp_mid_10bps_spot_900s,lwp_mid_10bps,Price,eth,S1,900.0,Spot
lwp_mid_struct100_spot_900s_eth,10016.8118,lwp_mid_struct100_spot_900s,lwp_mid_struct100,Price,eth,S1,900.0,Spot
lwp_mid_struct50_spot_900s_eth,10002.5565,lwp_mid_struct50_spot_900s,lwp_mid_struct50,Price,eth,S1,900.0,Spot
lwp_mid_10bps_spot_1s_eth,9793.1722,lwp_mid_10bps_spot_1s,lwp_mid_10bps,Price,eth,S0,,Spot
lwp_bid_10bps_spot_1s_eth,9793.1501,lwp_bid_10bps_spot_1s,lwp_bid_10bps,Price,eth,S0,,Spot
lwp_mid_5bps_spot_1s_eth,9793.0412,lwp_mid_5bps_spot_1s,lwp_mid_5bps,Price,eth,S0,,Spot
lwp_ask_5bps_spot_1s_eth,9793.0366,lwp_ask_5bps_spot_1s,lwp_ask_5bps,Price,eth,S0,,Spot
best_ask_spot_1s_eth,9793.0172,best_ask_spot_1s,best_ask,Price,eth,S0,,Spot
mid_spot_1s_eth,9793.0054,mid_spot_1s,mid,Price,eth,S0,,Spot
best_bid_spot_1s_eth,9792.9935,best_bid_spot_1s,best_bid,Price,eth,S0,,Spot
lwp_ask_10bps_spot_1s_eth,9792.9819,lwp_ask_10bps_spot_1s,lwp_ask_10bps,Price,eth,S0,,Spot
lwp_mid_struct50_spot_1s_eth,9792.9628,lwp_mid_struct50_spot_1s,lwp_mid_struct50,Price,eth,S0,,Spot
lwp_bid_5bps_spot_1s_eth,9792.9236,lwp_bid_5bps_spot_1s,lwp_bid_5bps,Price,eth,S0,,Spot
lwp_mid_struct100_spot_1s_eth,9792.7057,lwp_mid_struct100_spot_1s,lwp_mid_struct100,Price,eth,S0,,Spot
basis_vwap_sf_60s_eth,9763.2225,basis_vwap_sf_60s,basis_vwap_sf,Cross-Market,eth,S3,60.0,Spot|Futures
lwp_bid_struct50_spot_1s_eth,9751.8735,lwp_bid_struct50_spot_1s,lwp_bid_struct50,Price,eth,S0,,Spot
lwp_ask_struct50_spot_1s_eth,9738.392,lwp_ask_struct50_spot_1s,lwp_ask_struct50,Price,eth,S0,,Spot
lwp_ask_5bps_fut_1s_eth,9736.5102,lwp_ask_5bps_fut_1s,lwp_ask_5bps,Price,eth,S0,,Futures
lwp_mid_5bps_fut_1s_eth,9736.4169,lwp_mid_5bps_fut_1s,lwp_mid_5bps,Price,eth,S0,,Futures
lwp_bid_10bps_fut_1s_eth,9736.2882,lwp_bid_10bps_fut_1s,lwp_bid_10bps,Price,eth,S0,,Futures
lwp_bid_5bps_fut_1s_eth,9736.2633,lwp_bid_5bps_fut_1s,lwp_bid_5bps,Price,eth,S0,,Futures
lwp_mid_10bps_fut_1s_eth,9735.9494,lwp_mid_10bps_fut_1s,lwp_mid_10bps,Price,eth,S0,,Futures
lwp_ask_10bps_fut_1s_eth,9735.3448,lwp_ask_10bps_fut_1s,lwp_ask_10bps,Price,eth,S0,,Futures
lwp_mid_struct100_fut_1s_eth,9569.3951,lwp_mid_struct100_fut_1s,lwp_mid_struct100,Price,eth,S0,,Futures
best_ask_fut_1s_eth,9568.7101,best_ask_fut_1s,best_ask,Price,eth,S0,,Futures
mid_fut_1s_eth,9568.5812,mid_fut_1s,mid,Price,eth,S0,,Futures
best_bid_fut_1s_eth,9568.4512,best_bid_fut_1s,best_bid,Price,eth,S0,,Futures
lwp_mid_struct50_fut_1s_eth,9568.1508,lwp_mid_struct50_fut_1s,lwp_mid_struct50,Price,eth,S0,,Futures
lwp_bid_2bps_spot_1s_eth,9554.6896,lwp_bid_2bps_spot_1s,lwp_bid_2bps,Price,eth,S0,,Spot
lwp_mid_2bps_spot_1s_eth,9551.6086,lwp_mid_2bps_spot_1s,lwp_mid_2bps,Price,eth,S0,,Spot
lwp_ask_2bps_spot_1s_eth,9548.3565,lwp_ask_2bps_spot_1s,lwp_ask_2bps,Price,eth,S0,,Spot
lwp_bid_struct50_fut_1s_eth,9546.7363,lwp_bid_struct50_fut_1s,lwp_bid_struct50,Price,eth,S0,,Futures
lwp_ask_struct50_fut_1s_eth,9542.2487,lwp_ask_struct50_fut_1s,lwp_ask_struct50,Price,eth,S0,,Futures
lwp_bid_struct100_spot_1s_eth,9534.6818,lwp_bid_struct100_spot_1s,lwp_bid_struct100,Price,eth,S0,,Spot
lwp_ask_struct100_spot_1s_eth,9516.3177,lwp_ask_struct100_spot_1s,lwp_ask_struct100,Price,eth,S0,,Spot
lwp_bid_struct100_fut_1s_eth,9501.9757,lwp_bid_struct100_fut_1s,lwp_bid_struct100,Price,eth,S0,,Futures
lwp_ask_struct100_fut_1s_eth,9468.1114,lwp_ask_struct100_fut_1s,lwp_ask_struct100,Price,eth,S0,,Futures
lwp_bid_2bps_fut_1s_eth,9430.2247,lwp_bid_2bps_fut_1s,lwp_bid_2bps,Price,eth,S0,,Futures
lwp_mid_2bps_fut_1s_eth,9428.0951,lwp_mid_2bps_fut_1s,lwp_mid_2bps,Price,eth,S0,,Futures
lwp_ask_2bps_fut_1s_eth,9425.9192,lwp_ask_2bps_fut_1s,lwp_ask_2bps,Price,eth,S0,,Futures
lwp_mid_struct50_spot_300s_eth,9401.678,lwp_mid_struct50_spot_300s,lwp_mid_struct50,Price,eth,S1,300.0,Spot
lwp_mid_struct100_spot_300s_eth,9393.7526,lwp_mid_struct100_spot_300s,lwp_mid_struct100,Price,eth,S1,300.0,Spot
lwp_mid_10bps_spot_300s_eth,9380.1481,lwp_mid_10bps_spot_300s,lwp_mid_10bps,Price,eth,S1,300.0,Spot
lwp_ask_1bps_fut_1s_eth,9305.7212,lwp_ask_1bps_fut_1s,lwp_ask_1bps,Price,eth,S0,,Futures
lwp_mid_1bps_fut_1s_eth,9305.1865,lwp_mid_1bps_fut_1s,lwp_mid_1bps,Price,eth,S0,,Futures
lwp_bid_1bps_fut_1s_eth,9304.6268,lwp_bid_1bps_fut_1s,lwp_bid_1bps,Price,eth,S0,,Futures
lwp_mid_struct100_spot_60s_eth,9019.3866,lwp_mid_struct100_spot_60s,lwp_mid_struct100,Price,eth,S1,60.0,Spot
lwp_mid_struct50_spot_60s_eth,9016.897,lwp_mid_struct50_spot_60s,lwp_mid_struct50,Price,eth,S1,60.0,Spot
lwp_mid_10bps_spot_60s_eth,9015.9581,lwp_mid_10bps_spot_60s,lwp_mid_10bps,Price,eth,S1,60.0,Spot
lwp_ask_1bps_spot_1s_eth,8783.4707,lwp_ask_1bps_spot_1s,lwp_ask_1bps,Price,eth,S0,,Spot
lwp_mid_1bps_spot_1s_eth,8783.3941,lwp_mid_1bps_spot_1s,lwp_mid_1bps,Price,eth,S0,,Spot
lwp_bid_1bps_spot_1s_eth,8783.2803,lwp_bid_1bps_spot_1s,lwp_bid_1bps,Price,eth,S0,,Spot
aggressor_absorption_ratio_spot_2bps_60s_eth,8235.1001,aggressor_absorption_ratio_spot_2bps_60s,aggressor_absorption_ratio_2bps,Absorption,eth,S2,60.0,Spot
lwp_mid_struct100_fut_900s_eth,8068.7937,lwp_mid_struct100_fut_900s,lwp_mid_struct100,Price,eth,S1,900.0,Futures
lwp_mid_struct50_fut_900s_eth,8050.5444,lwp_mid_struct50_fut_900s,lwp_mid_struct50,Price,eth,S1,900.0,Futures
pull_rate_fut_1bps_60s_eth,7973.7624,pull_rate_fut_1bps_60s,pull_rate_1bps,Liquidity Events,eth,S1,60.0,Futures
lwp_mid_struct50_fut_300s_eth,7871.5144,lwp_mid_struct50_fut_300s,lwp_mid_struct50,Price,eth,S1,300.0,Futures
lwp_mid_struct100_fut_300s_eth,7854.7809,lwp_mid_struct100_fut_300s,lwp_mid_struct100,Price,eth,S1,300.0,Futures
lwp_mid_5bps_spot_900s_eth,7807.1611,lwp_mid_5bps_spot_900s,lwp_mid_5bps,Price,eth,S1,900.0,Spot
lwp_mid_struct50_fut_60s_eth,7545.0228,lwp_mid_struct50_fut_60s,lwp_mid_struct50,Price,eth,S1,60.0,Futures
lwp_mid_struct100_fut_60s_eth,7541.9718,lwp_mid_struct100_fut_60s,lwp_mid_struct100,Price,eth,S1,60.0,Futures
lwp_mid_5bps_fut_900s_eth,7135.9096,lwp_mid_5bps_fut_900s,lwp_mid_5bps,Price,eth,S1,900.0,Futures
lwp_mid_5bps_spot_300s_eth,7089.715,lwp_mid_5bps_spot_300s,lwp_mid_5bps,Price,eth,S1,300.0,Spot
net_cancel_spot_2bps_1s_eth,7058.1924,net_cancel_spot_2bps_1s,net_cancel_2bps,Pressure,eth,S3,1.0,Spot
net_cancel_pressure_spot_2bps_1s_eth,7058.1924,net_cancel_pressure_spot_2bps_1s,net_cancel_pressure_2bps,Pressure,eth,S2,1.0,Spot
net_add_pressure_spot_2bps_1s_eth,6983.0976,net_add_pressure_spot_2bps_1s,net_add_pressure_2bps,Pressure,eth,S2,1.0,Spot
net_add_spot_2bps_1s_eth,6983.0976,net_add_spot_2bps_1s,net_add_2bps,Pressure,eth,S3,1.0,Spot
lwp_mid_5bps_fut_300s_eth,6873.0691,lwp_mid_5bps_fut_300s,lwp_mid_5bps,Price,eth,S1,300.0,Futures
pull_rate_spot_1bps_60s_eth,6799.396,pull_rate_spot_1bps_60s,pull_rate_1bps,Liquidity Events,eth,S1,60.0,Spot
net_add_spot_2bps_15s_eth,6798.1471,net_add_spot_2bps_15s,net_add_2bps,Pressure,eth,S4,15.0,Spot
net_add_pressure_spot_2bps_15s_eth,6798.0745,net_add_pressure_spot_2bps_15s,net_add_pressure_2bps,Pressure,eth,S3,15.0,Spot
net_pressure_spot_2bps_15s_eth,6798.0745,net_pressure_spot_2bps_15s,net_pressure_2bps,Pressure,eth,S3,15.0,Spot
net_add_fut_2bps_15s_eth,6722.7797,net_add_fut_2bps_15s,net_add_2bps,Pressure,eth,S4,15.0,Futures
net_pressure_fut_2bps_15s_eth,6722.7522,net_pressure_fut_2bps_15s,net_pressure_2bps,Pressure,eth,S3,15.0,Futures
net_add_pressure_fut_2bps_15s_eth,6722.7522,net_add_pressure_fut_2bps_15s,net_add_pressure_2bps,Pressure,eth,S3,15.0,Futures
net_add_pressure_fut_2bps_1s_eth,6707.8064,net_add_pressure_fut_2bps_1s,net_add_pressure_2bps,Pressure,eth,S2,1.0,Futures
net_add_fut_2bps_1s_eth,6707.8064,net_add_fut_2bps_1s,net_add_2bps,Pressure,eth,S3,1.0,Futures
net_add_spot_2bps_60s_eth,6703.5536,net_add_spot_2bps_60s,net_add_2bps,Pressure,eth,S4,60.0,Spot
net_pressure_spot_2bps_60s_eth,6703.5072,net_pressure_spot_2bps_60s,net_pressure_2bps,Pressure,eth,S3,60.0,Spot
net_add_pressure_spot_2bps_60s_eth,6703.5072,net_add_pressure_spot_2bps_60s,net_add_pressure_2bps,Pressure,eth,S3,60.0,Spot
net_pressure_spot_5bps_15s_eth,6686.1584,net_pressure_spot_5bps_15s,net_pressure_5bps,Pressure,eth,S3,15.0,Spot
net_add_pressure_spot_5bps_15s_eth,6686.1584,net_add_pressure_spot_5bps_15s,net_add_pressure_5bps,Pressure,eth,S3,15.0,Spot
net_add_spot_5bps_15s_eth,6686.1416,net_add_spot_5bps_15s,net_add_5bps,Pressure,eth,S4,15.0,Spot
net_add_pressure_fut_10bps_60s_eth,6683.6721,net_add_pressure_fut_10bps_60s,net_add_pressure_10bps,Pressure,eth,S3,60.0,Futures
net_pressure_fut_10bps_60s_eth,6683.6721,net_pressure_fut_10bps_60s,net_pressure_10bps,Pressure,eth,S3,60.0,Futures
net_add_fut_10bps_60s_eth,6683.3531,net_add_fut_10bps_60s,net_add_10bps,Pressure,eth,S4,60.0,Futures
net_add_pressure_spot_10bps_60s_eth,6681.4872,net_add_pressure_spot_10bps_60s,net_add_pressure_10bps,Pressure,eth,S3,60.0,Spot
net_pressure_spot_10bps_60s_eth,6681.4872,net_pressure_spot_10bps_60s,net_pressure_10bps,Pressure,eth,S3,60.0,Spot
net_add_spot_10bps_60s_eth,6681.0707,net_add_spot_10bps_60s,net_add_10bps,Pressure,eth,S4,60.0,Spot
net_pressure_logratio_2bps_5bps_fut_1s_eth,6680.7752,net_pressure_logratio_2bps_5bps_fut_1s,net_pressure_logratio_2bps_5bps,Pressure,eth,S3,1.0,Futures
net_pressure_logratio_2bps_5bps_fut_15s_eth,6680.7752,net_pressure_logratio_2bps_5bps_fut_15s,net_pressure_logratio_2bps_5bps,Pressure,eth,S3,15.0,Futures
net_pressure_logratio_2bps_5bps_fut_60s_eth,6680.7752,net_pressure_logratio_2bps_5bps_fut_60s,net_pressure_logratio_2bps_5bps,Pressure,eth,S3,60.0,Futures
net_add_spot_5bps_1s_eth,6680.5508,net_add_spot_5bps_1s,net_add_5bps,Pressure,eth,S3,1.0,Spot
net_add_pressure_spot_5bps_1s_eth,6680.5508,net_add_pressure_spot_5bps_1s,net_add_pressure_5bps,Pressure,eth,S2,1.0,Spot
net_pressure_spot_5bps_60s_eth,6680.2448,net_pressure_spot_5bps_60s,net_pressure_5bps,Pressure,eth,S3,60.0,Spot
net_add_pressure_spot_5bps_60s_eth,6680.2448,net_add_pressure_spot_5bps_60s,net_add_pressure_5bps,Pressure,eth,S3,60.0,Spot
net_pressure_fut_10bps_15s_eth,6680.1599,net_pressure_fut_10bps_15s,net_pressure_10bps,Pressure,eth,S3,15.0,Futures
net_add_pressure_fut_10bps_15s_eth,6680.1599,net_add_pressure_fut_10bps_15s,net_add_pressure_10bps,Pressure,eth,S3,15.0,Futures
net_add_fut_10bps_15s_eth,6680.1492,net_add_fut_10bps_15s,net_add_10bps,Pressure,eth,S4,15.0,Futures
net_add_spot_5bps_60s_eth,6679.917,net_add_spot_5bps_60s,net_add_5bps,Pressure,eth,S4,60.0,Spot
net_add_spot_10bps_15s_eth,6675.4249,net_add_spot_10bps_15s,net_add_10bps,Pressure,eth,S4,15.0,Spot
net_pressure_spot_10bps_15s_eth,6675.4207,net_pressure_spot_10bps_15s,net_pressure_10bps,Pressure,eth,S3,15.0,Spot
net_add_pressure_spot_10bps_15s_eth,6675.4207,net_add_pressure_spot_10bps_15s,net_add_pressure_10bps,Pressure,eth,S3,15.0,Spot
net_add_fut_2bps_60s_eth,6675.0574,net_add_fut_2bps_60s,net_add_2bps,Pressure,eth,S4,60.0,Futures
net_pressure_fut_2bps_60s_eth,6674.9316,net_pressure_fut_2bps_60s,net_pressure_2bps,Pressure,eth,S3,60.0,Futures
net_add_pressure_fut_2bps_60s_eth,6674.9316,net_add_pressure_fut_2bps_60s,net_add_pressure_2bps,Pressure,eth,S3,60.0,Futures
net_pressure_logratio_2bps_5bps_spot_15s_eth,6673.0303,net_pressure_logratio_2bps_5bps_spot_15s,net_pressure_logratio_2bps_5bps,Pressure,eth,S3,15.0,Spot
net_pressure_logratio_2bps_5bps_spot_1s_eth,6673.0303,net_pressure_logratio_2bps_5bps_spot_1s,net_pressure_logratio_2bps_5bps,Pressure,eth,S3,1.0,Spot
net_pressure_logratio_2bps_5bps_spot_60s_eth,6673.0303,net_pressure_logratio_2bps_5bps_spot_60s,net_pressure_logratio_2bps_5bps,Pressure,eth,S3,60.0,Spot
net_pressure_logratio_5bps_10bps_spot_1s_eth,6672.9922,net_pressure_logratio_5bps_10bps_spot_1s,net_pressure_logratio_5bps_10bps,Pressure,eth,S3,1.0,Spot
net_pressure_logratio_5bps_10bps_spot_15s_eth,6672.9922,net_pressure_logratio_5bps_10bps_spot_15s,net_pressure_logratio_5bps_10bps,Pressure,eth,S3,15.0,Spot
net_pressure_logratio_5bps_10bps_spot_60s_eth,6672.9922,net_pressure_logratio_5bps_10bps_spot_60s,net_pressure_logratio_5bps_10bps,Pressure,eth,S3,60.0,Spot
vwap_spot_1s_eth,6671.6282,vwap_spot_1s,vwap,Price,eth,S1,,Spot
net_pressure_logratio_5bps_10bps_fut_15s_eth,6669.969,net_pressure_logratio_5bps_10bps_fut_15s,net_pressure_logratio_5bps_10bps,Pressure,eth,S3,15.0,Futures
net_pressure_logratio_5bps_10bps_fut_60s_eth,6669.969,net_pressure_logratio_5bps_10bps_fut_60s,net_pressure_logratio_5bps_10bps,Pressure,eth,S3,60.0,Futures
net_pressure_logratio_5bps_10bps_fut_1s_eth,6669.969,net_pressure_logratio_5bps_10bps_fut_1s,net_pressure_logratio_5bps_10bps,Pressure,eth,S3,1.0,Futures
net_pressure_fut_5bps_60s_eth,6669.315,net_pressure_fut_5bps_60s,net_pressure_5bps,Pressure,eth,S3,60.0,Futures
net_add_pressure_fut_5bps_60s_eth,6669.315,net_add_pressure_fut_5bps_60s,net_add_pressure_5bps,Pressure,eth,S3,60.0,Futures
net_add_fut_5bps_60s_eth,6669.1041,net_add_fut_5bps_60s,net_add_5bps,Pressure,eth,S4,60.0,Futures
net_pressure_fut_5bps_15s_eth,6668.9938,net_pressure_fut_5bps_15s,net_pressure_5bps,Pressure,eth,S3,15.0,Futures
net_add_pressure_fut_5bps_15s_eth,6668.9938,net_add_pressure_fut_5bps_15s,net_add_pressure_5bps,Pressure,eth,S3,15.0,Futures
net_add_fut_5bps_15s_eth,6668.9764,net_add_fut_5bps_15s,net_add_5bps,Pressure,eth,S4,15.0,Futures
trade_absorption_ratio_fut_5bps_1s_eth,6667.4157,trade_absorption_ratio_fut_5bps_1s,trade_absorption_ratio_5bps,Absorption,eth,S3,,Futures
trade_absorption_ratio_fut_2bps_1s_eth,6667.4157,trade_absorption_ratio_fut_2bps_1s,trade_absorption_ratio_2bps,Absorption,eth,S3,,Futures
trade_absorption_ratio_fut_1s_eth,6667.4157,trade_absorption_ratio_fut_1s,trade_absorption_ratio,Absorption,eth,S2,1.0,Futures
net_add_pressure_fut_5bps_1s_eth,6477.7432,net_add_pressure_fut_5bps_1s,net_add_pressure_5bps,Pressure,eth,S2,1.0,Futures
net_add_fut_5bps_1s_eth,6477.7432,net_add_fut_5bps_1s,net_add_5bps,Pressure,eth,S3,1.0,Futures
pull_rate_fut_5bps_15s_eth,6467.4557,pull_rate_fut_5bps_15s,pull_rate_5bps,Liquidity Events,eth,S1,15.0,Futures
queue_pressure_spot_1bps_15s_eth,6442.3311,queue_pressure_spot_1bps_15s,queue_pressure_1bps,Pressure,eth,S2,15.0,Spot
queue_pressure_ratio_spot_1bps_15s_eth,6442.3311,queue_pressure_ratio_spot_1bps_15s,queue_pressure_ratio_1bps,Pressure,eth,S2,15.0,Spot
net_cancel_fut_2bps_1s_eth,6400.0423,net_cancel_fut_2bps_1s,net_cancel_2bps,Pressure,eth,S3,1.0,Futures
net_cancel_pressure_fut_2bps_1s_eth,6400.0423,net_cancel_pressure_fut_2bps_1s,net_cancel_pressure_2bps,Pressure,eth,S2,1.0,Futures
d1_pull_rate_spot_2bps_5s_eth,6396.4441,d1_pull_rate_spot_2bps_5s,d1_pull_rate_2bps,Dynamics,eth,S2,5.0,Spot
net_cancel_fut_5bps_1s_eth,6358.4232,net_cancel_fut_5bps_1s,net_cancel_5bps,Pressure,eth,S3,1.0,Futures
net_cancel_pressure_fut_5bps_1s_eth,6358.4232,net_cancel_pressure_fut_5bps_1s,net_cancel_pressure_5bps,Pressure,eth,S2,1.0,Futures
queue_pressure_ratio_spot_1bps_60s_eth,6339.4218,queue_pressure_ratio_spot_1bps_60s,queue_pressure_ratio_1bps,Pressure,eth,S2,60.0,Spot
queue_pressure_spot_1bps_60s_eth,6339.4218,queue_pressure_spot_1bps_60s,queue_pressure_1bps,Pressure,eth,S2,60.0,Spot
liq_imb_spot_struct100_900s_eth,6317.3077,liq_imb_spot_struct100_900s,liq_imb_struct100,Imbalance,eth,S1,900.0,Spot
pull_rate_fut_10bps_60s_eth,6181.5466,pull_rate_fut_10bps_60s,pull_rate_10bps,Liquidity Events,eth,S1,60.0,Futures
net_pressure_flip_rate_fut_5bps_300s_eth,6149.7869,net_pressure_flip_rate_fut_5bps_300s,net_pressure_flip_rate_5bps,Dynamics,eth,S3,300.0,Futures
net_pressure_persist_fut_5bps_300s_eth,6149.7869,net_pressure_persist_fut_5bps_300s,net_pressure_persist_5bps,Dynamics,eth,S3,300.0,Futures
net_cancel_fut_2bps_15s_eth,6144.8038,net_cancel_fut_2bps_15s,net_cancel_2bps,Pressure,eth,S4,15.0,Futures
net_cancel_pressure_fut_2bps_15s_eth,6144.5158,net_cancel_pressure_fut_2bps_15s,net_cancel_pressure_2bps,Pressure,eth,S3,15.0,Futures
d1_pull_rate_spot_10bps_5s_eth,6130.7994,d1_pull_rate_spot_10bps_5s,d1_pull_rate_10bps,Dynamics,eth,S2,5.0,Spot
vwap_fut_1s_eth,6130.0845,vwap_fut_1s,vwap,Price,eth,S1,,Futures
liq_imb_spot_struct100_300s_eth,6088.5115,liq_imb_spot_struct100_300s,liq_imb_struct100,Imbalance,eth,S1,300.0,Spot
refill_vs_pull_spot_2bps_60s_eth,6075.1076,refill_vs_pull_spot_2bps_60s,refill_vs_pull_2bps,Liquidity Events,eth,S2,60.0,Spot
refill_vs_pull_spot_2bps_5s_eth,6075.1076,refill_vs_pull_spot_2bps_5s,refill_vs_pull_2bps,Liquidity Events,eth,S2,5.0,Spot
median_pull_rate_spot_2bps_5s_eth,6073.1415,median_pull_rate_spot_2bps_5s,median_pull_rate_2bps,Dynamics,eth,S2,5.0,Spot
d2_pull_rate_fut_2bps_5s_eth,6050.1228,d2_pull_rate_fut_2bps_5s,d2_pull_rate_2bps,Dynamics,eth,S2,5.0,Futures
refill_vs_pull_spot_1bps_5s_eth,6049.2187,refill_vs_pull_spot_1bps_5s,refill_vs_pull_1bps,Liquidity Events,eth,S2,5.0,Spot
refill_vs_pull_spot_1bps_15s_eth,6049.2187,refill_vs_pull_spot_1bps_15s,refill_vs_pull_1bps,Liquidity Events,eth,S2,15.0,Spot
d2_pull_rate_fut_10bps_5s_eth,6015.3458,d2_pull_rate_fut_10bps_5s,d2_pull_rate_10bps,Dynamics,eth,S2,5.0,Futures
net_cancel_spot_5bps_1s_eth,5986.1508,net_cancel_spot_5bps_1s,net_cancel_5bps,Pressure,eth,S3,1.0,Spot
net_cancel_pressure_spot_5bps_1s_eth,5986.1508,net_cancel_pressure_spot_5bps_1s,net_cancel_pressure_5bps,Pressure,eth,S2,1.0,Spot
net_cancel_spot_2bps_15s_eth,5967.371,net_cancel_spot_2bps_15s,net_cancel_2bps,Pressure,eth,S4,15.0,Spot
net_cancel_pressure_spot_2bps_15s_eth,5967.1588,net_cancel_pressure_spot_2bps_15s,net_cancel_pressure_2bps,Pressure,eth,S3,15.0,Spot
pull_rate_fut_10bps_5s_eth,5935.4266,pull_rate_fut_10bps_5s,pull_rate_10bps,Liquidity Events,eth,S1,5.0,Futures
depth_gradient_bid_spot_struct50_1s_eth,5925.7732,depth_gradient_bid_spot_struct50_1s,depth_gradient_bid_struct50,Bookshape,eth,S1,,Spot
liq_imb_spot_struct50_60s_eth,5925.4111,liq_imb_spot_struct50_60s,liq_imb_struct50,Imbalance,eth,S1,60.0,Spot
liq_imb_persist_sf_struct50_300s_eth,5916.8082,liq_imb_persist_sf_struct50_300s,liq_imb_persist_sf_struct50,Cross-Market,eth,S3,,Spot|Futures
liq_imb_persist_sf_struct50_900s_eth,5916.8082,liq_imb_persist_sf_struct50_900s,liq_imb_persist_sf_struct50,Cross-Market,eth,S3,,Spot|Futures
lwp_mid_10bps_fut_900s_eth,5873.103,lwp_mid_10bps_fut_900s,lwp_mid_10bps,Price,eth,S1,900.0,Futures
depth_gradient_ask_spot_struct50_1s_eth,5840.0915,depth_gradient_ask_spot_struct50_1s,depth_gradient_ask_struct50,Bookshape,eth,S1,,Spot
liq_imb_fut_struct50_300s_eth,5837.8582,liq_imb_fut_struct50_300s,liq_imb_struct50,Imbalance,eth,S1,300.0,Futures
net_cancel_fut_10bps_1s_eth,5830.9015,net_cancel_fut_10bps_1s,net_cancel_10bps,Pressure,eth,S3,1.0,Futures
net_cancel_pressure_fut_10bps_1s_eth,5830.9015,net_cancel_pressure_fut_10bps_1s,net_cancel_pressure_10bps,Pressure,eth,S2,1.0,Futures
pull_rate_fut_2bps_5s_eth,5825.5395,pull_rate_fut_2bps_5s,pull_rate_2bps,Liquidity Events,eth,S1,5.0,Futures
pull_rate_fut_5bps_60s_eth,5791.7761,pull_rate_fut_5bps_60s,pull_rate_5bps,Liquidity Events,eth,S1,60.0,Futures
pull_rate_spot_10bps_5s_eth,5791.2383,pull_rate_spot_10bps_5s,pull_rate_10bps,Liquidity Events,eth,S1,5.0,Spot
d1_pull_rate_fut_10bps_5s_eth,5784.9663,d1_pull_rate_fut_10bps_5s,d1_pull_rate_10bps,Dynamics,eth,S2,5.0,Futures
liq_imb_spot_struct50_900s_eth,5783.077,liq_imb_spot_struct50_900s,liq_imb_struct50,Imbalance,eth,S1,900.0,Spot
net_add_fut_10bps_1s_eth,5766.2173,net_add_fut_10bps_1s,net_add_10bps,Pressure,eth,S3,1.0,Futures
net_add_pressure_fut_10bps_1s_eth,5766.2173,net_add_pressure_fut_10bps_1s,net_add_pressure_10bps,Pressure,eth,S2,1.0,Futures
median_pull_rate_spot_10bps_60s_eth,5749.4514,median_pull_rate_spot_10bps_60s,median_pull_rate_10bps,Dynamics,eth,S2,60.0,Spot
day_range_bps_fut_eth,5742.154,day_range_bps_fut,day_range_bps,Range,eth,S1,,Futures
liq_imb_fut_struct50_60s_eth,5722.8166,liq_imb_fut_struct50_60s,liq_imb_struct50,Imbalance,eth,S1,60.0,Futures
d2_pull_rate_fut_5bps_5s_eth,5722.6991,d2_pull_rate_fut_5bps_5s,d2_pull_rate_5bps,Dynamics,eth,S2,5.0,Futures
liq_imb_div_fut_minus_spot_struct100_900s_eth,5720.7961,liq_imb_div_fut_minus_spot_struct100_900s,liq_imb_div_minus_struct100,Cross-Market,eth,S2,900.0,Futures
liq_imb_fut_struct50_900s_eth,5713.8586,liq_imb_fut_struct50_900s,liq_imb_struct50,Imbalance,eth,S1,900.0,Futures
net_pressure_flip_rate_spot_5bps_300s_eth,5709.727,net_pressure_flip_rate_spot_5bps_300s,net_pressure_flip_rate_5bps,Dynamics,eth,S3,300.0,Spot
net_pressure_persist_spot_5bps_300s_eth,5709.727,net_pressure_persist_spot_5bps_300s,net_pressure_persist_5bps,Dynamics,eth,S3,300.0,Spot
basis_sf_vwap_1s_eth,5698.9715,basis_sf_vwap_1s,basis_sf_vwap,Cross-Market,eth,S2,1.0,Cross
basis_vwap_sf_1s_eth,5698.9715,basis_vwap_sf_1s,basis_vwap_sf,Cross-Market,eth,S2,1.0,Cross
net_pressure_persist_fut_10bps_300s_eth,5691.1568,net_pressure_persist_fut_10bps_300s,net_pressure_persist_10bps,Dynamics,eth,S3,300.0,Futures
net_pressure_flip_rate_fut_10bps_300s_eth,5691.1568,net_pressure_flip_rate_fut_10bps_300s,net_pressure_flip_rate_10bps,Dynamics,eth,S3,300.0,Futures
d2_pull_rate_spot_5bps_5s_eth,5688.814,d2_pull_rate_spot_5bps_5s,d2_pull_rate_5bps,Dynamics,eth,S2,5.0,Spot
pull_rate_fut_5bps_5s_eth,5683.5693,pull_rate_fut_5bps_5s,pull_rate_5bps,Liquidity Events,eth,S1,5.0,Futures
spread_fut_60s_eth,5681.9499,spread_fut_60s,spread,Price,eth,S1,60.0,Futures
depth_gradient_ask_fut_struct50_300s_eth,5643.1118,depth_gradient_ask_fut_struct50_300s,depth_gradient_ask_struct50,Bookshape,eth,S2,300.0,Futures
mad_pull_rate_fut_1bps_60s_eth,5635.7568,mad_pull_rate_fut_1bps_60s,mad_pull_rate_1bps,Dynamics,eth,S2,60.0,Futures
liq_imb_div_fut_minus_spot_struct50_60s_eth,5625.6875,liq_imb_div_fut_minus_spot_struct50_60s,liq_imb_div_minus_struct50,Cross-Market,eth,S2,60.0,Futures
net_pressure_persist_spot_10bps_300s_eth,5620.3192,net_pressure_persist_spot_10bps_300s,net_pressure_persist_10bps,Dynamics,eth,S3,300.0,Spot
net_pressure_flip_rate_spot_10bps_300s_eth,5620.3192,net_pressure_flip_rate_spot_10bps_300s,net_pressure_flip_rate_10bps,Dynamics,eth,S3,300.0,Spot
lwp_mid_10bps_fut_300s_eth,5619.3667,lwp_mid_10bps_fut_300s,lwp_mid_10bps,Price,eth,S1,300.0,Futures
net_cancel_fut_2bps_60s_eth,5616.1563,net_cancel_fut_2bps_60s,net_cancel_2bps,Pressure,eth,S4,60.0,Futures
net_cancel_pressure_fut_2bps_60s_eth,5614.4682,net_cancel_pressure_fut_2bps_60s,net_cancel_pressure_2bps,Pressure,eth,S3,60.0,Futures
day_range_bps_spot_eth,5606.9366,day_range_bps_spot,day_range_bps,Range,eth,S1,,Spot
liq_imb_fut_struct100_900s_eth,5585.9775,liq_imb_fut_struct100_900s,liq_imb_struct100,Imbalance,eth,S1,900.0,Futures
notional_fut_1s_eth,5584.2856,notional_fut_1s,notional,Activity,eth,S0,,Futures
volume_fut_1s_eth,5579.9045,volume_fut_1s,volume,Activity,eth,S0,,Futures
liq_imb_div_fut_minus_spot_struct50_900s_eth,5551.3382,liq_imb_div_fut_minus_spot_struct50_900s,liq_imb_div_minus_struct50,Cross-Market,eth,S2,900.0,Futures
d1_pull_rate_fut_2bps_5s_eth,5545.5315,d1_pull_rate_fut_2bps_5s,d1_pull_rate_2bps,Dynamics,eth,S2,5.0,Futures
net_add_pressure_spot_10bps_1s_eth,5538.3384,net_add_pressure_spot_10bps_1s,net_add_pressure_10bps,Pressure,eth,S2,1.0,Spot
net_add_spot_10bps_1s_eth,5538.3384,net_add_spot_10bps_1s,net_add_10bps,Pressure,eth,S3,1.0,Spot
liq_imb_div_fut_minus_spot_struct50_300s_eth,5530.4476,liq_imb_div_fut_minus_spot_struct50_300s,liq_imb_div_minus_struct50,Cross-Market,eth,S2,300.0,Futures
d1_pull_rate_fut_5bps_5s_eth,5530.1183,d1_pull_rate_fut_5bps_5s,d1_pull_rate_5bps,Dynamics,eth,S2,5.0,Futures
liq_imb_spot_struct100_60s_eth,5530.0922,liq_imb_spot_struct100_60s,liq_imb_struct100,Imbalance,eth,S1,60.0,Spot
net_cancel_spot_2bps_60s_eth,5516.1552,net_cancel_spot_2bps_60s,net_cancel_2bps,Pressure,eth,S4,60.0,Spot
net_cancel_pressure_spot_2bps_60s_eth,5514.3713,net_cancel_pressure_spot_2bps_60s,net_cancel_pressure_2bps,Pressure,eth,S3,60.0,Spot
d2_pull_rate_spot_2bps_5s_eth,5482.7276,d2_pull_rate_spot_2bps_5s,d2_pull_rate_2bps,Dynamics,eth,S2,5.0,Spot
liq_imb_fut_struct100_300s_eth,5466.0839,liq_imb_fut_struct100_300s,liq_imb_struct100,Imbalance,eth,S1,300.0,Futures
lwp_mid_10bps_fut_60s_eth,5457.1119,lwp_mid_10bps_fut_60s,lwp_mid_10bps,Price,eth,S1,60.0,Futures
ca_add_minus_cancel_spot_5bps_spread_15s_btceth,5434.9671,ca_add_minus_cancel_spot_5bps_spread_15s,ca_add_minus_cancel_5bps_spread,Cross-Asset,btceth,S6,,Cross-Asset
trade_count_sf_share_900s_eth,5423.5723,trade_count_sf_share_900s,trade_count_sf_share,Cross-Market,eth,S3,,Spot|Futures
depth_gradient_bid_fut_struct50_300s_eth,5420.222,depth_gradient_bid_fut_struct50_300s,depth_gradient_bid_struct50,Bookshape,eth,S2,300.0,Futures
queue_pressure_fut_1bps_15s_eth,5414.7351,queue_pressure_fut_1bps_15s,queue_pressure_1bps,Pressure,eth,S2,15.0,Futures
queue_pressure_ratio_fut_1bps_15s_eth,5414.7351,queue_pressure_ratio_fut_1bps_15s,queue_pressure_ratio_1bps,Pressure,eth,S2,15.0,Futures
median_pull_rate_spot_5bps_60s_eth,5396.4667,median_pull_rate_spot_5bps_60s,median_pull_rate_5bps,Dynamics,eth,S2,60.0,Spot
net_cancel_spot_10bps_1s_eth,5388.7998,net_cancel_spot_10bps_1s,net_cancel_10bps,Pressure,eth,S3,1.0,Spot
net_cancel_pressure_spot_10bps_1s_eth,5388.7998,net_cancel_pressure_spot_10bps_1s,net_cancel_pressure_10bps,Pressure,eth,S2,1.0,Spot
depth_gradient_bid_fut_struct100_1s_eth,5387.1223,depth_gradient_bid_fut_struct100_1s,depth_gradient_bid_struct100,Bookshape,eth,S1,,Futures
d2_pull_rate_spot_10bps_5s_eth,5380.2401,d2_pull_rate_spot_10bps_5s,d2_pull_rate_10bps,Dynamics,eth,S2,5.0,Spot
queue_pressure_ratio_fut_1bps_60s_eth,5378.4676,queue_pressure_ratio_fut_1bps_60s,queue_pressure_ratio_1bps,Pressure,eth,S2,60.0,Futures
queue_pressure_fut_1bps_60s_eth,5378.4676,queue_pressure_fut_1bps_60s,queue_pressure_1bps,Pressure,eth,S2,60.0,Futures
depth_imbalance_struct100_spot_1s_eth,5363.062,depth_imbalance_struct100_spot_1s,depth_imbalance_struct100,Imbalance,eth,S0,,Spot
pull_rate_spot_5bps_60s_eth,5353.6683,pull_rate_spot_5bps_60s,pull_rate_5bps,Liquidity Events,eth,S1,60.0,Spot
d1_pull_rate_spot_5bps_5s_eth,5350.2222,d1_pull_rate_spot_5bps_5s,d1_pull_rate_5bps,Dynamics,eth,S2,5.0,Spot
depth_gradient_ask_fut_struct100_1s_eth,5334.2517,depth_gradient_ask_fut_struct100_1s,depth_gradient_ask_struct100,Bookshape,eth,S1,,Futures
mad_pull_rate_spot_10bps_5s_eth,5319.1373,mad_pull_rate_spot_10bps_5s,mad_pull_rate_10bps,Dynamics,eth,S2,5.0,Spot
liq_concentration_spot_struct100_1s_eth,5296.6156,liq_concentration_spot_struct100_1s,liq_concentration_struct100,Bookshape,eth,S2,1.0,Spot
depth_gradient_ask_fut_struct50_1s_eth,5275.9056,depth_gradient_ask_fut_struct50_1s,depth_gradient_ask_struct50,Bookshape,eth,S1,,Futures
depth_gradient_bid_fut_struct50_1s_eth,5271.9452,depth_gradient_bid_fut_struct50_1s,depth_gradient_bid_struct50,Bookshape,eth,S1,,Futures
liq_imb_fut_struct100_60s_eth,5265.0343,liq_imb_fut_struct100_60s,liq_imb_struct100,Imbalance,eth,S1,60.0,Futures
liq_imb_spot_struct50_300s_eth,5260.9723,liq_imb_spot_struct50_300s,liq_imb_struct50,Imbalance,eth,S1,300.0,Spot
lwp_mid_5bps_fut_60s_eth,5258.5306,lwp_mid_5bps_fut_60s,lwp_mid_5bps,Price,eth,S1,60.0,Futures
liq_concentration_bid_spot_struct100_1s_eth,5246.4854,liq_concentration_bid_spot_struct100_1s,liq_concentration_bid_struct100,Bookshape,eth,S1,,Spot
median_pull_rate_spot_10bps_5s_eth,5245.4984,median_pull_rate_spot_10bps_5s,median_pull_rate_10bps,Dynamics,eth,S2,5.0,Spot
trade_count_sf_div_60s_eth,5231.3204,trade_count_sf_div_60s,trade_count_sf_div,Cross-Market,eth,S3,,Spot|Futures
median_pull_rate_fut_1bps_60s_eth,5223.9855,median_pull_rate_fut_1bps_60s,median_pull_rate_1bps,Dynamics,eth,S2,60.0,Futures
max_bps_ask_fut_1s_eth,5223.3899,max_bps_ask_fut_1s,max_bps_ask,Bookshape,eth,S0,,Futures
pull_rate_spot_5bps_5s_eth,5214.4316,pull_rate_spot_5bps_5s,pull_rate_5bps,Liquidity Events,eth,S1,5.0,Spot
median_pull_rate_spot_1bps_60s_eth,5213.0571,median_pull_rate_spot_1bps_60s,median_pull_rate_1bps,Dynamics,eth,S2,60.0,Spot
mad_pull_rate_spot_5bps_5s_eth,5179.3494,mad_pull_rate_spot_5bps_5s,mad_pull_rate_5bps,Dynamics,eth,S2,5.0,Spot
liq_sum_fut_10bps_1s_eth,5170.4641,liq_sum_fut_10bps_1s,liq_sum_10bps,Bookshape,eth,S1,,Futures
notional_spot_1s_eth,5161.9924,notional_spot_1s,notional,Activity,eth,S0,,Spot
depth_imbalance_struct50_spot_1s_eth,5160.685,depth_imbalance_struct50_spot_1s,depth_imbalance_struct50,Imbalance,eth,S0,,Spot
queue_pressure_spot_5bps_1s_eth,5150.3109,queue_pressure_spot_5bps_1s,queue_pressure_5bps,Pressure,eth,S1,,Spot
queue_imb_spot_5bps_1s_eth,5150.3109,queue_imb_spot_5bps_1s,queue_imb_5bps,Pressure,eth,S1,,Spot
queue_pressure_spot_1bps_5s_eth,5150.2826,queue_pressure_spot_1bps_5s,queue_pressure_1bps,Pressure,eth,S1,5.0,Spot
queue_imb_spot_1bps_5s_eth,5150.2826,queue_imb_spot_1bps_5s,queue_imb_1bps,Pressure,eth,S2,5.0,Spot
pull_rate_spot_10bps_60s_eth,5147.5587,pull_rate_spot_10bps_60s,pull_rate_10bps,Liquidity Events,eth,S1,60.0,Spot
trade_count_sf_div_900s_eth,5137.6127,trade_count_sf_div_900s,trade_count_sf_div,Cross-Market,eth,S3,,Spot|Futures
pull_rate_spot_2bps_5s_eth,5127.894,pull_rate_spot_2bps_5s,pull_rate_2bps,Liquidity Events,eth,S1,5.0,Spot
volume_spot_1s_eth,5125.1547,volume_spot_1s,volume,Activity,eth,S0,,Spot
net_add_spot_5bps_5s_eth,5123.4959,net_add_spot_5bps_5s,net_add_5bps,Pressure,eth,S4,5.0,Spot
net_pressure_spot_5bps_5s_eth,5123.4959,net_pressure_spot_5bps_5s,net_pressure_5bps,Pressure,eth,S3,5.0,Spot
median_pull_rate_fut_10bps_5s_eth,5117.357,median_pull_rate_fut_10bps_5s,median_pull_rate_10bps,Dynamics,eth,S2,5.0,Futures
liq_imb_div_fut_minus_spot_struct100_300s_eth,5114.4933,liq_imb_div_fut_minus_spot_struct100_300s,liq_imb_div_minus_struct100,Cross-Market,eth,S2,300.0,Futures
net_pressure_spot_2bps_5s_eth,5104.8206,net_pressure_spot_2bps_5s,net_pressure_2bps,Pressure,eth,S3,5.0,Spot
net_add_spot_2bps_5s_eth,5104.8206,net_add_spot_2bps_5s,net_add_2bps,Pressure,eth,S4,5.0,Spot
queue_imb_fut_5bps_1s_eth,5104.4459,queue_imb_fut_5bps_1s,queue_imb_5bps,Pressure,eth,S1,,Futures
queue_pressure_fut_5bps_1s_eth,5104.4459,queue_pressure_fut_5bps_1s,queue_pressure_5bps,Pressure,eth,S1,,Futures
trade_count_sf_div_300s_eth,5095.7541,trade_count_sf_div_300s,trade_count_sf_div,Cross-Market,eth,S3,,Spot|Futures
queue_imb_fut_1bps_1s_eth,5095.2141,queue_imb_fut_1bps_1s,queue_imb_1bps,Pressure,eth,S1,,Futures
queue_pressure_fut_1bps_1s_eth,5095.2141,queue_pressure_fut_1bps_1s,queue_pressure_1bps,Pressure,eth,S1,,Futures
median_pull_rate_fut_5bps_60s_eth,5086.4854,median_pull_rate_fut_5bps_60s,median_pull_rate_5bps,Dynamics,eth,S2,60.0,Futures
queue_imb_spot_2bps_1s_eth,5086.2003,queue_imb_spot_2bps_1s,queue_imb_2bps,Pressure,eth,S1,,Spot
queue_pressure_spot_2bps_1s_eth,5086.2003,queue_pressure_spot_2bps_1s,queue_pressure_2bps,Pressure,eth,S1,,Spot
liq_imb_div_fut_minus_spot_struct50_1s_eth,5085.5931,liq_imb_div_fut_minus_spot_struct50_1s,liq_imb_div_minus_struct50,Cross-Market,eth,S1,,Futures
queue_imb_spot_1bps_1s_eth,5077.5198,queue_imb_spot_1bps_1s,queue_imb_1bps,Pressure,eth,S1,,Spot
queue_pressure_spot_1bps_1s_eth,5077.5198,queue_pressure_spot_1bps_1s,queue_pressure_1bps,Pressure,eth,S1,,Spot
queue_imb_fut_2bps_1s_eth,5076.195,queue_imb_fut_2bps_1s,queue_imb_2bps,Pressure,eth,S1,,Futures
queue_pressure_fut_2bps_1s_eth,5076.195,queue_pressure_fut_2bps_1s,queue_pressure_2bps,Pressure,eth,S1,,Futures
net_pressure_spot_10bps_5s_eth,5068.3111,net_pressure_spot_10bps_5s,net_pressure_10bps,Pressure,eth,S3,5.0,Spot
net_add_spot_10bps_5s_eth,5068.3111,net_add_spot_10bps_5s,net_add_10bps,Pressure,eth,S4,5.0,Spot
net_cancel_fut_5bps_60s_eth,5061.5895,net_cancel_fut_5bps_60s,net_cancel_5bps,Pressure,eth,S4,60.0,Futures
net_cancel_pressure_fut_5bps_60s_eth,5061.5389,net_cancel_pressure_fut_5bps_60s,net_cancel_pressure_5bps,Pressure,eth,S3,60.0,Futures
queue_imb_fut_1bps_5s_eth,5058.3136,queue_imb_fut_1bps_5s,queue_imb_1bps,Pressure,eth,S2,5.0,Futures
queue_pressure_fut_1bps_5s_eth,5058.3136,queue_pressure_fut_1bps_5s,queue_pressure_1bps,Pressure,eth,S1,5.0,Futures
net_pressure_persist_fut_10bps_60s_eth,5047.6264,net_pressure_persist_fut_10bps_60s,net_pressure_persist_10bps,Dynamics,eth,S4,60.0,Futures
net_pressure_flip_rate_fut_10bps_60s_eth,5047.6264,net_pressure_flip_rate_fut_10bps_60s,net_pressure_flip_rate_10bps,Dynamics,eth,S4,60.0,Futures
net_pressure_flip_rate_spot_10bps_60s_eth,5038.2563,net_pressure_flip_rate_spot_10bps_60s,net_pressure_flip_rate_10bps,Dynamics,eth,S4,60.0,Spot
net_pressure_persist_spot_10bps_60s_eth,5038.2563,net_pressure_persist_spot_10bps_60s,net_pressure_persist_10bps,Dynamics,eth,S4,60.0,Spot
net_pressure_persist_fut_5bps_60s_eth,5038.1703,net_pressure_persist_fut_5bps_60s,net_pressure_persist_5bps,Dynamics,eth,S4,60.0,Futures
net_pressure_flip_rate_fut_5bps_60s_eth,5038.1703,net_pressure_flip_rate_fut_5bps_60s,net_pressure_flip_rate_5bps,Dynamics,eth,S4,60.0,Futures
net_pressure_persist_spot_5bps_60s_eth,5038.1385,net_pressure_persist_spot_5bps_60s,net_pressure_persist_5bps,Dynamics,eth,S4,60.0,Spot
net_pressure_flip_rate_spot_5bps_60s_eth,5038.1385,net_pressure_flip_rate_spot_5bps_60s,net_pressure_flip_rate_5bps,Dynamics,eth,S4,60.0,Spot
absorb_refill_mid_fut_5bps_1s_eth,5037.7694,absorb_refill_mid_fut_5bps_1s,absorb_refill_mid_5bps,Absorption,eth,S3,,Futures
net_pressure_robust_z_spot_5bps_60s_eth,5031.9353,net_pressure_robust_z_spot_5bps_60s,net_pressure_robust_z_5bps,Pressure,eth,S4,60.0,Spot
net_add_robust_z_spot_5bps_60s_eth,5031.9353,net_add_robust_z_spot_5bps_60s,net_add_robust_z_5bps,Pressure,eth,S5,60.0,Spot
net_cancel_pressure_spot_5bps_60s_eth,5029.8,net_cancel_pressure_spot_5bps_60s,net_cancel_pressure_5bps,Pressure,eth,S3,60.0,Spot
net_cancel_spot_5bps_60s_eth,5029.6996,net_cancel_spot_5bps_60s,net_cancel_5bps,Pressure,eth,S4,60.0,Spot
refill_vs_pull_fut_1bps_5s_eth,5017.934,refill_vs_pull_fut_1bps_5s,refill_vs_pull_1bps,Liquidity Events,eth,S2,5.0,Futures
refill_vs_pull_fut_1bps_15s_eth,5017.934,refill_vs_pull_fut_1bps_15s,refill_vs_pull_1bps,Liquidity Events,eth,S2,15.0,Futures
net_cancel_pressure_fut_5bps_15s_eth,5017.6836,net_cancel_pressure_fut_5bps_15s,net_cancel_pressure_5bps,Pressure,eth,S3,15.0,Futures
net_cancel_fut_5bps_15s_eth,5017.6718,net_cancel_fut_5bps_15s,net_cancel_5bps,Pressure,eth,S4,15.0,Futures
net_cancel_spot_5bps_15s_eth,5017.5854,net_cancel_spot_5bps_15s,net_cancel_5bps,Pressure,eth,S4,15.0,Spot
net_cancel_pressure_spot_5bps_15s_eth,5017.5715,net_cancel_pressure_spot_5bps_15s,net_cancel_pressure_5bps,Pressure,eth,S3,15.0,Spot
net_add_fut_10bps_5s_eth,5015.7101,net_add_fut_10bps_5s,net_add_10bps,Pressure,eth,S4,5.0,Futures
net_pressure_fut_10bps_5s_eth,5015.7101,net_pressure_fut_10bps_5s,net_pressure_10bps,Pressure,eth,S3,5.0,Futures
net_pressure_robust_z_spot_10bps_60s_eth,5013.7285,net_pressure_robust_z_spot_10bps_60s,net_pressure_robust_z_10bps,Pressure,eth,S4,60.0,Spot
net_add_robust_z_spot_10bps_60s_eth,5013.7285,net_add_robust_z_spot_10bps_60s,net_add_robust_z_10bps,Pressure,eth,S5,60.0,Spot
mad_pull_rate_fut_5bps_60s_eth,5012.5331,mad_pull_rate_fut_5bps_60s,mad_pull_rate_5bps,Dynamics,eth,S2,60.0,Futures
refill_vs_pull_fut_2bps_5s_eth,5012.4122,refill_vs_pull_fut_2bps_5s,refill_vs_pull_2bps,Liquidity Events,eth,S2,5.0,Futures
refill_vs_pull_fut_2bps_60s_eth,5012.4122,refill_vs_pull_fut_2bps_60s,refill_vs_pull_2bps,Liquidity Events,eth,S2,60.0,Futures
net_add_robust_z_fut_10bps_60s_eth,5012.0319,net_add_robust_z_fut_10bps_60s,net_add_robust_z_10bps,Pressure,eth,S5,60.0,Futures
net_pressure_robust_z_fut_10bps_60s_eth,5012.0319,net_pressure_robust_z_fut_10bps_60s,net_pressure_robust_z_10bps,Pressure,eth,S4,60.0,Futures
ca_net_pressure_spot_5bps_spread_60s_btceth,5008.4746,ca_net_pressure_spot_5bps_spread_60s,ca_net_pressure_5bps_spread,Cross-Asset,btceth,S6,,Cross-Asset
ca_net_add_spot_5bps_spread_60s_btceth,5008.4746,ca_net_add_spot_5bps_spread_60s,ca_net_add_5bps_spread,Cross-Asset,btceth,S6,,Cross-Asset
net_add_fut_2bps_5s_eth,5006.8963,net_add_fut_2bps_5s,net_add_2bps,Pressure,eth,S4,5.0,Futures
net_pressure_fut_2bps_5s_eth,5006.8963,net_pressure_fut_2bps_5s,net_pressure_2bps,Pressure,eth,S3,5.0,Futures
net_add_fut_5bps_5s_eth,5006.5381,net_add_fut_5bps_5s,net_add_5bps,Pressure,eth,S4,5.0,Futures
net_pressure_fut_5bps_5s_eth,5006.5381,net_pressure_fut_5bps_5s,net_pressure_5bps,Pressure,eth,S3,5.0,Futures
net_pressure_robust_z_fut_5bps_60s_eth,5005.4131,net_pressure_robust_z_fut_5bps_60s,net_pressure_robust_z_5bps,Pressure,eth,S4,60.0,Futures
net_add_robust_z_fut_5bps_60s_eth,5005.4131,net_add_robust_z_fut_5bps_60s,net_add_robust_z_5bps,Pressure,eth,S5,60.0,Futures
liq_imb_sf_struct50_300s_eth,5000.6454,liq_imb_sf_struct50_300s,liq_imb_sf_struct50,Cross-Market,eth,S2,300.0,Cross
liq_imb_sf_struct50_900s_eth,5000.6454,liq_imb_sf_struct50_900s,liq_imb_sf_struct50,Cross-Market,eth,S2,900.0,Cross
pull_rate_spot_1bps_5s_eth,4996.5561,pull_rate_spot_1bps_5s,pull_rate_1bps,Liquidity Events,eth,S1,5.0,Spot
liq_sum_fut_1s_eth,4994.6464,liq_sum_fut_1s,liq_sum,Bookshape,eth,S1,,Futures
queue_pressure_log_div_5bps_1s_eth,4983.8644,queue_pressure_log_div_5bps_1s,queue_pressure_log_div_5bps,Pressure,eth,S2,1.0,Cross
median_pull_rate_fut_10bps_60s_eth,4972.5074,median_pull_rate_fut_10bps_60s,median_pull_rate_10bps,Dynamics,eth,S2,60.0,Futures
depth_gradient_spot_struct50_60s_eth,4952.85,depth_gradient_spot_struct50_60s,depth_gradient_struct50,Bookshape,eth,S3,,Spot
pull_rate_fut_1bps_5s_eth,4951.7163,pull_rate_fut_1bps_5s,pull_rate_1bps,Liquidity Events,eth,S1,5.0,Futures
taker_buy_notional_fut_1s_eth,4938.3583,taker_buy_notional_fut_1s,taker_buy_notional,Aggression,eth,S0,,Futures
depth_gradient_ask_spot_struct50_60s_eth,4932.7414,depth_gradient_ask_spot_struct50_60s,depth_gradient_ask_struct50,Bookshape,eth,S2,60.0,Spot
liq_concentration_ask_spot_struct100_1s_eth,4915.3793,liq_concentration_ask_spot_struct100_1s,liq_concentration_ask_struct100,Bookshape,eth,S1,,Spot
queue_pressure_div_fut_minus_spot_1bps_60s_eth,4915.1472,queue_pressure_div_fut_minus_spot_1bps_60s,queue_pressure_div_minus_1bps,Cross-Market,eth,S3,,Futures
mad_pull_rate_spot_1bps_60s_eth,4910.4661,mad_pull_rate_spot_1bps_60s,mad_pull_rate_1bps,Dynamics,eth,S2,60.0,Spot
lwp_mid_5bps_spot_60s_eth,4879.2723,lwp_mid_5bps_spot_60s,lwp_mid_5bps,Price,eth,S1,60.0,Spot
queue_pressure_div_fut_minus_spot_1bps_15s_eth,4877.3252,queue_pressure_div_fut_minus_spot_1bps_15s,queue_pressure_div_minus_1bps,Cross-Market,eth,S3,,Futures
mad_pull_rate_fut_5bps_5s_eth,4860.1754,mad_pull_rate_fut_5bps_5s,mad_pull_rate_5bps,Dynamics,eth,S2,5.0,Futures
mad_pull_rate_fut_10bps_5s_eth,4825.431,mad_pull_rate_fut_10bps_5s,mad_pull_rate_10bps,Dynamics,eth,S2,5.0,Futures
depth_gradient_ask_spot_struct50_900s_eth,4815.658,depth_gradient_ask_spot_struct50_900s,depth_gradient_ask_struct50,Bookshape,eth,S2,900.0,Spot
depth_gradient_ask_fut_struct50_60s_eth,4798.8618,depth_gradient_ask_fut_struct50_60s,depth_gradient_ask_struct50,Bookshape,eth,S2,60.0,Futures
absorb_refill_mid_fut_2bps_1s_eth,4792.3024,absorb_refill_mid_fut_2bps_1s,absorb_refill_mid_2bps,Absorption,eth,S3,,Futures
trade_count_fut_div_60s_eth,4783.3168,trade_count_fut_div_60s,trade_count_div,Cross-Market,eth,S2,60.0,Futures
mad_pull_rate_spot_2bps_5s_eth,4779.8432,mad_pull_rate_spot_2bps_5s,mad_pull_rate_2bps,Dynamics,eth,S2,5.0,Spot
d1_pull_rate_spot_1bps_5s_eth,4766.2012,d1_pull_rate_spot_1bps_5s,d1_pull_rate_1bps,Dynamics,eth,S2,5.0,Spot
liq_concentration_div_fut_minus_spot_struct100_1s_eth,4760.1286,liq_concentration_div_fut_minus_spot_struct100_1s,liq_concentration_div_minus_struct100,Cross-Market,eth,S3,,Futures
liq_imb_div_fut_minus_spot_struct100_60s_eth,4750.2816,liq_imb_div_fut_minus_spot_struct100_60s,liq_imb_div_minus_struct100,Cross-Market,eth,S2,60.0,Futures
depth_imbalance_struct100_fut_1s_eth,4747.7733,depth_imbalance_struct100_fut_1s,depth_imbalance_struct100,Imbalance,eth,S0,,Futures
taker_buy_vol_spot_1s_eth,4735.6961,taker_buy_vol_spot_1s,taker_buy_vol,Aggression,eth,S0,,Spot
median_pull_rate_fut_5bps_5s_eth,4728.7054,median_pull_rate_fut_5bps_5s,median_pull_rate_5bps,Dynamics,eth,S2,5.0,Futures
taker_buy_notional_spot_1s_eth,4725.919,taker_buy_notional_spot_1s,taker_buy_notional,Aggression,eth,S0,,Spot
median_pull_rate_spot_5bps_15s_eth,4680.5167,median_pull_rate_spot_5bps_15s,median_pull_rate_5bps,Dynamics,eth,S2,15.0,Spot
trade_count_fut_div_900s_eth,4592.4087,trade_count_fut_div_900s,trade_count_div,Cross-Market,eth,S2,900.0,Futures
depth_gradient_ask_spot_struct50_300s_eth,4590.4144,depth_gradient_ask_spot_struct50_300s,depth_gradient_ask_struct50,Bookshape,eth,S2,300.0,Spot
mad_pull_rate_fut_2bps_5s_eth,4588.8549,mad_pull_rate_fut_2bps_5s,mad_pull_rate_2bps,Dynamics,eth,S2,5.0,Futures
median_pull_rate_fut_5bps_15s_eth,4560.3554,median_pull_rate_fut_5bps_15s,median_pull_rate_5bps,Dynamics,eth,S2,15.0,Futures
depth_gradient_bid_spot_struct50_60s_eth,4556.7574,depth_gradient_bid_spot_struct50_60s,depth_gradient_bid_struct50,Bookshape,eth,S2,60.0,Spot
pull_rate_spot_5bps_15s_eth,4548.774,pull_rate_spot_5bps_15s,pull_rate_5bps,Liquidity Events,eth,S1,15.0,Spot
trade_count_fut_div_300s_eth,4528.4645,trade_count_fut_div_300s,trade_count_div,Cross-Market,eth,S2,300.0,Futures
book_asymmetry_div_fut_minus_spot_struct50_900s_eth,4527.2434,book_asymmetry_div_fut_minus_spot_struct50_900s,book_asymmetry_div_minus_struct50,Cross-Market,eth,S3,,Futures
median_pull_rate_spot_5bps_5s_eth,4511.2507,median_pull_rate_spot_5bps_5s,median_pull_rate_5bps,Dynamics,eth,S2,5.0,Spot
mad_pull_rate_spot_10bps_60s_eth,4504.8394,mad_pull_rate_spot_10bps_60s,mad_pull_rate_10bps,Dynamics,eth,S2,60.0,Spot
taker_sell_vol_spot_1s_eth,4497.6305,taker_sell_vol_spot_1s,taker_sell_vol,Aggression,eth,S0,,Spot
depth_gradient_fut_struct50_1s_eth,4489.0205,depth_gradient_fut_struct50_1s,depth_gradient_struct50,Bookshape,eth,S2,1.0,Futures
median_pull_rate_fut_10bps_15s_eth,4477.1411,median_pull_rate_fut_10bps_15s,median_pull_rate_10bps,Dynamics,eth,S2,15.0,Futures
depth_gradient_bid_fut_struct50_60s_eth,4448.2248,depth_gradient_bid_fut_struct50_60s,depth_gradient_bid_struct50,Bookshape,eth,S2,60.0,Futures
median_pull_rate_spot_10bps_15s_eth,4433.8609,median_pull_rate_spot_10bps_15s,median_pull_rate_10bps,Dynamics,eth,S2,15.0,Spot
cancel_rate_ask_spot_2bps_1s_eth,4401.344,cancel_rate_ask_spot_2bps_1s,cancel_rate_ask_2bps,Liquidity Events,eth,S1,,Spot
depth_gradient_div_fut_minus_spot_struct50_1s_eth,4398.5163,depth_gradient_div_fut_minus_spot_struct50_1s,depth_gradient_div_minus_struct50,Cross-Market,eth,S3,,Futures
depth_gradient_bid_spot_struct50_900s_eth,4393.2477,depth_gradient_bid_spot_struct50_900s,depth_gradient_bid_struct50,Bookshape,eth,S2,900.0,Spot
taker_sell_notional_spot_1s_eth,4378.1444,taker_sell_notional_spot_1s,taker_sell_notional,Aggression,eth,S0,,Spot
depth_gradient_bid_fut_struct50_900s_eth,4375.5533,depth_gradient_bid_fut_struct50_900s,depth_gradient_bid_struct50,Bookshape,eth,S2,900.0,Futures
median_pull_rate_fut_1bps_5s_eth,4367.3452,median_pull_rate_fut_1bps_5s,median_pull_rate_1bps,Dynamics,eth,S2,5.0,Futures
spread_spot_60s_eth,4359.4485,spread_spot_60s,spread,Price,eth,S1,60.0,Spot
depth_gradient_ask_fut_struct100_300s_eth,4351.8518,depth_gradient_ask_fut_struct100_300s,depth_gradient_ask_struct100,Bookshape,eth,S2,300.0,Futures
depth_gradient_bid_fut_struct100_300s_eth,4336.0403,depth_gradient_bid_fut_struct100_300s,depth_gradient_bid_struct100,Bookshape,eth,S2,300.0,Futures
taker_sell_notional_fut_1s_eth,4323.6735,taker_sell_notional_fut_1s,taker_sell_notional,Aggression,eth,S0,,Futures
book_asymmetry_div_fut_minus_spot_struct50_1s_eth,4316.6391,book_asymmetry_div_fut_minus_spot_struct50_1s,book_asymmetry_div_minus_struct50,Cross-Market,eth,S2,1.0,Futures
taker_buy_vol_fut_1s_eth,4310.6715,taker_buy_vol_fut_1s,taker_buy_vol,Aggression,eth,S0,,Futures
cancel_rate_ask_fut_5bps_1s_eth,4308.6461,cancel_rate_ask_fut_5bps_1s,cancel_rate_ask_5bps,Liquidity Events,eth,S1,,Futures
pull_rate_spot_10bps_15s_eth,4305.4607,pull_rate_spot_10bps_15s,pull_rate_10bps,Liquidity Events,eth,S1,15.0,Spot
book_asymmetry_div_fut_minus_spot_struct50_300s_eth,4294.3742,book_asymmetry_div_fut_minus_spot_struct50_300s,book_asymmetry_div_minus_struct50,Cross-Market,eth,S3,,Futures
depth_gradient_bid_spot_struct50_300s_eth,4282.0403,depth_gradient_bid_spot_struct50_300s,depth_gradient_bid_struct50,Bookshape,eth,S2,300.0,Spot
queue_pressure_log_spot_1bps_1s_eth,4256.3302,queue_pressure_log_spot_1bps_1s,queue_pressure_log_1bps,Pressure,eth,S1,,Spot
z_refill_vs_pull_fut_2bps_60s_eth,4239.3457,z_refill_vs_pull_fut_2bps_60s,z_refill_vs_pull_2bps,Normalization,eth,S3,60.0,Futures
liq_concentration_ask_spot_struct100_300s_eth,4236.4036,liq_concentration_ask_spot_struct100_300s,liq_concentration_ask_struct100,Bookshape,eth,S2,300.0,Spot
book_asymmetry_div_fut_minus_spot_struct50_60s_eth,4234.1887,book_asymmetry_div_fut_minus_spot_struct50_60s,book_asymmetry_div_minus_struct50,Cross-Market,eth,S3,,Futures
liq_concentration_ask_spot_struct100_900s_eth,4223.6131,liq_concentration_ask_spot_struct100_900s,liq_concentration_ask_struct100,Bookshape,eth,S2,900.0,Spot
dist_to_day_high_bps_fut_eth,4190.8439,dist_to_day_high_bps_fut,dist_to_day_high_bps,Range,eth,S1,,Futures
liq_imb_div_fut_minus_spot_struct100_1s_eth,4190.256,liq_imb_div_fut_minus_spot_struct100_1s,liq_imb_div_minus_struct100,Cross-Market,eth,S1,,Futures
ca_dist_to_day_high_bps_spread_fut_btceth,4188.863,ca_dist_to_day_high_bps_spread_fut,ca_dist_to_day_high_bps_spread,Cross-Asset,btceth,S6,,Cross-Asset
median_pull_rate_fut_2bps_5s_eth,4173.7398,median_pull_rate_fut_2bps_5s,median_pull_rate_2bps,Dynamics,eth,S2,5.0,Futures
liq_concentration_bid_spot_struct100_300s_eth,4164.4429,liq_concentration_bid_spot_struct100_300s,liq_concentration_bid_struct100,Bookshape,eth,S2,300.0,Spot
depth_gradient_ask_fut_struct50_900s_eth,4152.9861,depth_gradient_ask_fut_struct50_900s,depth_gradient_ask_struct50,Bookshape,eth,S2,900.0,Futures
d2_pull_rate_fut_5bps_15s_eth,4143.7498,d2_pull_rate_fut_5bps_15s,d2_pull_rate_5bps,Dynamics,eth,S2,15.0,Futures
book_asymmetry_spot_struct100_300s_eth,4119.2739,book_asymmetry_spot_struct100_300s,book_asymmetry_struct100,Bookshape,eth,S2,300.0,Spot
liq_concentration_fut_struct100_1s_eth,4117.2565,liq_concentration_fut_struct100_1s,liq_concentration_struct100,Bookshape,eth,S2,1.0,Futures
ca_dist_to_day_low_bps_spread_spot_btceth,4115.5597,ca_dist_to_day_low_bps_spread_spot,ca_dist_to_day_low_bps_spread,Cross-Asset,btceth,S6,,Cross-Asset
queue_pressure_log_div_2bps_1s_eth,4113.4078,queue_pressure_log_div_2bps_1s,queue_pressure_log_div_2bps,Pressure,eth,S2,1.0,Cross
liq_concentration_bid_spot_struct100_60s_eth,4091.1398,liq_concentration_bid_spot_struct100_60s,liq_concentration_bid_struct100,Bookshape,eth,S2,60.0,Spot
liq_concentration_bid_spot_struct100_900s_eth,4088.6844,liq_concentration_bid_spot_struct100_900s,liq_concentration_bid_struct100,Bookshape,eth,S2,900.0,Spot
queue_pressure_log_spot_2bps_1s_eth,4084.7272,queue_pressure_log_spot_2bps_1s,queue_pressure_log_2bps,Pressure,eth,S1,,Spot
book_asymmetry_div_fut_minus_spot_struct100_1s_eth,4078.7434,book_asymmetry_div_fut_minus_spot_struct100_1s,book_asymmetry_div_minus_struct100,Cross-Market,eth,S2,1.0,Futures
depth_gradient_div_fut_minus_spot_struct100_1s_eth,4036.6917,depth_gradient_div_fut_minus_spot_struct100_1s,depth_gradient_div_minus_struct100,Cross-Market,eth,S3,,Futures
depth_gradient_bid_fut_struct100_60s_eth,4017.0928,depth_gradient_bid_fut_struct100_60s,depth_gradient_bid_struct100,Bookshape,eth,S2,60.0,Futures
liq_concentration_ask_spot_struct100_60s_eth,4014.5458,liq_concentration_ask_spot_struct100_60s,liq_concentration_ask_struct100,Bookshape,eth,S2,60.0,Spot
depth_imbalance_struct50_fut_1s_eth,4003.6081,depth_imbalance_struct50_fut_1s,depth_imbalance_struct50,Imbalance,eth,S0,,Futures
depth_gradient_spot_struct50_1s_eth,3985.2406,depth_gradient_spot_struct50_1s,depth_gradient_struct50,Bookshape,eth,S2,1.0,Spot
signed_vol_spot_1s_eth,3981.9582,signed_vol_spot_1s,signed_vol,Aggression,eth,S0,,Spot
dist_to_day_high_bps_spot_eth,3977.769,dist_to_day_high_bps_spot,dist_to_day_high_bps,Range,eth,S1,,Spot
ca_dist_to_day_low_bps_spread_fut_btceth,3950.7443,ca_dist_to_day_low_bps_spread_fut,ca_dist_to_day_low_bps_spread,Cross-Asset,btceth,S6,,Cross-Asset
depth_gradient_bid_fut_struct100_900s_eth,3933.4079,depth_gradient_bid_fut_struct100_900s,depth_gradient_bid_struct100,Bookshape,eth,S2,900.0,Futures
ca_dist_to_day_high_bps_spread_spot_btceth,3914.2277,ca_dist_to_day_high_bps_spread_spot,ca_dist_to_day_high_bps_spread,Cross-Asset,btceth,S6,,Cross-Asset
max_bps_bid_spot_1s_eth,3903.6933,max_bps_bid_spot_1s,max_bps_bid,Bookshape,eth,S0,,Spot
d1_pull_rate_fut_5bps_15s_eth,3889.1996,d1_pull_rate_fut_5bps_15s,d1_pull_rate_5bps,Dynamics,eth,S2,15.0,Futures
signed_notional_spot_1s_eth,3887.8572,signed_notional_spot_1s,signed_notional,Aggression,eth,S0,,Spot
basis_300s_eth,3880.3402,basis_300s,basis,Price,eth,S1,300.0,Futures
book_asymmetry_div_fut_minus_spot_struct100_60s_eth,3871.3491,book_asymmetry_div_fut_minus_spot_struct100_60s,book_asymmetry_div_minus_struct100,Cross-Market,eth,S3,,Futures
depth_gradient_ask_fut_struct100_900s_eth,3868.2795,depth_gradient_ask_fut_struct100_900s,depth_gradient_ask_struct100,Bookshape,eth,S2,900.0,Futures
d2_pull_rate_fut_10bps_15s_eth,3865.7653,d2_pull_rate_fut_10bps_15s,d2_pull_rate_10bps,Dynamics,eth,S2,15.0,Futures
book_asymmetry_div_fut_minus_spot_struct100_300s_eth,3840.108,book_asymmetry_div_fut_minus_spot_struct100_300s,book_asymmetry_div_minus_struct100,Cross-Market,eth,S3,,Futures
pull_rate_fut_10bps_15s_eth,3838.9827,pull_rate_fut_10bps_15s,pull_rate_10bps,Liquidity Events,eth,S1,15.0,Futures
depth_gradient_ask_fut_struct100_60s_eth,3831.3519,depth_gradient_ask_fut_struct100_60s,depth_gradient_ask_struct100,Bookshape,eth,S2,60.0,Futures
d1_pull_rate_fut_10bps_15s_eth,3829.5702,d1_pull_rate_fut_10bps_15s,d1_pull_rate_10bps,Dynamics,eth,S2,15.0,Futures
liq_concentration_ask_fut_struct100_1s_eth,3826.3541,liq_concentration_ask_fut_struct100_1s,liq_concentration_ask_struct100,Bookshape,eth,S1,,Futures
basis_60s_eth,3822.1905,basis_60s,basis,Price,eth,S1,60.0,Futures
ask_churn_spot_5bps_60s_eth,3814.9928,ask_churn_spot_5bps_60s,ask_churn_5bps,Liquidity Events,eth,S3,60.0,Spot
spread_spot_300s_eth,3799.3962,spread_spot_300s,spread,Price,eth,S1,300.0,Spot
mad_pull_rate_fut_1bps_5s_eth,3775.5702,mad_pull_rate_fut_1bps_5s,mad_pull_rate_1bps,Dynamics,eth,S2,5.0,Futures
mad_pull_rate_fut_10bps_60s_eth,3768.9826,mad_pull_rate_fut_10bps_60s,mad_pull_rate_10bps,Dynamics,eth,S2,60.0,Futures
cancel_rate_bid_spot_10bps_1s_eth,3752.6659,cancel_rate_bid_spot_10bps_1s,cancel_rate_bid_10bps,Liquidity Events,eth,S1,,Spot
median_pull_rate_spot_1bps_5s_eth,3744.8321,median_pull_rate_spot_1bps_5s,median_pull_rate_1bps,Dynamics,eth,S2,5.0,Spot
depth_gradient_spot_struct50_300s_eth,3721.6355,depth_gradient_spot_struct50_300s,depth_gradient_struct50,Bookshape,eth,S3,,Spot
liq_sum_spot_1s_eth,3720.0189,liq_sum_spot_1s,liq_sum,Bookshape,eth,S1,,Spot
queue_pressure_log_div_1bps_1s_eth,3711.1362,queue_pressure_log_div_1bps_1s,queue_pressure_log_div_1bps,Pressure,eth,S2,1.0,Cross
z_lwp_minus_mid_5bps_900s_eth,3706.8222,z_lwp_minus_mid_5bps_900s,z_lwp_minus_mid_5bps,Normalization,eth,S1,900.0,Futures
liq_concentration_bid_fut_struct100_1s_eth,3700.561,liq_concentration_bid_fut_struct100_1s,liq_concentration_bid_struct100,Bookshape,eth,S1,,Futures
z_liq_imb_fut_struct100_60s_eth,3699.611,z_liq_imb_fut_struct100_60s,z_liq_imb_struct100,Normalization,eth,S2,60.0,Futures
book_asymmetry_spot_struct100_60s_eth,3695.6645,book_asymmetry_spot_struct100_60s,book_asymmetry_struct100,Bookshape,eth,S2,60.0,Spot
max_bps_bid_fut_900s_eth,3677.1858,max_bps_bid_fut_900s,max_bps_bid,Bookshape,eth,S1,900.0,Futures
book_asymmetry_spot_struct100_900s_eth,3668.507,book_asymmetry_spot_struct100_900s,book_asymmetry_struct100,Bookshape,eth,S2,900.0,Spot
z_liq_imb_fut_struct50_900s_eth,3662.3243,z_liq_imb_fut_struct50_900s,z_liq_imb_struct50,Normalization,eth,S2,900.0,Futures
z_liq_imb_spot_struct50_60s_eth,3645.6746,z_liq_imb_spot_struct50_60s,z_liq_imb_struct50,Normalization,eth,S2,60.0,Spot
max_bps_ask_fut_900s_eth,3645.0836,max_bps_ask_fut_900s,max_bps_ask,Bookshape,eth,S1,900.0,Futures
absorb_refill_ask_fut_2bps_1s_eth,3644.2832,absorb_refill_ask_fut_2bps_1s,absorb_refill_ask_2bps,Absorption,eth,S2,1.0,Futures
spread_fut_300s_eth,3632.7286,spread_fut_300s,spread,Price,eth,S1,300.0,Futures
z_book_asymmetry_fut_struct100_60s_eth,3632.4685,z_book_asymmetry_fut_struct100_60s,z_book_asymmetry_struct100,Normalization,eth,S3,60.0,Futures
taker_sell_vol_fut_1s_eth,3620.6285,taker_sell_vol_fut_1s,taker_sell_vol,Aggression,eth,S0,,Futures
d1_pull_rate_fut_1bps_5s_eth,3606.5632,d1_pull_rate_fut_1bps_5s,d1_pull_rate_1bps,Dynamics,eth,S2,5.0,Futures
depth_notional_bid_struct100_fut_1s_eth,3598.0422,depth_notional_bid_struct100_fut_1s,depth_notional_bid_struct100,Bookshape,eth,S0,,Futures
dist_to_day_low_bps_spot_eth,3594.5582,dist_to_day_low_bps_spot,dist_to_day_low_bps,Range,eth,S1,,Spot
l2_update_count_fut_5bps_5s_eth,3593.1583,l2_update_count_fut_5bps_5s,l2_update_count_5bps,Activity,eth,S2,5.0,Futures
dist_to_day_low_bps_fut_eth,3591.8368,dist_to_day_low_bps_fut,dist_to_day_low_bps,Range,eth,S1,,Futures
cancel_rate_ask_spot_10bps_1s_eth,3565.8949,cancel_rate_ask_spot_10bps_1s,cancel_rate_ask_10bps,Liquidity Events,eth,S1,,Spot
z_liq_imb_fut_struct50_300s_eth,3548.9524,z_liq_imb_fut_struct50_300s,z_liq_imb_struct50,Normalization,eth,S2,300.0,Futures
trade_count_sf_share_300s_eth,3543.8445,trade_count_sf_share_300s,trade_count_sf_share,Cross-Market,eth,S3,,Spot|Futures
liq_sum_spot_10bps_1s_eth,3531.7773,liq_sum_spot_10bps_1s,liq_sum_10bps,Bookshape,eth,S1,,Spot
z_book_asymmetry_spot_struct50_1s_eth,3530.2128,z_book_asymmetry_spot_struct50_1s,z_book_asymmetry_struct50,Normalization,eth,S2,5.0,Spot
max_bps_bid_spot_60s_eth,3508.9769,max_bps_bid_spot_60s,max_bps_bid,Bookshape,eth,S1,60.0,Spot
z_book_asymmetry_fut_struct50_1s_eth,3502.6621,z_book_asymmetry_fut_struct50_1s,z_book_asymmetry_struct50,Normalization,eth,S2,5.0,Futures
cancel_rate_bid_spot_5bps_1s_eth,3485.2424,cancel_rate_bid_spot_5bps_1s,cancel_rate_bid_5bps,Liquidity Events,eth,S1,,Spot
z_book_asymmetry_fut_struct100_1s_eth,3480.673,z_book_asymmetry_fut_struct100_1s,z_book_asymmetry_struct100,Normalization,eth,S2,5.0,Futures
book_asymmetry_fut_struct100_300s_eth,3480.168,book_asymmetry_fut_struct100_300s,book_asymmetry_struct100,Bookshape,eth,S2,300.0,Futures
depth_gradient_spot_struct100_1s_eth,3475.9095,depth_gradient_spot_struct100_1s,depth_gradient_struct100,Bookshape,eth,S2,1.0,Spot
mad_pull_rate_spot_1bps_5s_eth,3472.4752,mad_pull_rate_spot_1bps_5s,mad_pull_rate_1bps,Dynamics,eth,S2,5.0,Spot
depth_gradient_fut_struct50_60s_eth,3460.7386,depth_gradient_fut_struct50_60s,depth_gradient_struct50,Bookshape,eth,S3,,Futures
book_asymmetry_spot_struct50_300s_eth,3454.7357,book_asymmetry_spot_struct50_300s,book_asymmetry_struct50,Bookshape,eth,S2,300.0,Spot
ask_churn_spot_2bps_15s_eth,3443.5232,ask_churn_spot_2bps_15s,ask_churn_2bps,Liquidity Events,eth,S2,15.0,Spot
spread_sf_div_300s_eth,3435.1558,spread_sf_div_300s,spread_sf_div,Cross-Market,eth,S2,300.0,Cross
z_liq_imb_spot_struct100_900s_eth,3430.5373,z_liq_imb_spot_struct100_900s,z_liq_imb_struct100,Normalization,eth,S2,900.0,Spot
book_asymmetry_fut_struct50_60s_eth,3423.4464,book_asymmetry_fut_struct50_60s,book_asymmetry_struct50,Bookshape,eth,S2,60.0,Futures
ca_day_range_bps_spread_fut_btceth,3419.148,ca_day_range_bps_spread_fut,ca_day_range_bps_spread,Cross-Asset,btceth,S6,,Cross-Asset
z_liq_imb_fut_struct100_300s_eth,3416.6036,z_liq_imb_fut_struct100_300s,z_liq_imb_struct100,Normalization,eth,S2,300.0,Futures
trade_count_fut_share_300s_eth,3396.076,trade_count_fut_share_300s,trade_count_share,Cross-Market,eth,S2,300.0,Futures
book_asymmetry_fut_struct100_60s_eth,3395.855,book_asymmetry_fut_struct100_60s,book_asymmetry_struct100,Bookshape,eth,S2,60.0,Futures
book_asymmetry_fut_struct50_300s_eth,3395.6888,book_asymmetry_fut_struct50_300s,book_asymmetry_struct50,Bookshape,eth,S2,300.0,Futures
z_book_asymmetry_spot_struct100_1s_eth,3394.7745,z_book_asymmetry_spot_struct100_1s,z_book_asymmetry_struct100,Normalization,eth,S2,5.0,Spot
z_liq_imb_spot_struct50_900s_eth,3390.5087,z_liq_imb_spot_struct50_900s,z_liq_imb_struct50,Normalization,eth,S2,900.0,Spot
z_liq_imb_fut_struct100_1s_eth,3381.5953,z_liq_imb_fut_struct100_1s,z_liq_imb_struct100,Normalization,eth,S1,5.0,Futures
liq_concentration_div_fut_minus_spot_struct50_300s_eth,3374.476,liq_concentration_div_fut_minus_spot_struct50_300s,liq_concentration_div_minus_struct50,Cross-Market,eth,S4,,Spot|Futures
depth_gradient_spot_struct50_900s_eth,3368.7686,depth_gradient_spot_struct50_900s,depth_gradient_struct50,Bookshape,eth,S3,,Spot
signed_notional_fut_1s_eth,3360.6815,signed_notional_fut_1s,signed_notional,Aggression,eth,S0,,Futures
range_pos_day_fut_eth,3356.0861,range_pos_day_fut,range_pos_day,Range,eth,S1,,Futures
book_asymmetry_div_fut_minus_spot_struct100_900s_eth,3329.4817,book_asymmetry_div_fut_minus_spot_struct100_900s,book_asymmetry_div_minus_struct100,Cross-Market,eth,S3,,Futures
ask_churn_spot_5bps_15s_eth,3324.4423,ask_churn_spot_5bps_15s,ask_churn_5bps,Liquidity Events,eth,S3,15.0,Spot
z_liq_imb_fut_struct100_900s_eth,3317.508,z_liq_imb_fut_struct100_900s,z_liq_imb_struct100,Normalization,eth,S2,900.0,Futures
range_pos_day_spot_eth,3300.2016,range_pos_day_spot,range_pos_day,Range,eth,S1,,Spot
liq_concentration_div_fut_minus_spot_struct50_1s_eth,3294.9554,liq_concentration_div_fut_minus_spot_struct50_1s,liq_concentration_div_minus_struct50,Cross-Market,eth,S3,,Futures
basis_1s_eth,3294.3494,basis_1s,basis,Price,eth,S1,,Futures
max_bps_bid_spot_300s_eth,3282.0339,max_bps_bid_spot_300s,max_bps_bid,Bookshape,eth,S1,300.0,Spot
z_book_asymmetry_fut_struct100_300s_eth,3279.7547,z_book_asymmetry_fut_struct100_300s,z_book_asymmetry_struct100,Normalization,eth,S3,300.0,Futures
mad_pull_rate_fut_10bps_15s_eth,3256.1063,mad_pull_rate_fut_10bps_15s,mad_pull_rate_10bps,Dynamics,eth,S2,15.0,Futures
mad_pull_rate_spot_5bps_15s_eth,3243.2853,mad_pull_rate_spot_5bps_15s,mad_pull_rate_5bps,Dynamics,eth,S2,15.0,Spot
book_asymmetry_fut_struct50_900s_eth,3240.6604,book_asymmetry_fut_struct50_900s,book_asymmetry_struct50,Bookshape,eth,S2,900.0,Futures
d1_pull_rate_spot_5bps_15s_eth,3234.8717,d1_pull_rate_spot_5bps_15s,d1_pull_rate_5bps,Dynamics,eth,S2,15.0,Spot
liq_imb_persist_sf_struct100_300s_eth,3229.668,liq_imb_persist_sf_struct100_300s,liq_imb_persist_sf_struct100,Cross-Market,eth,S3,,Spot|Futures
spread_sf_div_60s_eth,3220.8514,spread_sf_div_60s,spread_sf_div,Cross-Market,eth,S2,60.0,Cross
liq_concentration_fut_struct50_1s_eth,3209.4397,liq_concentration_fut_struct50_1s,liq_concentration_struct50,Bookshape,eth,S2,1.0,Futures
refill_vs_pull_div_fut_minus_spot_2bps_60s_eth,3201.043,refill_vs_pull_div_fut_minus_spot_2bps_60s,refill_vs_pull_div_minus_2bps,Cross-Market,eth,S3,,Futures
mad_pull_rate_spot_10bps_15s_eth,3187.1438,mad_pull_rate_spot_10bps_15s,mad_pull_rate_10bps,Dynamics,eth,S2,15.0,Spot
book_asymmetry_spot_struct50_900s_eth,3185.516,book_asymmetry_spot_struct50_900s,book_asymmetry_struct50,Bookshape,eth,S2,900.0,Spot
ca_bps_spread_fut_eth,3183.5313,ca_bps_spread_fut,ca_bps_spread,Cross-Asset-Intermediary,eth,S6,,Fut
book_asymmetry_spot_struct50_60s_eth,3182.1285,book_asymmetry_spot_struct50_60s,book_asymmetry_struct50,Bookshape,eth,S2,60.0,Spot
liq_concentration_div_fut_minus_spot_struct50_900s_eth,3176.128,liq_concentration_div_fut_minus_spot_struct50_900s,liq_concentration_div_minus_struct50,Cross-Market,eth,S4,,Spot|Futures
book_asymmetry_fut_struct50_1s_eth,3171.7591,book_asymmetry_fut_struct50_1s,book_asymmetry_struct50,Bookshape,eth,S1,,Futures
book_asymmetry_spot_struct100_1s_eth,3167.4979,book_asymmetry_spot_struct100_1s,book_asymmetry_struct100,Bookshape,eth,S1,,Spot
d1_pull_rate_spot_10bps_15s_eth,3162.7025,d1_pull_rate_spot_10bps_15s,d1_pull_rate_10bps,Dynamics,eth,S2,15.0,Spot
z_liq_imb_spot_struct50_300s_eth,3160.6912,z_liq_imb_spot_struct50_300s,z_liq_imb_struct50,Normalization,eth,S2,300.0,Spot
aggressor_absorption_ratio_fut_2bps_60s_eth,3155.0833,aggressor_absorption_ratio_fut_2bps_60s,aggressor_absorption_ratio_2bps,Absorption,eth,S2,60.0,Futures
z_liq_imb_spot_struct100_1s_eth,3147.4026,z_liq_imb_spot_struct100_1s,z_liq_imb_struct100,Normalization,eth,S1,5.0,Spot
mad_pull_rate_fut_5bps_15s_eth,3094.4931,mad_pull_rate_fut_5bps_15s,mad_pull_rate_5bps,Dynamics,eth,S2,15.0,Futures
ask_churn_fut_2bps_15s_eth,3088.0847,ask_churn_fut_2bps_15s,ask_churn_2bps,Liquidity Events,eth,S2,15.0,Futures
refill_vs_pull_div_fut_minus_spot_1bps_15s_eth,3082.0854,refill_vs_pull_div_fut_minus_spot_1bps_15s,refill_vs_pull_div_minus_1bps,Cross-Market,eth,S3,,Futures
liq_concentration_fut_struct100_60s_eth,3072.6475,liq_concentration_fut_struct100_60s,liq_concentration_struct100,Bookshape,eth,S3,,Futures
mad_pull_rate_spot_5bps_60s_eth,3059.9846,mad_pull_rate_spot_5bps_60s,mad_pull_rate_5bps,Dynamics,eth,S2,60.0,Spot
cancel_rate_ask_fut_2bps_1s_eth,3053.3408,cancel_rate_ask_fut_2bps_1s,cancel_rate_ask_2bps,Liquidity Events,eth,S1,,Futures
z_book_asymmetry_spot_struct50_60s_eth,3052.1146,z_book_asymmetry_spot_struct50_60s,z_book_asymmetry_struct50,Normalization,eth,S3,60.0,Spot
add_rate_ask_spot_2bps_1s_eth,3028.0648,add_rate_ask_spot_2bps_1s,add_rate_ask_2bps,Liquidity Events,eth,S1,,Spot
z_book_asymmetry_fut_struct100_900s_eth,3027.7426,z_book_asymmetry_fut_struct100_900s,z_book_asymmetry_struct100,Normalization,eth,S3,900.0,Futures
aggressor_absorption_ratio_fut_5bps_60s_eth,3010.7423,aggressor_absorption_ratio_fut_5bps_60s,aggressor_absorption_ratio_5bps,Absorption,eth,S2,60.0,Futures
depth_gradient_spot_struct100_900s_eth,3006.6964,depth_gradient_spot_struct100_900s,depth_gradient_struct100,Bookshape,eth,S3,,Spot
cancel_rate_ask_fut_10bps_1s_eth,3003.4435,cancel_rate_ask_fut_10bps_1s,cancel_rate_ask_10bps,Liquidity Events,eth,S1,,Futures
d2_pull_rate_spot_5bps_15s_eth,2998.985,d2_pull_rate_spot_5bps_15s,d2_pull_rate_5bps,Dynamics,eth,S2,15.0,Spot
z_book_asymmetry_fut_struct50_900s_eth,2963.3472,z_book_asymmetry_fut_struct50_900s,z_book_asymmetry_struct50,Normalization,eth,S3,900.0,Futures
absorb_refill_ask_fut_5bps_1s_eth,2954.2825,absorb_refill_ask_fut_5bps_1s,absorb_refill_ask_5bps,Absorption,eth,S2,1.0,Futures
basis_vwap_sf_300s_eth,2953.3297,basis_vwap_sf_300s,basis_vwap_sf,Cross-Market,eth,S3,300.0,Spot|Futures
book_asymmetry_fut_struct100_900s_eth,2947.3257,book_asymmetry_fut_struct100_900s,book_asymmetry_struct100,Bookshape,eth,S2,900.0,Futures
z_liq_imb_spot_struct50_1s_eth,2939.3483,z_liq_imb_spot_struct50_1s,z_liq_imb_struct50,Normalization,eth,S1,5.0,Spot
max_bps_bid_fut_300s_eth,2938.2971,max_bps_bid_fut_300s,max_bps_bid,Bookshape,eth,S1,300.0,Futures
d2_pull_rate_spot_10bps_15s_eth,2936.791,d2_pull_rate_spot_10bps_15s,d2_pull_rate_10bps,Dynamics,eth,S2,15.0,Spot
depth_notional_ask_struct100_fut_1s_eth,2932.1347,depth_notional_ask_struct100_fut_1s,depth_notional_ask_struct100,Bookshape,eth,S0,,Futures
z_liq_imb_fut_struct50_1s_eth,2926.9635,z_liq_imb_fut_struct50_1s,z_liq_imb_struct50,Normalization,eth,S1,5.0,Futures
book_asymmetry_fut_struct100_1s_eth,2923.4857,book_asymmetry_fut_struct100_1s,book_asymmetry_struct100,Bookshape,eth,S1,,Futures
liq_concentration_spot_struct50_60s_eth,2919.8095,liq_concentration_spot_struct50_60s,liq_concentration_struct50,Bookshape,eth,S3,,Spot
z_liq_imb_spot_struct100_60s_eth,2904.008,z_liq_imb_spot_struct100_60s,z_liq_imb_struct100,Normalization,eth,S2,60.0,Spot
ca_bps_spread_spot_eth,2895.9077,ca_bps_spread_spot,ca_bps_spread,Cross-Asset-Intermediary,eth,S6,,Spot
depth_gradient_spot_struct100_300s_eth,2886.6279,depth_gradient_spot_struct100_300s,depth_gradient_struct100,Bookshape,eth,S3,,Spot
cancel_rate_bid_fut_2bps_1s_eth,2884.2087,cancel_rate_bid_fut_2bps_1s,cancel_rate_bid_2bps,Liquidity Events,eth,S1,,Futures
depth_gradient_fut_struct50_300s_eth,2882.6167,depth_gradient_fut_struct50_300s,depth_gradient_struct50,Bookshape,eth,S3,,Futures
depth_gradient_fut_struct100_60s_eth,2875.8092,depth_gradient_fut_struct100_60s,depth_gradient_struct100,Bookshape,eth,S3,,Futures
cancel_rate_bid_fut_10bps_1s_eth,2864.9099,cancel_rate_bid_fut_10bps_1s,cancel_rate_bid_10bps,Liquidity Events,eth,S1,,Futures
cancel_rate_bid_fut_5bps_1s_eth,2833.2155,cancel_rate_bid_fut_5bps_1s,cancel_rate_bid_5bps,Liquidity Events,eth,S1,,Futures
add_rate_ask_spot_10bps_1s_eth,2813.1672,add_rate_ask_spot_10bps_1s,add_rate_ask_10bps,Liquidity Events,eth,S1,,Spot
z_book_asymmetry_spot_struct100_60s_eth,2812.2791,z_book_asymmetry_spot_struct100_60s,z_book_asymmetry_struct100,Normalization,eth,S3,60.0,Spot
z_book_asymmetry_spot_struct100_900s_eth,2797.5538,z_book_asymmetry_spot_struct100_900s,z_book_asymmetry_struct100,Normalization,eth,S3,900.0,Spot
liq_concentration_spot_struct100_60s_eth,2790.3274,liq_concentration_spot_struct100_60s,liq_concentration_struct100,Bookshape,eth,S3,,Spot
liq_concentration_div_fut_minus_spot_struct50_60s_eth,2785.6985,liq_concentration_div_fut_minus_spot_struct50_60s,liq_concentration_div_minus_struct50,Cross-Market,eth,S4,,Spot|Futures
z_liq_imb_spot_struct100_300s_eth,2764.016,z_liq_imb_spot_struct100_300s,z_liq_imb_struct100,Normalization,eth,S2,300.0,Spot
max_bps_ask_fut_60s_eth,2755.9257,max_bps_ask_fut_60s,max_bps_ask,Bookshape,eth,S1,60.0,Futures
book_asymmetry_spot_struct50_1s_eth,2752.9706,book_asymmetry_spot_struct50_1s,book_asymmetry_struct50,Bookshape,eth,S1,,Spot
liq_concentration_fut_struct50_300s_eth,2752.3449,liq_concentration_fut_struct50_300s,liq_concentration_struct50,Bookshape,eth,S3,,Futures
z_refill_vs_pull_spot_2bps_60s_eth,2737.8895,z_refill_vs_pull_spot_2bps_60s,z_refill_vs_pull_2bps,Normalization,eth,S3,60.0,Spot
z_book_asymmetry_fut_struct50_300s_eth,2726.1045,z_book_asymmetry_fut_struct50_300s,z_book_asymmetry_struct50,Normalization,eth,S3,300.0,Futures
cancel_rate_ask_spot_5bps_1s_eth,2725.1622,cancel_rate_ask_spot_5bps_1s,cancel_rate_ask_5bps,Liquidity Events,eth,S1,,Spot
net_pressure_fut_1bps_15s_eth,2723.0837,net_pressure_fut_1bps_15s,net_pressure_1bps,Pressure,eth,S1,15.0,Futures
liq_concentration_bid_fut_struct100_900s_eth,2712.646,liq_concentration_bid_fut_struct100_900s,liq_concentration_bid_struct100,Bookshape,eth,S2,900.0,Futures
depth_notional_bid_struct100_spot_1s_eth,2711.9641,depth_notional_bid_struct100_spot_1s,depth_notional_bid_struct100,Bookshape,eth,S0,,Spot
l2_update_count_fut_5bps_1s_eth,2710.6153,l2_update_count_fut_5bps_1s,l2_update_count_5bps,Activity,eth,S1,,Futures
liq_concentration_ask_fut_struct100_300s_eth,2709.3119,liq_concentration_ask_fut_struct100_300s,liq_concentration_ask_struct100,Bookshape,eth,S2,300.0,Futures
impact_per_signed_spot_persist_60s_eth,2695.4831,impact_per_signed_spot_persist_60s,impact_per_signed_persist,Dynamics,eth,S3,60.0,Spot
ask_churn_spot_2bps_60s_eth,2692.9346,ask_churn_spot_2bps_60s,ask_churn_2bps,Liquidity Events,eth,S2,60.0,Spot
z_absorb_refill_ask_spot_5bps_1s_eth,2688.2444,z_absorb_refill_ask_spot_5bps_1s,z_absorb_refill_ask_5bps,Normalization,eth,S3,5.0,Spot
liq_concentration_fut_struct100_900s_eth,2679.0003,liq_concentration_fut_struct100_900s,liq_concentration_struct100,Bookshape,eth,S3,,Futures
max_bps_ask_fut_300s_eth,2663.7195,max_bps_ask_fut_300s,max_bps_ask,Bookshape,eth,S1,300.0,Futures
queue_pressure_log_fut_5bps_1s_eth,2656.5812,queue_pressure_log_fut_5bps_1s,queue_pressure_log_5bps,Pressure,eth,S1,,Futures
z_book_asymmetry_spot_struct50_900s_eth,2643.6418,z_book_asymmetry_spot_struct50_900s,z_book_asymmetry_struct50,Normalization,eth,S3,900.0,Spot
liq_concentration_bid_fut_struct100_300s_eth,2641.0072,liq_concentration_bid_fut_struct100_300s,liq_concentration_bid_struct100,Bookshape,eth,S2,300.0,Futures
z_liq_imb_fut_struct50_60s_eth,2635.3553,z_liq_imb_fut_struct50_60s,z_liq_imb_struct50,Normalization,eth,S2,60.0,Futures
liq_concentration_ask_fut_struct100_900s_eth,2629.9554,liq_concentration_ask_fut_struct100_900s,liq_concentration_ask_struct100,Bookshape,eth,S2,900.0,Futures
max_bps_bid_fut_60s_eth,2615.9603,max_bps_bid_fut_60s,max_bps_bid,Bookshape,eth,S1,60.0,Futures
z_rv_300s_eth,2614.5637,z_rv_300s,z_rv,Normalization,eth,S2,300.0,Spot
depth_gradient_fut_struct50_900s_eth,2604.896,depth_gradient_fut_struct50_900s,depth_gradient_struct50,Bookshape,eth,S3,,Futures
add_rate_ask_spot_5bps_1s_eth,2599.0504,add_rate_ask_spot_5bps_1s,add_rate_ask_5bps,Liquidity Events,eth,S1,,Spot
bid_churn_fut_2bps_15s_eth,2586.2259,bid_churn_fut_2bps_15s,bid_churn_2bps,Liquidity Events,eth,S2,15.0,Futures
basis_sf_mid_60s_eth,2573.9637,basis_sf_mid_60s,basis_sf_mid,Cross-Market,eth,S1,60.0,
mad_impact_per_signed_spot_5s_eth,2569.8666,mad_impact_per_signed_spot_5s,mad_impact_per_signed,Dynamics,eth,S3,,Spot
liq_concentration_spot_struct50_300s_eth,2568.4465,liq_concentration_spot_struct50_300s,liq_concentration_struct50,Bookshape,eth,S3,,Spot
queue_pressure_log_spot_5bps_1s_eth,2560.3034,queue_pressure_log_spot_5bps_1s,queue_pressure_log_5bps,Pressure,eth,S1,,Spot
z_book_asymmetry_spot_struct100_300s_eth,2556.4838,z_book_asymmetry_spot_struct100_300s,z_book_asymmetry_struct100,Normalization,eth,S3,300.0,Spot
spread_spot_900s_eth,2546.6359,spread_spot_900s,spread,Price,eth,S1,900.0,Spot
z_book_asymmetry_spot_struct50_300s_eth,2543.0569,z_book_asymmetry_spot_struct50_300s,z_book_asymmetry_struct50,Normalization,eth,S3,300.0,Spot
depth_notional_ask_5bps_spot_1s_eth,2538.3404,depth_notional_ask_5bps_spot_1s,depth_notional_ask_5bps,Bookshape,eth,S0,,Spot
depth_gradient_div_fut_minus_spot_struct100_900s_eth,2528.2233,depth_gradient_div_fut_minus_spot_struct100_900s,depth_gradient_div_minus_struct100,Cross-Market,eth,S4,,Spot|Futures
liq_concentration_fut_struct50_900s_eth,2521.7254,liq_concentration_fut_struct50_900s,liq_concentration_struct50,Bookshape,eth,S3,,Futures
liq_concentration_fut_struct50_60s_eth,2519.4905,liq_concentration_fut_struct50_60s,liq_concentration_struct50,Bookshape,eth,S3,,Futures
d2_pull_rate_fut_1bps_5s_eth,2514.5424,d2_pull_rate_fut_1bps_5s,d2_pull_rate_1bps,Dynamics,eth,S2,5.0,Futures
signed_vol_fut_1s_eth,2508.393,signed_vol_fut_1s,signed_vol,Aggression,eth,S0,,Futures
liq_concentration_div_fut_minus_spot_struct100_900s_eth,2498.454,liq_concentration_div_fut_minus_spot_struct100_900s,liq_concentration_div_minus_struct100,Cross-Market,eth,S4,,Spot|Futures
impact_per_signed_fut_persist_900s_eth,2488.3464,impact_per_signed_fut_persist_900s,impact_per_signed_persist,Dynamics,eth,S3,900.0,Futures
depth_gradient_div_fut_minus_spot_struct100_300s_eth,2482.1863,depth_gradient_div_fut_minus_spot_struct100_300s,depth_gradient_div_minus_struct100,Cross-Market,eth,S4,,Spot|Futures
liq_concentration_fut_struct100_300s_eth,2450.1805,liq_concentration_fut_struct100_300s,liq_concentration_struct100,Bookshape,eth,S3,,Futures
liq_concentration_bid_spot_struct50_900s_eth,2429.5965,liq_concentration_bid_spot_struct50_900s,liq_concentration_bid_struct50,Bookshape,eth,S2,900.0,Spot
liq_concentration_spot_struct50_1s_eth,2429.5443,liq_concentration_spot_struct50_1s,liq_concentration_struct50,Bookshape,eth,S2,1.0,Spot
liq_concentration_spot_struct50_900s_eth,2429.1879,liq_concentration_spot_struct50_900s,liq_concentration_struct50,Bookshape,eth,S3,,Spot
depth_notional_ask_struct100_fut_60s_eth,2427.4962,depth_notional_ask_struct100_fut_60s,depth_notional_ask_struct100,Bookshape,eth,S1,60.0,Futures
liq_concentration_spot_struct100_300s_eth,2421.9727,liq_concentration_spot_struct100_300s,liq_concentration_struct100,Bookshape,eth,S3,,Spot
depth_gradient_fut_struct100_300s_eth,2389.2149,depth_gradient_fut_struct100_300s,depth_gradient_struct100,Bookshape,eth,S3,,Futures
add_rate_ask_fut_10bps_1s_eth,2382.1916,add_rate_ask_fut_10bps_1s,add_rate_ask_10bps,Liquidity Events,eth,S1,,Futures
range_pos_spot_3600s_eth,2363.7427,range_pos_spot_3600s,range_pos,Range,eth,S1,3600.0,Spot
liq_concentration_spot_struct100_900s_eth,2349.8062,liq_concentration_spot_struct100_900s,liq_concentration_struct100,Bookshape,eth,S3,,Spot
bid_churn_spot_2bps_15s_eth,2318.4696,bid_churn_spot_2bps_15s,bid_churn_2bps,Liquidity Events,eth,S2,15.0,Spot
add_rate_bid_spot_10bps_1s_eth,2310.6738,add_rate_bid_spot_10bps_1s,add_rate_bid_10bps,Liquidity Events,eth,S1,,Spot
liq_concentration_ask_fut_struct100_60s_eth,2296.1434,liq_concentration_ask_fut_struct100_60s,liq_concentration_ask_struct100,Bookshape,eth,S2,60.0,Futures
range_pos_fut_3600s_eth,2292.2237,range_pos_fut_3600s,range_pos,Range,eth,S1,3600.0,Futures
add_rate_ask_fut_5bps_1s_eth,2282.7339,add_rate_ask_fut_5bps_1s,add_rate_ask_5bps,Liquidity Events,eth,S1,,Futures
liq_concentration_div_fut_minus_spot_struct100_300s_eth,2259.2047,liq_concentration_div_fut_minus_spot_struct100_300s,liq_concentration_div_minus_struct100,Cross-Market,eth,S4,,Spot|Futures
median_refill_rate_spot_10bps_60s_eth,2237.316,median_refill_rate_spot_10bps_60s,median_refill_rate_10bps,Dynamics,eth,S2,60.0,Spot
median_refill_rate_fut_10bps_60s_eth,2224.1212,median_refill_rate_fut_10bps_60s,median_refill_rate_10bps,Dynamics,eth,S2,60.0,Futures
liq_concentration_bid_fut_struct100_60s_eth,2207.4531,liq_concentration_bid_fut_struct100_60s,liq_concentration_bid_struct100,Bookshape,eth,S2,60.0,Futures
liq_concentration_bid_spot_struct50_1s_eth,2204.5385,liq_concentration_bid_spot_struct50_1s,liq_concentration_bid_struct50,Bookshape,eth,S1,,Spot
depth_gradient_fut_struct100_900s_eth,2199.3779,depth_gradient_fut_struct100_900s,depth_gradient_struct100,Bookshape,eth,S3,,Futures
depth_gradient_spot_struct100_60s_eth,2193.6875,depth_gradient_spot_struct100_60s,depth_gradient_struct100,Bookshape,eth,S3,,Spot
add_rate_bid_fut_10bps_1s_eth,2187.7916,add_rate_bid_fut_10bps_1s,add_rate_bid_10bps,Liquidity Events,eth,S1,,Futures
depth_notional_ask_struct100_fut_300s_eth,2185.7644,depth_notional_ask_struct100_fut_300s,depth_notional_ask_struct100,Bookshape,eth,S1,300.0,Futures
z_absorb_refill_ask_spot_2bps_1s_eth,2181.3025,z_absorb_refill_ask_spot_2bps_1s,z_absorb_refill_ask_2bps,Normalization,eth,S3,5.0,Spot
queue_imb_persist_spot_1bps_300s_eth,2175.6634,queue_imb_persist_spot_1bps_300s,queue_imb_persist_1bps,Dynamics,eth,S2,300.0,Spot
ask_churn_fut_2bps_60s_eth,2173.0405,ask_churn_fut_2bps_60s,ask_churn_2bps,Liquidity Events,eth,S2,60.0,Futures
depth_notional_ask_5bps_fut_1s_eth,2167.3251,depth_notional_ask_5bps_fut_1s,depth_notional_ask_5bps,Bookshape,eth,S0,,Futures
d2_pull_rate_spot_1bps_5s_eth,2146.2397,d2_pull_rate_spot_1bps_5s,d2_pull_rate_1bps,Dynamics,eth,S2,5.0,Spot
spread_spot_1s_eth,2141.426,spread_spot_1s,spread,Price,eth,S0,,Spot
depth_notional_ask_10bps_fut_1s_eth,2140.3926,depth_notional_ask_10bps_fut_1s,depth_notional_ask_10bps,Bookshape,eth,S0,,Futures
impact_per_signed_spot_persist_900s_eth,2128.8353,impact_per_signed_spot_persist_900s,impact_per_signed_persist,Dynamics,eth,S3,900.0,Spot
refill_rate_behind_spot_1bps_15s_eth,2121.4517,refill_rate_behind_spot_1bps_15s,refill_rate_behind_1bps,Liquidity Events,eth,S2,15.0,Spot
depth_notional_ask_10bps_spot_1s_eth,2105.9957,depth_notional_ask_10bps_spot_1s,depth_notional_ask_10bps,Bookshape,eth,S0,,Spot
refill_rate_behind_fut_1bps_15s_eth,2101.3649,refill_rate_behind_fut_1bps_15s,refill_rate_behind_1bps,Liquidity Events,eth,S2,15.0,Futures
depth_notional_bid_struct100_fut_60s_eth,2087.7148,depth_notional_bid_struct100_fut_60s,depth_notional_bid_struct100,Bookshape,eth,S1,60.0,Futures
basis_vwap_sf_900s_eth,2082.8852,basis_vwap_sf_900s,basis_vwap_sf,Cross-Market,eth,S3,900.0,Spot|Futures
l2_update_count_spot_5bps_5s_eth,2075.0669,l2_update_count_spot_5bps_5s,l2_update_count_5bps,Activity,eth,S2,5.0,Spot
impact_per_signed_fut_persist_60s_eth,2067.2185,impact_per_signed_fut_persist_60s,impact_per_signed_persist,Dynamics,eth,S3,60.0,Futures
liq_concentration_ask_spot_struct50_900s_eth,2066.4299,liq_concentration_ask_spot_struct50_900s,liq_concentration_ask_struct50,Bookshape,eth,S2,900.0,Spot
z_book_asymmetry_fut_struct50_60s_eth,2027.0118,z_book_asymmetry_fut_struct50_60s,z_book_asymmetry_struct50,Normalization,eth,S3,60.0,Futures
ca_net_cancel_spot_5bps_spread_15s_btceth,2015.6724,ca_net_cancel_spot_5bps_spread_15s,ca_net_cancel_5bps_spread,Cross-Asset,btceth,S6,,Cross-Asset
depth_notional_bid_struct50_spot_1s_eth,2010.1738,depth_notional_bid_struct50_spot_1s,depth_notional_bid_struct50,Bookshape,eth,S0,,Spot
liq_concentration_ask_spot_struct50_1s_eth,2005.4372,liq_concentration_ask_spot_struct50_1s,liq_concentration_ask_struct50,Bookshape,eth,S1,,Spot
spread_fut_1s_eth,1994.9605,spread_fut_1s,spread,Price,eth,S0,,Futures
depth_gradient_fut_struct100_1s_eth,1979.0726,depth_gradient_fut_struct100_1s,depth_gradient_struct100,Bookshape,eth,S2,1.0,Futures
depth_notional_bid_struct100_fut_900s_eth,1977.5263,depth_notional_bid_struct100_fut_900s,depth_notional_bid_struct100,Bookshape,eth,S1,900.0,Futures
depth_gradient_div_fut_minus_spot_struct100_60s_eth,1976.5243,depth_gradient_div_fut_minus_spot_struct100_60s,depth_gradient_div_minus_struct100,Cross-Market,eth,S4,,Spot|Futures
depth_notional_bid_5bps_fut_1s_eth,1963.2589,depth_notional_bid_5bps_fut_1s,depth_notional_bid_5bps,Bookshape,eth,S0,,Futures
queue_imb_persist_fut_1bps_300s_eth,1960.9481,queue_imb_persist_fut_1bps_300s,queue_imb_persist_1bps,Dynamics,eth,S2,300.0,Futures
depth_gradient_div_fut_minus_spot_struct50_300s_eth,1960.8454,depth_gradient_div_fut_minus_spot_struct50_300s,depth_gradient_div_minus_struct50,Cross-Market,eth,S4,,Spot|Futures
bps_sym_spot_1s_eth,1945.2578,bps_sym_spot_1s,bps_sym,Price,eth,S0,,Spot
depth_gradient_div_fut_minus_spot_struct50_900s_eth,1925.2903,depth_gradient_div_fut_minus_spot_struct50_900s,depth_gradient_div_minus_struct50,Cross-Market,eth,S4,,Spot|Futures
depth_notional_bid_10bps_fut_1s_eth,1911.6253,depth_notional_bid_10bps_fut_1s,depth_notional_bid_10bps,Bookshape,eth,S0,,Futures
z_lwp_minus_mid_struct50_900s_eth,1888.3163,z_lwp_minus_mid_struct50_900s,z_lwp_minus_mid_struct50,Normalization,eth,S1,900.0,Futures
liq_concentration_div_fut_minus_spot_struct100_60s_eth,1878.0255,liq_concentration_div_fut_minus_spot_struct100_60s,liq_concentration_div_minus_struct100,Cross-Market,eth,S4,,Spot|Futures
max_bps_bid_spot_900s_eth,1854.8223,max_bps_bid_spot_900s,max_bps_bid,Bookshape,eth,S1,900.0,Spot
depth_gradient_bid_spot_struct100_1s_eth,1834.5336,depth_gradient_bid_spot_struct100_1s,depth_gradient_bid_struct100,Bookshape,eth,S1,,Spot
depth_notional_ask_struct100_spot_1s_eth,1833.0949,depth_notional_ask_struct100_spot_1s,depth_notional_ask_struct100,Bookshape,eth,S0,,Spot
liq_concentration_bid_spot_struct50_300s_eth,1831.2213,liq_concentration_bid_spot_struct50_300s,liq_concentration_bid_struct50,Bookshape,eth,S2,300.0,Spot
add_rate_bid_spot_5bps_1s_eth,1799.547,add_rate_bid_spot_5bps_1s,add_rate_bid_5bps,Liquidity Events,eth,S1,,Spot
bid_churn_spot_2bps_60s_eth,1790.5356,bid_churn_spot_2bps_60s,bid_churn_2bps,Liquidity Events,eth,S2,60.0,Spot
spread_fut_900s_eth,1789.5452,spread_fut_900s,spread,Price,eth,S1,900.0,Futures
liq_concentration_ask_spot_struct50_300s_eth,1782.811,liq_concentration_ask_spot_struct50_300s,liq_concentration_ask_struct50,Bookshape,eth,S2,300.0,Spot
depth_notional_ask_struct100_fut_900s_eth,1777.6613,depth_notional_ask_struct100_fut_900s,depth_notional_ask_struct100,Bookshape,eth,S1,900.0,Futures
z_basis_900s_eth,1772.949,z_basis_900s,z_basis,Normalization,eth,S1,900.0,Futures
depth_notional_bid_struct100_spot_60s_eth,1772.7214,depth_notional_bid_struct100_spot_60s,depth_notional_bid_struct100,Bookshape,eth,S1,60.0,Spot
refill_rate_spot_10bps_60s_eth,1755.3941,refill_rate_spot_10bps_60s,refill_rate_10bps,Liquidity Events,eth,S1,60.0,Spot
cancel_rate_bid_spot_2bps_1s_eth,1747.5076,cancel_rate_bid_spot_2bps_1s,cancel_rate_bid_2bps,Liquidity Events,eth,S1,,Spot
trade_count_fut_share_60s_eth,1738.2113,trade_count_fut_share_60s,trade_count_share,Cross-Market,eth,S2,60.0,Futures
queue_pressure_log_fut_1bps_1s_eth,1737.5809,queue_pressure_log_fut_1bps_1s,queue_pressure_log_1bps,Pressure,eth,S1,,Futures
absorb_refill_bid_fut_5bps_1s_eth,1736.1807,absorb_refill_bid_fut_5bps_1s,absorb_refill_bid_5bps,Absorption,eth,S2,1.0,Futures
add_rate_ask_fut_2bps_1s_eth,1735.2699,add_rate_ask_fut_2bps_1s,add_rate_ask_2bps,Liquidity Events,eth,S1,,Futures
depth_gradient_bid_spot_struct100_300s_eth,1726.058,depth_gradient_bid_spot_struct100_300s,depth_gradient_bid_struct100,Bookshape,eth,S2,300.0,Spot
liq_concentration_bid_spot_struct50_60s_eth,1694.6173,liq_concentration_bid_spot_struct50_60s,liq_concentration_bid_struct50,Bookshape,eth,S2,60.0,Spot
add_rate_bid_fut_5bps_1s_eth,1674.6887,add_rate_bid_fut_5bps_1s,add_rate_bid_5bps,Liquidity Events,eth,S1,,Futures
depth_gradient_ask_spot_struct100_900s_eth,1660.5612,depth_gradient_ask_spot_struct100_900s,depth_gradient_ask_struct100,Bookshape,eth,S2,900.0,Spot
depth_gradient_ask_spot_struct100_300s_eth,1650.2745,depth_gradient_ask_spot_struct100_300s,depth_gradient_ask_struct100,Bookshape,eth,S2,300.0,Spot
bid_churn_fut_2bps_60s_eth,1632.8367,bid_churn_fut_2bps_60s,bid_churn_2bps,Liquidity Events,eth,S2,60.0,Futures
mad_refill_rate_spot_10bps_60s_eth,1626.0178,mad_refill_rate_spot_10bps_60s,mad_refill_rate_10bps,Dynamics,eth,S2,60.0,Spot
d1_net_pressure_spot_2bps_5s_eth,1618.0705,d1_net_pressure_spot_2bps_5s,d1_net_pressure_2bps,Dynamics,eth,S4,,Spot
ca_z_trade_count_spot_300s_eth,1602.9961,ca_z_trade_count_spot_300s,ca_z_trade_count,Cross-Asset-Intermediary,eth,S6,900.0,Cross-Asset
max_bps_ask_spot_300s_eth,1598.3385,max_bps_ask_spot_300s,max_bps_ask,Bookshape,eth,S1,300.0,Spot
fill_rate_ahead_spot_1bps_15s_eth,1593.5323,fill_rate_ahead_spot_1bps_15s,fill_rate_ahead_1bps,Liquidity Events,eth,S1,15.0,Spot
z_rv_60s_eth,1593.3955,z_rv_60s,z_rv,Normalization,eth,S2,60.0,Spot
depth_notional_bid_struct50_fut_1s_eth,1586.31,depth_notional_bid_struct50_fut_1s,depth_notional_bid_struct50,Bookshape,eth,S0,,Futures
depth_gradient_div_fut_minus_spot_struct50_60s_eth,1582.6479,depth_gradient_div_fut_minus_spot_struct50_60s,depth_gradient_div_minus_struct50,Cross-Market,eth,S4,,Spot|Futures
depth_gradient_bid_spot_struct100_900s_eth,1579.9988,depth_gradient_bid_spot_struct100_900s,depth_gradient_bid_struct100,Bookshape,eth,S2,900.0,Spot
ca_net_add_spot_5bps_spread_15s_btceth,1572.1857,ca_net_add_spot_5bps_spread_15s,ca_net_add_5bps_spread,Cross-Asset,btceth,S6,,Cross-Asset
max_bps_ask_spot_60s_eth,1543.1388,max_bps_ask_spot_60s,max_bps_ask,Bookshape,eth,S1,60.0,Spot
max_liq_distance_ask_spot_5bps_300s_eth,1536.0306,max_liq_distance_ask_spot_5bps_300s,max_liq_distance_ask_5bps,Bookshape,eth,S2,300.0,Spot
depth_gradient_bid_spot_struct100_60s_eth,1524.8316,depth_gradient_bid_spot_struct100_60s,depth_gradient_bid_struct100,Bookshape,eth,S2,60.0,Spot
depth_notional_bid_struct100_fut_300s_eth,1505.497,depth_notional_bid_struct100_fut_300s,depth_notional_bid_struct100,Bookshape,eth,S1,300.0,Futures
max_liq_distance_bid_spot_5bps_300s_eth,1486.1989,max_liq_distance_bid_spot_5bps_300s,max_liq_distance_bid_5bps,Bookshape,eth,S2,300.0,Spot
liq_concentration_bid_fut_struct50_1s_eth,1485.6628,liq_concentration_bid_fut_struct50_1s,liq_concentration_bid_struct50,Bookshape,eth,S1,,Futures
depth_notional_ask_struct100_spot_60s_eth,1484.7888,depth_notional_ask_struct100_spot_60s,depth_notional_ask_struct100,Bookshape,eth,S1,60.0,Spot
add_rate_bid_fut_2bps_1s_eth,1473.2946,add_rate_bid_fut_2bps_1s,add_rate_bid_2bps,Liquidity Events,eth,S1,,Futures
mad_impact_per_signed_spot_15s_eth,1447.3972,mad_impact_per_signed_spot_15s,mad_impact_per_signed,Dynamics,eth,S3,,Spot
liq_concentration_ask_spot_struct50_60s_eth,1430.0153,liq_concentration_ask_spot_struct50_60s,liq_concentration_ask_struct50,Bookshape,eth,S2,60.0,Spot
z_lwp_minus_mid_5bps_300s_eth,1420.7159,z_lwp_minus_mid_5bps_300s,z_lwp_minus_mid_5bps,Normalization,eth,S1,300.0,Futures
depth_gradient_ask_spot_struct100_60s_eth,1409.1337,depth_gradient_ask_spot_struct100_60s,depth_gradient_ask_struct100,Bookshape,eth,S2,60.0,Spot
depth_gradient_ask_spot_struct100_1s_eth,1387.7574,depth_gradient_ask_spot_struct100_1s,depth_gradient_ask_struct100,Bookshape,eth,S1,,Spot
queue_pressure_persist_fut_1bps_300s_eth,1379.2814,queue_pressure_persist_fut_1bps_300s,queue_pressure_persist_1bps,Dynamics,eth,S2,300.0,Futures
trade_count_fut_share_900s_eth,1379.1552,trade_count_fut_share_900s,trade_count_share,Cross-Market,eth,S2,900.0,Futures
refill_rate_fut_10bps_60s_eth,1367.7804,refill_rate_fut_10bps_60s,refill_rate_10bps,Liquidity Events,eth,S1,60.0,Futures
ca_bps_mid_dev_fut_5bps_eth,1346.4198,ca_bps_mid_dev_fut_5bps,ca_bps_mid_dev_5bps,Cross-Asset-Intermediary,eth,S6,,Fut
z_lwp_minus_mid_struct100_900s_eth,1343.1132,z_lwp_minus_mid_struct100_900s,z_lwp_minus_mid_struct100,Normalization,eth,S1,900.0,Futures
queue_pressure_log_fut_2bps_1s_eth,1320.7413,queue_pressure_log_fut_2bps_1s,queue_pressure_log_2bps,Pressure,eth,S1,,Futures
refill_rate_spot_5bps_60s_eth,1311.857,refill_rate_spot_5bps_60s,refill_rate_5bps,Liquidity Events,eth,S1,60.0,Spot
depth_notional_ask_struct100_spot_300s_eth,1305.9487,depth_notional_ask_struct100_spot_300s,depth_notional_ask_struct100,Bookshape,eth,S1,300.0,Spot
ca_bps_mid_dev_spot_5bps_eth,1293.174,ca_bps_mid_dev_spot_5bps,ca_bps_mid_dev_5bps,Cross-Asset-Intermediary,eth,S6,,Spot
queue_imb_persist_fut_1bps_900s_eth,1289.0611,queue_imb_persist_fut_1bps_900s,queue_imb_persist_1bps,Dynamics,eth,S2,900.0,Futures
avg_trade_size_spot_900s_eth,1289.0232,avg_trade_size_spot_900s,avg_trade_size,Activity,eth,S2,900.0,Spot
bid_churn_spot_5bps_1s_eth,1263.8196,bid_churn_spot_5bps_1s,bid_churn_5bps,Liquidity Events,eth,S2,1.0,Spot
pull_rate_fut_1bps_15s_eth,1241.2772,pull_rate_fut_1bps_15s,pull_rate_1bps,Liquidity Events,eth,S2,15.0,Futures
z_rv_900s_eth,1232.0284,z_rv_900s,z_rv,Normalization,eth,S2,900.0,Spot
liq_concentration_ask_fut_struct50_900s_eth,1217.8718,liq_concentration_ask_fut_struct50_900s,liq_concentration_ask_struct50,Bookshape,eth,S2,900.0,Futures
max_bps_bid_fut_1s_eth,1182.7239,max_bps_bid_fut_1s,max_bps_bid,Bookshape,eth,S0,,Futures
depth_notional_bid_struct50_spot_60s_eth,1178.2099,depth_notional_bid_struct50_spot_60s,depth_notional_bid_struct50,Bookshape,eth,S1,60.0,Spot
l2_update_count_spot_5bps_1s_eth,1174.6995,l2_update_count_spot_5bps_1s,l2_update_count_5bps,Activity,eth,S1,,Spot
mad_refill_rate_fut_10bps_60s_eth,1167.4041,mad_refill_rate_fut_10bps_60s,mad_refill_rate_10bps,Dynamics,eth,S2,60.0,Futures
z_lwp_minus_mid_struct50_300s_eth,1165.5515,z_lwp_minus_mid_struct50_300s,z_lwp_minus_mid_struct50,Normalization,eth,S1,300.0,Futures
depth_notional_bid_struct100_spot_300s_eth,1162.7238,depth_notional_bid_struct100_spot_300s,depth_notional_bid_struct100,Bookshape,eth,S1,300.0,Spot
refill_rate_spot_10bps_15s_eth,1156.9128,refill_rate_spot_10bps_15s,refill_rate_10bps,Liquidity Events,eth,S1,15.0,Spot
queue_pressure_persist_spot_1bps_300s_eth,1154.5818,queue_pressure_persist_spot_1bps_300s,queue_pressure_persist_1bps,Dynamics,eth,S2,300.0,Spot
median_refill_rate_spot_5bps_60s_eth,1154.3055,median_refill_rate_spot_5bps_60s,median_refill_rate_5bps,Dynamics,eth,S2,60.0,Spot
range_pct_fut_3600s_eth,1131.1456,range_pct_fut_3600s,range_pct,Range,eth,S1,3600.0,Futures
range_pct_spot_3600s_eth,1131.0748,range_pct_spot_3600s,range_pct,Range,eth,S1,3600.0,Spot
queue_imb_persist_spot_1bps_900s_eth,1127.5515,queue_imb_persist_spot_1bps_900s,queue_imb_persist_1bps,Dynamics,eth,S2,900.0,Spot
liq_concentration_ask_fut_struct50_300s_eth,1111.9075,liq_concentration_ask_fut_struct50_300s,liq_concentration_ask_struct50,Bookshape,eth,S2,300.0,Futures
ca_range_pos_day_spread_fut_btceth,1087.0853,ca_range_pos_day_spread_fut,ca_range_pos_day_spread,Cross-Asset,btceth,S6,,Cross-Asset
z_refill_vs_pull_spot_1bps_15s_eth,1085.8642,z_refill_vs_pull_spot_1bps_15s,z_refill_vs_pull_1bps,Normalization,eth,S3,15.0,Spot
z_absorb_refill_ask_spot_10bps_1s_eth,1084.2197,z_absorb_refill_ask_spot_10bps_1s,z_absorb_refill_ask_10bps,Normalization,eth,S3,5.0,Spot
avg_trade_size_spot_300s_eth,1083.6882,avg_trade_size_spot_300s,avg_trade_size,Activity,eth,S2,300.0,Spot
ca_range_pos_day_spread_spot_btceth,1081.277,ca_range_pos_day_spread_spot,ca_range_pos_day_spread,Cross-Asset,btceth,S6,,Cross-Asset
liq_concentration_ask_fut_struct50_1s_eth,1077.7355,liq_concentration_ask_fut_struct50_1s,liq_concentration_ask_struct50,Bookshape,eth,S1,,Futures
median_queue_pressure_fut_10bps_5s_eth,1067.805,median_queue_pressure_fut_10bps_5s,median_queue_pressure_10bps,Dynamics,eth,S2,5.0,Futures
liq_concentration_bid_fut_struct50_900s_eth,1064.4593,liq_concentration_bid_fut_struct50_900s,liq_concentration_bid_struct50,Bookshape,eth,S2,900.0,Futures
liq_concentration_bid_fut_struct50_300s_eth,1044.934,liq_concentration_bid_fut_struct50_300s,liq_concentration_bid_struct50,Bookshape,eth,S2,300.0,Futures
depth_notional_ask_struct50_spot_1s_eth,1044.8961,depth_notional_ask_struct50_spot_1s,depth_notional_ask_struct50,Bookshape,eth,S0,,Spot
depth_notional_bid_10bps_spot_1s_eth,1042.0194,depth_notional_bid_10bps_spot_1s,depth_notional_bid_10bps,Bookshape,eth,S0,,Spot
queue_pressure_fut_10bps_5s_eth,1040.3489,queue_pressure_fut_10bps_5s,queue_pressure_10bps,Pressure,eth,S1,5.0,Futures
absorb_refill_bid_fut_2bps_1s_eth,1022.4102,absorb_refill_bid_fut_2bps_1s,absorb_refill_bid_2bps,Absorption,eth,S2,1.0,Futures
depth_notional_ask_struct50_spot_900s_eth,1015.9505,depth_notional_ask_struct50_spot_900s,depth_notional_ask_struct50,Bookshape,eth,S1,900.0,Spot
queue_pressure_spot_10bps_5s_eth,1002.6229,queue_pressure_spot_10bps_5s,queue_pressure_10bps,Pressure,eth,S1,5.0,Spot
depth_notional_ask_struct50_spot_300s_eth,1001.4325,depth_notional_ask_struct50_spot_300s,depth_notional_ask_struct50,Bookshape,eth,S1,300.0,Spot
bps_sym_fut_1s_eth,994.4724,bps_sym_fut_1s,bps_sym,Price,eth,S0,,Futures
queue_pressure_persist_fut_1bps_900s_eth,986.2409,queue_pressure_persist_fut_1bps_900s,queue_pressure_persist_1bps,Dynamics,eth,S2,900.0,Futures
refill_rate_fut_10bps_15s_eth,981.0481,refill_rate_fut_10bps_15s,refill_rate_10bps,Liquidity Events,eth,S1,15.0,Futures
depth_notional_ask_struct50_spot_60s_eth,979.8822,depth_notional_ask_struct50_spot_60s,depth_notional_ask_struct50,Bookshape,eth,S1,60.0,Spot
median_queue_pressure_spot_10bps_5s_eth,979.8586,median_queue_pressure_spot_10bps_5s,median_queue_pressure_10bps,Dynamics,eth,S2,5.0,Spot
ca_refill_vs_pull_spot_2bps_spread_60s_btceth,973.5158,ca_refill_vs_pull_spot_2bps_spread_60s,ca_refill_vs_pull_2bps_spread,Cross-Asset,btceth,S6,,Cross-Asset
mad_impact_per_signed_fut_5s_eth,972.1741,mad_impact_per_signed_fut_5s,mad_impact_per_signed,Dynamics,eth,S3,,Futures
pull_rate_shock_spot_10bps_60s_eth,949.6544,pull_rate_shock_spot_10bps_60s,pull_rate_shock_10bps,Dynamics,eth,S2,60.0,Spot
median_net_pressure_fut_1bps_15s_eth,943.9681,median_net_pressure_fut_1bps_15s,median_net_pressure_1bps,Dynamics,eth,S2,15.0,Futures
depth_notional_ask_struct100_spot_900s_eth,914.6159,depth_notional_ask_struct100_spot_900s,depth_notional_ask_struct100,Bookshape,eth,S1,900.0,Spot
median_refill_rate_fut_5bps_60s_eth,880.8972,median_refill_rate_fut_5bps_60s,median_refill_rate_5bps,Dynamics,eth,S2,60.0,Futures
liq_concentration_bid_fut_struct50_60s_eth,877.5132,liq_concentration_bid_fut_struct50_60s,liq_concentration_bid_struct50,Bookshape,eth,S2,60.0,Futures
depth_notional_bid_struct50_spot_300s_eth,877.3948,depth_notional_bid_struct50_spot_300s,depth_notional_bid_struct50,Bookshape,eth,S1,300.0,Spot
trade_count_sf_share_60s_eth,856.6932,trade_count_sf_share_60s,trade_count_sf_share,Cross-Market,eth,S3,,Spot|Futures
liq_concentration_ask_fut_struct50_60s_eth,841.8547,liq_concentration_ask_fut_struct50_60s,liq_concentration_ask_struct50,Bookshape,eth,S2,60.0,Futures
queue_pressure_persist_spot_1bps_900s_eth,838.5817,queue_pressure_persist_spot_1bps_900s,queue_pressure_persist_1bps,Dynamics,eth,S2,900.0,Spot
z_lwp_minus_mid_struct100_300s_eth,804.3504,z_lwp_minus_mid_struct100_300s,z_lwp_minus_mid_struct100,Normalization,eth,S1,300.0,Futures
z_absorb_refill_bid_spot_2bps_1s_eth,795.4212,z_absorb_refill_bid_spot_2bps_1s,z_absorb_refill_bid_2bps,Normalization,eth,S3,5.0,Spot
refill_rate_spot_10bps_5s_eth,789.1551,refill_rate_spot_10bps_5s,refill_rate_10bps,Liquidity Events,eth,S1,5.0,Spot
ca_refill_vs_pull_fut_2bps_spread_60s_btceth,778.3762,ca_refill_vs_pull_fut_2bps_spread_60s,ca_refill_vs_pull_2bps_spread,Cross-Asset,btceth,S6,,Cross-Asset
refill_rate_fut_5bps_60s_eth,773.4371,refill_rate_fut_5bps_60s,refill_rate_5bps,Liquidity Events,eth,S1,60.0,Futures
median_refill_rate_spot_10bps_15s_eth,772.7889,median_refill_rate_spot_10bps_15s,median_refill_rate_10bps,Dynamics,eth,S2,15.0,Spot
trade_count_spot_share_300s_eth,756.728,trade_count_spot_share_300s,trade_count_share,Cross-Market,eth,S2,300.0,Spot
max_liq_distance_bid_spot_5bps_60s_eth,756.2243,max_liq_distance_bid_spot_5bps_60s,max_liq_distance_bid_5bps,Bookshape,eth,S2,60.0,Spot
queue_pressure_spot_5bps_5s_eth,755.3039,queue_pressure_spot_5bps_5s,queue_pressure_5bps,Pressure,eth,S1,5.0,Spot
median_impact_per_signed_spot_15s_eth,754.5578,median_impact_per_signed_spot_15s,median_impact_per_signed,Dynamics,eth,S3,,Spot
pull_rate_shock_spot_5bps_60s_eth,732.3035,pull_rate_shock_spot_5bps_60s,pull_rate_shock_5bps,Dynamics,eth,S2,60.0,Spot
depth_notional_bid_5bps_spot_1s_eth,709.4432,depth_notional_bid_5bps_spot_1s,depth_notional_bid_5bps,Bookshape,eth,S0,,Spot
fill_rate_ahead_fut_1bps_15s_eth,693.6168,fill_rate_ahead_fut_1bps_15s,fill_rate_ahead_1bps,Liquidity Events,eth,S1,15.0,Futures
depth_notional_ask_struct50_fut_900s_eth,693.5866,depth_notional_ask_struct50_fut_900s,depth_notional_ask_struct50,Bookshape,eth,S1,900.0,Futures
max_liq_distance_ask_struct100_fut_1s_eth,681.5214,max_liq_distance_ask_struct100_fut_1s,max_liq_distance_ask_struct100,Bookshape,eth,S0,,Futures
max_liq_distance_ask_spot_5bps_60s_eth,681.3493,max_liq_distance_ask_spot_5bps_60s,max_liq_distance_ask_5bps,Bookshape,eth,S2,60.0,Spot
depth_notional_bid_struct50_spot_900s_eth,671.4204,depth_notional_bid_struct50_spot_900s,depth_notional_bid_struct50,Bookshape,eth,S1,900.0,Spot
max_liq_distance_bid_struct100_fut_1s_eth,668.6611,max_liq_distance_bid_struct100_fut_1s,max_liq_distance_bid_struct100,Bookshape,eth,S0,,Futures
impact_per_liquidity_spot_5bps_900s_eth,658.911,impact_per_liquidity_spot_5bps_900s,impact_per_liquidity_5bps,Impact,eth,S2,900.0,Spot
depth_notional_bid_struct50_fut_900s_eth,648.3817,depth_notional_bid_struct50_fut_900s,depth_notional_bid_struct50,Bookshape,eth,S1,900.0,Futures
median_refill_rate_fut_10bps_15s_eth,638.1982,median_refill_rate_fut_10bps_15s,median_refill_rate_10bps,Dynamics,eth,S2,15.0,Futures
median_queue_pressure_spot_5bps_5s_eth,635.9644,median_queue_pressure_spot_5bps_5s,median_queue_pressure_5bps,Dynamics,eth,S2,5.0,Spot
add_rate_bid_spot_2bps_1s_eth,635.1689,add_rate_bid_spot_2bps_1s,add_rate_bid_2bps,Liquidity Events,eth,S1,,Spot
max_bps_ask_spot_1s_eth,629.9482,max_bps_ask_spot_1s,max_bps_ask,Bookshape,eth,S0,,Spot
depth_notional_bid_struct100_spot_900s_eth,613.3118,depth_notional_bid_struct100_spot_900s,depth_notional_bid_struct100,Bookshape,eth,S1,900.0,Spot
trade_size_sf_ratio_300s_eth,608.0569,trade_size_sf_ratio_300s,trade_size_sf_ratio,Cross-Market,eth,S2,,Cross
pull_rate_shock_spot_1bps_60s_eth,594.7528,pull_rate_shock_spot_1bps_60s,pull_rate_shock_1bps,Dynamics,eth,S2,60.0,Spot
depth_notional_ask_struct50_fut_1s_eth,592.262,depth_notional_ask_struct50_fut_1s,depth_notional_ask_struct50,Bookshape,eth,S0,,Futures
aggr_absorp_ratio_ask_spot_10bps_1s_eth,588.4786,aggr_absorp_ratio_ask_spot_10bps_1s,aggr_absorp_ratio_ask_10bps,Absorption,eth,S1,,Spot
aggr_absorp_ratio_bid_spot_10bps_1s_eth,582.1388,aggr_absorp_ratio_bid_spot_10bps_1s,aggr_absorp_ratio_bid_10bps,Absorption,eth,S1,,Spot
price_deviation_fut_1s_eth,567.2228,price_deviation_fut_1s,price_deviation,Price,eth,S2,1.0,Futures
ca_refill_vs_pull_spot_1bps_spread_15s_btceth,566.559,ca_refill_vs_pull_spot_1bps_spread_15s,ca_refill_vs_pull_1bps_spread,Cross-Asset,btceth,S6,,Cross-Asset
max_liq_distance_ask_fut_5bps_300s_eth,564.1738,max_liq_distance_ask_fut_5bps_300s,max_liq_distance_ask_5bps,Bookshape,eth,S2,300.0,Futures
pull_rate_shock_fut_1bps_60s_eth,557.7705,pull_rate_shock_fut_1bps_60s,pull_rate_shock_1bps,Dynamics,eth,S2,60.0,Futures
d2_net_pressure_spot_2bps_5s_eth,545.6206,d2_net_pressure_spot_2bps_5s,d2_net_pressure_2bps,Dynamics,eth,S4,,Spot
depth_notional_ask_2bps_spot_1s_eth,541.4719,depth_notional_ask_2bps_spot_1s,depth_notional_ask_2bps,Bookshape,eth,S0,,Spot
queue_pressure_spot_10bps_60s_eth,539.212,queue_pressure_spot_10bps_60s,queue_pressure_10bps,Pressure,eth,S1,60.0,Spot
queue_pressure_spot_2bps_5s_eth,537.23,queue_pressure_spot_2bps_5s,queue_pressure_2bps,Pressure,eth,S1,5.0,Spot
depth_notional_bid_struct50_fut_300s_eth,531.3961,depth_notional_bid_struct50_fut_300s,depth_notional_bid_struct50,Bookshape,eth,S1,300.0,Futures
price_deviation_spot_1s_eth,529.6186,price_deviation_spot_1s,price_deviation,Price,eth,S2,1.0,Spot
depth_notional_ask_struct50_fut_60s_eth,525.5808,depth_notional_ask_struct50_fut_60s,depth_notional_ask_struct50,Bookshape,eth,S1,60.0,Futures
pull_rate_shock_fut_10bps_60s_eth,524.3402,pull_rate_shock_fut_10bps_60s,pull_rate_shock_10bps,Dynamics,eth,S2,60.0,Futures
pull_rate_shock_fut_5bps_60s_eth,521.2437,pull_rate_shock_fut_5bps_60s,pull_rate_shock_5bps,Dynamics,eth,S2,60.0,Futures
median_impact_per_signed_spot_5s_eth,516.9943,median_impact_per_signed_spot_5s,median_impact_per_signed,Dynamics,eth,S3,,Spot
spot_fut_taker_activity_share_300s_eth,514.9418,spot_fut_taker_activity_share_300s,spot_taker_activity_share,Cross-Market,eth,S2,300.0,Futures
depth_notional_bid_struct50_fut_60s_eth,508.3861,depth_notional_bid_struct50_fut_60s,depth_notional_bid_struct50,Bookshape,eth,S1,60.0,Futures
avg_trade_size_fut_300s_eth,503.688,avg_trade_size_fut_300s,avg_trade_size,Activity,eth,S2,300.0,Futures
median_queue_pressure_fut_5bps_5s_eth,501.4453,median_queue_pressure_fut_5bps_5s,median_queue_pressure_5bps,Dynamics,eth,S2,5.0,Futures
z_lwp_minus_mid_2bps_300s_eth,501.399,z_lwp_minus_mid_2bps_300s,z_lwp_minus_mid_2bps,Normalization,eth,S1,300.0,Futures
depth_notional_ask_struct50_fut_300s_eth,499.5051,depth_notional_ask_struct50_fut_300s,depth_notional_ask_struct50,Bookshape,eth,S1,300.0,Futures
refill_rate_fut_10bps_5s_eth,497.6249,refill_rate_fut_10bps_5s,refill_rate_10bps,Liquidity Events,eth,S1,5.0,Futures
trade_count_spot_share_900s_eth,496.572,trade_count_spot_share_900s,trade_count_share,Cross-Market,eth,S2,900.0,Spot
trade_count_spot_share_60s_eth,476.874,trade_count_spot_share_60s,trade_count_share,Cross-Market,eth,S2,60.0,Spot
queue_pressure_fut_5bps_5s_eth,471.9513,queue_pressure_fut_5bps_5s,queue_pressure_5bps,Pressure,eth,S1,5.0,Futures
z_participation_rate_900s_eth,469.8441,z_participation_rate_900s,z_participation_rate,Normalization,eth,S2,900.0,Cross
trade_count_fut_300s_eth,461.4321,trade_count_fut_300s,trade_count,Activity,eth,S1,300.0,Futures
mad_taker_imbalance_fut_5s_eth,461.2636,mad_taker_imbalance_fut_5s,mad_taker_imbalance,Dynamics,eth,S3,,Futures
median_queue_pressure_spot_2bps_5s_eth,459.6172,median_queue_pressure_spot_2bps_5s,median_queue_pressure_2bps,Dynamics,eth,S2,5.0,Spot
avg_trade_size_fut_900s_eth,453.275,avg_trade_size_fut_900s,avg_trade_size,Activity,eth,S2,900.0,Futures
trade_count_fut_900s_eth,448.5829,trade_count_fut_900s,trade_count,Activity,eth,S1,900.0,Futures
bid_churn_fut_5bps_1s_eth,445.3889,bid_churn_fut_5bps_1s,bid_churn_5bps,Liquidity Events,eth,S2,1.0,Futures
refill_rate_spot_5bps_15s_eth,431.5494,refill_rate_spot_5bps_15s,refill_rate_5bps,Liquidity Events,eth,S1,15.0,Spot
ca_z_depth_curvature_spot_15s_eth,431.1926,ca_z_depth_curvature_spot_15s,ca_z_depth_curvature,Cross-Asset-Intermediary,eth,S6,300.0,Cross-Asset
median_refill_rate_spot_10bps_5s_eth,431.1206,median_refill_rate_spot_10bps_5s,median_refill_rate_10bps,Dynamics,eth,S2,5.0,Spot
z_refill_vs_pull_fut_1bps_15s_eth,424.5416,z_refill_vs_pull_fut_1bps_15s,z_refill_vs_pull_1bps,Normalization,eth,S3,15.0,Futures
net_cancel_fut_5bps_900s_eth,422.9595,net_cancel_fut_5bps_900s,net_cancel_5bps,Pressure,eth,S3,900.0,Futures
trade_count_spot_div_900s_eth,420.4,trade_count_spot_div_900s,trade_count_div,Cross-Market,eth,S2,900.0,Spot
queue_pressure_fut_10bps_60s_eth,419.5102,queue_pressure_fut_10bps_60s,queue_pressure_10bps,Pressure,eth,S1,60.0,Futures
median_refill_rate_fut_1bps_60s_eth,418.8554,median_refill_rate_fut_1bps_60s,median_refill_rate_1bps,Dynamics,eth,S2,60.0,Futures
trade_absorption_ratio_fut_persist_60s_eth,416.8966,trade_absorption_ratio_fut_persist_60s,trade_absorption_ratio_persist,Dynamics,eth,S4,60.0,Futures
spot_fut_taker_activity_share_900s_eth,413.0276,spot_fut_taker_activity_share_900s,spot_taker_activity_share,Cross-Market,eth,S2,900.0,Futures
flow_depth_align_spot_struct100_300s_eth,412.0338,flow_depth_align_spot_struct100_300s,flow_depth_align_struct100,Dynamics,eth,S2,300.0,Spot
net_cancel_fut_10bps_60s_eth,406.298,net_cancel_fut_10bps_60s,net_cancel_10bps,Pressure,eth,S4,60.0,Futures
impact_per_liquidity_spot_5bps_300s_eth,404.6586,impact_per_liquidity_spot_5bps_300s,impact_per_liquidity_5bps,Impact,eth,S2,300.0,Spot
median_queue_pressure_spot_1bps_5s_eth,404.363,median_queue_pressure_spot_1bps_5s,median_queue_pressure_1bps,Dynamics,eth,S2,5.0,Spot
max_liq_distance_bid_fut_5bps_300s_eth,404.0286,max_liq_distance_bid_fut_5bps_300s,max_liq_distance_bid_5bps,Bookshape,eth,S2,300.0,Futures
impact_per_liquidity_fut_2bps_60s_eth,403.7578,impact_per_liquidity_fut_2bps_60s,impact_per_liquidity_2bps,Impact,eth,S2,60.0,Futures
median_net_pressure_spot_2bps_5s_eth,402.5242,median_net_pressure_spot_2bps_5s,median_net_pressure_2bps,Dynamics,eth,S4,5.0,Spot
d1_net_pressure_spot_5bps_5s_eth,392.8096,d1_net_pressure_spot_5bps_5s,d1_net_pressure_5bps,Dynamics,eth,S4,,Spot
queue_pressure_spot_10bps_15s_eth,390.1523,queue_pressure_spot_10bps_15s,queue_pressure_10bps,Pressure,eth,S1,15.0,Spot
trade_count_spot_300s_eth,385.4412,trade_count_spot_300s,trade_count,Activity,eth,S1,300.0,Spot
refill_rate_spot_2bps_60s_eth,384.3306,refill_rate_spot_2bps_60s,refill_rate_2bps,Liquidity Events,eth,S2,60.0,Spot
refill_rate_spot_5bps_5s_eth,382.0999,refill_rate_spot_5bps_5s,refill_rate_5bps,Liquidity Events,eth,S1,5.0,Spot
liq_sum_spot_900s_eth,365.3899,liq_sum_spot_900s,liq_sum,Bookshape,eth,S2,900.0,Spot
d1_net_pressure_spot_2bps_15s_eth,362.9747,d1_net_pressure_spot_2bps_15s,d1_net_pressure_2bps,Dynamics,eth,S4,,Spot
ca_refill_vs_pull_fut_1bps_spread_15s_btceth,356.4462,ca_refill_vs_pull_fut_1bps_spread_15s,ca_refill_vs_pull_1bps_spread,Cross-Asset,btceth,S6,,Cross-Asset
median_refill_rate_spot_1bps_60s_eth,355.1118,median_refill_rate_spot_1bps_60s,median_refill_rate_1bps,Dynamics,eth,S2,60.0,Spot
ask_churn_fut_5bps_15s_eth,352.4524,ask_churn_fut_5bps_15s,ask_churn_5bps,Liquidity Events,eth,S3,15.0,Futures
refill_rate_fut_2bps_60s_eth,352.3879,refill_rate_fut_2bps_60s,refill_rate_2bps,Liquidity Events,eth,S2,60.0,Futures
refill_rate_fut_1bps_60s_eth,349.3695,refill_rate_fut_1bps_60s,refill_rate_1bps,Liquidity Events,eth,S1,60.0,Futures
refill_rate_spot_1bps_60s_eth,346.9607,refill_rate_spot_1bps_60s,refill_rate_1bps,Liquidity Events,eth,S1,60.0,Spot
median_refill_rate_spot_5bps_15s_eth,346.2378,median_refill_rate_spot_5bps_15s,median_refill_rate_5bps,Dynamics,eth,S2,15.0,Spot
depth_notional_ask_1bps_spot_1s_eth,338.3234,depth_notional_ask_1bps_spot_1s,depth_notional_ask_1bps,Bookshape,eth,S0,,Spot
z_absorb_refill_bid_spot_5bps_1s_eth,336.7168,z_absorb_refill_bid_spot_5bps_1s,z_absorb_refill_bid_5bps,Normalization,eth,S3,5.0,Spot
trade_count_spot_div_60s_eth,331.4844,trade_count_spot_div_60s,trade_count_div,Cross-Market,eth,S2,60.0,Spot
z_volume_asym_fut_minus_spot_900s_eth,331.0962,z_volume_asym_fut_minus_spot_900s,z_volume_asym_minus,Cross-Market,eth,S2,900.0,Futures
mad_taker_imbalance_spot_5s_eth,328.4204,mad_taker_imbalance_spot_5s,mad_taker_imbalance,Dynamics,eth,S3,,Spot
mad_refill_rate_fut_5bps_60s_eth,328.2763,mad_refill_rate_fut_5bps_60s,mad_refill_rate_5bps,Dynamics,eth,S2,60.0,Futures
impact_per_liquidity_fut_2bps_300s_eth,320.7825,impact_per_liquidity_fut_2bps_300s,impact_per_liquidity_2bps,Impact,eth,S2,300.0,Futures
ask_churn_fut_5bps_60s_eth,306.5688,ask_churn_fut_5bps_60s,ask_churn_5bps,Liquidity Events,eth,S3,60.0,Futures
max_liq_distance_ask_struct100_spot_1s_eth,306.5432,max_liq_distance_ask_struct100_spot_1s,max_liq_distance_ask_struct100,Bookshape,eth,S0,,Spot
trade_count_spot_div_300s_eth,305.2668,trade_count_spot_div_300s,trade_count_div,Cross-Market,eth,S2,300.0,Spot
median_refill_rate_spot_5bps_5s_eth,301.7332,median_refill_rate_spot_5bps_5s,median_refill_rate_5bps,Dynamics,eth,S2,5.0,Spot
median_queue_pressure_spot_10bps_15s_eth,300.6051,median_queue_pressure_spot_10bps_15s,median_queue_pressure_10bps,Dynamics,eth,S2,15.0,Spot
trade_count_spot_900s_eth,297.9409,trade_count_spot_900s,trade_count,Activity,eth,S1,900.0,Spot
z_liq_concentration_spot_struct50_1s_eth,297.405,z_liq_concentration_spot_struct50_1s,z_liq_concentration_struct50,Normalization,eth,S3,5.0,Spot
pull_rate_spot_2bps_60s_eth,296.6437,pull_rate_spot_2bps_60s,pull_rate_2bps,Liquidity Events,eth,S2,60.0,Spot
refill_rate_fut_5bps_15s_eth,296.5034,refill_rate_fut_5bps_15s,refill_rate_5bps,Liquidity Events,eth,S1,15.0,Futures
queue_pressure_spot_5bps_15s_eth,295.7916,queue_pressure_spot_5bps_15s,queue_pressure_5bps,Pressure,eth,S1,15.0,Spot
volume_fut_900s_eth,294.1162,volume_fut_900s,volume,Activity,eth,S1,900.0,Futures
d1_refill_rate_spot_5bps_5s_eth,291.7592,d1_refill_rate_spot_5bps_5s,d1_refill_rate_5bps,Dynamics,eth,S2,5.0,Spot
mad_refill_rate_spot_5bps_60s_eth,286.6891,mad_refill_rate_spot_5bps_60s,mad_refill_rate_5bps,Dynamics,eth,S2,60.0,Spot
median_impact_per_signed_fut_5s_eth,284.9887,median_impact_per_signed_fut_5s,median_impact_per_signed,Dynamics,eth,S3,,Futures
z_depth_gradient_spot_struct50_1s_eth,283.4814,z_depth_gradient_spot_struct50_1s,z_depth_gradient_struct50,Normalization,eth,S3,5.0,Spot
aggr_absorp_ratio_ask_spot_5bps_1s_eth,282.8078,aggr_absorp_ratio_ask_spot_5bps_1s,aggr_absorp_ratio_ask_5bps,Absorption,eth,S1,,Spot
queue_pressure_fut_10bps_15s_eth,282.5994,queue_pressure_fut_10bps_15s,queue_pressure_10bps,Pressure,eth,S1,15.0,Futures
dir_consistency_persist_spot_60_over_900_eth,277.8306,dir_consistency_persist_spot_60_over_900,dir_consistency_persist_60_over_900,Dynamics,eth,S3,,Spot
avg_trade_size_fut_60s_eth,275.7856,avg_trade_size_fut_60s,avg_trade_size,Activity,eth,S2,60.0,Futures
z_pull_rate_spot_5bps_60s_eth,270.6478,z_pull_rate_spot_5bps_60s,z_pull_rate_5bps,Normalization,eth,S2,60.0,Spot
max_liq_distance_bid_struct50_fut_1s_eth,269.9892,max_liq_distance_bid_struct50_fut_1s,max_liq_distance_bid_struct50,Bookshape,eth,S0,,Futures
liq_sum_spot_60s_eth,265.038,liq_sum_spot_60s,liq_sum,Bookshape,eth,S2,60.0,Spot
median_refill_rate_fut_10bps_5s_eth,257.5422,median_refill_rate_fut_10bps_5s,median_refill_rate_10bps,Dynamics,eth,S2,5.0,Futures
trade_count_fut_60s_eth,255.9848,trade_count_fut_60s,trade_count,Activity,eth,S1,60.0,Futures
max_liq_distance_bid_struct100_spot_1s_eth,255.2512,max_liq_distance_bid_struct100_spot_1s,max_liq_distance_bid_struct100,Bookshape,eth,S0,,Spot
queue_pressure_fut_2bps_5s_eth,255.1108,queue_pressure_fut_2bps_5s,queue_pressure_2bps,Pressure,eth,S1,5.0,Futures
ca_z_depth_curvature_fut_15s_eth,255.022,ca_z_depth_curvature_fut_15s,ca_z_depth_curvature,Cross-Asset-Intermediary,eth,S6,300.0,Cross-Asset
ca_z_depth_curvature_spot_60s_eth,254.9686,ca_z_depth_curvature_spot_60s,ca_z_depth_curvature,Cross-Asset-Intermediary,eth,S6,300.0,Cross-Asset
median_refill_rate_fut_5bps_15s_eth,253.0279,median_refill_rate_fut_5bps_15s,median_refill_rate_5bps,Dynamics,eth,S2,15.0,Futures
median_queue_pressure_fut_2bps_5s_eth,250.8749,median_queue_pressure_fut_2bps_5s,median_queue_pressure_2bps,Dynamics,eth,S2,5.0,Futures
z_pull_rate_spot_10bps_60s_eth,248.3772,z_pull_rate_spot_10bps_60s,z_pull_rate_10bps,Normalization,eth,S2,60.0,Spot
mad_net_pressure_spot_1bps_60s_eth,247.1531,mad_net_pressure_spot_1bps_60s,mad_net_pressure_1bps,Dynamics,eth,S2,60.0,Spot
z_participation_rate_300s_eth,247.0548,z_participation_rate_300s,z_participation_rate,Normalization,eth,S2,300.0,Cross
mad_net_pressure_spot_1bps_15s_eth,241.8765,mad_net_pressure_spot_1bps_15s,mad_net_pressure_1bps,Dynamics,eth,S2,15.0,Spot
refill_rate_spot_2bps_persist_60s_eth,241.1884,refill_rate_spot_2bps_persist_60s,refill_rate_2bps_persist,Dynamics,eth,S3,60.0,Spot
median_net_pressure_fut_1bps_5s_eth,238.5484,median_net_pressure_fut_1bps_5s,median_net_pressure_1bps,Dynamics,eth,S2,5.0,Futures
refill_rate_fut_5bps_5s_eth,237.5351,refill_rate_fut_5bps_5s,refill_rate_5bps,Liquidity Events,eth,S1,5.0,Futures
d1_net_pressure_spot_10bps_5s_eth,236.9645,d1_net_pressure_spot_10bps_5s,d1_net_pressure_10bps,Dynamics,eth,S4,,Spot
d1_net_pressure_fut_1bps_5s_eth,236.9398,d1_net_pressure_fut_1bps_5s,d1_net_pressure_1bps,Dynamics,eth,S2,5.0,Futures
ca_spread_bps_fut_spread_1s_btceth,235.8772,ca_spread_bps_fut_spread_1s,ca_spread_bps_spread,Cross-Asset,btceth,S6,,Cross-Asset
impact_per_liquidity_spot_5bps_60s_eth,234.2934,impact_per_liquidity_spot_5bps_60s,impact_per_liquidity_5bps,Impact,eth,S2,60.0,Spot
d2_net_pressure_spot_5bps_5s_eth,230.9693,d2_net_pressure_spot_5bps_5s,d2_net_pressure_5bps,Dynamics,eth,S4,,Spot
max_liq_distance_ask_struct50_fut_1s_eth,227.9457,max_liq_distance_ask_struct50_fut_1s,max_liq_distance_ask_struct50,Bookshape,eth,S0,,Futures
liq_sum_spot_300s_eth,227.2172,liq_sum_spot_300s,liq_sum,Bookshape,eth,S2,300.0,Spot
volume_spot_900s_eth,225.3025,volume_spot_900s,volume,Activity,eth,S1,900.0,Spot
median_queue_pressure_spot_10bps_60s_eth,223.4367,median_queue_pressure_spot_10bps_60s,median_queue_pressure_10bps,Dynamics,eth,S2,60.0,Spot
z_absorb_refill_ask_fut_2bps_1s_eth,219.9389,z_absorb_refill_ask_fut_2bps_1s,z_absorb_refill_ask_2bps,Normalization,eth,S3,5.0,Futures
median_queue_pressure_spot_5bps_15s_eth,219.7715,median_queue_pressure_spot_5bps_15s,median_queue_pressure_5bps,Dynamics,eth,S2,15.0,Spot
trade_count_spot_60s_eth,217.3704,trade_count_spot_60s,trade_count,Activity,eth,S1,60.0,Spot
taker_imbalance_spot_1s_eth,216.4312,taker_imbalance_spot_1s,taker_imbalance,Aggression,eth,S1,,Spot
z_spread_spot_300s_eth,215.2677,z_spread_spot_300s,z_spread,Normalization,eth,S2,300.0,Spot
d1_refill_rate_spot_10bps_5s_eth,213.2669,d1_refill_rate_spot_10bps_5s,d1_refill_rate_10bps,Dynamics,eth,S2,5.0,Spot
median_queue_pressure_fut_10bps_15s_eth,212.6503,median_queue_pressure_fut_10bps_15s,median_queue_pressure_10bps,Dynamics,eth,S2,15.0,Futures
d1_queue_pressure_spot_5bps_5s_eth,212.0739,d1_queue_pressure_spot_5bps_5s,d1_queue_pressure_5bps,Dynamics,eth,S2,5.0,Spot
aggr_absorp_ratio_ask_spot_2bps_1s_eth,209.4475,aggr_absorp_ratio_ask_spot_2bps_1s,aggr_absorp_ratio_ask_2bps,Absorption,eth,S1,,Spot
net_cancel_spot_5bps_900s_eth,209.0162,net_cancel_spot_5bps_900s,net_cancel_5bps,Pressure,eth,S3,900.0,Spot
max_liq_distance_bid_fut_5bps_60s_eth,207.7471,max_liq_distance_bid_fut_5bps_60s,max_liq_distance_bid_5bps,Bookshape,eth,S2,60.0,Futures
d1_queue_pressure_spot_10bps_5s_eth,202.8206,d1_queue_pressure_spot_10bps_5s,d1_queue_pressure_10bps,Dynamics,eth,S2,5.0,Spot
max_liq_distance_ask_fut_5bps_60s_eth,198.7073,max_liq_distance_ask_fut_5bps_60s,max_liq_distance_ask_5bps,Bookshape,eth,S2,60.0,Futures
aggr_absorp_ratio_bid_fut_10bps_1s_eth,198.6113,aggr_absorp_ratio_bid_fut_10bps_1s,aggr_absorp_ratio_bid_10bps,Absorption,eth,S1,,Futures
z_absorb_refill_bid_fut_2bps_1s_eth,197.4072,z_absorb_refill_bid_fut_2bps_1s,z_absorb_refill_bid_2bps,Normalization,eth,S3,5.0,Futures
median_queue_pressure_fut_1bps_5s_eth,196.6049,median_queue_pressure_fut_1bps_5s,median_queue_pressure_1bps,Dynamics,eth,S2,5.0,Futures
volume_fut_300s_eth,195.5313,volume_fut_300s,volume,Activity,eth,S1,300.0,Futures
aggr_absorp_ratio_ask_fut_10bps_1s_eth,195.1578,aggr_absorp_ratio_ask_fut_10bps_1s,aggr_absorp_ratio_ask_10bps,Absorption,eth,S1,,Futures
median_net_pressure_spot_5bps_5s_eth,191.9265,median_net_pressure_spot_5bps_5s,median_net_pressure_5bps,Dynamics,eth,S4,5.0,Spot
net_pressure_fut_1bps_5s_eth,183.2799,net_pressure_fut_1bps_5s,net_pressure_1bps,Pressure,eth,S1,5.0,Futures
z_spread_spot_60s_eth,182.2658,z_spread_spot_60s,z_spread,Normalization,eth,S2,60.0,Spot
mad_refill_rate_spot_10bps_15s_eth,182.0005,mad_refill_rate_spot_10bps_15s,mad_refill_rate_10bps,Dynamics,eth,S2,15.0,Spot
ca_basis_vwap_sf_spread_300s_btceth,181.8226,ca_basis_vwap_sf_spread_300s,ca_basis_vwap_sf_spread,Cross-Asset,btceth,S6,,Cross-Asset
max_bps_ask_spot_900s_eth,181.8062,max_bps_ask_spot_900s,max_bps_ask,Bookshape,eth,S1,900.0,Spot
flow_depth_align_spot_struct100_60s_eth,181.5556,flow_depth_align_spot_struct100_60s,flow_depth_align_struct100,Dynamics,eth,S2,60.0,Spot
ask_churn_fut_5bps_1s_eth,180.875,ask_churn_fut_5bps_1s,ask_churn_5bps,Liquidity Events,eth,S2,1.0,Futures
median_impact_per_signed_fut_15s_eth,179.6526,median_impact_per_signed_fut_15s,median_impact_per_signed,Dynamics,eth,S3,,Futures
z_refill_rate_fut_1bps_60s_eth,178.8346,z_refill_rate_fut_1bps_60s,z_refill_rate_1bps,Normalization,eth,S2,60.0,Futures
median_queue_pressure_fut_10bps_60s_eth,177.8734,median_queue_pressure_fut_10bps_60s,median_queue_pressure_10bps,Dynamics,eth,S2,60.0,Futures
trade_count_spot_1s_eth,177.332,trade_count_spot_1s,trade_count,Activity,eth,S0,,Spot
queue_pressure_fut_5bps_15s_eth,176.0596,queue_pressure_fut_5bps_15s,queue_pressure_5bps,Pressure,eth,S1,15.0,Futures
z_pull_rate_spot_1bps_60s_eth,175.9769,z_pull_rate_spot_1bps_60s,z_pull_rate_1bps,Normalization,eth,S2,60.0,Spot
d2_net_pressure_fut_1bps_5s_eth,174.2338,d2_net_pressure_fut_1bps_5s,d2_net_pressure_1bps,Dynamics,eth,S2,5.0,Futures
queue_pressure_spot_5bps_60s_eth,172.8834,queue_pressure_spot_5bps_60s,queue_pressure_5bps,Pressure,eth,S1,60.0,Spot
pull_rate_fut_2bps_60s_eth,171.829,pull_rate_fut_2bps_60s,pull_rate_2bps,Liquidity Events,eth,S2,60.0,Futures
d1_net_pressure_spot_10bps_15s_eth,168.5718,d1_net_pressure_spot_10bps_15s,d1_net_pressure_10bps,Dynamics,eth,S4,,Spot
avg_trade_size_spot_60s_eth,168.5175,avg_trade_size_spot_60s,avg_trade_size,Activity,eth,S2,60.0,Spot
z_participation_rate_60s_eth,167.5051,z_participation_rate_60s,z_participation_rate,Normalization,eth,S2,60.0,Cross
refill_rate_shock_fut_1bps_60s_eth,166.8178,refill_rate_shock_fut_1bps_60s,refill_rate_shock_1bps,Dynamics,eth,S2,60.0,Futures
median_net_pressure_spot_10bps_5s_eth,165.9359,median_net_pressure_spot_10bps_5s,median_net_pressure_10bps,Dynamics,eth,S4,5.0,Spot
trade_absorption_ratio_spot_persist_900s_eth,165.8736,trade_absorption_ratio_spot_persist_900s,trade_absorption_ratio_persist,Dynamics,eth,S4,900.0,Spot
d1_queue_pressure_spot_2bps_5s_eth,165.143,d1_queue_pressure_spot_2bps_5s,d1_queue_pressure_2bps,Dynamics,eth,S2,5.0,Spot
median_refill_rate_fut_5bps_5s_eth,162.5536,median_refill_rate_fut_5bps_5s,median_refill_rate_5bps,Dynamics,eth,S2,5.0,Futures
liq_sum_fut_900s_eth,162.2596,liq_sum_fut_900s,liq_sum,Bookshape,eth,S2,900.0,Futures
z_pull_rate_fut_5bps_60s_eth,162.175,z_pull_rate_fut_5bps_60s,z_pull_rate_5bps,Normalization,eth,S2,60.0,Futures
taker_imbalance_shock_spot_5s_eth,162.0522,taker_imbalance_shock_spot_5s,taker_imbalance_shock,Dynamics,eth,S3,,Spot
volume_fut_60s_eth,161.0493,volume_fut_60s,volume,Activity,eth,S1,60.0,Futures
d1_queue_pressure_spot_5bps_15s_eth,160.4579,d1_queue_pressure_spot_5bps_15s,d1_queue_pressure_5bps,Dynamics,eth,S2,15.0,Spot
trade_size_sf_ratio_60s_eth,157.8684,trade_size_sf_ratio_60s,trade_size_sf_ratio,Cross-Market,eth,S2,,Cross
queue_pressure_spot_2bps_15s_eth,156.4878,queue_pressure_spot_2bps_15s,queue_pressure_2bps,Pressure,eth,S1,15.0,Spot
d1_net_pressure_spot_1bps_5s_eth,155.2861,d1_net_pressure_spot_1bps_5s,d1_net_pressure_1bps,Dynamics,eth,S2,5.0,Spot
z_spread_fut_300s_eth,154.0842,z_spread_fut_300s,z_spread,Normalization,eth,S2,300.0,Futures
ca_range_pct_spread_spot_900s_btceth,151.9831,ca_range_pct_spread_spot_900s,ca_range_pct_spread,Cross-Asset,btceth,S6,,Cross-Asset
d2_net_pressure_spot_5bps_15s_eth,151.3807,d2_net_pressure_spot_5bps_15s,d2_net_pressure_5bps,Dynamics,eth,S4,,Spot
d1_refill_rate_spot_5bps_15s_eth,150.3375,d1_refill_rate_spot_5bps_15s,d1_refill_rate_5bps,Dynamics,eth,S2,15.0,Spot
pull_rate_spot_2bps_15s_eth,148.185,pull_rate_spot_2bps_15s,pull_rate_2bps,Liquidity Events,eth,S2,15.0,Spot
refill_rate_spot_2bps_15s_eth,147.0801,refill_rate_spot_2bps_15s,refill_rate_2bps,Liquidity Events,eth,S2,15.0,Spot
z_absorb_refill_bid_spot_10bps_1s_eth,146.6546,z_absorb_refill_bid_spot_10bps_1s,z_absorb_refill_bid_10bps,Normalization,eth,S3,5.0,Spot
volume_fut_div_delta_900s_eth,146.2584,volume_fut_div_delta_900s,volume_div_delta,Cross-Market,eth,S2,900.0,Futures
d1_queue_pressure_spot_1bps_5s_eth,146.2378,d1_queue_pressure_spot_1bps_5s,d1_queue_pressure_1bps,Dynamics,eth,S2,5.0,Spot
z_spread_fut_60s_eth,143.3626,z_spread_fut_60s,z_spread,Normalization,eth,S2,60.0,Futures
ask_churn_spot_5bps_1s_eth,143.1554,ask_churn_spot_5bps_1s,ask_churn_5bps,Liquidity Events,eth,S2,1.0,Spot
flow_depth_align_fut_struct100_300s_eth,142.5301,flow_depth_align_fut_struct100_300s,flow_depth_align_struct100,Dynamics,eth,S2,300.0,Futures
d2_net_pressure_spot_10bps_5s_eth,142.1883,d2_net_pressure_spot_10bps_5s,d2_net_pressure_10bps,Dynamics,eth,S4,,Spot
d2_refill_rate_spot_5bps_5s_eth,141.8333,d2_refill_rate_spot_5bps_5s,d2_refill_rate_5bps,Dynamics,eth,S2,5.0,Spot
ca_z_depth_curvature_fut_60s_eth,140.0211,ca_z_depth_curvature_fut_60s,ca_z_depth_curvature,Cross-Asset-Intermediary,eth,S6,300.0,Cross-Asset
d2_queue_pressure_spot_5bps_5s_eth,139.8078,d2_queue_pressure_spot_5bps_5s,d2_queue_pressure_5bps,Dynamics,eth,S2,5.0,Spot
z_pull_rate_fut_10bps_60s_eth,139.0922,z_pull_rate_fut_10bps_60s,z_pull_rate_10bps,Normalization,eth,S2,60.0,Futures
z_depth_gradient_fut_struct100_300s_eth,137.633,z_depth_gradient_fut_struct100_300s,z_depth_gradient_struct100,Normalization,eth,S4,300.0,Futures
max_liq_distance_ask_struct50_spot_1s_eth,135.8742,max_liq_distance_ask_struct50_spot_1s,max_liq_distance_ask_struct50,Bookshape,eth,S0,,Spot
z_basis_300s_eth,134.7047,z_basis_300s,z_basis,Normalization,eth,S2,300.0,
median_impact_per_signed_spot_60s_eth,133.4313,median_impact_per_signed_spot_60s,median_impact_per_signed,Dynamics,eth,S3,,Spot
aggr_absorp_ratio_bid_spot_2bps_1s_eth,132.8514,aggr_absorp_ratio_bid_spot_2bps_1s,aggr_absorp_ratio_bid_2bps,Absorption,eth,S1,,Spot
trade_absorption_ratio_spot_900s_eth,132.4954,trade_absorption_ratio_spot_900s,trade_absorption_ratio,Absorption,eth,S3,900.0,Spot
d1_net_pressure_spot_5bps_15s_eth,132.2593,d1_net_pressure_spot_5bps_15s,d1_net_pressure_5bps,Dynamics,eth,S4,,Spot
volume_spot_300s_eth,132.2343,volume_spot_300s,volume,Activity,eth,S1,300.0,Spot
refill_rate_fut_1bps_15s_eth,131.1821,refill_rate_fut_1bps_15s,refill_rate_1bps,Liquidity Events,eth,S2,15.0,Futures
d2_queue_pressure_fut_1bps_5s_eth,130.5583,d2_queue_pressure_fut_1bps_5s,d2_queue_pressure_1bps,Dynamics,eth,S2,5.0,Futures
median_queue_pressure_fut_5bps_15s_eth,130.3432,median_queue_pressure_fut_5bps_15s,median_queue_pressure_5bps,Dynamics,eth,S2,15.0,Futures
z_pull_rate_fut_1bps_60s_eth,129.2883,z_pull_rate_fut_1bps_60s,z_pull_rate_1bps,Normalization,eth,S2,60.0,Futures
mad_impact_per_signed_fut_15s_eth,127.4342,mad_impact_per_signed_fut_15s,mad_impact_per_signed,Dynamics,eth,S3,,Futures
impact_per_liquidity_fut_2bps_900s_eth,127.3693,impact_per_liquidity_fut_2bps_900s,impact_per_liquidity_2bps,Impact,eth,S2,900.0,Futures
pull_rate_spot_1bps_15s_eth,127.2237,pull_rate_spot_1bps_15s,pull_rate_1bps,Liquidity Events,eth,S2,15.0,Spot
z_volume_asym_fut_minus_spot_300s_eth,126.7419,z_volume_asym_fut_minus_spot_300s,z_volume_asym_minus,Cross-Market,eth,S2,300.0,Futures
z_depth_gradient_fut_struct50_1s_eth,126.7273,z_depth_gradient_fut_struct50_1s,z_depth_gradient_struct50,Normalization,eth,S3,5.0,Futures
z_depth_gradient_spot_struct50_300s_eth,126.3838,z_depth_gradient_spot_struct50_300s,z_depth_gradient_struct50,Normalization,eth,S4,300.0,Spot
max_liq_distance_bid_struct50_spot_1s_eth,126.2573,max_liq_distance_bid_struct50_spot_1s,max_liq_distance_bid_struct50,Bookshape,eth,S0,,Spot
net_pressure_spot_1bps_5s_eth,125.2901,net_pressure_spot_1bps_5s,net_pressure_1bps,Pressure,eth,S1,5.0,Spot
aggr_absorp_ratio_bid_spot_5bps_1s_eth,125.1827,aggr_absorp_ratio_bid_spot_5bps_1s,aggr_absorp_ratio_bid_5bps,Absorption,eth,S1,,Spot
median_queue_pressure_spot_5bps_60s_eth,124.3991,median_queue_pressure_spot_5bps_60s,median_queue_pressure_5bps,Dynamics,eth,S2,60.0,Spot
liq_sum_fut_300s_eth,123.3716,liq_sum_fut_300s,liq_sum,Bookshape,eth,S2,300.0,Futures
z_depth_gradient_spot_struct50_60s_eth,123.1651,z_depth_gradient_spot_struct50_60s,z_depth_gradient_struct50,Normalization,eth,S4,60.0,Spot
d1_queue_pressure_fut_1bps_5s_eth,122.8572,d1_queue_pressure_fut_1bps_5s,d1_queue_pressure_1bps,Dynamics,eth,S2,5.0,Futures
trade_absorption_ratio_spot_persist_60s_eth,122.8361,trade_absorption_ratio_spot_persist_60s,trade_absorption_ratio_persist,Dynamics,eth,S4,60.0,Spot
queue_pressure_spot_2bps_60s_eth,122.7554,queue_pressure_spot_2bps_60s,queue_pressure_2bps,Pressure,eth,S1,60.0,Spot
ca_activity_trade_count_spot_300s_spread_btceth,121.42,ca_activity_trade_count_spot_300s_spread,ca_activity_trade_count_spread,Cross-Asset,btceth,S6,,Cross-Asset
add_rate_ask_spot_1bps_1s_eth,120.7906,add_rate_ask_spot_1bps_1s,add_rate_ask_1bps,Liquidity Events,eth,S1,,Spot
refill_rate_fut_2bps_15s_eth,120.4909,refill_rate_fut_2bps_15s,refill_rate_2bps,Liquidity Events,eth,S2,15.0,Futures
d2_refill_rate_spot_10bps_5s_eth,119.5613,d2_refill_rate_spot_10bps_5s,d2_refill_rate_10bps,Dynamics,eth,S2,5.0,Spot
d1_queue_pressure_spot_10bps_15s_eth,118.9794,d1_queue_pressure_spot_10bps_15s,d1_queue_pressure_10bps,Dynamics,eth,S2,15.0,Spot
refill_rate_fut_2bps_persist_60s_eth,118.9313,refill_rate_fut_2bps_persist_60s,refill_rate_2bps_persist,Dynamics,eth,S3,60.0,Futures
mad_net_pressure_fut_1bps_15s_eth,118.4432,mad_net_pressure_fut_1bps_15s,mad_net_pressure_1bps,Dynamics,eth,S2,15.0,Futures
trade_count_fut_share_1s_eth,117.1073,trade_count_fut_share_1s,trade_count_share,Cross-Market,eth,S1,,Futures
mad_refill_rate_fut_10bps_15s_eth,117.0862,mad_refill_rate_fut_10bps_15s,mad_refill_rate_10bps,Dynamics,eth,S2,15.0,Futures
pull_rate_shock_spot_5bps_15s_eth,116.404,pull_rate_shock_spot_5bps_15s,pull_rate_shock_5bps,Dynamics,eth,S2,15.0,Spot
pull_rate_shock_spot_10bps_15s_eth,116.0736,pull_rate_shock_spot_10bps_15s,pull_rate_shock_10bps,Dynamics,eth,S2,15.0,Spot
ca_range_pct_spread_fut_900s_btceth,115.1763,ca_range_pct_spread_fut_900s,ca_range_pct_spread,Cross-Asset,btceth,S6,,Cross-Asset
refill_rate_spot_1bps_15s_eth,114.3086,refill_rate_spot_1bps_15s,refill_rate_1bps,Liquidity Events,eth,S2,15.0,Spot
taker_imbalance_shock_fut_5s_eth,114.0859,taker_imbalance_shock_fut_5s,taker_imbalance_shock,Dynamics,eth,S3,,Futures
queue_imb_fut_1bps_15s_eth,113.2747,queue_imb_fut_1bps_15s,queue_imb_1bps,Pressure,eth,S2,15.0,Futures
queue_imb_fut_1bps_60s_eth,113.1994,queue_imb_fut_1bps_60s,queue_imb_1bps,Pressure,eth,S2,60.0,Futures
ca_z_avg_trade_size_spot_900s_eth,112.0274,ca_z_avg_trade_size_spot_900s,ca_z_avg_trade_size,Cross-Asset-Intermediary,eth,S6,900.0,Cross-Asset
net_cancel_spot_10bps_60s_eth,111.5422,net_cancel_spot_10bps_60s,net_cancel_10bps,Pressure,eth,S4,60.0,Spot
d1_refill_rate_spot_10bps_15s_eth,110.9955,d1_refill_rate_spot_10bps_15s,d1_refill_rate_10bps,Dynamics,eth,S2,15.0,Spot
median_net_pressure_spot_1bps_5s_eth,110.5429,median_net_pressure_spot_1bps_5s,median_net_pressure_1bps,Dynamics,eth,S2,5.0,Spot
cancel_rate_ask_spot_1bps_1s_eth,110.0734,cancel_rate_ask_spot_1bps_1s,cancel_rate_ask_1bps,Liquidity Events,eth,S1,,Spot
d1_refill_rate_fut_5bps_5s_eth,110.0093,d1_refill_rate_fut_5bps_5s,d1_refill_rate_5bps,Dynamics,eth,S2,5.0,Futures
net_cancel_spot_2bps_5s_eth,109.6817,net_cancel_spot_2bps_5s,net_cancel_2bps,Pressure,eth,S4,5.0,Spot
z_absorb_refill_ask_fut_5bps_1s_eth,109.2506,z_absorb_refill_ask_fut_5bps_1s,z_absorb_refill_ask_5bps,Normalization,eth,S3,5.0,Futures
median_queue_pressure_fut_5bps_60s_eth,108.141,median_queue_pressure_fut_5bps_60s,median_queue_pressure_5bps,Dynamics,eth,S2,60.0,Futures
mad_net_pressure_fut_1bps_60s_eth,107.7082,mad_net_pressure_fut_1bps_60s,mad_net_pressure_1bps,Dynamics,eth,S2,60.0,Futures
queue_pressure_fut_5bps_60s_eth,107.1416,queue_pressure_fut_5bps_60s,queue_pressure_5bps,Pressure,eth,S1,60.0,Futures
d2_queue_pressure_fut_1bps_15s_eth,107.049,d2_queue_pressure_fut_1bps_15s,d2_queue_pressure_1bps,Dynamics,eth,S3,,Futures
d1_queue_pressure_fut_10bps_15s_eth,106.8332,d1_queue_pressure_fut_10bps_15s,d1_queue_pressure_10bps,Dynamics,eth,S2,15.0,Futures
taker_imbalance_spot_5s_eth,106.0104,taker_imbalance_spot_5s,taker_imbalance,Aggression,eth,S2,5.0,Spot
z_absorb_refill_mid_fut_2bps_60s_eth,105.8688,z_absorb_refill_mid_fut_2bps_60s,z_absorb_refill_mid_2bps,Normalization,eth,S4,60.0,Futures
z_liq_concentration_fut_struct50_1s_eth,104.7705,z_liq_concentration_fut_struct50_1s,z_liq_concentration_struct50,Normalization,eth,S3,5.0,Futures
refill_rate_spot_2bps_5s_eth,104.6337,refill_rate_spot_2bps_5s,refill_rate_2bps,Liquidity Events,eth,S1,5.0,Spot
median_refill_rate_spot_2bps_5s_eth,104.4023,median_refill_rate_spot_2bps_5s,median_refill_rate_2bps,Dynamics,eth,S2,5.0,Spot
volume_spot_60s_eth,104.0856,volume_spot_60s,volume,Activity,eth,S1,60.0,Spot
d1_refill_rate_fut_10bps_5s_eth,103.7787,d1_refill_rate_fut_10bps_5s,d1_refill_rate_10bps,Dynamics,eth,S2,5.0,Futures
d1_queue_pressure_fut_2bps_5s_eth,103.2305,d1_queue_pressure_fut_2bps_5s,d1_queue_pressure_2bps,Dynamics,eth,S2,5.0,Futures
taker_imbalance_spot_300s_eth,101.8106,taker_imbalance_spot_300s,taker_imbalance,Aggression,eth,S2,300.0,Spot
d2_queue_pressure_spot_1bps_15s_eth,101.793,d2_queue_pressure_spot_1bps_15s,d2_queue_pressure_1bps,Dynamics,eth,S3,,Spot
d1_net_pressure_fut_1bps_15s_eth,101.0274,d1_net_pressure_fut_1bps_15s,d1_net_pressure_1bps,Dynamics,eth,S2,15.0,Futures
ca_basis_vwap_sf_spread_1s_btceth,100.6303,ca_basis_vwap_sf_spread_1s,ca_basis_vwap_sf_spread,Cross-Asset,btceth,S6,,Cross-Asset
z_net_add_spot_5bps_900s_eth,98.4473,z_net_add_spot_5bps_900s,z_net_add_5bps,Normalization,eth,S4,900.0,Spot
median_queue_pressure_spot_2bps_15s_eth,98.4077,median_queue_pressure_spot_2bps_15s,median_queue_pressure_2bps,Dynamics,eth,S2,15.0,Spot
refill_rate_spot_2bps_persist_15s_eth,98.1898,refill_rate_spot_2bps_persist_15s,refill_rate_2bps_persist,Dynamics,eth,S3,15.0,Spot
z_refill_rate_fut_5bps_60s_eth,98.0648,z_refill_rate_fut_5bps_60s,z_refill_rate_5bps,Normalization,eth,S2,60.0,Futures
z_basis_60s_eth,97.9672,z_basis_60s,z_basis,Normalization,eth,S2,60.0,
aggr_absorp_ratio_bid_fut_5bps_1s_eth,97.665,aggr_absorp_ratio_bid_fut_5bps_1s,aggr_absorp_ratio_bid_5bps,Absorption,eth,S1,,Futures
d1_pull_rate_spot_2bps_15s_eth,97.3454,d1_pull_rate_spot_2bps_15s,d1_pull_rate_2bps,Dynamics,eth,S3,,Spot
net_add_spot_5bps_900s_eth,96.9587,net_add_spot_5bps_900s,net_add_5bps,Pressure,eth,S3,900.0,Spot
pull_rate_shock_fut_10bps_15s_eth,96.4877,pull_rate_shock_fut_10bps_15s,pull_rate_shock_10bps,Dynamics,eth,S2,15.0,Futures
median_absorption_break_spot_15s_eth,94.2203,median_absorption_break_spot_15s,median_absorption_break,Dynamics,eth,S5,15.0,Spot
aggr_absorp_ratio_bid_fut_2bps_1s_eth,93.6879,aggr_absorp_ratio_bid_fut_2bps_1s,aggr_absorp_ratio_bid_2bps,Absorption,eth,S1,,Futures
mad_net_pressure_spot_1bps_5s_eth,93.1037,mad_net_pressure_spot_1bps_5s,mad_net_pressure_1bps,Dynamics,eth,S2,5.0,Spot
pull_rate_shock_fut_5bps_15s_eth,92.9063,pull_rate_shock_fut_5bps_15s,pull_rate_shock_5bps,Dynamics,eth,S2,15.0,Futures
net_pressure_shock_spot_2bps_60s_eth,92.8687,net_pressure_shock_spot_2bps_60s,net_pressure_shock_2bps,Dynamics,eth,S4,,Spot
net_cancel_spot_10bps_5s_eth,91.7305,net_cancel_spot_10bps_5s,net_cancel_10bps,Pressure,eth,S4,5.0,Spot
z_refill_rate_spot_10bps_60s_eth,91.702,z_refill_rate_spot_10bps_60s,z_refill_rate_10bps,Normalization,eth,S2,60.0,Spot
d1_queue_pressure_fut_10bps_5s_eth,91.435,d1_queue_pressure_fut_10bps_5s,d1_queue_pressure_10bps,Dynamics,eth,S2,5.0,Futures
z_depth_gradient_fut_struct100_60s_eth,90.8779,z_depth_gradient_fut_struct100_60s,z_depth_gradient_struct100,Normalization,eth,S4,60.0,Futures
mad_net_pressure_spot_10bps_60s_eth,90.8456,mad_net_pressure_spot_10bps_60s,mad_net_pressure_10bps,Dynamics,eth,S4,60.0,Spot
z_refill_rate_spot_5bps_60s_eth,89.2597,z_refill_rate_spot_5bps_60s,z_refill_rate_5bps,Normalization,eth,S2,60.0,Spot
net_add_robust_z_spot_2bps_60s_eth,88.8786,net_add_robust_z_spot_2bps_60s,net_add_robust_z_2bps,Pressure,eth,S5,60.0,Spot
cancel_rate_ahead_spot_1bps_15s_eth,88.4958,cancel_rate_ahead_spot_1bps_15s,cancel_rate_ahead_1bps,Liquidity Events,eth,S2,15.0,Spot
z_absorb_refill_mid_fut_5bps_60s_eth,88.4272,z_absorb_refill_mid_fut_5bps_60s,z_absorb_refill_mid_5bps,Normalization,eth,S4,60.0,Futures
median_net_pressure_spot_2bps_60s_eth,88.1936,median_net_pressure_spot_2bps_60s,median_net_pressure_2bps,Dynamics,eth,S4,60.0,Spot
refill_rate_spot_1bps_persist_15s_eth,87.7675,refill_rate_spot_1bps_persist_15s,refill_rate_1bps_persist,Dynamics,eth,S3,15.0,Spot
trade_absorption_ratio_fut_persist_900s_eth,86.9966,trade_absorption_ratio_fut_persist_900s,trade_absorption_ratio_persist,Dynamics,eth,S4,900.0,Futures
refill_rate_shock_fut_5bps_60s_eth,86.8337,refill_rate_shock_fut_5bps_60s,refill_rate_shock_5bps,Dynamics,eth,S2,60.0,Futures
mad_refill_rate_spot_10bps_5s_eth,86.621,mad_refill_rate_spot_10bps_5s,mad_refill_rate_10bps,Dynamics,eth,S2,5.0,Spot
absorption_break_spot_15s_eth,86.5783,absorption_break_spot_15s,absorption_break,Absorption,eth,S3,,Spot
net_cancel_spot_5bps_5s_eth,86.5346,net_cancel_spot_5bps_5s,net_cancel_5bps,Pressure,eth,S4,5.0,Spot
d2_refill_rate_spot_5bps_15s_eth,86.3695,d2_refill_rate_spot_5bps_15s,d2_refill_rate_5bps,Dynamics,eth,S2,15.0,Spot
net_add_pressure_spot_10bps_900s_eth,86.326,net_add_pressure_spot_10bps_900s,net_add_pressure_10bps,Pressure,eth,S3,900.0,Spot
add_rate_bid_spot_1bps_1s_eth,86.0138,add_rate_bid_spot_1bps_1s,add_rate_bid_1bps,Liquidity Events,eth,S1,,Spot
queue_pressure_fut_2bps_15s_eth,84.7677,queue_pressure_fut_2bps_15s,queue_pressure_2bps,Pressure,eth,S1,15.0,Futures
d2_net_pressure_spot_1bps_5s_eth,84.7471,d2_net_pressure_spot_1bps_5s,d2_net_pressure_1bps,Dynamics,eth,S2,5.0,Spot
taker_imbalance_spot_60s_eth,84.0078,taker_imbalance_spot_60s,taker_imbalance,Aggression,eth,S2,60.0,Spot
liq_imb_persist_sf_struct100_900s_eth,83.6488,liq_imb_persist_sf_struct100_900s,liq_imb_persist_sf_struct100,Cross-Market,eth,S3,,Spot|Futures
z_liq_concentration_spot_struct50_60s_eth,83.5463,z_liq_concentration_spot_struct50_60s,z_liq_concentration_struct50,Normalization,eth,S4,60.0,Spot
d1_queue_pressure_fut_5bps_5s_eth,83.1047,d1_queue_pressure_fut_5bps_5s,d1_queue_pressure_5bps,Dynamics,eth,S2,5.0,Futures
z_depth_gradient_spot_struct50_900s_eth,82.9414,z_depth_gradient_spot_struct50_900s,z_depth_gradient_struct50,Normalization,eth,S4,900.0,Spot
aggr_absorp_ratio_ask_fut_5bps_1s_eth,82.3144,aggr_absorp_ratio_ask_fut_5bps_1s,aggr_absorp_ratio_ask_5bps,Absorption,eth,S1,,Futures
taker_imbalance_fut_300s_eth,82.2329,taker_imbalance_fut_300s,taker_imbalance,Aggression,eth,S2,300.0,Futures
net_cancel_fut_10bps_15s_eth,81.4528,net_cancel_fut_10bps_15s,net_cancel_10bps,Pressure,eth,S4,15.0,Futures
refill_rate_fut_1bps_5s_eth,81.3027,refill_rate_fut_1bps_5s,refill_rate_1bps,Liquidity Events,eth,S2,5.0,Futures
median_taker_imbalance_fut_5s_eth,80.7262,median_taker_imbalance_fut_5s,median_taker_imbalance,Dynamics,eth,S3,,Futures
refill_rate_fut_2bps_5s_eth,80.2163,refill_rate_fut_2bps_5s,refill_rate_2bps,Liquidity Events,eth,S1,5.0,Futures
median_refill_rate_fut_2bps_5s_eth,79.9821,median_refill_rate_fut_2bps_5s,median_refill_rate_2bps,Dynamics,eth,S2,5.0,Futures
z_liq_concentration_spot_struct100_1s_eth,79.0213,z_liq_concentration_spot_struct100_1s,z_liq_concentration_struct100,Normalization,eth,S3,5.0,Spot
net_add_pressure_spot_10bps_300s_eth,78.9352,net_add_pressure_spot_10bps_300s,net_add_pressure_10bps,Pressure,eth,S3,300.0,Spot
refill_rate_fut_2bps_persist_15s_eth,78.4612,refill_rate_fut_2bps_persist_15s,refill_rate_2bps_persist,Dynamics,eth,S3,15.0,Futures
refill_rate_fut_1bps_persist_15s_eth,78.0737,refill_rate_fut_1bps_persist_15s,refill_rate_1bps_persist,Dynamics,eth,S3,15.0,Futures
mad_vacuum_score_fut_10bps_5s_eth,77.9003,mad_vacuum_score_fut_10bps_5s,mad_vacuum_score_10bps,Dynamics,eth,S4,5.0,Futures
z_avg_trade_size_spot_300s_eth,77.4512,z_avg_trade_size_spot_300s,z_avg_trade_size,Normalization,eth,S2,300.0,Spot
mad_vacuum_score_spot_10bps_5s_eth,77.3472,mad_vacuum_score_spot_10bps_5s,mad_vacuum_score_10bps,Dynamics,eth,S4,5.0,Spot
z_refill_rate_spot_1bps_60s_eth,77.311,z_refill_rate_spot_1bps_60s,z_refill_rate_1bps,Normalization,eth,S2,60.0,Spot
queue_imb_spot_1bps_15s_eth,76.9942,queue_imb_spot_1bps_15s,queue_imb_1bps,Pressure,eth,S2,15.0,Spot
liq_sum_fut_60s_eth,76.8484,liq_sum_fut_60s,liq_sum,Bookshape,eth,S2,60.0,Futures
trade_count_spot_share_1s_eth,76.7605,trade_count_spot_share_1s,trade_count_share,Cross-Market,eth,S1,,Spot
net_pressure_shock_spot_2bps_15s_eth,75.4718,net_pressure_shock_spot_2bps_15s,net_pressure_shock_2bps,Dynamics,eth,S4,,Spot
d2_queue_pressure_spot_1bps_5s_eth,74.9918,d2_queue_pressure_spot_1bps_5s,d2_queue_pressure_1bps,Dynamics,eth,S2,5.0,Spot
refill_rate_shock_spot_5bps_60s_eth,74.8997,refill_rate_shock_spot_5bps_60s,refill_rate_shock_5bps,Dynamics,eth,S2,60.0,Spot
median_net_pressure_spot_10bps_60s_eth,74.8823,median_net_pressure_spot_10bps_60s,median_net_pressure_10bps,Dynamics,eth,S4,60.0,Spot
d2_net_pressure_spot_2bps_15s_eth,74.781,d2_net_pressure_spot_2bps_15s,d2_net_pressure_2bps,Dynamics,eth,S4,,Spot
median_taker_imbalance_spot_60s_eth,74.1566,median_taker_imbalance_spot_60s,median_taker_imbalance,Dynamics,eth,S3,,Spot
mad_vacuum_score_fut_5bps_5s_eth,73.4996,mad_vacuum_score_fut_5bps_5s,mad_vacuum_score_5bps,Dynamics,eth,S4,5.0,Futures
d1_refill_rate_fut_1bps_5s_eth,73.3068,d1_refill_rate_fut_1bps_5s,d1_refill_rate_1bps,Dynamics,eth,S3,,Futures
volume_fut_div_delta_300s_eth,73.048,volume_fut_div_delta_300s,volume_div_delta,Cross-Market,eth,S2,300.0,Futures
taker_imbalance_spot_15s_eth,72.9074,taker_imbalance_spot_15s,taker_imbalance,Aggression,eth,S2,15.0,Spot
median_queue_pressure_spot_2bps_60s_eth,71.9446,median_queue_pressure_spot_2bps_60s,median_queue_pressure_2bps,Dynamics,eth,S2,60.0,Spot
taker_imbalance_shock_fut_60s_eth,71.7341,taker_imbalance_shock_fut_60s,taker_imbalance_shock,Dynamics,eth,S3,,Futures
d2_refill_rate_spot_10bps_15s_eth,71.2918,d2_refill_rate_spot_10bps_15s,d2_refill_rate_10bps,Dynamics,eth,S2,15.0,Spot
median_taker_imbalance_spot_15s_eth,71.1811,median_taker_imbalance_spot_15s,median_taker_imbalance,Dynamics,eth,S3,,Spot
refill_rate_shock_spot_1bps_60s_eth,71.1074,refill_rate_shock_spot_1bps_60s,refill_rate_shock_1bps,Dynamics,eth,S2,60.0,Spot
refill_rate_shock_spot_10bps_60s_eth,71.0556,refill_rate_shock_spot_10bps_60s,refill_rate_shock_10bps,Dynamics,eth,S2,60.0,Spot
taker_imbalance_shock_fut_15s_eth,70.4022,taker_imbalance_shock_fut_15s,taker_imbalance_shock,Dynamics,eth,S3,,Futures
mad_net_pressure_fut_1bps_5s_eth,68.9202,mad_net_pressure_fut_1bps_5s,mad_net_pressure_1bps,Dynamics,eth,S2,5.0,Futures
d2_queue_pressure_spot_10bps_5s_eth,68.7586,d2_queue_pressure_spot_10bps_5s,d2_queue_pressure_10bps,Dynamics,eth,S2,5.0,Spot
z_refill_rate_fut_10bps_60s_eth,68.5107,z_refill_rate_fut_10bps_60s,z_refill_rate_10bps,Normalization,eth,S2,60.0,Futures
aggr_absorp_ratio_ask_fut_2bps_1s_eth,68.3817,aggr_absorp_ratio_ask_fut_2bps_1s,aggr_absorp_ratio_ask_2bps,Absorption,eth,S1,,Futures
net_pressure_shock_fut_2bps_60s_eth,68.3444,net_pressure_shock_fut_2bps_60s,net_pressure_shock_2bps,Dynamics,eth,S4,,Futures
mad_impact_per_signed_spot_60s_eth,68.1136,mad_impact_per_signed_spot_60s,mad_impact_per_signed,Dynamics,eth,S3,,Spot
ca_microprice_dev_spot_5bps_spread_1s_btceth,67.5779,ca_microprice_dev_spot_5bps_spread_1s,ca_microprice_dev_5bps_spread,Cross-Asset,btceth,S6,,Cross-Asset
queue_imb_spot_1bps_60s_eth,66.9355,queue_imb_spot_1bps_60s,queue_imb_1bps,Pressure,eth,S2,60.0,Spot
d2_refill_rate_fut_10bps_5s_eth,66.8859,d2_refill_rate_fut_10bps_5s,d2_refill_rate_10bps,Dynamics,eth,S2,5.0,Futures
d2_queue_pressure_spot_2bps_5s_eth,66.6809,d2_queue_pressure_spot_2bps_5s,d2_queue_pressure_2bps,Dynamics,eth,S2,5.0,Spot
z_depth_gradient_fut_struct100_900s_eth,66.3377,z_depth_gradient_fut_struct100_900s,z_depth_gradient_struct100,Normalization,eth,S4,900.0,Futures
taker_imbalance_shock_spot_15s_eth,65.8548,taker_imbalance_shock_spot_15s,taker_imbalance_shock,Dynamics,eth,S3,,Spot
net_add_persist_sf_5bps_900s_eth,65.2974,net_add_persist_sf_5bps_900s,net_add_persist_sf_5bps,Cross-Market,eth,S5,900.0,Spot|Futures
taker_imbalance_fut_60s_eth,64.3107,taker_imbalance_fut_60s,taker_imbalance,Aggression,eth,S2,60.0,Futures
median_net_pressure_spot_1bps_60s_eth,63.7965,median_net_pressure_spot_1bps_60s,median_net_pressure_1bps,Dynamics,eth,S2,60.0,Spot
z_depth_gradient_spot_struct100_1s_eth,63.731,z_depth_gradient_spot_struct100_1s,z_depth_gradient_struct100,Normalization,eth,S3,5.0,Spot
z_pull_rate_spot_2bps_60s_eth,63.1828,z_pull_rate_spot_2bps_60s,z_pull_rate_2bps,Normalization,eth,S3,60.0,Spot
ca_lag_corr_eth_taker_lead_btc_ret_1s,63.1716,ca_lag_corr_eth_taker_lead_btc_ret_1s,ca_lag_corr_eth_taker_lead_btc_ret,Cross-Asset,btceth,S6,60.0,Cross-Asset
median_taker_imbalance_fut_15s_eth,62.9824,median_taker_imbalance_fut_15s,median_taker_imbalance,Dynamics,eth,S3,,Futures
d2_refill_rate_fut_5bps_5s_eth,62.9348,d2_refill_rate_fut_5bps_5s,d2_refill_rate_5bps,Dynamics,eth,S2,5.0,Futures
mad_vacuum_score_spot_5bps_5s_eth,62.6147,mad_vacuum_score_spot_5bps_5s,mad_vacuum_score_5bps,Dynamics,eth,S4,5.0,Spot
max_liq_distance_ask_5bps_spot_1s_eth,62.5616,max_liq_distance_ask_5bps_spot_1s,max_liq_distance_ask_5bps,Bookshape,eth,S0,,Spot
refill_vs_pull_spot_2bps_persist_60s_eth,62.2777,refill_vs_pull_spot_2bps_persist_60s,refill_vs_pull_2bps_persist,Dynamics,eth,S3,60.0,Spot
z_liq_concentration_spot_struct100_60s_eth,62.2745,z_liq_concentration_spot_struct100_60s,z_liq_concentration_struct100,Normalization,eth,S4,60.0,Spot
d2_net_pressure_fut_1bps_15s_eth,62.0611,d2_net_pressure_fut_1bps_15s,d2_net_pressure_1bps,Dynamics,eth,S2,15.0,Futures
mad_refill_rate_spot_5bps_15s_eth,61.991,mad_refill_rate_spot_5bps_15s,mad_refill_rate_5bps,Dynamics,eth,S2,15.0,Spot
max_liq_distance_bid_5bps_spot_1s_eth,61.8659,max_liq_distance_bid_5bps_spot_1s,max_liq_distance_bid_5bps,Bookshape,eth,S0,,Spot
avg_trade_size_spot_1s_eth,60.7824,avg_trade_size_spot_1s,avg_trade_size,Activity,eth,S1,,Spot
d1_queue_pressure_spot_2bps_15s_eth,60.4952,d1_queue_pressure_spot_2bps_15s,d1_queue_pressure_2bps,Dynamics,eth,S2,15.0,Spot
net_cancel_fut_10bps_5s_eth,59.6149,net_cancel_fut_10bps_5s,net_cancel_10bps,Pressure,eth,S4,5.0,Futures
z_liq_concentration_spot_struct100_300s_eth,59.0011,z_liq_concentration_spot_struct100_300s,z_liq_concentration_struct100,Normalization,eth,S4,300.0,Spot
z_liq_concentration_fut_struct100_60s_eth,58.7282,z_liq_concentration_fut_struct100_60s,z_liq_concentration_struct100,Normalization,eth,S4,60.0,Futures
mad_taker_imbalance_spot_15s_eth,58.3795,mad_taker_imbalance_spot_15s,mad_taker_imbalance,Dynamics,eth,S3,,Spot
d1_refill_rate_fut_1bps_15s_eth,57.9533,d1_refill_rate_fut_1bps_15s,d1_refill_rate_1bps,Dynamics,eth,S3,,Futures
net_pressure_shock_fut_2bps_15s_eth,57.4178,net_pressure_shock_fut_2bps_15s,net_pressure_shock_2bps,Dynamics,eth,S4,,Futures
d2_queue_pressure_spot_10bps_15s_eth,57.3917,d2_queue_pressure_spot_10bps_15s,d2_queue_pressure_10bps,Dynamics,eth,S2,15.0,Spot
ca_net_pressure_persist_fut_5bps_spread_300s_btceth,57.3204,ca_net_pressure_persist_fut_5bps_spread_300s,ca_net_pressure_persist_5bps_spread,Cross-Asset,btceth,S6,,Cross-Asset
z_net_cancel_spot_5bps_900s_eth,56.7783,z_net_cancel_spot_5bps_900s,z_net_cancel_5bps,Normalization,eth,S4,900.0,Spot
pull_rate_shock_fut_5bps_5s_eth,56.3589,pull_rate_shock_fut_5bps_5s,pull_rate_shock_5bps,Dynamics,eth,S2,5.0,Futures
pull_rate_shock_fut_10bps_5s_eth,56.0696,pull_rate_shock_fut_10bps_5s,pull_rate_shock_10bps,Dynamics,eth,S2,5.0,Futures
d2_net_pressure_spot_10bps_15s_eth,55.9446,d2_net_pressure_spot_10bps_15s,d2_net_pressure_10bps,Dynamics,eth,S4,,Spot
net_cancel_spot_10bps_15s_eth,55.8029,net_cancel_spot_10bps_15s,net_cancel_10bps,Pressure,eth,S4,15.0,Spot
pull_rate_shock_fut_1bps_5s_eth,55.3991,pull_rate_shock_fut_1bps_5s,pull_rate_shock_1bps,Dynamics,eth,S2,5.0,Futures
d1_refill_rate_spot_2bps_5s_eth,55.3343,d1_refill_rate_spot_2bps_5s,d1_refill_rate_2bps,Dynamics,eth,S2,5.0,Spot
ca_z_depth_slope_fut_15s_eth,55.0075,ca_z_depth_slope_fut_15s,ca_z_depth_slope,Cross-Asset-Intermediary,eth,S6,300.0,Cross-Asset
refill_rate_spot_1bps_5s_eth,54.5,refill_rate_spot_1bps_5s,refill_rate_1bps,Liquidity Events,eth,S2,5.0,Spot
z_absorb_refill_ask_fut_10bps_1s_eth,54.1814,z_absorb_refill_ask_fut_10bps_1s,z_absorb_refill_ask_10bps,Normalization,eth,S3,5.0,Futures
pull_rate_shock_fut_2bps_5s_eth,54.1324,pull_rate_shock_fut_2bps_5s,pull_rate_shock_2bps,Dynamics,eth,S2,5.0,Futures
ca_net_pressure_persist_spot_5bps_spread_300s_btceth,53.9306,ca_net_pressure_persist_spot_5bps_spread_300s,ca_net_pressure_persist_5bps_spread,Cross-Asset,btceth,S6,,Cross-Asset
absorption_break_spot_60s_eth,53.7074,absorption_break_spot_60s,absorption_break,Absorption,eth,S3,,Spot
depth_notional_bid_2bps_spot_1s_eth,53.675,depth_notional_bid_2bps_spot_1s,depth_notional_bid_2bps,Bookshape,eth,S0,,Spot
d1_refill_rate_fut_2bps_5s_eth,53.4872,d1_refill_rate_fut_2bps_5s,d1_refill_rate_2bps,Dynamics,eth,S2,5.0,Futures
cancel_rate_behind_spot_1bps_15s_eth,53.2092,cancel_rate_behind_spot_1bps_15s,cancel_rate_behind_1bps,Liquidity Events,eth,S2,15.0,Spot
flow_depth_align_fut_struct100_60s_eth,52.921,flow_depth_align_fut_struct100_60s,flow_depth_align_struct100,Dynamics,eth,S2,60.0,Futures
queue_pressure_fut_2bps_60s_eth,52.8631,queue_pressure_fut_2bps_60s,queue_pressure_2bps,Pressure,eth,S1,60.0,Futures
mad_taker_imbalance_fut_15s_eth,52.6158,mad_taker_imbalance_fut_15s,mad_taker_imbalance,Dynamics,eth,S3,,Futures
median_queue_pressure_fut_2bps_60s_eth,52.4829,median_queue_pressure_fut_2bps_60s,median_queue_pressure_2bps,Dynamics,eth,S2,60.0,Futures
d1_refill_rate_spot_1bps_5s_eth,52.4696,d1_refill_rate_spot_1bps_5s,d1_refill_rate_1bps,Dynamics,eth,S3,,Spot
impact_per_liquidity_fut_5bps_60s_eth,52.3409,impact_per_liquidity_fut_5bps_60s,impact_per_liquidity_5bps,Impact,eth,S2,60.0,Futures
mad_refill_rate_spot_1bps_60s_eth,52.0388,mad_refill_rate_spot_1bps_60s,mad_refill_rate_1bps,Dynamics,eth,S2,60.0,Spot
d1_net_pressure_fut_2bps_5s_eth,51.7753,d1_net_pressure_fut_2bps_5s,d1_net_pressure_2bps,Dynamics,eth,S4,,Futures
z_pull_rate_spot_5bps_15s_eth,51.7513,z_pull_rate_spot_5bps_15s,z_pull_rate_5bps,Normalization,eth,S2,15.0,Spot
refill_rate_shock_fut_10bps_60s_eth,51.6493,refill_rate_shock_fut_10bps_60s,refill_rate_shock_10bps,Dynamics,eth,S2,60.0,Futures
spread_sf_div_1s_eth,51.1776,spread_sf_div_1s,spread_sf_div,Cross-Market,eth,S2,,Cross
median_taker_imbalance_spot_5s_eth,51.061,median_taker_imbalance_spot_5s,median_taker_imbalance,Dynamics,eth,S3,,Spot
impact_per_liquidity_spot_2bps_900s_eth,51.032,impact_per_liquidity_spot_2bps_900s,impact_per_liquidity_2bps,Impact,eth,S2,900.0,Spot
d1_queue_pressure_fut_1bps_15s_eth,50.5406,d1_queue_pressure_fut_1bps_15s,d1_queue_pressure_1bps,Dynamics,eth,S3,,Futures
net_add_robust_z_fut_2bps_60s_eth,50.4198,net_add_robust_z_fut_2bps_60s,net_add_robust_z_2bps,Pressure,eth,S5,60.0,Futures
z_depth_gradient_fut_struct50_900s_eth,50.2343,z_depth_gradient_fut_struct50_900s,z_depth_gradient_struct50,Normalization,eth,S4,900.0,Futures
z_liq_concentration_spot_struct100_900s_eth,50.167,z_liq_concentration_spot_struct100_900s,z_liq_concentration_struct100,Normalization,eth,S4,900.0,Spot
d2_queue_pressure_spot_5bps_15s_eth,50.0389,d2_queue_pressure_spot_5bps_15s,d2_queue_pressure_5bps,Dynamics,eth,S2,15.0,Spot
impact_per_liquidity_spot_2bps_60s_eth,49.8251,impact_per_liquidity_spot_2bps_60s,impact_per_liquidity_2bps,Impact,eth,S2,60.0,Spot
median_taker_imbalance_fut_60s_eth,49.4178,median_taker_imbalance_fut_60s,median_taker_imbalance,Dynamics,eth,S3,,Futures
z_liq_concentration_fut_struct100_300s_eth,49.3746,z_liq_concentration_fut_struct100_300s,z_liq_concentration_struct100,Normalization,eth,S4,300.0,Futures
cancel_rate_ask_fut_1bps_1s_eth,48.6624,cancel_rate_ask_fut_1bps_1s,cancel_rate_ask_1bps,Liquidity Events,eth,S1,,Futures
bid_churn_fut_5bps_15s_eth,48.5806,bid_churn_fut_5bps_15s,bid_churn_5bps,Liquidity Events,eth,S3,15.0,Futures
vacuum_score_shock_fut_10bps_15s_eth,48.4572,vacuum_score_shock_fut_10bps_15s,vacuum_score_shock_10bps,Dynamics,eth,S4,,Futures
impact_per_liquidity_spot_2bps_300s_eth,48.4219,impact_per_liquidity_spot_2bps_300s,impact_per_liquidity_2bps,Impact,eth,S2,300.0,Spot
median_net_pressure_spot_5bps_15s_eth,48.3648,median_net_pressure_spot_5bps_15s,median_net_pressure_5bps,Dynamics,eth,S4,15.0,Spot
d1_refill_rate_fut_10bps_15s_eth,47.8011,d1_refill_rate_fut_10bps_15s,d1_refill_rate_10bps,Dynamics,eth,S2,15.0,Futures
absorption_volume_ask_fut_1bps_60s_eth,47.7583,absorption_volume_ask_fut_1bps_60s,absorption_volume_ask_1bps,Absorption,eth,S2,60.0,Futures
d1_queue_pressure_fut_5bps_15s_eth,47.0781,d1_queue_pressure_fut_5bps_15s,d1_queue_pressure_5bps,Dynamics,eth,S2,15.0,Futures
z_depth_gradient_fut_struct50_300s_eth,47.0393,z_depth_gradient_fut_struct50_300s,z_depth_gradient_struct50,Normalization,eth,S4,300.0,Futures
median_queue_pressure_fut_2bps_15s_eth,47.001,median_queue_pressure_fut_2bps_15s,median_queue_pressure_2bps,Dynamics,eth,S2,15.0,Futures
net_add_pressure_fut_10bps_300s_eth,46.935,net_add_pressure_fut_10bps_300s,net_add_pressure_10bps,Pressure,eth,S3,300.0,Futures
trade_count_fut_1s_eth,46.813,trade_count_fut_1s,trade_count,Activity,eth,S0,,Futures
ca_activity_avg_trade_size_spot_900s_spread_btceth,46.743,ca_activity_avg_trade_size_spot_900s_spread,ca_activity_avg_trade_size_spread,Cross-Asset,btceth,S6,,Cross-Asset
z_liq_concentration_spot_struct50_300s_eth,46.7327,z_liq_concentration_spot_struct50_300s,z_liq_concentration_struct50,Normalization,eth,S4,300.0,Spot
d1_net_pressure_fut_10bps_5s_eth,46.2742,d1_net_pressure_fut_10bps_5s,d1_net_pressure_10bps,Dynamics,eth,S4,,Futures
net_pressure_robust_z_spot_10bps_300s_eth,45.9073,net_pressure_robust_z_spot_10bps_300s,net_pressure_robust_z_10bps,Pressure,eth,S4,300.0,Spot
net_add_pressure_spot_5bps_300s_eth,45.5369,net_add_pressure_spot_5bps_300s,net_add_pressure_5bps,Pressure,eth,S3,300.0,Spot
z_pull_rate_fut_2bps_60s_eth,45.5139,z_pull_rate_fut_2bps_60s,z_pull_rate_2bps,Normalization,eth,S3,60.0,Futures
mad_vacuum_score_spot_5bps_15s_eth,45.137,mad_vacuum_score_spot_5bps_15s,mad_vacuum_score_5bps,Dynamics,eth,S4,15.0,Spot
pull_rate_fut_2bps_15s_eth,44.9864,pull_rate_fut_2bps_15s,pull_rate_2bps,Liquidity Events,eth,S2,15.0,Futures
z_trade_absorption_ratio_spot_1s_eth,44.7137,z_trade_absorption_ratio_spot_1s,z_trade_absorption_ratio,Normalization,eth,S3,5.0,Spot
taker_imbalance_spot_900s_eth,44.5781,taker_imbalance_spot_900s,taker_imbalance,Aggression,eth,S2,900.0,Spot
d2_queue_pressure_fut_2bps_5s_eth,44.4169,d2_queue_pressure_fut_2bps_5s,d2_queue_pressure_2bps,Dynamics,eth,S2,5.0,Futures
z_depth_gradient_fut_struct100_1s_eth,44.3711,z_depth_gradient_fut_struct100_1s,z_depth_gradient_struct100,Normalization,eth,S3,5.0,Futures
taker_imbalance_fut_1s_eth,44.3165,taker_imbalance_fut_1s,taker_imbalance,Aggression,eth,S1,,Futures
volume_spot_div_delta_900s_eth,43.9283,volume_spot_div_delta_900s,volume_div_delta,Cross-Market,eth,S2,900.0,Spot
d1_queue_pressure_fut_2bps_15s_eth,43.8672,d1_queue_pressure_fut_2bps_15s,d1_queue_pressure_2bps,Dynamics,eth,S2,15.0,Futures
z_pull_rate_spot_10bps_15s_eth,43.7877,z_pull_rate_spot_10bps_15s,z_pull_rate_10bps,Normalization,eth,S2,15.0,Spot
refill_vs_pull_fut_2bps_persist_60s_eth,43.6384,refill_vs_pull_fut_2bps_persist_60s,refill_vs_pull_2bps_persist,Dynamics,eth,S3,60.0,Futures
mad_refill_rate_fut_1bps_60s_eth,43.5493,mad_refill_rate_fut_1bps_60s,mad_refill_rate_1bps,Dynamics,eth,S2,60.0,Futures
median_net_pressure_spot_5bps_60s_eth,43.29,median_net_pressure_spot_5bps_60s,median_net_pressure_5bps,Dynamics,eth,S4,60.0,Spot
ca_z_depth_slope_spot_15s_eth,43.0992,ca_z_depth_slope_spot_15s,ca_z_depth_slope,Cross-Asset-Intermediary,eth,S6,300.0,Cross-Asset
d2_queue_pressure_spot_2bps_15s_eth,43.0345,d2_queue_pressure_spot_2bps_15s,d2_queue_pressure_2bps,Dynamics,eth,S2,15.0,Spot
taker_activity_share_sf_1s_eth,42.892,taker_activity_share_sf_1s,taker_activity_share_sf,Cross-Market,eth,S1,,
median_absorption_break_spot_60s_eth,42.8513,median_absorption_break_spot_60s,median_absorption_break,Dynamics,eth,S4,60.0,Spot
z_queue_pressure_spot_5bps_1s_eth,42.7941,z_queue_pressure_spot_5bps_1s,z_queue_pressure_5bps,Normalization,eth,S2,5.0,Spot
net_pressure_spot_1bps_15s_eth,42.5885,net_pressure_spot_1bps_15s,net_pressure_1bps,Pressure,eth,S1,15.0,Spot
mad_refill_rate_fut_10bps_5s_eth,42.5245,mad_refill_rate_fut_10bps_5s,mad_refill_rate_10bps,Dynamics,eth,S2,5.0,Futures
d2_refill_rate_fut_10bps_15s_eth,42.4664,d2_refill_rate_fut_10bps_15s,d2_refill_rate_10bps,Dynamics,eth,S2,15.0,Futures
pull_rate_fut_2bps_persist_60s_eth,42.1446,pull_rate_fut_2bps_persist_60s,pull_rate_2bps_persist,Dynamics,eth,S3,60.0,Futures
taker_imbalance_fut_900s_eth,42.0778,taker_imbalance_fut_900s,taker_imbalance,Aggression,eth,S2,900.0,Futures
d1_net_pressure_fut_5bps_5s_eth,41.9532,d1_net_pressure_fut_5bps_5s,d1_net_pressure_5bps,Dynamics,eth,S4,,Futures
d1_refill_rate_spot_1bps_15s_eth,41.0916,d1_refill_rate_spot_1bps_15s,d1_refill_rate_1bps,Dynamics,eth,S3,,Spot
z_depth_gradient_spot_struct100_60s_eth,40.9797,z_depth_gradient_spot_struct100_60s,z_depth_gradient_struct100,Normalization,eth,S4,60.0,Spot
mad_vacuum_score_spot_10bps_15s_eth,40.9747,mad_vacuum_score_spot_10bps_15s,mad_vacuum_score_10bps,Dynamics,eth,S4,15.0,Spot
d1_queue_pressure_spot_1bps_15s_eth,40.618,d1_queue_pressure_spot_1bps_15s,d1_queue_pressure_1bps,Dynamics,eth,S3,,Spot
absorption_volume_bid_spot_1bps_1s_eth,40.5415,absorption_volume_bid_spot_1bps_1s,absorption_volume_bid_1bps,Absorption,eth,S1,,Spot
ca_lag_corr_btc_taker_lead_eth_ret_3s,40.4635,ca_lag_corr_btc_taker_lead_eth_ret_3s,ca_lag_corr_btc_taker_lead_eth_ret,Cross-Asset,btceth,S6,60.0,Cross-Asset
median_absorption_break_fut_15s_eth,40.3082,median_absorption_break_fut_15s,median_absorption_break,Dynamics,eth,S5,15.0,Futures
absorption_volume_bid_spot_1bps_60s_eth,40.1529,absorption_volume_bid_spot_1bps_60s,absorption_volume_bid_1bps,Absorption,eth,S2,60.0,Spot
z_depth_gradient_fut_struct50_60s_eth,40.022,z_depth_gradient_fut_struct50_60s,z_depth_gradient_struct50,Normalization,eth,S4,60.0,Futures
z_trade_absorption_ratio_fut_1s_eth,39.9495,z_trade_absorption_ratio_fut_1s,z_trade_absorption_ratio,Normalization,eth,S3,5.0,Futures
median_net_pressure_spot_10bps_15s_eth,39.7208,median_net_pressure_spot_10bps_15s,median_net_pressure_10bps,Dynamics,eth,S4,15.0,Spot
pull_rate_spot_2bps_persist_60s_eth,39.6008,pull_rate_spot_2bps_persist_60s,pull_rate_2bps_persist,Dynamics,eth,S3,60.0,Spot
z_net_add_fut_5bps_900s_eth,39.177,z_net_add_fut_5bps_900s,z_net_add_5bps,Normalization,eth,S4,900.0,Futures
taker_imbalance_fut_5s_eth,39.1049,taker_imbalance_fut_5s,taker_imbalance,Aggression,eth,S2,5.0,Futures
taker_imbalance_fut_15s_eth,38.7331,taker_imbalance_fut_15s,taker_imbalance,Aggression,eth,S2,15.0,Futures
d1_refill_rate_fut_5bps_15s_eth,38.6694,d1_refill_rate_fut_5bps_15s,d1_refill_rate_5bps,Dynamics,eth,S2,15.0,Futures
mad_queue_pressure_spot_10bps_60s_eth,38.6333,mad_queue_pressure_spot_10bps_60s,mad_queue_pressure_10bps,Dynamics,eth,S2,60.0,Spot
ca_z_depth_slope_spot_60s_eth,38.4795,ca_z_depth_slope_spot_60s,ca_z_depth_slope,Cross-Asset-Intermediary,eth,S6,300.0,Cross-Asset
bid_churn_fut_5bps_60s_eth,38.2964,bid_churn_fut_5bps_60s,bid_churn_5bps,Liquidity Events,eth,S3,60.0,Futures
ca_lag_corr_eth_taker_lead_btc_ret_3s,38.1406,ca_lag_corr_eth_taker_lead_btc_ret_3s,ca_lag_corr_eth_taker_lead_btc_ret,Cross-Asset,btceth,S6,60.0,Cross-Asset
depth_notional_ask_2bps_fut_1s_eth,38.0617,depth_notional_ask_2bps_fut_1s,depth_notional_ask_2bps,Bookshape,eth,S0,,Futures
mad_queue_pressure_spot_5bps_60s_eth,38.0467,mad_queue_pressure_spot_5bps_60s,mad_queue_pressure_5bps,Dynamics,eth,S2,60.0,Spot
pull_rate_fut_2bps_persist_15s_eth,38.0169,pull_rate_fut_2bps_persist_15s,pull_rate_2bps_persist,Dynamics,eth,S3,15.0,Futures
pull_rate_shock_spot_10bps_5s_eth,38.0051,pull_rate_shock_spot_10bps_5s,pull_rate_shock_10bps,Dynamics,eth,S2,5.0,Spot
d1_net_pressure_spot_1bps_15s_eth,37.7523,d1_net_pressure_spot_1bps_15s,d1_net_pressure_1bps,Dynamics,eth,S2,15.0,Spot
z_queue_pressure_fut_2bps_1s_eth,37.5849,z_queue_pressure_fut_2bps_1s,z_queue_pressure_2bps,Normalization,eth,S2,5.0,Futures
net_pressure_robust_z_fut_10bps_300s_eth,37.2139,net_pressure_robust_z_fut_10bps_300s,net_pressure_robust_z_10bps,Pressure,eth,S4,300.0,Futures
z_liq_concentration_spot_struct50_900s_eth,37.213,z_liq_concentration_spot_struct50_900s,z_liq_concentration_struct50,Normalization,eth,S4,900.0,Spot
d2_refill_rate_spot_2bps_5s_eth,37.2128,d2_refill_rate_spot_2bps_5s,d2_refill_rate_2bps,Dynamics,eth,S2,5.0,Spot
z_volume_asym_fut_minus_spot_60s_eth,37.1753,z_volume_asym_fut_minus_spot_60s,z_volume_asym_minus,Cross-Market,eth,S2,60.0,Futures
z_liq_concentration_fut_struct100_1s_eth,37.11,z_liq_concentration_fut_struct100_1s,z_liq_concentration_struct100,Normalization,eth,S3,5.0,Futures
pull_rate_spot_1bps_persist_15s_eth,36.9979,pull_rate_spot_1bps_persist_15s,pull_rate_1bps_persist,Dynamics,eth,S3,15.0,Spot
absorb_refill_bid_spot_5bps_1s_eth,36.9035,absorb_refill_bid_spot_5bps_1s,absorb_refill_bid_5bps,Absorption,eth,S2,1.0,Spot
net_pressure_shock_spot_5bps_60s_eth,36.8296,net_pressure_shock_spot_5bps_60s,net_pressure_shock_5bps,Dynamics,eth,S4,,Spot
median_net_pressure_fut_1bps_60s_eth,36.6295,median_net_pressure_fut_1bps_60s,median_net_pressure_1bps,Dynamics,eth,S2,60.0,Futures
mad_queue_pressure_spot_2bps_60s_eth,36.6245,mad_queue_pressure_spot_2bps_60s,mad_queue_pressure_2bps,Dynamics,eth,S2,60.0,Spot
z_pull_rate_fut_5bps_15s_eth,36.6028,z_pull_rate_fut_5bps_15s,z_pull_rate_5bps,Normalization,eth,S2,15.0,Futures
net_pressure_shock_fut_5bps_60s_eth,36.2629,net_pressure_shock_fut_5bps_60s,net_pressure_shock_5bps,Dynamics,eth,S4,,Futures
trade_count_fut_div_1s_eth,36.0286,trade_count_fut_div_1s,trade_count_div,Cross-Market,eth,S1,,Futures
vacuum_score_shock_spot_10bps_15s_eth,36.009,vacuum_score_shock_spot_10bps_15s,vacuum_score_shock_10bps,Dynamics,eth,S4,,Spot
median_absorption_break_fut_60s_eth,35.8388,median_absorption_break_fut_60s,median_absorption_break,Dynamics,eth,S4,60.0,Futures
add_rate_bid_fut_1bps_1s_eth,35.7001,add_rate_bid_fut_1bps_1s,add_rate_bid_1bps,Liquidity Events,eth,S1,,Futures
z_absorb_refill_bid_fut_5bps_1s_eth,35.6969,z_absorb_refill_bid_fut_5bps_1s,z_absorb_refill_bid_5bps,Normalization,eth,S3,5.0,Futures
z_liq_concentration_fut_struct50_60s_eth,35.6735,z_liq_concentration_fut_struct50_60s,z_liq_concentration_struct50,Normalization,eth,S4,60.0,Futures
z_pull_rate_fut_10bps_15s_eth,35.3495,z_pull_rate_fut_10bps_15s,z_pull_rate_10bps,Normalization,eth,S2,15.0,Futures
absorption_volume_ask_spot_1bps_60s_eth,35.2835,absorption_volume_ask_spot_1bps_60s,absorption_volume_ask_1bps,Absorption,eth,S2,60.0,Spot
d1_pull_rate_spot_1bps_15s_eth,35.2348,d1_pull_rate_spot_1bps_15s,d1_pull_rate_1bps,Dynamics,eth,S3,,Spot
mad_impact_per_signed_fut_60s_eth,35.1837,mad_impact_per_signed_fut_60s,mad_impact_per_signed,Dynamics,eth,S3,,Futures
net_pressure_robust_z_spot_5bps_300s_eth,35.0823,net_pressure_robust_z_spot_5bps_300s,net_pressure_robust_z_5bps,Pressure,eth,S4,300.0,Spot
pull_rate_fut_1bps_persist_15s_eth,34.8046,pull_rate_fut_1bps_persist_15s,pull_rate_1bps_persist,Dynamics,eth,S3,15.0,Futures
mad_net_pressure_spot_2bps_15s_eth,34.3602,mad_net_pressure_spot_2bps_15s,mad_net_pressure_2bps,Dynamics,eth,S4,15.0,Spot
pull_rate_shock_spot_5bps_5s_eth,34.2913,pull_rate_shock_spot_5bps_5s,pull_rate_shock_5bps,Dynamics,eth,S2,5.0,Spot
absorb_refill_ask_spot_2bps_1s_eth,34.2736,absorb_refill_ask_spot_2bps_1s,absorb_refill_ask_2bps,Absorption,eth,S2,1.0,Spot
bid_churn_spot_5bps_60s_eth,34.1943,bid_churn_spot_5bps_60s,bid_churn_5bps,Liquidity Events,eth,S3,60.0,Spot
mad_vacuum_score_spot_5bps_60s_eth,33.8655,mad_vacuum_score_spot_5bps_60s,mad_vacuum_score_5bps,Dynamics,eth,S4,60.0,Spot
volume_spot_div_delta_300s_eth,33.8262,volume_spot_div_delta_300s,volume_div_delta,Cross-Market,eth,S2,300.0,Spot
depth_notional_bid_1bps_spot_1s_eth,33.7243,depth_notional_bid_1bps_spot_1s,depth_notional_bid_1bps,Bookshape,eth,S0,,Spot
mad_refill_rate_spot_5bps_5s_eth,33.4953,mad_refill_rate_spot_5bps_5s,mad_refill_rate_5bps,Dynamics,eth,S2,5.0,Spot
pull_rate_shock_spot_2bps_5s_eth,33.4596,pull_rate_shock_spot_2bps_5s,pull_rate_shock_2bps,Dynamics,eth,S2,5.0,Spot
mad_vacuum_score_fut_5bps_15s_eth,32.959,mad_vacuum_score_fut_5bps_15s,mad_vacuum_score_5bps,Dynamics,eth,S4,15.0,Futures
taker_imbalance_spot_persist_15s_eth,32.9014,taker_imbalance_spot_persist_15s,taker_imbalance_persist,Dynamics,eth,S3,15.0,Spot
mad_queue_pressure_spot_2bps_15s_eth,32.8162,mad_queue_pressure_spot_2bps_15s,mad_queue_pressure_2bps,Dynamics,eth,S2,15.0,Spot
taker_imbalance_spot_persist_60s_eth,32.76,taker_imbalance_spot_persist_60s,taker_imbalance_persist,Dynamics,eth,S3,60.0,Spot
pull_rate_spot_2bps_persist_15s_eth,32.519,pull_rate_spot_2bps_persist_15s,pull_rate_2bps_persist,Dynamics,eth,S3,15.0,Spot
vacuum_score_shock_fut_5bps_15s_eth,32.1137,vacuum_score_shock_fut_5bps_15s,vacuum_score_shock_5bps,Dynamics,eth,S4,,Futures
d1_refill_rate_spot_2bps_15s_eth,31.5559,d1_refill_rate_spot_2bps_15s,d1_refill_rate_2bps,Dynamics,eth,S3,,Spot
absorb_refill_bid_spot_2bps_1s_eth,31.5238,absorb_refill_bid_spot_2bps_1s,absorb_refill_bid_2bps,Absorption,eth,S2,1.0,Spot
d2_refill_rate_fut_2bps_5s_eth,31.3161,d2_refill_rate_fut_2bps_5s,d2_refill_rate_2bps,Dynamics,eth,S2,5.0,Futures
taker_imbalance_shock_spot_60s_eth,31.2613,taker_imbalance_shock_spot_60s,taker_imbalance_shock,Dynamics,eth,S3,,Spot
net_pressure_spot_1bps_60s_eth,31.1242,net_pressure_spot_1bps_60s,net_pressure_1bps,Pressure,eth,S1,60.0,Spot
z_absorb_refill_bid_fut_10bps_1s_eth,31.0915,z_absorb_refill_bid_fut_10bps_1s,z_absorb_refill_bid_10bps,Normalization,eth,S3,5.0,Futures
pull_rate_shock_spot_1bps_5s_eth,31.0312,pull_rate_shock_spot_1bps_5s,pull_rate_shock_1bps,Dynamics,eth,S2,5.0,Spot
mad_net_pressure_spot_2bps_60s_eth,30.6022,mad_net_pressure_spot_2bps_60s,mad_net_pressure_2bps,Dynamics,eth,S4,60.0,Spot
z_liq_concentration_fut_struct50_300s_eth,30.5522,z_liq_concentration_fut_struct50_300s,z_liq_concentration_struct50,Normalization,eth,S4,300.0,Futures
max_liq_distance_ask_5bps_fut_1s_eth,30.314,max_liq_distance_ask_5bps_fut_1s,max_liq_distance_ask_5bps,Bookshape,eth,S0,,Futures
absorption_asymmetry_fut_1bps_60s_eth,29.9756,absorption_asymmetry_fut_1bps_60s,absorption_asymmetry_1bps,Absorption,eth,S3,,Futures
d2_refill_rate_fut_5bps_15s_eth,29.8179,d2_refill_rate_fut_5bps_15s,d2_refill_rate_5bps,Dynamics,eth,S2,15.0,Futures
net_cancel_fut_2bps_5s_eth,29.6729,net_cancel_fut_2bps_5s,net_cancel_2bps,Pressure,eth,S4,5.0,Futures
z_depth_gradient_spot_struct100_300s_eth,29.5094,z_depth_gradient_spot_struct100_300s,z_depth_gradient_struct100,Normalization,eth,S4,300.0,Spot
max_liq_distance_bid_5bps_fut_1s_eth,29.0841,max_liq_distance_bid_5bps_fut_1s,max_liq_distance_bid_5bps,Bookshape,eth,S0,,Futures
d2_queue_pressure_fut_2bps_15s_eth,29.0376,d2_queue_pressure_fut_2bps_15s,d2_queue_pressure_2bps,Dynamics,eth,S2,15.0,Futures
ca_microprice_dev_fut_5bps_spread_1s_btceth,29.0053,ca_microprice_dev_fut_5bps_spread_1s,ca_microprice_dev_5bps_spread,Cross-Asset,btceth,S6,,Cross-Asset
ca_regime_xor_300s_btceth,28.8974,ca_regime_xor_300s,ca_regime_xor,Cross-Asset,btceth,S6,,Cross-Asset
z_liq_concentration_fut_struct50_900s_eth,28.8674,z_liq_concentration_fut_struct50_900s,z_liq_concentration_struct50,Normalization,eth,S4,900.0,Futures
absorption_volume_ask_spot_1bps_15s_eth,28.5372,absorption_volume_ask_spot_1bps_15s,absorption_volume_ask_1bps,Absorption,eth,S1,15.0,Spot
mad_queue_pressure_spot_1bps_5s_eth,28.5288,mad_queue_pressure_spot_1bps_5s,mad_queue_pressure_1bps,Dynamics,eth,S2,5.0,Spot
mad_refill_rate_fut_5bps_15s_eth,28.5214,mad_refill_rate_fut_5bps_15s,mad_refill_rate_5bps,Dynamics,eth,S2,15.0,Futures
z_pull_rate_fut_10bps_5s_eth,28.3805,z_pull_rate_fut_10bps_5s,z_pull_rate_10bps,Normalization,eth,S2,5.0,Futures
absorb_refill_ask_spot_5bps_1s_eth,28.3129,absorb_refill_ask_spot_5bps_1s,absorb_refill_ask_5bps,Absorption,eth,S2,1.0,Spot
net_pressure_fut_1bps_60s_eth,28.2891,net_pressure_fut_1bps_60s,net_pressure_1bps,Pressure,eth,S1,60.0,Futures
absorb_refill_ask_spot_10bps_1s_eth,28.2439,absorb_refill_ask_spot_10bps_1s,absorb_refill_ask_10bps,Absorption,eth,S2,1.0,Spot
ca_spread_bps_spot_spread_1s_btceth,27.81,ca_spread_bps_spot_spread_1s,ca_spread_bps_spread,Cross-Asset,btceth,S6,,Cross-Asset
ca_net_pressure_persist_spot_10bps_spread_60s_btceth,27.7894,ca_net_pressure_persist_spot_10bps_spread_60s,ca_net_pressure_persist_10bps_spread,Cross-Asset,btceth,S6,,Cross-Asset
trade_absorption_ratio_spot_60s_eth,27.6959,trade_absorption_ratio_spot_60s,trade_absorption_ratio,Absorption,eth,S3,60.0,Spot
mad_queue_pressure_spot_10bps_15s_eth,27.6035,mad_queue_pressure_spot_10bps_15s,mad_queue_pressure_10bps,Dynamics,eth,S2,15.0,Spot
net_pressure_shock_spot_10bps_60s_eth,27.5284,net_pressure_shock_spot_10bps_60s,net_pressure_shock_10bps,Dynamics,eth,S4,,Spot
d2_queue_pressure_fut_5bps_5s_eth,27.5187,d2_queue_pressure_fut_5bps_5s,d2_queue_pressure_5bps,Dynamics,eth,S2,5.0,Futures
absorption_break_fut_15s_eth,27.4374,absorption_break_fut_15s,absorption_break,Absorption,eth,S3,,Futures
impact_per_liquidity_fut_5bps_300s_eth,27.3006,impact_per_liquidity_fut_5bps_300s,impact_per_liquidity_5bps,Impact,eth,S2,300.0,Futures
z_avg_trade_size_spot_60s_eth,27.024,z_avg_trade_size_spot_60s,z_avg_trade_size,Normalization,eth,S2,60.0,Spot
participation_rate_fut_1s_eth,26.6364,participation_rate_fut_1s,participation_rate,Activity,eth,S1,,Futures
d2_net_pressure_fut_10bps_5s_eth,26.3761,d2_net_pressure_fut_10bps_5s,d2_net_pressure_10bps,Dynamics,eth,S4,,Futures
vacuum_score_shock_fut_10bps_60s_eth,26.1822,vacuum_score_shock_fut_10bps_60s,vacuum_score_shock_10bps,Dynamics,eth,S4,,Futures
net_cancel_fut_5bps_5s_eth,25.8819,net_cancel_fut_5bps_5s,net_cancel_5bps,Pressure,eth,S4,5.0,Futures
price_acceleration_spot_900s_eth,25.6961,price_acceleration_spot_900s,price_acceleration,Price,eth,S2,900.0,Spot
vacuum_score_shock_spot_5bps_60s_eth,25.5821,vacuum_score_shock_spot_5bps_60s,vacuum_score_shock_5bps,Dynamics,eth,S4,,Spot
mad_taker_imbalance_spot_60s_eth,25.5278,mad_taker_imbalance_spot_60s,mad_taker_imbalance,Dynamics,eth,S3,,Spot
d2_queue_pressure_fut_10bps_5s_eth,25.4817,d2_queue_pressure_fut_10bps_5s,d2_queue_pressure_10bps,Dynamics,eth,S2,5.0,Futures
z_price_deviation_300s_eth,25.4594,z_price_deviation_300s,z_price_deviation,Normalization,eth,S3,300.0,Spot|Futures
d1_net_pressure_fut_10bps_15s_eth,25.4183,d1_net_pressure_fut_10bps_15s,d1_net_pressure_10bps,Dynamics,eth,S4,,Futures
z_pull_rate_fut_5bps_5s_eth,25.3082,z_pull_rate_fut_5bps_5s,z_pull_rate_5bps,Normalization,eth,S2,5.0,Futures
z_taker_imbalance_spot_900s_eth,25.2358,z_taker_imbalance_spot_900s,z_taker_imbalance,Normalization,eth,S3,900.0,Spot
z_pull_rate_spot_5bps_5s_eth,25.0746,z_pull_rate_spot_5bps_5s,z_pull_rate_5bps,Normalization,eth,S2,5.0,Spot
median_net_pressure_fut_10bps_15s_eth,25.0592,median_net_pressure_fut_10bps_15s,median_net_pressure_10bps,Dynamics,eth,S4,15.0,Futures
z_pull_rate_fut_2bps_5s_eth,24.9443,z_pull_rate_fut_2bps_5s,z_pull_rate_2bps,Normalization,eth,S2,5.0,Futures
z_queue_pressure_spot_1bps_5s_eth,24.7314,z_queue_pressure_spot_1bps_5s,z_queue_pressure_1bps,Normalization,eth,S2,5.0,Spot
ca_pull_rate_shock_spot_5bps_spread_60s_btceth,24.6107,ca_pull_rate_shock_spot_5bps_spread_60s,ca_pull_rate_shock_5bps_spread,Cross-Asset,btceth,S6,,Cross-Asset
z_net_cancel_sf_5bps_900s_eth,24.352,z_net_cancel_sf_5bps_900s,z_net_cancel_sf_5bps,Cross-Market,eth,S5,900.0,Spot|Futures
z_pull_rate_fut_1bps_5s_eth,24.351,z_pull_rate_fut_1bps_5s,z_pull_rate_1bps,Normalization,eth,S2,5.0,Futures
net_pressure_pct_rank_fut_5bps_60s_eth,24.3419,net_pressure_pct_rank_fut_5bps_60s,net_pressure_pct_rank_5bps,Pressure,eth,S4,60.0,Futures
cancel_rate_bid_spot_1bps_1s_eth,24.3053,cancel_rate_bid_spot_1bps_1s,cancel_rate_bid_1bps,Liquidity Events,eth,S1,,Spot
ca_lag_corr_btc_taker_lead_eth_ret_1s,24.2616,ca_lag_corr_btc_taker_lead_eth_ret_1s,ca_lag_corr_btc_taker_lead_eth_ret,Cross-Asset,btceth,S6,60.0,Cross-Asset
z_avg_trade_size_fut_300s_eth,24.2484,z_avg_trade_size_fut_300s,z_avg_trade_size,Normalization,eth,S2,300.0,Futures
max_liq_distance_bid_10bps_fut_1s_eth,24.1176,max_liq_distance_bid_10bps_fut_1s,max_liq_distance_bid_10bps,Bookshape,eth,S0,,Futures
cancel_rate_ahead_fut_1bps_15s_eth,23.8784,cancel_rate_ahead_fut_1bps_15s,cancel_rate_ahead_1bps,Liquidity Events,eth,S2,15.0,Futures
median_net_pressure_spot_1bps_15s_eth,23.8545,median_net_pressure_spot_1bps_15s,median_net_pressure_1bps,Dynamics,eth,S2,15.0,Spot
z_price_deviation_900s_eth,23.8074,z_price_deviation_900s,z_price_deviation,Normalization,eth,S3,900.0,Spot|Futures
mad_queue_pressure_spot_5bps_15s_eth,23.6096,mad_queue_pressure_spot_5bps_15s,mad_queue_pressure_5bps,Dynamics,eth,S2,15.0,Spot
net_cancel_persist_spot_10bps_15s_eth,23.5283,net_cancel_persist_spot_10bps_15s,net_cancel_persist_10bps,Dynamics,eth,S5,15.0,Spot
z_depth_gradient_spot_struct100_900s_eth,23.2146,z_depth_gradient_spot_struct100_900s,z_depth_gradient_struct100,Normalization,eth,S4,900.0,Spot
z_trade_absorption_ratio_spot_60s_eth,23.1927,z_trade_absorption_ratio_spot_60s,z_trade_absorption_ratio,Normalization,eth,S4,60.0,Spot
z_refill_rate_fut_10bps_15s_eth,23.1431,z_refill_rate_fut_10bps_15s,z_refill_rate_10bps,Normalization,eth,S2,15.0,Futures
liq_cluster_asymmetry_fut_struct100_300s_eth,23.1148,liq_cluster_asymmetry_fut_struct100_300s,liq_cluster_asymmetry_struct100,Bookshape,eth,S1,300.0,Futures
d2_net_pressure_spot_1bps_15s_eth,23.0632,d2_net_pressure_spot_1bps_15s,d2_net_pressure_1bps,Dynamics,eth,S2,15.0,Spot
z_liq_concentration_fut_struct100_900s_eth,22.8518,z_liq_concentration_fut_struct100_900s,z_liq_concentration_struct100,Normalization,eth,S4,900.0,Futures
d1_taker_imbalance_spot_5s_eth,22.7233,d1_taker_imbalance_spot_5s,d1_taker_imbalance,Dynamics,eth,S3,,Spot
vacuum_score_shock_fut_5bps_60s_eth,22.6358,vacuum_score_shock_fut_5bps_60s,vacuum_score_shock_5bps,Dynamics,eth,S4,,Futures
ca_regime_xor_60s_btceth,22.603,ca_regime_xor_60s,ca_regime_xor,Cross-Asset,btceth,S6,,Cross-Asset
absorb_refill_bid_spot_10bps_1s_eth,22.5174,absorb_refill_bid_spot_10bps_1s,absorb_refill_bid_10bps,Absorption,eth,S2,1.0,Spot
mad_vacuum_score_fut_10bps_15s_eth,22.3656,mad_vacuum_score_fut_10bps_15s,mad_vacuum_score_10bps,Dynamics,eth,S4,15.0,Futures
ca_depth_curvature_spot_spread_60s_btceth,22.203,ca_depth_curvature_spot_spread_60s,ca_depth_curvature_spread,Cross-Asset,btceth,S6,,Cross-Asset
ca_z_depth_slope_fut_60s_eth,22.19,ca_z_depth_slope_fut_60s,ca_z_depth_slope,Cross-Asset-Intermediary,eth,S6,300.0,Cross-Asset
mad_queue_pressure_fut_10bps_5s_eth,22.1395,mad_queue_pressure_fut_10bps_5s,mad_queue_pressure_10bps,Dynamics,eth,S2,5.0,Futures
ca_net_pressure_shock_spot_5bps_spread_60s_btceth,22.1058,ca_net_pressure_shock_spot_5bps_spread_60s,ca_net_pressure_shock_5bps_spread,Cross-Asset,btceth,S6,,Cross-Asset
vacuum_score_shock_spot_10bps_60s_eth,21.987,vacuum_score_shock_spot_10bps_60s,vacuum_score_shock_10bps,Dynamics,eth,S4,,Spot
avg_trade_size_fut_1s_eth,21.9407,avg_trade_size_fut_1s,avg_trade_size,Activity,eth,S1,,Futures
mad_queue_pressure_spot_10bps_5s_eth,21.9272,mad_queue_pressure_spot_10bps_5s,mad_queue_pressure_10bps,Dynamics,eth,S2,5.0,Spot
d2_net_pressure_fut_2bps_5s_eth,21.7658,d2_net_pressure_fut_2bps_5s,d2_net_pressure_2bps,Dynamics,eth,S4,,Futures
ca_net_pressure_persist_spot_5bps_spread_60s_btceth,21.6003,ca_net_pressure_persist_spot_5bps_spread_60s,ca_net_pressure_persist_5bps_spread,Cross-Asset,btceth,S6,,Cross-Asset
net_add_pressure_fut_10bps_900s_eth,21.4852,net_add_pressure_fut_10bps_900s,net_add_pressure_10bps,Pressure,eth,S3,900.0,Futures
max_liq_distance_ask_10bps_spot_1s_eth,21.4729,max_liq_distance_ask_10bps_spot_1s,max_liq_distance_ask_10bps,Bookshape,eth,S0,,Spot
d1_net_pressure_fut_5bps_15s_eth,21.4186,d1_net_pressure_fut_5bps_15s,d1_net_pressure_5bps,Dynamics,eth,S4,,Futures
max_liq_distance_ask_10bps_fut_1s_eth,21.3944,max_liq_distance_ask_10bps_fut_1s,max_liq_distance_ask_10bps,Bookshape,eth,S0,,Futures
refill_rate_shock_fut_10bps_15s_eth,21.3919,refill_rate_shock_fut_10bps_15s,refill_rate_shock_10bps,Dynamics,eth,S2,15.0,Futures
mad_absorption_break_fut_15s_eth,21.2637,mad_absorption_break_fut_15s,mad_absorption_break,Dynamics,eth,S5,15.0,Futures
trade_absorption_ratio_fut_900s_eth,21.2306,trade_absorption_ratio_fut_900s,trade_absorption_ratio,Absorption,eth,S3,900.0,Futures
net_pressure_pct_rank_fut_2bps_5s_eth,21.167,net_pressure_pct_rank_fut_2bps_5s,net_pressure_pct_rank_2bps,Pressure,eth,S4,5.0,Futures
d2_net_pressure_fut_5bps_5s_eth,21.1591,d2_net_pressure_fut_5bps_5s,d2_net_pressure_5bps,Dynamics,eth,S4,,Futures
mad_net_pressure_spot_5bps_60s_eth,21.1318,mad_net_pressure_spot_5bps_60s,mad_net_pressure_5bps,Dynamics,eth,S4,60.0,Spot
z_pull_rate_spot_10bps_5s_eth,21.0857,z_pull_rate_spot_10bps_5s,z_pull_rate_10bps,Normalization,eth,S2,5.0,Spot
mad_queue_pressure_fut_2bps_60s_eth,21.0359,mad_queue_pressure_fut_2bps_60s,mad_queue_pressure_2bps,Dynamics,eth,S2,60.0,Futures
d1_refill_rate_fut_2bps_15s_eth,20.9627,d1_refill_rate_fut_2bps_15s,d1_refill_rate_2bps,Dynamics,eth,S3,,Futures
z_pull_rate_spot_2bps_5s_eth,20.9559,z_pull_rate_spot_2bps_5s,z_pull_rate_2bps,Normalization,eth,S2,5.0,Spot
d2_net_pressure_fut_10bps_15s_eth,20.8028,d2_net_pressure_fut_10bps_15s,d2_net_pressure_10bps,Dynamics,eth,S4,,Futures
z_net_cancel_fut_5bps_900s_eth,20.7942,z_net_cancel_fut_5bps_900s,z_net_cancel_5bps,Normalization,eth,S4,900.0,Futures
impact_per_liquidity_fut_5bps_900s_eth,20.7552,impact_per_liquidity_fut_5bps_900s,impact_per_liquidity_5bps,Impact,eth,S2,900.0,Futures
d1_net_pressure_fut_2bps_15s_eth,20.5809,d1_net_pressure_fut_2bps_15s,d1_net_pressure_2bps,Dynamics,eth,S4,,Futures
z_trade_absorption_ratio_spot_900s_eth,20.4266,z_trade_absorption_ratio_spot_900s,z_trade_absorption_ratio,Normalization,eth,S4,900.0,Spot
absorption_volume_bid_fut_1bps_60s_eth,20.3736,absorption_volume_bid_fut_1bps_60s,absorption_volume_bid_1bps,Absorption,eth,S2,60.0,Futures
z_refill_rate_spot_10bps_15s_eth,20.367,z_refill_rate_spot_10bps_15s,z_refill_rate_10bps,Normalization,eth,S2,15.0,Spot
mad_net_pressure_fut_5bps_60s_eth,20.3577,mad_net_pressure_fut_5bps_60s,mad_net_pressure_5bps,Dynamics,eth,S4,60.0,Futures
bid_churn_spot_5bps_15s_eth,20.3441,bid_churn_spot_5bps_15s,bid_churn_5bps,Liquidity Events,eth,S3,15.0,Spot
net_cancel_persist_spot_5bps_15s_eth,20.291,net_cancel_persist_spot_5bps_15s,net_cancel_persist_5bps,Dynamics,eth,S5,15.0,Spot
absorption_volume_bid_fut_1bps_1s_eth,20.2614,absorption_volume_bid_fut_1bps_1s,absorption_volume_bid_1bps,Absorption,eth,S1,,Futures
mad_net_pressure_spot_2bps_5s_eth,20.2437,mad_net_pressure_spot_2bps_5s,mad_net_pressure_2bps,Dynamics,eth,S4,5.0,Spot
z_refill_rate_spot_2bps_60s_eth,20.2186,z_refill_rate_spot_2bps_60s,z_refill_rate_2bps,Normalization,eth,S3,60.0,Spot
mad_vacuum_score_fut_5bps_60s_eth,20.1885,mad_vacuum_score_fut_5bps_60s,mad_vacuum_score_5bps,Dynamics,eth,S4,60.0,Futures
mad_absorption_break_spot_15s_eth,20.1851,mad_absorption_break_spot_15s,mad_absorption_break,Dynamics,eth,S5,15.0,Spot
d2_refill_rate_spot_2bps_15s_eth,20.1426,d2_refill_rate_spot_2bps_15s,d2_refill_rate_2bps,Dynamics,eth,S3,,Spot
z_flow_depth_align_spot_struct100_300s_eth,20.1362,z_flow_depth_align_spot_struct100_300s,z_flow_depth_align_struct100,Normalization,eth,S3,300.0,Spot
median_net_pressure_spot_2bps_15s_eth,19.9291,median_net_pressure_spot_2bps_15s,median_net_pressure_2bps,Dynamics,eth,S4,15.0,Spot
z_price_deviation_60s_eth,19.7501,z_price_deviation_60s,z_price_deviation,Normalization,eth,S3,60.0,Spot|Futures
mad_queue_pressure_fut_10bps_60s_eth,19.6278,mad_queue_pressure_fut_10bps_60s,mad_queue_pressure_10bps,Dynamics,eth,S2,60.0,Futures
depth_notional_bid_2bps_fut_1s_eth,19.5967,depth_notional_bid_2bps_fut_1s,depth_notional_bid_2bps,Bookshape,eth,S0,,Futures
z_refill_rate_spot_5bps_15s_eth,19.5336,z_refill_rate_spot_5bps_15s,z_refill_rate_5bps,Normalization,eth,S2,15.0,Spot
vacuum_score_shock_spot_5bps_15s_eth,19.5294,vacuum_score_shock_spot_5bps_15s,vacuum_score_shock_5bps,Dynamics,eth,S4,,Spot
net_pressure_shock_fut_1bps_60s_eth,19.5176,net_pressure_shock_fut_1bps_60s,net_pressure_shock_1bps,Dynamics,eth,S2,60.0,Futures
max_liq_distance_bid_10bps_spot_1s_eth,19.4748,max_liq_distance_bid_10bps_spot_1s,max_liq_distance_bid_10bps,Bookshape,eth,S0,,Spot
ca_net_pressure_persist_fut_10bps_spread_60s_btceth,19.3792,ca_net_pressure_persist_fut_10bps_spread_60s,ca_net_pressure_persist_10bps_spread,Cross-Asset,btceth,S6,,Cross-Asset
absorption_asymmetry_fut_1bps_15s_eth,19.1799,absorption_asymmetry_fut_1bps_15s,absorption_asymmetry_1bps,Absorption,eth,S2,15.0,Futures
refill_rate_shock_spot_10bps_15s_eth,19.1714,refill_rate_shock_spot_10bps_15s,refill_rate_shock_10bps,Dynamics,eth,S2,15.0,Spot
mad_vacuum_score_spot_10bps_60s_eth,18.6484,mad_vacuum_score_spot_10bps_60s,mad_vacuum_score_10bps,Dynamics,eth,S4,60.0,Spot
net_add_fut_5bps_900s_eth,18.4326,net_add_fut_5bps_900s,net_add_5bps,Pressure,eth,S3,900.0,Futures
z_queue_pressure_spot_2bps_5s_eth,18.4233,z_queue_pressure_spot_2bps_5s,z_queue_pressure_2bps,Normalization,eth,S2,5.0,Spot
d2_refill_rate_fut_2bps_15s_eth,18.406,d2_refill_rate_fut_2bps_15s,d2_refill_rate_2bps,Dynamics,eth,S3,,Futures
z_flow_depth_align_spot_struct100_60s_eth,18.3831,z_flow_depth_align_spot_struct100_60s,z_flow_depth_align_struct100,Normalization,eth,S3,60.0,Spot
mad_net_pressure_fut_10bps_60s_eth,18.3078,mad_net_pressure_fut_10bps_60s,mad_net_pressure_10bps,Dynamics,eth,S4,60.0,Futures
z_refill_rate_fut_5bps_15s_eth,18.2603,z_refill_rate_fut_5bps_15s,z_refill_rate_5bps,Normalization,eth,S2,15.0,Futures
queue_pressure_shock_fut_10bps_60s_eth,18.23,queue_pressure_shock_fut_10bps_60s,queue_pressure_shock_10bps,Dynamics,eth,S2,60.0,Futures
refill_rate_shock_fut_10bps_5s_eth,17.9988,refill_rate_shock_fut_10bps_5s,refill_rate_shock_10bps,Dynamics,eth,S2,5.0,Futures
z_pull_rate_spot_1bps_5s_eth,17.9685,z_pull_rate_spot_1bps_5s,z_pull_rate_1bps,Normalization,eth,S2,5.0,Spot
median_impact_per_signed_fut_60s_eth,17.9454,median_impact_per_signed_fut_60s,median_impact_per_signed,Dynamics,eth,S3,,Futures
mad_queue_pressure_spot_2bps_5s_eth,17.6017,mad_queue_pressure_spot_2bps_5s,mad_queue_pressure_2bps,Dynamics,eth,S2,5.0,Spot
median_net_pressure_fut_10bps_60s_eth,17.5981,median_net_pressure_fut_10bps_60s,median_net_pressure_10bps,Dynamics,eth,S4,60.0,Futures
mad_queue_pressure_fut_5bps_60s_eth,17.5256,mad_queue_pressure_fut_5bps_60s,mad_queue_pressure_5bps,Dynamics,eth,S2,60.0,Futures
mad_net_pressure_spot_10bps_15s_eth,17.2812,mad_net_pressure_spot_10bps_15s,mad_net_pressure_10bps,Dynamics,eth,S4,15.0,Spot
impact_per_signed_shock_spot_5s_eth,17.1767,impact_per_signed_shock_spot_5s,impact_per_signed_shock,Dynamics,eth,S3,,Spot
price_acceleration_spot_60s_eth,17.1531,price_acceleration_spot_60s,price_acceleration,Price,eth,S2,60.0,Spot
z_taker_imbalance_spot_1s_eth,17.1305,z_taker_imbalance_spot_1s,z_taker_imbalance,Normalization,eth,S2,5.0,Spot
median_net_pressure_fut_10bps_5s_eth,16.9916,median_net_pressure_fut_10bps_5s,median_net_pressure_10bps,Dynamics,eth,S4,5.0,Futures
impact_per_signed_fut_900s_eth,16.9808,impact_per_signed_fut_900s,impact_per_signed,Impact,eth,S2,900.0,Futures
absorption_volume_ask_spot_1bps_1s_eth,16.974,absorption_volume_ask_spot_1bps_1s,absorption_volume_ask_1bps,Absorption,eth,S1,,Spot
ca_net_pressure_persist_fut_5bps_spread_60s_btceth,16.9715,ca_net_pressure_persist_fut_5bps_spread_60s,ca_net_pressure_persist_5bps_spread,Cross-Asset,btceth,S6,,Cross-Asset
z_trade_absorption_ratio_fut_60s_eth,16.8331,z_trade_absorption_ratio_fut_60s,z_trade_absorption_ratio,Normalization,eth,S4,60.0,Futures
liq_cluster_asymmetry_spot_struct50_60s_eth,16.8214,liq_cluster_asymmetry_spot_struct50_60s,liq_cluster_asymmetry_struct50,Bookshape,eth,S1,60.0,Spot
d2_pull_rate_spot_2bps_15s_eth,16.6639,d2_pull_rate_spot_2bps_15s,d2_pull_rate_2bps,Dynamics,eth,S3,,Spot
net_cancel_persist_spot_2bps_15s_eth,16.5225,net_cancel_persist_spot_2bps_15s,net_cancel_persist_2bps,Dynamics,eth,S5,15.0,Spot
d2_pull_rate_spot_1bps_15s_eth,16.4769,d2_pull_rate_spot_1bps_15s,d2_pull_rate_1bps,Dynamics,eth,S3,,Spot
mad_absorption_break_spot_60s_eth,16.3954,mad_absorption_break_spot_60s,mad_absorption_break,Dynamics,eth,S4,60.0,Spot
liq_cluster_asymmetry_spot_struct50_300s_eth,16.3371,liq_cluster_asymmetry_spot_struct50_300s,liq_cluster_asymmetry_struct50,Bookshape,eth,S1,300.0,Spot
mad_taker_imbalance_fut_60s_eth,16.3338,mad_taker_imbalance_fut_60s,mad_taker_imbalance,Dynamics,eth,S3,,Futures
net_cancel_robust_z_spot_5bps_60s_eth,16.1779,net_cancel_robust_z_spot_5bps_60s,net_cancel_robust_z_5bps,Pressure,eth,S5,60.0,Spot
price_acceleration_spot_300s_eth,16.1443,price_acceleration_spot_300s,price_acceleration,Price,eth,S2,300.0,Spot
ca_pull_rate_shock_spot_5bps_spread_15s_btceth,16.0782,ca_pull_rate_shock_spot_5bps_spread_15s,ca_pull_rate_shock_5bps_spread,Cross-Asset,btceth,S6,,Cross-Asset
absorption_break_fut_60s_eth,16.0234,absorption_break_fut_60s,absorption_break,Absorption,eth,S3,,Futures
net_pressure_shock_fut_1bps_15s_eth,15.8947,net_pressure_shock_fut_1bps_15s,net_pressure_shock_1bps,Dynamics,eth,S2,15.0,Futures
ca_pull_rate_shock_spot_10bps_spread_15s_btceth,15.8638,ca_pull_rate_shock_spot_10bps_spread_15s,ca_pull_rate_shock_10bps_spread,Cross-Asset,btceth,S6,,Cross-Asset
mad_refill_rate_fut_5bps_5s_eth,15.8627,mad_refill_rate_fut_5bps_5s,mad_refill_rate_5bps,Dynamics,eth,S2,5.0,Futures
mad_queue_pressure_spot_5bps_5s_eth,15.8585,mad_queue_pressure_spot_5bps_5s,mad_queue_pressure_5bps,Dynamics,eth,S2,5.0,Spot
mad_queue_pressure_fut_10bps_15s_eth,15.8553,mad_queue_pressure_fut_10bps_15s,mad_queue_pressure_10bps,Dynamics,eth,S2,15.0,Futures
net_pressure_robust_z_fut_5bps_300s_eth,15.8442,net_pressure_robust_z_fut_5bps_300s,net_pressure_robust_z_5bps,Pressure,eth,S4,300.0,Futures
d2_refill_rate_spot_1bps_5s_eth,15.7654,d2_refill_rate_spot_1bps_5s,d2_refill_rate_1bps,Dynamics,eth,S3,,Spot
refill_rate_shock_fut_5bps_15s_eth,15.7496,refill_rate_shock_fut_5bps_15s,refill_rate_shock_5bps,Dynamics,eth,S2,15.0,Futures
participation_rate_spot_1s_eth,15.7403,participation_rate_spot_1s,participation_rate,Activity,eth,S1,,Spot
net_add_pressure_fut_5bps_300s_eth,15.7379,net_add_pressure_fut_5bps_300s,net_add_pressure_5bps,Pressure,eth,S3,300.0,Futures
d2_queue_pressure_fut_10bps_15s_eth,15.6963,d2_queue_pressure_fut_10bps_15s,d2_queue_pressure_10bps,Dynamics,eth,S2,15.0,Futures
ca_taker_imb_shock_spread_5s_btceth,15.6831,ca_taker_imb_shock_spread_5s,ca_taker_imb_shock_spread,Cross-Asset,btceth,S6,,Cross-Asset
net_pressure_shock_fut_2bps_5s_eth,15.5674,net_pressure_shock_fut_2bps_5s,net_pressure_shock_2bps,Dynamics,eth,S4,,Futures
z_refill_rate_fut_10bps_5s_eth,15.4188,z_refill_rate_fut_10bps_5s,z_refill_rate_10bps,Normalization,eth,S2,5.0,Futures
z_refill_rate_spot_10bps_5s_eth,15.3769,z_refill_rate_spot_10bps_5s,z_refill_rate_10bps,Normalization,eth,S2,5.0,Spot
refill_rate_shock_spot_5bps_15s_eth,15.0262,refill_rate_shock_spot_5bps_15s,refill_rate_shock_5bps,Dynamics,eth,S2,15.0,Spot
d2_refill_rate_spot_1bps_15s_eth,15.0045,d2_refill_rate_spot_1bps_15s,d2_refill_rate_1bps,Dynamics,eth,S3,,Spot
net_pressure_pct_rank_fut_2bps_60s_eth,14.9857,net_pressure_pct_rank_fut_2bps_60s,net_pressure_pct_rank_2bps,Pressure,eth,S4,60.0,Futures
z_refill_rate_spot_5bps_5s_eth,14.8785,z_refill_rate_spot_5bps_5s,z_refill_rate_5bps,Normalization,eth,S2,5.0,Spot
d2_refill_rate_fut_1bps_5s_eth,14.8599,d2_refill_rate_fut_1bps_5s,d2_refill_rate_1bps,Dynamics,eth,S3,,Futures
net_cancel_persist_spot_10bps_60s_eth,14.7943,net_cancel_persist_spot_10bps_60s,net_cancel_persist_10bps,Dynamics,eth,S5,60.0,Spot
net_pressure_shock_spot_5bps_15s_eth,14.7702,net_pressure_shock_spot_5bps_15s,net_pressure_shock_5bps,Dynamics,eth,S4,,Spot
flow_depth_align_spot_struct50_1s_eth,14.7309,flow_depth_align_spot_struct50_1s,flow_depth_align_struct50,Dynamics,eth,S2,,Spot
d2_refill_rate_fut_1bps_15s_eth,14.7174,d2_refill_rate_fut_1bps_15s,d2_refill_rate_1bps,Dynamics,eth,S3,,Futures
taker_imbalance_fut_persist_60s_eth,14.6731,taker_imbalance_fut_persist_60s,taker_imbalance_persist,Dynamics,eth,S3,60.0,Futures
liq_cluster_asymmetry_fut_struct50_60s_eth,14.6476,liq_cluster_asymmetry_fut_struct50_60s,liq_cluster_asymmetry_struct50,Bookshape,eth,S1,60.0,Futures
net_add_robust_z_spot_2bps_15s_eth,14.6449,net_add_robust_z_spot_2bps_15s,net_add_robust_z_2bps,Pressure,eth,S5,15.0,Spot
d2_queue_pressure_fut_5bps_15s_eth,14.5798,d2_queue_pressure_fut_5bps_15s,d2_queue_pressure_5bps,Dynamics,eth,S2,15.0,Futures
z_queue_pressure_fut_2bps_5s_eth,14.5776,z_queue_pressure_fut_2bps_5s,z_queue_pressure_2bps,Normalization,eth,S2,5.0,Futures
absorption_asymmetry_spot_1bps_60s_eth,14.556,absorption_asymmetry_spot_1bps_60s,absorption_asymmetry_1bps,Absorption,eth,S3,,Spot
mad_net_pressure_spot_5bps_5s_eth,14.5165,mad_net_pressure_spot_5bps_5s,mad_net_pressure_5bps,Dynamics,eth,S4,5.0,Spot
z_queue_pressure_fut_5bps_5s_eth,14.4951,z_queue_pressure_fut_5bps_5s,z_queue_pressure_5bps,Normalization,eth,S2,5.0,Futures
z_queue_pressure_spot_5bps_5s_eth,14.4751,z_queue_pressure_spot_5bps_5s,z_queue_pressure_5bps,Normalization,eth,S2,5.0,Spot
net_cancel_persist_fut_10bps_15s_eth,14.4593,net_cancel_persist_fut_10bps_15s,net_cancel_persist_10bps,Dynamics,eth,S5,15.0,Futures
refill_vs_pull_spot_1bps_persist_15s_eth,14.3667,refill_vs_pull_spot_1bps_persist_15s,refill_vs_pull_1bps_persist,Dynamics,eth,S3,15.0,Spot
ca_taker_imb_persist_spot_spread_60s_btceth,14.3575,ca_taker_imb_persist_spot_spread_60s,ca_taker_imb_persist_spread,Cross-Asset,btceth,S6,,Cross-Asset
impact_per_signed_spot_900s_eth,14.3373,impact_per_signed_spot_900s,impact_per_signed,Impact,eth,S2,900.0,Spot
net_cancel_persist_spot_2bps_60s_eth,14.1371,net_cancel_persist_spot_2bps_60s,net_cancel_persist_2bps,Dynamics,eth,S5,60.0,Spot
z_trade_absorption_ratio_fut_900s_eth,14.1332,z_trade_absorption_ratio_fut_900s,z_trade_absorption_ratio,Normalization,eth,S4,900.0,Futures
ca_taker_imb_shock_spread_15s_btceth,14.1247,ca_taker_imb_shock_spread_15s,ca_taker_imb_shock_spread,Cross-Asset,btceth,S6,,Cross-Asset
z_taker_imbalance_fut_300s_eth,14.1059,z_taker_imbalance_fut_300s,z_taker_imbalance,Normalization,eth,S3,300.0,Futures
z_queue_pressure_spot_2bps_1s_eth,14.0876,z_queue_pressure_spot_2bps_1s,z_queue_pressure_2bps,Normalization,eth,S2,5.0,Spot
z_refill_rate_fut_2bps_60s_eth,14.0176,z_refill_rate_fut_2bps_60s,z_refill_rate_2bps,Normalization,eth,S3,60.0,Futures
queue_pressure_shock_spot_10bps_60s_eth,14.0131,queue_pressure_shock_spot_10bps_60s,queue_pressure_shock_10bps,Dynamics,eth,S2,60.0,Spot
depth_notional_ask_1bps_fut_1s_eth,14.0021,depth_notional_ask_1bps_fut_1s,depth_notional_ask_1bps,Bookshape,eth,S0,,Futures
absorption_asymmetry_spot_1bps_15s_eth,13.9335,absorption_asymmetry_spot_1bps_15s,absorption_asymmetry_1bps,Absorption,eth,S2,15.0,Spot
z_refill_rate_fut_5bps_5s_eth,13.9153,z_refill_rate_fut_5bps_5s,z_refill_rate_5bps,Normalization,eth,S2,5.0,Futures
z_taker_imbalance_fut_900s_eth,13.8342,z_taker_imbalance_fut_900s,z_taker_imbalance,Normalization,eth,S3,900.0,Futures
z_queue_pressure_spot_1bps_1s_eth,13.773,z_queue_pressure_spot_1bps_1s,z_queue_pressure_1bps,Normalization,eth,S2,5.0,Spot
mad_net_pressure_fut_2bps_60s_eth,13.6936,mad_net_pressure_fut_2bps_60s,mad_net_pressure_2bps,Dynamics,eth,S4,60.0,Futures
mad_queue_pressure_fut_5bps_5s_eth,13.6804,mad_queue_pressure_fut_5bps_5s,mad_queue_pressure_5bps,Dynamics,eth,S2,5.0,Futures
mad_absorption_break_fut_60s_eth,13.6635,mad_absorption_break_fut_60s,mad_absorption_break,Dynamics,eth,S4,60.0,Futures
mad_queue_pressure_fut_1bps_5s_eth,13.6575,mad_queue_pressure_fut_1bps_5s,mad_queue_pressure_1bps,Dynamics,eth,S2,5.0,Futures
mad_queue_pressure_fut_5bps_15s_eth,13.6252,mad_queue_pressure_fut_5bps_15s,mad_queue_pressure_5bps,Dynamics,eth,S2,15.0,Futures
liq_cluster_asymmetry_fut_struct50_300s_eth,13.563,liq_cluster_asymmetry_fut_struct50_300s,liq_cluster_asymmetry_struct50,Bookshape,eth,S1,300.0,Futures
z_taker_imbalance_fut_60s_eth,13.5003,z_taker_imbalance_fut_60s,z_taker_imbalance,Normalization,eth,S3,60.0,Futures
z_refill_rate_spot_2bps_5s_eth,13.478,z_refill_rate_spot_2bps_5s,z_refill_rate_2bps,Normalization,eth,S2,5.0,Spot
refill_rate_shock_spot_10bps_5s_eth,13.4132,refill_rate_shock_spot_10bps_5s,refill_rate_shock_10bps,Dynamics,eth,S2,5.0,Spot
median_vacuum_score_spot_10bps_15s_eth,13.368,median_vacuum_score_spot_10bps_15s,median_vacuum_score_10bps,Dynamics,eth,S4,15.0,Spot
net_cancel_persist_fut_5bps_15s_eth,13.2994,net_cancel_persist_fut_5bps_15s,net_cancel_persist_5bps,Dynamics,eth,S5,15.0,Futures
z_flow_depth_align_fut_struct100_300s_eth,13.2321,z_flow_depth_align_fut_struct100_300s,z_flow_depth_align_struct100,Normalization,eth,S3,300.0,Futures
z_queue_pressure_spot_1bps_60s_eth,13.1968,z_queue_pressure_spot_1bps_60s,z_queue_pressure_1bps,Normalization,eth,S3,60.0,Spot
volume_fut_div_delta_1s_eth,13.1552,volume_fut_div_delta_1s,volume_div_delta,Cross-Market,eth,S1,,Futures
net_pressure_shock_fut_10bps_60s_eth,13.1409,net_pressure_shock_fut_10bps_60s,net_pressure_shock_10bps,Dynamics,eth,S4,,Futures
liq_cluster_asymmetry_spot_struct100_60s_eth,13.1164,liq_cluster_asymmetry_spot_struct100_60s,liq_cluster_asymmetry_struct100,Bookshape,eth,S1,60.0,Spot
ca_lag_corr_btc_taker_lead_eth_ret_5s,13.0277,ca_lag_corr_btc_taker_lead_eth_ret_5s,ca_lag_corr_btc_taker_lead_eth_ret,Cross-Asset,btceth,S6,60.0,Cross-Asset
d1_taker_imbalance_spot_15s_eth,12.9574,d1_taker_imbalance_spot_15s,d1_taker_imbalance,Dynamics,eth,S3,,Spot
z_queue_pressure_fut_1bps_5s_eth,12.8968,z_queue_pressure_fut_1bps_5s,z_queue_pressure_1bps,Normalization,eth,S2,5.0,Futures
z_taker_imbalance_spot_60s_eth,12.8752,z_taker_imbalance_spot_60s,z_taker_imbalance,Normalization,eth,S3,60.0,Spot
ca_vacuum_shock_fut_10bps_spread_15s_btceth,12.8324,ca_vacuum_shock_fut_10bps_spread_15s,ca_vacuum_shock_10bps_spread,Cross-Asset,btceth,S6,,Cross-Asset
z_refill_rate_fut_2bps_5s_eth,12.8139,z_refill_rate_fut_2bps_5s,z_refill_rate_2bps,Normalization,eth,S2,5.0,Futures
mad_refill_rate_spot_2bps_5s_eth,12.7321,mad_refill_rate_spot_2bps_5s,mad_refill_rate_2bps,Dynamics,eth,S2,5.0,Spot
median_vacuum_score_spot_5bps_60s_eth,12.6685,median_vacuum_score_spot_5bps_60s,median_vacuum_score_5bps,Dynamics,eth,S4,60.0,Spot
queue_pressure_shock_spot_2bps_60s_eth,12.6187,queue_pressure_shock_spot_2bps_60s,queue_pressure_shock_2bps,Dynamics,eth,S2,60.0,Spot
net_pressure_shock_spot_1bps_60s_eth,12.5899,net_pressure_shock_spot_1bps_60s,net_pressure_shock_1bps,Dynamics,eth,S2,60.0,Spot
net_pressure_shock_spot_5bps_5s_eth,12.5605,net_pressure_shock_spot_5bps_5s,net_pressure_shock_5bps,Dynamics,eth,S4,,Spot
z_queue_pressure_fut_1bps_1s_eth,12.5124,z_queue_pressure_fut_1bps_1s,z_queue_pressure_1bps,Normalization,eth,S2,5.0,Futures
refill_rate_shock_fut_5bps_5s_eth,12.4221,refill_rate_shock_fut_5bps_5s,refill_rate_shock_5bps,Dynamics,eth,S2,5.0,Futures
d2_net_pressure_fut_5bps_15s_eth,12.4058,d2_net_pressure_fut_5bps_15s,d2_net_pressure_5bps,Dynamics,eth,S4,,Futures
ca_net_pressure_shock_fut_5bps_spread_60s_btceth,12.2875,ca_net_pressure_shock_fut_5bps_spread_60s,ca_net_pressure_shock_5bps_spread,Cross-Asset,btceth,S6,,Cross-Asset
ca_net_pressure_shock_spot_10bps_spread_60s_btceth,12.2396,ca_net_pressure_shock_spot_10bps_spread_60s,ca_net_pressure_shock_10bps_spread,Cross-Asset,btceth,S6,,Cross-Asset
net_pressure_pct_rank_fut_5bps_5s_eth,12.1999,net_pressure_pct_rank_fut_5bps_5s,net_pressure_pct_rank_5bps,Pressure,eth,S4,5.0,Futures
median_vacuum_score_spot_10bps_60s_eth,12.1955,median_vacuum_score_spot_10bps_60s,median_vacuum_score_10bps,Dynamics,eth,S4,60.0,Spot
absorption_volume_ask_fut_1bps_15s_eth,12.1352,absorption_volume_ask_fut_1bps_15s,absorption_volume_ask_1bps,Absorption,eth,S1,15.0,Futures
ca_net_pressure_shock_spot_2bps_spread_15s_btceth,12.1202,ca_net_pressure_shock_spot_2bps_spread_15s,ca_net_pressure_shock_2bps_spread,Cross-Asset,btceth,S6,,Cross-Asset
impact_per_signed_shock_fut_5s_eth,12.1082,impact_per_signed_shock_fut_5s,impact_per_signed_shock,Dynamics,eth,S3,,Futures
net_cancel_persist_fut_10bps_60s_eth,12.1051,net_cancel_persist_fut_10bps_60s,net_cancel_persist_10bps,Dynamics,eth,S5,60.0,Futures
ca_net_pressure_shock_fut_2bps_spread_15s_btceth,12.0972,ca_net_pressure_shock_fut_2bps_spread_15s,ca_net_pressure_shock_2bps_spread,Cross-Asset,btceth,S6,,Cross-Asset
net_cancel_persist_spot_5bps_60s_eth,12.0664,net_cancel_persist_spot_5bps_60s,net_cancel_persist_5bps,Dynamics,eth,S5,60.0,Spot
ca_net_pressure_fut_5bps_spread_60s_btceth,12.013,ca_net_pressure_fut_5bps_spread_60s,ca_net_pressure_5bps_spread,Cross-Asset,btceth,S6,,Cross-Asset
mad_net_pressure_spot_10bps_5s_eth,11.9978,mad_net_pressure_spot_10bps_5s,mad_net_pressure_10bps,Dynamics,eth,S4,5.0,Spot
z_pull_rate_fut_2bps_15s_eth,11.9605,z_pull_rate_fut_2bps_15s,z_pull_rate_2bps,Normalization,eth,S3,15.0,Futures
mad_refill_rate_fut_2bps_5s_eth,11.9237,mad_refill_rate_fut_2bps_5s,mad_refill_rate_2bps,Dynamics,eth,S2,5.0,Futures
mad_vacuum_score_fut_10bps_60s_eth,11.8954,mad_vacuum_score_fut_10bps_60s,mad_vacuum_score_10bps,Dynamics,eth,S4,60.0,Futures
median_net_pressure_fut_2bps_5s_eth,11.8255,median_net_pressure_fut_2bps_5s,median_net_pressure_2bps,Dynamics,eth,S4,5.0,Futures
ca_depth_curvature_spot_spread_15s_btceth,11.817,ca_depth_curvature_spot_spread_15s,ca_depth_curvature_spread,Cross-Asset,btceth,S6,,Cross-Asset
liq_cluster_asymmetry_spot_struct100_300s_eth,11.791,liq_cluster_asymmetry_spot_struct100_300s,liq_cluster_asymmetry_struct100,Bookshape,eth,S1,300.0,Spot
d2_net_pressure_fut_2bps_15s_eth,11.7382,d2_net_pressure_fut_2bps_15s,d2_net_pressure_2bps,Dynamics,eth,S4,,Futures
z_pull_rate_spot_2bps_15s_eth,11.5347,z_pull_rate_spot_2bps_15s,z_pull_rate_2bps,Normalization,eth,S3,15.0,Spot
net_pressure_shock_fut_5bps_15s_eth,11.4573,net_pressure_shock_fut_5bps_15s,net_pressure_shock_5bps,Dynamics,eth,S4,,Futures
net_cancel_robust_z_spot_10bps_60s_eth,11.4424,net_cancel_robust_z_spot_10bps_60s,net_cancel_robust_z_10bps,Pressure,eth,S5,60.0,Spot
queue_pressure_shock_spot_2bps_5s_eth,11.425,queue_pressure_shock_spot_2bps_5s,queue_pressure_shock_2bps,Dynamics,eth,S2,5.0,Spot
ca_net_pressure_spot_10bps_spread_60s_btceth,11.4168,ca_net_pressure_spot_10bps_spread_60s,ca_net_pressure_10bps_spread,Cross-Asset,btceth,S6,,Cross-Asset
refill_rate_shock_spot_5bps_5s_eth,11.3854,refill_rate_shock_spot_5bps_5s,refill_rate_shock_5bps,Dynamics,eth,S2,5.0,Spot
mad_net_pressure_spot_5bps_15s_eth,11.3116,mad_net_pressure_spot_5bps_15s,mad_net_pressure_5bps,Dynamics,eth,S4,15.0,Spot
median_net_pressure_fut_5bps_5s_eth,11.3078,median_net_pressure_fut_5bps_5s,median_net_pressure_5bps,Dynamics,eth,S4,5.0,Futures
net_add_persist_fut_2bps_60s_eth,11.2969,net_add_persist_fut_2bps_60s,net_add_persist_2bps,Dynamics,eth,S5,60.0,Futures
queue_pressure_shock_spot_10bps_15s_eth,11.2768,queue_pressure_shock_spot_10bps_15s,queue_pressure_shock_10bps,Dynamics,eth,S2,15.0,Spot
net_add_robust_z_spot_5bps_15s_eth,11.2097,net_add_robust_z_spot_5bps_15s,net_add_robust_z_5bps,Pressure,eth,S5,15.0,Spot
z_flow_depth_align_fut_struct100_60s_eth,11.1694,z_flow_depth_align_fut_struct100_60s,z_flow_depth_align_struct100,Normalization,eth,S3,60.0,Futures
net_cancel_robust_z_spot_2bps_60s_eth,11.1603,net_cancel_robust_z_spot_2bps_60s,net_cancel_robust_z_2bps,Pressure,eth,S5,60.0,Spot
net_pressure_pct_rank_fut_5bps_15s_eth,11.1567,net_pressure_pct_rank_fut_5bps_15s,net_pressure_pct_rank_5bps,Pressure,eth,S4,15.0,Futures
mad_queue_pressure_fut_2bps_15s_eth,11.1553,mad_queue_pressure_fut_2bps_15s,mad_queue_pressure_2bps,Dynamics,eth,S2,15.0,Futures
net_cancel_robust_z_spot_2bps_15s_eth,11.1412,net_cancel_robust_z_spot_2bps_15s,net_cancel_robust_z_2bps,Pressure,eth,S5,15.0,Spot
ca_pull_rate_shock_fut_5bps_spread_60s_btceth,11.1136,ca_pull_rate_shock_fut_5bps_spread_60s,ca_pull_rate_shock_5bps_spread,Cross-Asset,btceth,S6,,Cross-Asset
queue_pressure_shock_fut_5bps_5s_eth,11.0673,queue_pressure_shock_fut_5bps_5s,queue_pressure_shock_5bps,Dynamics,eth,S2,5.0,Futures
z_queue_pressure_fut_5bps_1s_eth,10.8937,z_queue_pressure_fut_5bps_1s,z_queue_pressure_5bps,Normalization,eth,S2,5.0,Futures
impact_per_signed_shock_fut_15s_eth,10.8753,impact_per_signed_shock_fut_15s,impact_per_signed_shock,Dynamics,eth,S3,,Futures
queue_pressure_shock_spot_5bps_60s_eth,10.8692,queue_pressure_shock_spot_5bps_60s,queue_pressure_shock_5bps,Dynamics,eth,S2,60.0,Spot
mad_queue_pressure_fut_2bps_5s_eth,10.8032,mad_queue_pressure_fut_2bps_5s,mad_queue_pressure_2bps,Dynamics,eth,S2,5.0,Futures
ca_vacuum_shock_fut_5bps_spread_15s_btceth,10.7532,ca_vacuum_shock_fut_5bps_spread_15s,ca_vacuum_shock_5bps_spread,Cross-Asset,btceth,S6,,Cross-Asset
queue_pressure_shock_fut_2bps_5s_eth,10.7399,queue_pressure_shock_fut_2bps_5s,queue_pressure_shock_2bps,Dynamics,eth,S2,5.0,Futures
queue_pressure_shock_spot_5bps_5s_eth,10.7185,queue_pressure_shock_spot_5bps_5s,queue_pressure_shock_5bps,Dynamics,eth,S2,5.0,Spot
depth_notional_bid_1bps_fut_1s_eth,10.6903,depth_notional_bid_1bps_fut_1s,depth_notional_bid_1bps,Bookshape,eth,S0,,Futures
net_cancel_robust_z_spot_5bps_15s_eth,10.5983,net_cancel_robust_z_spot_5bps_15s,net_cancel_robust_z_5bps,Pressure,eth,S5,15.0,Spot
queue_pressure_shock_fut_1bps_5s_eth,10.5865,queue_pressure_shock_fut_1bps_5s,queue_pressure_shock_1bps,Dynamics,eth,S2,5.0,Futures
queue_pressure_shock_spot_1bps_5s_eth,10.569,queue_pressure_shock_spot_1bps_5s,queue_pressure_shock_1bps,Dynamics,eth,S2,5.0,Spot
liq_cluster_asymmetry_fut_struct100_60s_eth,10.5435,liq_cluster_asymmetry_fut_struct100_60s,liq_cluster_asymmetry_struct100,Bookshape,eth,S1,60.0,Futures
refill_rate_shock_fut_2bps_5s_eth,10.4462,refill_rate_shock_fut_2bps_5s,refill_rate_shock_2bps,Dynamics,eth,S2,5.0,Futures
net_pressure_pct_rank_fut_2bps_15s_eth,10.4128,net_pressure_pct_rank_fut_2bps_15s,net_pressure_pct_rank_2bps,Pressure,eth,S4,15.0,Futures
mad_net_pressure_fut_10bps_15s_eth,10.412,mad_net_pressure_fut_10bps_15s,mad_net_pressure_10bps,Dynamics,eth,S4,15.0,Futures
net_add_persist_spot_2bps_60s_eth,10.4061,net_add_persist_spot_2bps_60s,net_add_persist_2bps,Dynamics,eth,S5,60.0,Spot
net_add_persist_fut_2bps_15s_eth,10.3969,net_add_persist_fut_2bps_15s,net_add_persist_2bps,Dynamics,eth,S5,15.0,Futures
median_vacuum_score_spot_5bps_15s_eth,10.3453,median_vacuum_score_spot_5bps_15s,median_vacuum_score_5bps,Dynamics,eth,S4,15.0,Spot
net_add_robust_z_fut_2bps_15s_eth,10.2752,net_add_robust_z_fut_2bps_15s,net_add_robust_z_2bps,Pressure,eth,S5,15.0,Futures
median_vacuum_score_fut_5bps_60s_eth,10.275,median_vacuum_score_fut_5bps_60s,median_vacuum_score_5bps,Dynamics,eth,S4,60.0,Futures
z_taker_imbalance_spot_300s_eth,10.2392,z_taker_imbalance_spot_300s,z_taker_imbalance,Normalization,eth,S3,300.0,Spot
net_pressure_shock_spot_2bps_5s_eth,10.2009,net_pressure_shock_spot_2bps_5s,net_pressure_shock_2bps,Dynamics,eth,S4,,Spot
ca_depth_slope_spot_spread_60s_btceth,10.1919,ca_depth_slope_spot_spread_60s,ca_depth_slope_spread,Cross-Asset,btceth,S6,,Cross-Asset
trade_count_spot_div_1s_eth,10.1828,trade_count_spot_div_1s,trade_count_div,Cross-Market,eth,S1,,Spot
d1_pull_rate_fut_2bps_15s_eth,10.1755,d1_pull_rate_fut_2bps_15s,d1_pull_rate_2bps,Dynamics,eth,S3,,Futures
z_taker_imbalance_fut_15s_eth,10.0594,z_taker_imbalance_fut_15s,z_taker_imbalance,Normalization,eth,S3,15.0,Futures
refill_rate_shock_spot_2bps_5s_eth,10.0189,refill_rate_shock_spot_2bps_5s,refill_rate_shock_2bps,Dynamics,eth,S2,5.0,Spot
absorption_volume_bid_spot_1bps_15s_eth,9.9959,absorption_volume_bid_spot_1bps_15s,absorption_volume_bid_1bps,Absorption,eth,S1,15.0,Spot
ca_net_pressure_spot_5bps_spread_300s_btceth,9.9822,ca_net_pressure_spot_5bps_spread_300s,ca_net_pressure_5bps_spread,Cross-Asset,btceth,S6,,Cross-Asset
ca_lag_corr_eth_taker_lead_btc_ret_5s,9.9324,ca_lag_corr_eth_taker_lead_btc_ret_5s,ca_lag_corr_eth_taker_lead_btc_ret,Cross-Asset,btceth,S6,60.0,Cross-Asset
net_add_persist_spot_5bps_60s_eth,9.9047,net_add_persist_spot_5bps_60s,net_add_persist_5bps,Dynamics,eth,S5,60.0,Spot
taker_imbalance_fut_persist_15s_eth,9.8257,taker_imbalance_fut_persist_15s,taker_imbalance_persist,Dynamics,eth,S3,15.0,Futures
z_queue_pressure_fut_1bps_60s_eth,9.7068,z_queue_pressure_fut_1bps_60s,z_queue_pressure_1bps,Normalization,eth,S3,60.0,Futures
z_pull_rate_fut_1bps_15s_eth,9.6987,z_pull_rate_fut_1bps_15s,z_pull_rate_1bps,Normalization,eth,S3,15.0,Futures
add_rate_ask_fut_1bps_1s_eth,9.6373,add_rate_ask_fut_1bps_1s,add_rate_ask_1bps,Liquidity Events,eth,S1,,Futures
d1_taker_imbalance_fut_5s_eth,9.568,d1_taker_imbalance_fut_5s,d1_taker_imbalance,Dynamics,eth,S3,,Futures
net_pressure_logratio_2bps_5bps_spot_5s_eth,9.4542,net_pressure_logratio_2bps_5bps_spot_5s,net_pressure_logratio_2bps_5bps,Pressure,eth,S4,5.0,Spot
cancel_rate_bid_fut_1bps_1s_eth,9.389,cancel_rate_bid_fut_1bps_1s,cancel_rate_bid_1bps,Liquidity Events,eth,S1,,Futures
absorb_refill_bid_fut_10bps_1s_eth,9.3732,absorb_refill_bid_fut_10bps_1s,absorb_refill_bid_10bps,Absorption,eth,S2,1.0,Futures
mad_net_pressure_fut_10bps_5s_eth,9.3547,mad_net_pressure_fut_10bps_5s,mad_net_pressure_10bps,Dynamics,eth,S4,5.0,Futures
vacuum_score_shock_fut_10bps_5s_eth,9.3152,vacuum_score_shock_fut_10bps_5s,vacuum_score_shock_10bps,Dynamics,eth,S4,,Futures
queue_pressure_shock_fut_2bps_60s_eth,9.2985,queue_pressure_shock_fut_2bps_60s,queue_pressure_shock_2bps,Dynamics,eth,S2,60.0,Futures
ca_vacuum_shock_spot_10bps_spread_15s_btceth,9.2861,ca_vacuum_shock_spot_10bps_spread_15s,ca_vacuum_shock_10bps_spread,Cross-Asset,btceth,S6,,Cross-Asset
d1_pull_rate_fut_1bps_15s_eth,9.2455,d1_pull_rate_fut_1bps_15s,d1_pull_rate_1bps,Dynamics,eth,S3,,Futures
net_pressure_shock_spot_10bps_15s_eth,9.2318,net_pressure_shock_spot_10bps_15s,net_pressure_shock_10bps,Dynamics,eth,S4,,Spot
vacuum_score_shock_spot_10bps_5s_eth,9.2107,vacuum_score_shock_spot_10bps_5s,vacuum_score_shock_10bps,Dynamics,eth,S4,,Spot
d2_pull_rate_fut_1bps_15s_eth,9.2062,d2_pull_rate_fut_1bps_15s,d2_pull_rate_1bps,Dynamics,eth,S3,,Futures
absorption_volume_bid_fut_1bps_15s_eth,9.1411,absorption_volume_bid_fut_1bps_15s,absorption_volume_bid_1bps,Absorption,eth,S1,15.0,Futures
z_queue_pressure_spot_1bps_15s_eth,8.9445,z_queue_pressure_spot_1bps_15s,z_queue_pressure_1bps,Normalization,eth,S3,15.0,Spot
ca_pull_rate_shock_fut_5bps_spread_15s_btceth,8.9017,ca_pull_rate_shock_fut_5bps_spread_15s,ca_pull_rate_shock_5bps_spread,Cross-Asset,btceth,S6,,Cross-Asset
net_cancel_persist_fut_5bps_60s_eth,8.8523,net_cancel_persist_fut_5bps_60s,net_cancel_persist_5bps,Dynamics,eth,S5,60.0,Futures
impact_per_signed_shock_spot_15s_eth,8.8096,impact_per_signed_shock_spot_15s,impact_per_signed_shock,Dynamics,eth,S3,,Spot
ca_pull_rate_shock_fut_10bps_spread_15s_btceth,8.7974,ca_pull_rate_shock_fut_10bps_spread_15s,ca_pull_rate_shock_10bps_spread,Cross-Asset,btceth,S6,,Cross-Asset
net_add_robust_z_fut_5bps_15s_eth,8.7151,net_add_robust_z_fut_5bps_15s,net_add_robust_z_5bps,Pressure,eth,S5,15.0,Futures
net_cancel_robust_z_spot_10bps_15s_eth,8.685,net_cancel_robust_z_spot_10bps_15s,net_cancel_robust_z_10bps,Pressure,eth,S5,15.0,Spot
vacuum_score_shock_fut_5bps_5s_eth,8.6131,vacuum_score_shock_fut_5bps_5s,vacuum_score_shock_5bps,Dynamics,eth,S4,,Futures
net_add_persist_spot_2bps_15s_eth,8.4679,net_add_persist_spot_2bps_15s,net_add_persist_2bps,Dynamics,eth,S5,15.0,Spot
median_vacuum_score_fut_10bps_60s_eth,8.4608,median_vacuum_score_fut_10bps_60s,median_vacuum_score_10bps,Dynamics,eth,S4,60.0,Futures
z_avg_trade_size_fut_60s_eth,8.4512,z_avg_trade_size_fut_60s,z_avg_trade_size,Normalization,eth,S2,60.0,Futures
queue_pressure_shock_spot_10bps_5s_eth,8.4278,queue_pressure_shock_spot_10bps_5s,queue_pressure_shock_10bps,Dynamics,eth,S2,5.0,Spot
net_add_persist_spot_5bps_15s_eth,8.3736,net_add_persist_spot_5bps_15s,net_add_persist_5bps,Dynamics,eth,S5,15.0,Spot
z_queue_pressure_fut_1bps_15s_eth,8.2794,z_queue_pressure_fut_1bps_15s,z_queue_pressure_1bps,Normalization,eth,S3,15.0,Futures
net_cancel_persist_fut_2bps_15s_eth,8.1825,net_cancel_persist_fut_2bps_15s,net_cancel_persist_2bps,Dynamics,eth,S5,15.0,Futures
d2_taker_imbalance_spot_5s_eth,8.0904,d2_taker_imbalance_spot_5s,d2_taker_imbalance,Dynamics,eth,S3,,Spot
queue_pressure_shock_fut_5bps_60s_eth,8.0307,queue_pressure_shock_fut_5bps_60s,queue_pressure_shock_5bps,Dynamics,eth,S2,60.0,Futures
ca_depth_curvature_fut_spread_60s_btceth,7.8831,ca_depth_curvature_fut_spread_60s,ca_depth_curvature_spread,Cross-Asset,btceth,S6,,Cross-Asset
z_taker_imbalance_spot_15s_eth,7.8453,z_taker_imbalance_spot_15s,z_taker_imbalance,Normalization,eth,S3,15.0,Spot
flow_depth_align_spot_struct100_1s_eth,7.8112,flow_depth_align_spot_struct100_1s,flow_depth_align_struct100,Dynamics,eth,S2,,Spot
net_add_persist_fut_10bps_15s_eth,7.81,net_add_persist_fut_10bps_15s,net_add_persist_10bps,Dynamics,eth,S5,15.0,Futures
net_cancel_robust_z_fut_10bps_15s_eth,7.7714,net_cancel_robust_z_fut_10bps_15s,net_cancel_robust_z_10bps,Pressure,eth,S5,15.0,Futures
median_vacuum_score_fut_10bps_5s_eth,7.676,median_vacuum_score_fut_10bps_5s,median_vacuum_score_10bps,Dynamics,eth,S4,5.0,Futures
net_cancel_robust_z_fut_2bps_15s_eth,7.6656,net_cancel_robust_z_fut_2bps_15s,net_cancel_robust_z_2bps,Pressure,eth,S5,15.0,Futures
net_add_robust_z_spot_10bps_15s_eth,7.6622,net_add_robust_z_spot_10bps_15s,net_add_robust_z_10bps,Pressure,eth,S5,15.0,Spot
z_pull_rate_spot_1bps_15s_eth,7.5646,z_pull_rate_spot_1bps_15s,z_pull_rate_1bps,Normalization,eth,S3,15.0,Spot
net_add_robust_z_fut_10bps_15s_eth,7.5591,net_add_robust_z_fut_10bps_15s,net_add_robust_z_10bps,Pressure,eth,S5,15.0,Futures
net_cancel_robust_z_fut_10bps_60s_eth,7.4781,net_cancel_robust_z_fut_10bps_60s,net_cancel_robust_z_10bps,Pressure,eth,S5,60.0,Futures
net_cancel_persist_fut_2bps_60s_eth,7.4768,net_cancel_persist_fut_2bps_60s,net_cancel_persist_2bps,Dynamics,eth,S5,60.0,Futures
median_net_pressure_fut_2bps_15s_eth,7.4651,median_net_pressure_fut_2bps_15s,median_net_pressure_2bps,Dynamics,eth,S4,15.0,Futures
ca_impact_shock_fut_spread_15s_btceth,7.4486,ca_impact_shock_fut_spread_15s,ca_impact_shock_spread,Cross-Asset,btceth,S6,,Cross-Asset
d1_taker_imbalance_fut_15s_eth,7.4307,d1_taker_imbalance_fut_15s,d1_taker_imbalance,Dynamics,eth,S3,,Futures
d2_pull_rate_fut_2bps_15s_eth,7.4246,d2_pull_rate_fut_2bps_15s,d2_pull_rate_2bps,Dynamics,eth,S3,,Futures
refill_vs_pull_fut_1bps_persist_15s_eth,7.3994,refill_vs_pull_fut_1bps_persist_15s,refill_vs_pull_1bps_persist,Dynamics,eth,S3,15.0,Futures
ca_vacuum_shock_spot_5bps_spread_60s_btceth,7.3867,ca_vacuum_shock_spot_5bps_spread_60s,ca_vacuum_shock_5bps_spread,Cross-Asset,btceth,S6,,Cross-Asset
ca_vacuum_shock_fut_10bps_spread_60s_btceth,7.3742,ca_vacuum_shock_fut_10bps_spread_60s,ca_vacuum_shock_10bps_spread,Cross-Asset,btceth,S6,,Cross-Asset
absorption_volume_ask_fut_1bps_1s_eth,7.3501,absorption_volume_ask_fut_1bps_1s,absorption_volume_ask_1bps,Absorption,eth,S1,,Futures
queue_pressure_shock_fut_10bps_15s_eth,7.1897,queue_pressure_shock_fut_10bps_15s,queue_pressure_shock_10bps,Dynamics,eth,S2,15.0,Futures
impact_per_signed_shock_fut_60s_eth,7.1779,impact_per_signed_shock_fut_60s,impact_per_signed_shock,Dynamics,eth,S3,,Futures
ca_depth_slope_fut_spread_60s_btceth,7.1504,ca_depth_slope_fut_spread_60s,ca_depth_slope_spread,Cross-Asset,btceth,S6,,Cross-Asset
ca_net_cancel_spot_5bps_spread_60s_btceth,7.1256,ca_net_cancel_spot_5bps_spread_60s,ca_net_cancel_5bps_spread,Cross-Asset,btceth,S6,,Cross-Asset
ca_impact_shock_fut_spread_60s_btceth,7.1243,ca_impact_shock_fut_spread_60s,ca_impact_shock_spread,Cross-Asset,btceth,S6,,Cross-Asset
ca_vacuum_shock_spot_10bps_spread_60s_btceth,7.1104,ca_vacuum_shock_spot_10bps_spread_60s,ca_vacuum_shock_10bps_spread,Cross-Asset,btceth,S6,,Cross-Asset
d2_taker_imbalance_spot_15s_eth,7.1011,d2_taker_imbalance_spot_15s,d2_taker_imbalance,Dynamics,eth,S3,,Spot
ca_vacuum_shock_fut_5bps_spread_60s_btceth,7.0917,ca_vacuum_shock_fut_5bps_spread_60s,ca_vacuum_shock_5bps_spread,Cross-Asset,btceth,S6,,Cross-Asset
ca_taker_imb_persist_spot_spread_15s_btceth,7.0385,ca_taker_imb_persist_spot_spread_15s,ca_taker_imb_persist_spread,Cross-Asset,btceth,S6,,Cross-Asset
median_vacuum_score_spot_10bps_5s_eth,7.0038,median_vacuum_score_spot_10bps_5s,median_vacuum_score_10bps,Dynamics,eth,S4,5.0,Spot
net_pressure_logratio_5bps_10bps_spot_5s_eth,7.0001,net_pressure_logratio_5bps_10bps_spot_5s,net_pressure_logratio_5bps_10bps,Pressure,eth,S4,5.0,Spot
ca_regime_align_300s_btceth,6.9198,ca_regime_align_300s,ca_regime_align,Cross-Asset,btceth,S6,,Cross-Asset
net_cancel_robust_z_fut_5bps_15s_eth,6.8931,net_cancel_robust_z_fut_5bps_15s,net_cancel_robust_z_5bps,Pressure,eth,S5,15.0,Futures
ca_impact_shock_spot_spread_15s_btceth,6.8776,ca_impact_shock_spot_spread_15s,ca_impact_shock_spread,Cross-Asset,btceth,S6,,Cross-Asset
net_pressure_shock_fut_10bps_15s_eth,6.8569,net_pressure_shock_fut_10bps_15s,net_pressure_shock_10bps,Dynamics,eth,S4,,Futures
cancel_rate_behind_fut_1bps_15s_eth,6.8489,cancel_rate_behind_fut_1bps_15s,cancel_rate_behind_1bps,Liquidity Events,eth,S2,15.0,Futures
ca_impact_eff_fut_spread_60s_btceth,6.8471,ca_impact_eff_fut_spread_60s,ca_impact_eff_spread,Cross-Asset,btceth,S6,,Cross-Asset
net_cancel_robust_z_fut_2bps_60s_eth,6.8421,net_cancel_robust_z_fut_2bps_60s,net_cancel_robust_z_2bps,Pressure,eth,S5,60.0,Futures
vacuum_score_shock_spot_5bps_5s_eth,6.8219,vacuum_score_shock_spot_5bps_5s,vacuum_score_shock_5bps,Dynamics,eth,S4,,Spot
net_pressure_shock_fut_10bps_5s_eth,6.7874,net_pressure_shock_fut_10bps_5s,net_pressure_shock_10bps,Dynamics,eth,S4,,Futures
queue_pressure_shock_spot_5bps_15s_eth,6.7743,queue_pressure_shock_spot_5bps_15s,queue_pressure_shock_5bps,Dynamics,eth,S2,15.0,Spot
net_add_persist_spot_10bps_15s_eth,6.7314,net_add_persist_spot_10bps_15s,net_add_persist_10bps,Dynamics,eth,S5,15.0,Spot
net_add_persist_fut_5bps_60s_eth,6.7186,net_add_persist_fut_5bps_60s,net_add_persist_5bps,Dynamics,eth,S5,60.0,Futures
z_refill_rate_fut_2bps_15s_eth,6.6913,z_refill_rate_fut_2bps_15s,z_refill_rate_2bps,Normalization,eth,S3,15.0,Futures
impact_per_signed_fut_60s_eth,6.6503,impact_per_signed_fut_60s,impact_per_signed,Impact,eth,S2,60.0,Futures
queue_pressure_shock_fut_10bps_5s_eth,6.6429,queue_pressure_shock_fut_10bps_5s,queue_pressure_shock_10bps,Dynamics,eth,S2,5.0,Futures
net_add_persist_fut_10bps_60s_eth,6.628,net_add_persist_fut_10bps_60s,net_add_persist_10bps,Dynamics,eth,S5,60.0,Futures
mad_net_pressure_fut_5bps_15s_eth,6.6224,mad_net_pressure_fut_5bps_15s,mad_net_pressure_5bps,Dynamics,eth,S4,15.0,Futures
net_add_persist_fut_5bps_15s_eth,6.4569,net_add_persist_fut_5bps_15s,net_add_persist_5bps,Dynamics,eth,S5,15.0,Futures
queue_pressure_shock_spot_2bps_15s_eth,6.4551,queue_pressure_shock_spot_2bps_15s,queue_pressure_shock_2bps,Dynamics,eth,S2,15.0,Spot
mad_net_pressure_fut_2bps_15s_eth,6.4375,mad_net_pressure_fut_2bps_15s,mad_net_pressure_2bps,Dynamics,eth,S4,15.0,Futures
z_refill_rate_fut_1bps_15s_eth,6.3602,z_refill_rate_fut_1bps_15s,z_refill_rate_1bps,Normalization,eth,S3,15.0,Futures
z_taker_imbalance_fut_1s_eth,6.352,z_taker_imbalance_fut_1s,z_taker_imbalance,Normalization,eth,S2,5.0,Futures
impact_per_signed_spot_60s_eth,6.2236,impact_per_signed_spot_60s,impact_per_signed,Impact,eth,S2,60.0,Spot
median_vacuum_score_fut_10bps_15s_eth,6.1915,median_vacuum_score_fut_10bps_15s,median_vacuum_score_10bps,Dynamics,eth,S4,15.0,Futures
net_cancel_persist_sf_5bps_900s_eth,6.1694,net_cancel_persist_sf_5bps_900s,net_cancel_persist_sf_5bps,Cross-Market,eth,S5,900.0,Spot|Futures
median_net_pressure_fut_5bps_15s_eth,6.1683,median_net_pressure_fut_5bps_15s,median_net_pressure_5bps,Dynamics,eth,S4,15.0,Futures
median_vacuum_score_fut_5bps_5s_eth,6.1489,median_vacuum_score_fut_5bps_5s,median_vacuum_score_5bps,Dynamics,eth,S4,5.0,Futures
d2_taker_imbalance_fut_5s_eth,6.1475,d2_taker_imbalance_fut_5s,d2_taker_imbalance,Dynamics,eth,S3,,Futures
ca_depth_curvature_fut_spread_15s_btceth,6.1079,ca_depth_curvature_fut_spread_15s,ca_depth_curvature_spread,Cross-Asset,btceth,S6,,Cross-Asset
ca_vacuum_shock_spot_5bps_spread_15s_btceth,6.1051,ca_vacuum_shock_spot_5bps_spread_15s,ca_vacuum_shock_5bps_spread,Cross-Asset,btceth,S6,,Cross-Asset
ca_net_pressure_shock_spot_5bps_spread_15s_btceth,6.0942,ca_net_pressure_shock_spot_5bps_spread_15s,ca_net_pressure_shock_5bps_spread,Cross-Asset,btceth,S6,,Cross-Asset
flow_depth_align_fut_struct50_1s_eth,6.0912,flow_depth_align_fut_struct50_1s,flow_depth_align_struct50,Dynamics,eth,S2,,Futures
impact_per_signed_shock_spot_60s_eth,6.0846,impact_per_signed_shock_spot_60s,impact_per_signed_shock,Dynamics,eth,S3,,Spot
z_net_add_sf_5bps_900s_eth,5.9616,z_net_add_sf_5bps_900s,z_net_add_sf_5bps,Cross-Market,eth,S5,900.0,Spot|Futures
net_pressure_shock_spot_1bps_5s_eth,5.9302,net_pressure_shock_spot_1bps_5s,net_pressure_shock_1bps,Dynamics,eth,S2,5.0,Spot
ca_net_pressure_shock_fut_10bps_spread_60s_btceth,5.8946,ca_net_pressure_shock_fut_10bps_spread_60s,ca_net_pressure_shock_10bps_spread,Cross-Asset,btceth,S6,,Cross-Asset
trade_absorption_ratio_fut_60s_eth,5.878,trade_absorption_ratio_fut_60s,trade_absorption_ratio,Absorption,eth,S3,60.0,Futures
d2_taker_imbalance_fut_15s_eth,5.8726,d2_taker_imbalance_fut_15s,d2_taker_imbalance,Dynamics,eth,S3,,Futures
absorb_refill_ask_fut_10bps_1s_eth,5.8311,absorb_refill_ask_fut_10bps_1s,absorb_refill_ask_10bps,Absorption,eth,S2,1.0,Futures
z_refill_rate_spot_2bps_15s_eth,5.8138,z_refill_rate_spot_2bps_15s,z_refill_rate_2bps,Normalization,eth,S3,15.0,Spot
z_impact_per_signed_fut_60s_eth,5.7875,z_impact_per_signed_fut_60s,z_impact_per_signed,Normalization,eth,S3,60.0,Futures
net_cancel_robust_z_fut_5bps_60s_eth,5.7283,net_cancel_robust_z_fut_5bps_60s,net_cancel_robust_z_5bps,Pressure,eth,S5,60.0,Futures
queue_pressure_shock_fut_2bps_15s_eth,5.6958,queue_pressure_shock_fut_2bps_15s,queue_pressure_shock_2bps,Dynamics,eth,S2,15.0,Futures
net_pressure_shock_fut_5bps_5s_eth,5.5283,net_pressure_shock_fut_5bps_5s,net_pressure_shock_5bps,Dynamics,eth,S4,,Futures
net_pressure_shock_spot_10bps_5s_eth,5.5117,net_pressure_shock_spot_10bps_5s,net_pressure_shock_10bps,Dynamics,eth,S4,,Spot
z_impact_per_signed_fut_15s_eth,5.4729,z_impact_per_signed_fut_15s,z_impact_per_signed,Normalization,eth,S3,15.0,Futures
ca_taker_imb_fut_spread_15s_btceth,5.4436,ca_taker_imb_fut_spread_15s,ca_taker_imb_spread,Cross-Asset,btceth,S6,,Cross-Asset
flow_depth_align_fut_struct100_1s_eth,5.4142,flow_depth_align_fut_struct100_1s,flow_depth_align_struct100,Dynamics,eth,S2,,Futures
ca_depth_slope_spot_spread_15s_btceth,5.409,ca_depth_slope_spot_spread_15s,ca_depth_slope_spread,Cross-Asset,btceth,S6,,Cross-Asset
ca_taker_imb_spot_spread_60s_btceth,5.4074,ca_taker_imb_spot_spread_60s,ca_taker_imb_spread,Cross-Asset,btceth,S6,,Cross-Asset
absorption_break_shock_spot_15s_eth,5.3691,absorption_break_shock_spot_15s,absorption_break_shock,Dynamics,eth,S5,,Spot
ca_taker_imb_persist_fut_spread_60s_btceth,5.3657,ca_taker_imb_persist_fut_spread_60s,ca_taker_imb_persist_spread,Cross-Asset,btceth,S6,,Cross-Asset
ca_depth_slope_fut_spread_15s_btceth,5.3067,ca_depth_slope_fut_spread_15s,ca_depth_slope_spread,Cross-Asset,btceth,S6,,Cross-Asset
net_pressure_logratio_5bps_10bps_fut_5s_eth,5.1808,net_pressure_logratio_5bps_10bps_fut_5s,net_pressure_logratio_5bps_10bps,Pressure,eth,S4,5.0,Futures
net_pressure_logratio_2bps_5bps_fut_5s_eth,5.0013,net_pressure_logratio_2bps_5bps_fut_5s,net_pressure_logratio_2bps_5bps,Pressure,eth,S4,5.0,Futures
net_add_persist_spot_10bps_60s_eth,4.9932,net_add_persist_spot_10bps_60s,net_add_persist_10bps,Dynamics,eth,S5,60.0,Spot
z_refill_rate_spot_1bps_15s_eth,4.9615,z_refill_rate_spot_1bps_15s,z_refill_rate_1bps,Normalization,eth,S3,15.0,Spot
z_refill_rate_spot_1bps_5s_eth,4.8807,z_refill_rate_spot_1bps_5s,z_refill_rate_1bps,Normalization,eth,S3,5.0,Spot
volume_sf_div_delta_900s_eth,4.8563,volume_sf_div_delta_900s,volume_sf_div_delta,Cross-Market,eth,S3,,Spot|Futures
queue_pressure_shock_fut_5bps_15s_eth,4.8115,queue_pressure_shock_fut_5bps_15s,queue_pressure_shock_5bps,Dynamics,eth,S2,15.0,Futures
median_net_pressure_fut_2bps_60s_eth,4.7979,median_net_pressure_fut_2bps_60s,median_net_pressure_2bps,Dynamics,eth,S4,60.0,Futures
mad_net_pressure_fut_5bps_5s_eth,4.7693,mad_net_pressure_fut_5bps_5s,mad_net_pressure_5bps,Dynamics,eth,S4,5.0,Futures
ca_regime_align_60s_btceth,4.7438,ca_regime_align_60s,ca_regime_align,Cross-Asset,btceth,S6,,Cross-Asset
median_vacuum_score_spot_5bps_5s_eth,4.7294,median_vacuum_score_spot_5bps_5s,median_vacuum_score_5bps,Dynamics,eth,S4,5.0,Spot
z_impact_per_signed_fut_5s_eth,4.6969,z_impact_per_signed_fut_5s,z_impact_per_signed,Normalization,eth,S3,5.0,Futures
ca_taker_imb_fut_spread_60s_btceth,4.6765,ca_taker_imb_fut_spread_60s,ca_taker_imb_spread,Cross-Asset,btceth,S6,,Cross-Asset
ca_net_pressure_shock_fut_5bps_spread_15s_btceth,4.62,ca_net_pressure_shock_fut_5bps_spread_15s,ca_net_pressure_shock_5bps_spread,Cross-Asset,btceth,S6,,Cross-Asset
median_net_pressure_fut_5bps_60s_eth,4.6111,median_net_pressure_fut_5bps_60s,median_net_pressure_5bps,Dynamics,eth,S4,60.0,Futures
absorption_break_shock_fut_15s_eth,4.5524,absorption_break_shock_fut_15s,absorption_break_shock,Dynamics,eth,S5,,Futures
z_refill_rate_fut_1bps_5s_eth,4.4731,z_refill_rate_fut_1bps_5s,z_refill_rate_1bps,Normalization,eth,S3,5.0,Futures
median_vacuum_score_fut_5bps_15s_eth,4.3694,median_vacuum_score_fut_5bps_15s,median_vacuum_score_5bps,Dynamics,eth,S4,15.0,Futures
ca_queue_pressure_spot_1bps_spread_60s_btceth,4.3179,ca_queue_pressure_spot_1bps_spread_60s,ca_queue_pressure_1bps_spread,Cross-Asset,btceth,S6,,Cross-Asset
ca_queue_pressure_spot_1bps_spread_15s_btceth,4.2586,ca_queue_pressure_spot_1bps_spread_15s,ca_queue_pressure_1bps_spread,Cross-Asset,btceth,S6,,Cross-Asset
ca_taker_imb_spot_spread_15s_btceth,4.1925,ca_taker_imb_spot_spread_15s,ca_taker_imb_spread,Cross-Asset,btceth,S6,,Cross-Asset
liq_imb_sf_struct100_300s_eth,4.1851,liq_imb_sf_struct100_300s,liq_imb_sf_struct100,Cross-Market,eth,S2,300.0,Cross
ca_impact_eff_fut_spread_15s_btceth,4.1823,ca_impact_eff_fut_spread_15s,ca_impact_eff_spread,Cross-Asset,btceth,S6,,Cross-Asset
ca_queue_pressure_fut_1bps_spread_15s_btceth,4.1745,ca_queue_pressure_fut_1bps_spread_15s,ca_queue_pressure_1bps_spread,Cross-Asset,btceth,S6,,Cross-Asset
ca_queue_pressure_fut_1bps_spread_60s_btceth,4.0782,ca_queue_pressure_fut_1bps_spread_60s,ca_queue_pressure_1bps_spread,Cross-Asset,btceth,S6,,Cross-Asset
liq_imb_sf_struct100_900s_eth,4.053,liq_imb_sf_struct100_900s,liq_imb_sf_struct100,Cross-Market,eth,S2,900.0,Cross
absorption_break_shock_fut_60s_eth,4.0317,absorption_break_shock_fut_60s,absorption_break_shock,Dynamics,eth,S4,,Futures
mad_net_pressure_fut_2bps_5s_eth,4.0081,mad_net_pressure_fut_2bps_5s,mad_net_pressure_2bps,Dynamics,eth,S4,5.0,Futures
net_pressure_shock_spot_1bps_15s_eth,4.0079,net_pressure_shock_spot_1bps_15s,net_pressure_shock_1bps,Dynamics,eth,S2,15.0,Spot
volume_sf_div_delta_300s_eth,3.9201,volume_sf_div_delta_300s,volume_sf_div_delta,Cross-Market,eth,S3,,Spot|Futures
absorption_break_shock_spot_60s_eth,3.7462,absorption_break_shock_spot_60s,absorption_break_shock,Dynamics,eth,S4,,Spot
ca_absorb_break_shock_spot_spread_15s_btceth,3.7174,ca_absorb_break_shock_spot_spread_15s,ca_absorb_break_shock_spread,Cross-Asset,btceth,S6,,Cross-Asset
ca_impact_shock_spot_spread_60s_btceth,3.6523,ca_impact_shock_spot_spread_60s,ca_impact_shock_spread,Cross-Asset,btceth,S6,,Cross-Asset
impact_per_signed_fut_15s_eth,3.6145,impact_per_signed_fut_15s,impact_per_signed,Impact,eth,S2,15.0,Futures
trade_absorption_ratio_spot_1s_eth,3.426,trade_absorption_ratio_spot_1s,trade_absorption_ratio,Absorption,eth,S2,1.0,Spot
ca_taker_imb_persist_fut_spread_15s_btceth,3.3596,ca_taker_imb_persist_fut_spread_15s,ca_taker_imb_persist_spread,Cross-Asset,btceth,S6,,Cross-Asset
ca_absorb_break_shock_fut_spread_15s_btceth,3.246,ca_absorb_break_shock_fut_spread_15s,ca_absorb_break_shock_spread,Cross-Asset,btceth,S6,,Cross-Asset
impact_per_signed_spot_15s_eth,3.229,impact_per_signed_spot_15s,impact_per_signed,Impact,eth,S2,15.0,Spot
z_taker_imbalance_spot_5s_eth,2.6876,z_taker_imbalance_spot_5s,z_taker_imbalance,Normalization,eth,S3,5.0,Spot
z_taker_imbalance_fut_5s_eth,2.5954,z_taker_imbalance_fut_5s,z_taker_imbalance,Normalization,eth,S3,5.0,Futures
net_add_sf_5bps_900s_eth,2.529,net_add_sf_5bps_900s,net_add_sf_5bps,Cross-Market,eth,S4,,Spot|Futures
net_pressure_shock_fut_1bps_5s_eth,2.4837,net_pressure_shock_fut_1bps_5s,net_pressure_shock_1bps,Dynamics,eth,S2,5.0,Futures
net_cancel_sf_5bps_900s_eth,2.4647,net_cancel_sf_5bps_900s,net_cancel_sf_5bps,Cross-Market,eth,S4,,Spot|Futures
volume_spot_div_delta_1s_eth,2.4365,volume_spot_div_delta_1s,volume_div_delta,Cross-Market,eth,S1,,Spot
impact_per_signed_spot_5s_eth,2.3743,impact_per_signed_spot_5s,impact_per_signed,Impact,eth,S2,5.0,Spot
impact_per_signed_fut_5s_eth,2.3523,impact_per_signed_fut_5s,impact_per_signed,Impact,eth,S2,5.0,Futures
