column,bare_name,asset,stage,group,spec_file,depth_band,window_s,market_scope,feature_id,matched_spec_name,is_meta,is_target,is_feature,match_source,base_concept
bucket_dt_utc_btc,bucket_dt_utc,btc,S0,Data Health / Context,,,,,,,True,False,False,meta_pattern,bucket_dt_utc
data_health_flag_btc,data_health_flag,btc,S0,Data Health,s0_health_spec,,,,30.0,data_health_flag,True,False,False,spec,data_health_flag
data_health_flag_soft_btc,data_health_flag_soft,btc,S0,Data Health,s0_health_spec,,,,31.0,data_health_flag_soft,True,False,False,spec,data_health_flag_soft
depth_availability_btc,depth_availability,btc,S0,Data Health / Context,,,,,,,True,False,False,meta_pattern,depth_availability
depth_lobdeep_global_btc,depth_lobdeep_global,btc,S0,Data Health,s0_health_spec,,,,33.0,depth_lobdeep_global,True,False,False,spec,depth_lobdeep_global
health_reason_code_btc,health_reason_code,btc,S0,Data Health / Context,,,,,,,True,False,False,meta_pattern,health_reason_code
l2_bad_bitmask_btc,l2_bad_bitmask,btc,S0,Data Health / Context,,,,,,,True,False,False,meta_pattern,l2_bad_bitmask
l2_bad_combos_btc,l2_bad_combos,btc,S0,Data Health / Context,,,,,,,True,False,False,meta_pattern,l2_bad_combos
l2_coverage_flag_btc,l2_coverage_flag,btc,S0,Data Health,s0_health_spec,,,,32.0,l2_coverage_flag,True,False,False,spec,l2_coverage_flag
l2_crossed_combos_btc,l2_crossed_combos,btc,S0,Data Health / Context,,,,,,,True,False,False,meta_pattern,l2_crossed_combos
l2_gap_combos_btc,l2_gap_combos,btc,S0,Data Health / Context,,,,,,,True,False,False,meta_pattern,l2_gap_combos
l2_invalid_ts_combos_btc,l2_invalid_ts_combos,btc,S0,Data Health / Context,,,,,,,True,False,False,meta_pattern,l2_invalid_ts_combos
l2_missing_combos_btc,l2_missing_combos,btc,S0,Data Health / Context,,,,,,,True,False,False,meta_pattern,l2_missing_combos
l2_reconnect_combos_btc,l2_reconnect_combos,btc,S0,Data Health / Context,,,,,,,True,False,False,meta_pattern,l2_reconnect_combos
l2_total_combos_btc,l2_total_combos,btc,S0,Data Health / Context,,,,,,,True,False,False,meta_pattern,l2_total_combos
lob50_health_flag_btc,lob50_health_flag,btc,S0,Data Health,s0_health_spec,,,,34.0,lob50_health_flag,True,False,False,spec,lob50_health_flag
trades_coverage_flag_btc,trades_coverage_flag,btc,S0,Data Health,s0_health_spec,,,,35.0,trades_coverage_flag,True,False,False,spec,trades_coverage_flag
unusable_reason_code_btc,unusable_reason_code,btc,S0,Data Health / Context,,,,,,,True,False,False,meta_pattern,unusable_reason_code
usability_bad_count_win_btc,usability_bad_count_win,btc,S0,Data Health / Context,,,,,,,True,False,False,meta_pattern,usability_bad_count_win
usability_bad_ratio_win_btc,usability_bad_ratio_win,btc,S0,Data Health / Context,,,,,,,True,False,False,meta_pattern,usability_bad_ratio_win
usability_max_bad_streak_win_btc,usability_max_bad_streak_win,btc,S0,Data Health / Context,,,,,,,True,False,False,meta_pattern,usability_max_bad_streak_win
usability_warmup_flag_btc,usability_warmup_flag,btc,S0,Data Health / Context,,,,,,,True,False,False,meta_pattern,usability_warmup_flag
session_asia_btc,session_asia,btc,S0,Session,s0_calendar_spec,,1.0,,24.0,session_asia,True,False,False,spec,session_asia
session_london_btc,session_london,btc,S0,Session,s0_calendar_spec,,1.0,,25.0,session_london,True,False,False,spec,session_london
session_newyork_btc,session_newyork,btc,S0,Session,s0_calendar_spec,,1.0,,26.0,session_newyork,True,False,False,spec,session_newyork
session_overlap_flag_btc,session_overlap_flag,btc,S0,Session,s0_calendar_spec,,1.0,,27.0,session_overlap_flag,True,False,False,spec,session_overlap_flag
session_sydney_btc,session_sydney,btc,S0,Session,s0_calendar_spec,,1.0,,22.0,session_sydney,True,False,False,spec,session_sydney
session_tokyo_btc,session_tokyo,btc,S0,Session,s0_calendar_spec,,1.0,,23.0,session_tokyo,True,False,False,spec,session_tokyo
us_holiday_btc,us_holiday,btc,S0,Session,s0_calendar_spec,,1.0,,28.0,us_holiday,True,False,False,spec,us_holiday
us_rth_btc,us_rth,btc,S0,Session,s0_calendar_spec,,1.0,,29.0,us_rth,True,False,False,spec,us_rth
best_ask_fut_1s_btc,best_ask_fut_1s,btc,S0,Price,s0_price,,,Futures,40.0,best_ask_fut_1s,False,False,True,spec,best_ask
best_ask_spot_1s_btc,best_ask_spot_1s,btc,S0,Price,s0_price,,,Spot,41.0,best_ask_spot_1s,False,False,True,spec,best_ask
best_bid_fut_1s_btc,best_bid_fut_1s,btc,S0,Price,s0_price,,,Futures,42.0,best_bid_fut_1s,False,False,True,spec,best_bid
best_bid_spot_1s_btc,best_bid_spot_1s,btc,S0,Price,s0_price,,,Spot,43.0,best_bid_spot_1s,False,False,True,spec,best_bid
mid_fut_1s_btc,mid_fut_1s,btc,S0,Price,s0_price,,,Futures,44.0,mid_fut_1s,False,False,True,spec,mid
mid_spot_1s_btc,mid_spot_1s,btc,S0,Price,s0_price,,,Spot,45.0,mid_spot_1s,False,False,True,spec,mid
spread_fut_1s_btc,spread_fut_1s,btc,S0,Price,s0_price,,,Futures,46.0,spread_fut_1s,False,False,True,spec,spread
spread_spot_1s_btc,spread_spot_1s,btc,S0,Price,s0_price,,,Spot,47.0,spread_spot_1s,False,False,True,spec,spread
bps_sym_fut_1s_btc,bps_sym_fut_1s,btc,S0,Price,s0_price,,,Futures,48.0,bps_sym_fut_1s,False,False,True,spec,bps_sym
bps_sym_spot_1s_btc,bps_sym_spot_1s,btc,S0,Price,s0_price,,,Spot,49.0,bps_sym_spot_1s,False,False,True,spec,bps_sym
lwp_bid_1bps_fut_1s_btc,lwp_bid_1bps_fut_1s,btc,S0,Price,s0_price,,,Futures,500.0,lwp_bid_1bps_fut_1s,False,False,True,spec,lwp_bid_1bps
lwp_bid_1bps_spot_1s_btc,lwp_bid_1bps_spot_1s,btc,S0,Price,s0_price,,,Spot,501.0,lwp_bid_1bps_spot_1s,False,False,True,spec,lwp_bid_1bps
lwp_ask_1bps_fut_1s_btc,lwp_ask_1bps_fut_1s,btc,S0,Price,s0_price,,,Futures,502.0,lwp_ask_1bps_fut_1s,False,False,True,spec,lwp_ask_1bps
lwp_ask_1bps_spot_1s_btc,lwp_ask_1bps_spot_1s,btc,S0,Price,s0_price,,,Spot,503.0,lwp_ask_1bps_spot_1s,False,False,True,spec,lwp_ask_1bps
lwp_mid_1bps_fut_1s_btc,lwp_mid_1bps_fut_1s,btc,S0,Price,s0_price,,,Futures,504.0,lwp_mid_1bps_fut_1s,False,False,True,spec,lwp_mid_1bps
lwp_mid_1bps_spot_1s_btc,lwp_mid_1bps_spot_1s,btc,S0,Price,s0_price,,,Spot,505.0,lwp_mid_1bps_spot_1s,False,False,True,spec,lwp_mid_1bps
lwp_bid_2bps_fut_1s_btc,lwp_bid_2bps_fut_1s,btc,S0,Price,s0_price,,,Futures,506.0,lwp_bid_2bps_fut_1s,False,False,True,spec,lwp_bid_2bps
lwp_bid_2bps_spot_1s_btc,lwp_bid_2bps_spot_1s,btc,S0,Price,s0_price,,,Spot,507.0,lwp_bid_2bps_spot_1s,False,False,True,spec,lwp_bid_2bps
lwp_ask_2bps_fut_1s_btc,lwp_ask_2bps_fut_1s,btc,S0,Price,s0_price,,,Futures,508.0,lwp_ask_2bps_fut_1s,False,False,True,spec,lwp_ask_2bps
lwp_ask_2bps_spot_1s_btc,lwp_ask_2bps_spot_1s,btc,S0,Price,s0_price,,,Spot,509.0,lwp_ask_2bps_spot_1s,False,False,True,spec,lwp_ask_2bps
lwp_mid_2bps_fut_1s_btc,lwp_mid_2bps_fut_1s,btc,S0,Price,s0_price,,,Futures,510.0,lwp_mid_2bps_fut_1s,False,False,True,spec,lwp_mid_2bps
lwp_mid_2bps_spot_1s_btc,lwp_mid_2bps_spot_1s,btc,S0,Price,s0_price,,,Spot,511.0,lwp_mid_2bps_spot_1s,False,False,True,spec,lwp_mid_2bps
lwp_bid_5bps_fut_1s_btc,lwp_bid_5bps_fut_1s,btc,S0,Price,s0_price,,,Futures,512.0,lwp_bid_5bps_fut_1s,False,False,True,spec,lwp_bid_5bps
lwp_bid_5bps_spot_1s_btc,lwp_bid_5bps_spot_1s,btc,S0,Price,s0_price,,,Spot,513.0,lwp_bid_5bps_spot_1s,False,False,True,spec,lwp_bid_5bps
lwp_ask_5bps_fut_1s_btc,lwp_ask_5bps_fut_1s,btc,S0,Price,s0_price,,,Futures,514.0,lwp_ask_5bps_fut_1s,False,False,True,spec,lwp_ask_5bps
lwp_ask_5bps_spot_1s_btc,lwp_ask_5bps_spot_1s,btc,S0,Price,s0_price,,,Spot,515.0,lwp_ask_5bps_spot_1s,False,False,True,spec,lwp_ask_5bps
lwp_mid_5bps_fut_1s_btc,lwp_mid_5bps_fut_1s,btc,S0,Price,s0_price,,,Futures,516.0,lwp_mid_5bps_fut_1s,False,False,True,spec,lwp_mid_5bps
lwp_mid_5bps_spot_1s_btc,lwp_mid_5bps_spot_1s,btc,S0,Price,s0_price,,,Spot,517.0,lwp_mid_5bps_spot_1s,False,False,True,spec,lwp_mid_5bps
lwp_bid_10bps_fut_1s_btc,lwp_bid_10bps_fut_1s,btc,S0,Price,s0_price,,,Futures,518.0,lwp_bid_10bps_fut_1s,False,False,True,spec,lwp_bid_10bps
lwp_bid_10bps_spot_1s_btc,lwp_bid_10bps_spot_1s,btc,S0,Price,s0_price,,,Spot,519.0,lwp_bid_10bps_spot_1s,False,False,True,spec,lwp_bid_10bps
lwp_ask_10bps_fut_1s_btc,lwp_ask_10bps_fut_1s,btc,S0,Price,s0_price,,,Futures,520.0,lwp_ask_10bps_fut_1s,False,False,True,spec,lwp_ask_10bps
lwp_ask_10bps_spot_1s_btc,lwp_ask_10bps_spot_1s,btc,S0,Price,s0_price,,,Spot,521.0,lwp_ask_10bps_spot_1s,False,False,True,spec,lwp_ask_10bps
lwp_mid_10bps_fut_1s_btc,lwp_mid_10bps_fut_1s,btc,S0,Price,s0_price,,,Futures,522.0,lwp_mid_10bps_fut_1s,False,False,True,spec,lwp_mid_10bps
lwp_mid_10bps_spot_1s_btc,lwp_mid_10bps_spot_1s,btc,S0,Price,s0_price,,,Spot,523.0,lwp_mid_10bps_spot_1s,False,False,True,spec,lwp_mid_10bps
lwp_bid_struct50_fut_1s_btc,lwp_bid_struct50_fut_1s,btc,S0,Price,s0_price,,,Futures,600.0,lwp_bid_struct50_fut_1s,False,False,True,spec,lwp_bid_struct50
lwp_bid_struct50_spot_1s_btc,lwp_bid_struct50_spot_1s,btc,S0,Price,s0_price,,,Spot,601.0,lwp_bid_struct50_spot_1s,False,False,True,spec,lwp_bid_struct50
lwp_ask_struct50_fut_1s_btc,lwp_ask_struct50_fut_1s,btc,S0,Price,s0_price,,,Futures,602.0,lwp_ask_struct50_fut_1s,False,False,True,spec,lwp_ask_struct50
lwp_ask_struct50_spot_1s_btc,lwp_ask_struct50_spot_1s,btc,S0,Price,s0_price,,,Spot,603.0,lwp_ask_struct50_spot_1s,False,False,True,spec,lwp_ask_struct50
lwp_mid_struct50_fut_1s_btc,lwp_mid_struct50_fut_1s,btc,S0,Price,s0_price,,,Futures,604.0,lwp_mid_struct50_fut_1s,False,False,True,spec,lwp_mid_struct50
lwp_mid_struct50_spot_1s_btc,lwp_mid_struct50_spot_1s,btc,S0,Price,s0_price,,,Spot,605.0,lwp_mid_struct50_spot_1s,False,False,True,spec,lwp_mid_struct50
lwp_bid_struct100_fut_1s_btc,lwp_bid_struct100_fut_1s,btc,S0,Price,s0_price,,,Futures,606.0,lwp_bid_struct100_fut_1s,False,False,True,spec,lwp_bid_struct100
lwp_bid_struct100_spot_1s_btc,lwp_bid_struct100_spot_1s,btc,S0,Price,s0_price,,,Spot,607.0,lwp_bid_struct100_spot_1s,False,False,True,spec,lwp_bid_struct100
lwp_ask_struct100_fut_1s_btc,lwp_ask_struct100_fut_1s,btc,S0,Price,s0_price,,,Futures,608.0,lwp_ask_struct100_fut_1s,False,False,True,spec,lwp_ask_struct100
lwp_ask_struct100_spot_1s_btc,lwp_ask_struct100_spot_1s,btc,S0,Price,s0_price,,,Spot,609.0,lwp_ask_struct100_spot_1s,False,False,True,spec,lwp_ask_struct100
lwp_mid_struct100_fut_1s_btc,lwp_mid_struct100_fut_1s,btc,S0,Price,s0_price,,,Futures,610.0,lwp_mid_struct100_fut_1s,False,False,True,spec,lwp_mid_struct100
lwp_mid_struct100_spot_1s_btc,lwp_mid_struct100_spot_1s,btc,S0,Price,s0_price,,,Spot,611.0,lwp_mid_struct100_spot_1s,False,False,True,spec,lwp_mid_struct100
trade_count_fut_1s_btc,trade_count_fut_1s,btc,S0,Activity,s0_activity,,,Futures,0.0,trade_count_fut_1s,False,False,True,spec,trade_count
trade_count_spot_1s_btc,trade_count_spot_1s,btc,S0,Activity,s0_activity,,,Spot,1.0,trade_count_spot_1s,False,False,True,spec,trade_count
volume_fut_1s_btc,volume_fut_1s,btc,S0,Activity,s0_activity,,,Futures,2.0,volume_fut_1s,False,False,True,spec,volume
volume_spot_1s_btc,volume_spot_1s,btc,S0,Activity,s0_activity,,,Spot,3.0,volume_spot_1s,False,False,True,spec,volume
notional_fut_1s_btc,notional_fut_1s,btc,S0,Activity,s0_activity,,,Futures,4.0,notional_fut_1s,False,False,True,spec,notional
notional_spot_1s_btc,notional_spot_1s,btc,S0,Activity,s0_activity,,,Spot,5.0,notional_spot_1s,False,False,True,spec,notional
taker_buy_vol_fut_1s_btc,taker_buy_vol_fut_1s,btc,S0,Aggression,s0_aggression,,,Futures,6.0,taker_buy_vol_fut_1s,False,False,True,spec,taker_buy_vol
taker_buy_vol_spot_1s_btc,taker_buy_vol_spot_1s,btc,S0,Aggression,s0_aggression,,,Spot,7.0,taker_buy_vol_spot_1s,False,False,True,spec,taker_buy_vol
taker_buy_notional_fut_1s_btc,taker_buy_notional_fut_1s,btc,S0,Aggression,s0_aggression,,,Futures,8.0,taker_buy_notional_fut_1s,False,False,True,spec,taker_buy_notional
taker_buy_notional_spot_1s_btc,taker_buy_notional_spot_1s,btc,S0,Aggression,s0_aggression,,,Spot,9.0,taker_buy_notional_spot_1s,False,False,True,spec,taker_buy_notional
taker_sell_vol_fut_1s_btc,taker_sell_vol_fut_1s,btc,S0,Aggression,s0_aggression,,,Futures,10.0,taker_sell_vol_fut_1s,False,False,True,spec,taker_sell_vol
taker_sell_vol_spot_1s_btc,taker_sell_vol_spot_1s,btc,S0,Aggression,s0_aggression,,,Spot,11.0,taker_sell_vol_spot_1s,False,False,True,spec,taker_sell_vol
taker_sell_notional_fut_1s_btc,taker_sell_notional_fut_1s,btc,S0,Aggression,s0_aggression,,,Futures,12.0,taker_sell_notional_fut_1s,False,False,True,spec,taker_sell_notional
taker_sell_notional_spot_1s_btc,taker_sell_notional_spot_1s,btc,S0,Aggression,s0_aggression,,,Spot,13.0,taker_sell_notional_spot_1s,False,False,True,spec,taker_sell_notional
signed_vol_fut_1s_btc,signed_vol_fut_1s,btc,S0,Aggression,s0_aggression,,,Futures,14.0,signed_vol_fut_1s,False,False,True,spec,signed_vol
signed_vol_spot_1s_btc,signed_vol_spot_1s,btc,S0,Aggression,s0_aggression,,,Spot,15.0,signed_vol_spot_1s,False,False,True,spec,signed_vol
signed_notional_fut_1s_btc,signed_notional_fut_1s,btc,S0,Aggression,s0_aggression,,,Futures,16.0,signed_notional_fut_1s,False,False,True,spec,signed_notional
signed_notional_spot_1s_btc,signed_notional_spot_1s,btc,S0,Aggression,s0_aggression,,,Spot,17.0,signed_notional_spot_1s,False,False,True,spec,signed_notional
max_bps_bid_fut_1s_btc,max_bps_bid_fut_1s,btc,S0,Bookshape,s0_bookshape,,,Futures,18.0,max_bps_bid_fut_1s,False,False,True,spec,max_bps_bid
max_bps_bid_spot_1s_btc,max_bps_bid_spot_1s,btc,S0,Bookshape,s0_bookshape,,,Spot,19.0,max_bps_bid_spot_1s,False,False,True,spec,max_bps_bid
max_bps_ask_fut_1s_btc,max_bps_ask_fut_1s,btc,S0,Bookshape,s0_bookshape,,,Futures,20.0,max_bps_ask_fut_1s,False,False,True,spec,max_bps_ask
max_bps_ask_spot_1s_btc,max_bps_ask_spot_1s,btc,S0,Bookshape,s0_bookshape,,,Spot,21.0,max_bps_ask_spot_1s,False,False,True,spec,max_bps_ask
depth_notional_bid_1bps_fut_1s_btc,depth_notional_bid_1bps_fut_1s,btc,S0,Bookshape,s0_bookshape,,,Futures,100.0,depth_notional_bid_1bps_fut_1s,False,False,True,spec,depth_notional_bid_1bps
depth_notional_bid_1bps_spot_1s_btc,depth_notional_bid_1bps_spot_1s,btc,S0,Bookshape,s0_bookshape,,,Spot,101.0,depth_notional_bid_1bps_spot_1s,False,False,True,spec,depth_notional_bid_1bps
depth_notional_ask_1bps_fut_1s_btc,depth_notional_ask_1bps_fut_1s,btc,S0,Bookshape,s0_bookshape,,,Futures,102.0,depth_notional_ask_1bps_fut_1s,False,False,True,spec,depth_notional_ask_1bps
depth_notional_ask_1bps_spot_1s_btc,depth_notional_ask_1bps_spot_1s,btc,S0,Bookshape,s0_bookshape,,,Spot,103.0,depth_notional_ask_1bps_spot_1s,False,False,True,spec,depth_notional_ask_1bps
depth_notional_bid_2bps_fut_1s_btc,depth_notional_bid_2bps_fut_1s,btc,S0,Bookshape,s0_bookshape,,,Futures,104.0,depth_notional_bid_2bps_fut_1s,False,False,True,spec,depth_notional_bid_2bps
depth_notional_bid_2bps_spot_1s_btc,depth_notional_bid_2bps_spot_1s,btc,S0,Bookshape,s0_bookshape,,,Spot,105.0,depth_notional_bid_2bps_spot_1s,False,False,True,spec,depth_notional_bid_2bps
depth_notional_ask_2bps_fut_1s_btc,depth_notional_ask_2bps_fut_1s,btc,S0,Bookshape,s0_bookshape,,,Futures,106.0,depth_notional_ask_2bps_fut_1s,False,False,True,spec,depth_notional_ask_2bps
depth_notional_ask_2bps_spot_1s_btc,depth_notional_ask_2bps_spot_1s,btc,S0,Bookshape,s0_bookshape,,,Spot,107.0,depth_notional_ask_2bps_spot_1s,False,False,True,spec,depth_notional_ask_2bps
depth_notional_bid_5bps_fut_1s_btc,depth_notional_bid_5bps_fut_1s,btc,S0,Bookshape,s0_bookshape,,,Futures,108.0,depth_notional_bid_5bps_fut_1s,False,False,True,spec,depth_notional_bid_5bps
depth_notional_bid_5bps_spot_1s_btc,depth_notional_bid_5bps_spot_1s,btc,S0,Bookshape,s0_bookshape,,,Spot,109.0,depth_notional_bid_5bps_spot_1s,False,False,True,spec,depth_notional_bid_5bps
depth_notional_ask_5bps_fut_1s_btc,depth_notional_ask_5bps_fut_1s,btc,S0,Bookshape,s0_bookshape,,,Futures,110.0,depth_notional_ask_5bps_fut_1s,False,False,True,spec,depth_notional_ask_5bps
depth_notional_ask_5bps_spot_1s_btc,depth_notional_ask_5bps_spot_1s,btc,S0,Bookshape,s0_bookshape,,,Spot,111.0,depth_notional_ask_5bps_spot_1s,False,False,True,spec,depth_notional_ask_5bps
depth_notional_bid_10bps_fut_1s_btc,depth_notional_bid_10bps_fut_1s,btc,S0,Bookshape,s0_bookshape,,,Futures,112.0,depth_notional_bid_10bps_fut_1s,False,False,True,spec,depth_notional_bid_10bps
depth_notional_bid_10bps_spot_1s_btc,depth_notional_bid_10bps_spot_1s,btc,S0,Bookshape,s0_bookshape,,,Spot,113.0,depth_notional_bid_10bps_spot_1s,False,False,True,spec,depth_notional_bid_10bps
depth_notional_ask_10bps_fut_1s_btc,depth_notional_ask_10bps_fut_1s,btc,S0,Bookshape,s0_bookshape,,,Futures,114.0,depth_notional_ask_10bps_fut_1s,False,False,True,spec,depth_notional_ask_10bps
depth_notional_ask_10bps_spot_1s_btc,depth_notional_ask_10bps_spot_1s,btc,S0,Bookshape,s0_bookshape,,,Spot,115.0,depth_notional_ask_10bps_spot_1s,False,False,True,spec,depth_notional_ask_10bps
depth_notional_bid_struct50_fut_1s_btc,depth_notional_bid_struct50_fut_1s,btc,S0,Bookshape,s0_bookshape,,,Futures,300.0,depth_notional_bid_struct50_fut_1s,False,False,True,spec,depth_notional_bid_struct50
depth_notional_bid_struct50_spot_1s_btc,depth_notional_bid_struct50_spot_1s,btc,S0,Bookshape,s0_bookshape,,,Spot,301.0,depth_notional_bid_struct50_spot_1s,False,False,True,spec,depth_notional_bid_struct50
depth_notional_ask_struct50_fut_1s_btc,depth_notional_ask_struct50_fut_1s,btc,S0,Bookshape,s0_bookshape,,,Futures,302.0,depth_notional_ask_struct50_fut_1s,False,False,True,spec,depth_notional_ask_struct50
depth_notional_ask_struct50_spot_1s_btc,depth_notional_ask_struct50_spot_1s,btc,S0,Bookshape,s0_bookshape,,,Spot,303.0,depth_notional_ask_struct50_spot_1s,False,False,True,spec,depth_notional_ask_struct50
depth_notional_bid_struct100_fut_1s_btc,depth_notional_bid_struct100_fut_1s,btc,S0,Bookshape,s0_bookshape,,,Futures,304.0,depth_notional_bid_struct100_fut_1s,False,False,True,spec,depth_notional_bid_struct100
depth_notional_bid_struct100_spot_1s_btc,depth_notional_bid_struct100_spot_1s,btc,S0,Bookshape,s0_bookshape,,,Spot,305.0,depth_notional_bid_struct100_spot_1s,False,False,True,spec,depth_notional_bid_struct100
depth_notional_ask_struct100_fut_1s_btc,depth_notional_ask_struct100_fut_1s,btc,S0,Bookshape,s0_bookshape,,,Futures,306.0,depth_notional_ask_struct100_fut_1s,False,False,True,spec,depth_notional_ask_struct100
depth_notional_ask_struct100_spot_1s_btc,depth_notional_ask_struct100_spot_1s,btc,S0,Bookshape,s0_bookshape,,,Spot,307.0,depth_notional_ask_struct100_spot_1s,False,False,True,spec,depth_notional_ask_struct100
max_liq_distance_bid_5bps_fut_1s_btc,max_liq_distance_bid_5bps_fut_1s,btc,S0,Bookshape,s0_bookshape,,,Futures,704.0,max_liq_distance_bid_5bps_fut_1s,False,False,True,spec,max_liq_distance_bid_5bps
max_liq_distance_bid_5bps_spot_1s_btc,max_liq_distance_bid_5bps_spot_1s,btc,S0,Bookshape,s0_bookshape,,,Spot,705.0,max_liq_distance_bid_5bps_spot_1s,False,False,True,spec,max_liq_distance_bid_5bps
max_liq_distance_ask_5bps_fut_1s_btc,max_liq_distance_ask_5bps_fut_1s,btc,S0,Bookshape,s0_bookshape,,,Futures,706.0,max_liq_distance_ask_5bps_fut_1s,False,False,True,spec,max_liq_distance_ask_5bps
max_liq_distance_ask_5bps_spot_1s_btc,max_liq_distance_ask_5bps_spot_1s,btc,S0,Bookshape,s0_bookshape,,,Spot,707.0,max_liq_distance_ask_5bps_spot_1s,False,False,True,spec,max_liq_distance_ask_5bps
max_liq_distance_bid_10bps_fut_1s_btc,max_liq_distance_bid_10bps_fut_1s,btc,S0,Bookshape,s0_bookshape,,,Futures,700.0,max_liq_distance_bid_10bps_fut_1s,False,False,True,spec,max_liq_distance_bid_10bps
max_liq_distance_bid_10bps_spot_1s_btc,max_liq_distance_bid_10bps_spot_1s,btc,S0,Bookshape,s0_bookshape,,,Spot,701.0,max_liq_distance_bid_10bps_spot_1s,False,False,True,spec,max_liq_distance_bid_10bps
max_liq_distance_ask_10bps_fut_1s_btc,max_liq_distance_ask_10bps_fut_1s,btc,S0,Bookshape,s0_bookshape,,,Futures,702.0,max_liq_distance_ask_10bps_fut_1s,False,False,True,spec,max_liq_distance_ask_10bps
max_liq_distance_ask_10bps_spot_1s_btc,max_liq_distance_ask_10bps_spot_1s,btc,S0,Bookshape,s0_bookshape,,,Spot,703.0,max_liq_distance_ask_10bps_spot_1s,False,False,True,spec,max_liq_distance_ask_10bps
max_liq_distance_bid_struct50_fut_1s_btc,max_liq_distance_bid_struct50_fut_1s,btc,S0,Bookshape,s0_bookshape,,,Futures,710.0,max_liq_distance_bid_struct50_fut_1s,False,False,True,spec,max_liq_distance_bid_struct50
max_liq_distance_bid_struct50_spot_1s_btc,max_liq_distance_bid_struct50_spot_1s,btc,S0,Bookshape,s0_bookshape,,,Spot,711.0,max_liq_distance_bid_struct50_spot_1s,False,False,True,spec,max_liq_distance_bid_struct50
max_liq_distance_ask_struct50_fut_1s_btc,max_liq_distance_ask_struct50_fut_1s,btc,S0,Bookshape,s0_bookshape,,,Futures,712.0,max_liq_distance_ask_struct50_fut_1s,False,False,True,spec,max_liq_distance_ask_struct50
max_liq_distance_ask_struct50_spot_1s_btc,max_liq_distance_ask_struct50_spot_1s,btc,S0,Bookshape,s0_bookshape,,,Spot,713.0,max_liq_distance_ask_struct50_spot_1s,False,False,True,spec,max_liq_distance_ask_struct50
max_liq_distance_bid_struct100_fut_1s_btc,max_liq_distance_bid_struct100_fut_1s,btc,S0,Bookshape,s0_bookshape,,,Futures,714.0,max_liq_distance_bid_struct100_fut_1s,False,False,True,spec,max_liq_distance_bid_struct100
max_liq_distance_bid_struct100_spot_1s_btc,max_liq_distance_bid_struct100_spot_1s,btc,S0,Bookshape,s0_bookshape,,,Spot,715.0,max_liq_distance_bid_struct100_spot_1s,False,False,True,spec,max_liq_distance_bid_struct100
max_liq_distance_ask_struct100_fut_1s_btc,max_liq_distance_ask_struct100_fut_1s,btc,S0,Bookshape,s0_bookshape,,,Futures,716.0,max_liq_distance_ask_struct100_fut_1s,False,False,True,spec,max_liq_distance_ask_struct100
max_liq_distance_ask_struct100_spot_1s_btc,max_liq_distance_ask_struct100_spot_1s,btc,S0,Bookshape,s0_bookshape,,,Spot,717.0,max_liq_distance_ask_struct100_spot_1s,False,False,True,spec,max_liq_distance_ask_struct100
depth_imbalance_struct50_fut_1s_btc,depth_imbalance_struct50_fut_1s,btc,S0,Imbalance,s0_imbalance,,,Futures,36.0,depth_imbalance_struct50_fut_1s,False,False,True,spec,depth_imbalance_struct50
depth_imbalance_struct50_spot_1s_btc,depth_imbalance_struct50_spot_1s,btc,S0,Imbalance,s0_imbalance,,,Spot,37.0,depth_imbalance_struct50_spot_1s,False,False,True,spec,depth_imbalance_struct50
depth_imbalance_struct100_fut_1s_btc,depth_imbalance_struct100_fut_1s,btc,S0,Imbalance,s0_imbalance,,,Futures,38.0,depth_imbalance_struct100_fut_1s,False,False,True,spec,depth_imbalance_struct100
depth_imbalance_struct100_spot_1s_btc,depth_imbalance_struct100_spot_1s,btc,S0,Imbalance,s0_imbalance,,,Spot,39.0,depth_imbalance_struct100_spot_1s,False,False,True,spec,depth_imbalance_struct100
day_high_spot_btc,day_high_spot,btc,S0,Level Artefact,,,,Spot,,,False,False,True,precomputation_pattern,day_high
day_low_spot_btc,day_low_spot,btc,S0,Level Artefact,,,,Spot,,,False,False,True,precomputation_pattern,day_low
day_open_spot_btc,day_open_spot,btc,S0,Level Artefact,,,,Spot,,,False,False,True,precomputation_pattern,day_open
day_high_fut_btc,day_high_fut,btc,S0,Level Artefact,,,,Futures,,,False,False,True,precomputation_pattern,day_high
day_low_fut_btc,day_low_fut,btc,S0,Level Artefact,,,,Futures,,,False,False,True,precomputation_pattern,day_low
day_open_fut_btc,day_open_fut,btc,S0,Level Artefact,,,,Futures,,,False,False,True,precomputation_pattern,day_open
prev_day_high_spot_btc,prev_day_high_spot,btc,S0,Level Artefact,,,,Spot,,,False,False,True,precomputation_pattern,prev_day_high
prev_day_low_spot_btc,prev_day_low_spot,btc,S0,Level Artefact,,,,Spot,,,False,False,True,precomputation_pattern,prev_day_low
prev_day_high_fut_btc,prev_day_high_fut,btc,S0,Level Artefact,,,,Futures,,,False,False,True,precomputation_pattern,prev_day_high
prev_day_low_fut_btc,prev_day_low_fut,btc,S0,Level Artefact,,,,Futures,,,False,False,True,precomputation_pattern,prev_day_low
week_open_fut_btc,week_open_fut,btc,S0,Level Artefact,,,,Futures,,,False,False,True,precomputation_pattern,week_open
week_high_fut_btc,week_high_fut,btc,S0,Level Artefact,,,,Futures,,,False,False,True,precomputation_pattern,week_high
week_low_fut_btc,week_low_fut,btc,S0,Level Artefact,,,,Futures,,,False,False,True,precomputation_pattern,week_low
monday_high_fut_btc,monday_high_fut,btc,S0,Level Artefact,,,,Futures,,,False,False,True,precomputation_pattern,monday_high
monday_low_fut_btc,monday_low_fut,btc,S0,Level Artefact,,,,Futures,,,False,False,True,precomputation_pattern,monday_low
prev_week_high_fut_btc,prev_week_high_fut,btc,S0,Level Artefact,,,,Futures,,,False,False,True,precomputation_pattern,prev_week_high
prev_week_low_fut_btc,prev_week_low_fut,btc,S0,Level Artefact,,,,Futures,,,False,False,True,precomputation_pattern,prev_week_low
month_open_fut_btc,month_open_fut,btc,S0,Level Artefact,,,,Futures,,,False,False,True,precomputation_pattern,month_open
month_high_fut_btc,month_high_fut,btc,S0,Level Artefact,,,,Futures,,,False,False,True,precomputation_pattern,month_high
month_low_fut_btc,month_low_fut,btc,S0,Level Artefact,,,,Futures,,,False,False,True,precomputation_pattern,month_low
prev_month_high_fut_btc,prev_month_high_fut,btc,S0,Level Artefact,,,,Futures,,,False,False,True,precomputation_pattern,prev_month_high
prev_month_low_fut_btc,prev_month_low_fut,btc,S0,Level Artefact,,,,Futures,,,False,False,True,precomputation_pattern,prev_month_low
poc_60m_fut_btc,poc_60m_fut,btc,S0,Volume Profile Artefact,,,,Futures,,,False,False,True,precomputation_pattern,poc
poc_240m_fut_btc,poc_240m_fut,btc,S0,Volume Profile Artefact,,,,Futures,,,False,False,True,precomputation_pattern,poc
poc_1d_fut_btc,poc_1d_fut,btc,S0,Volume Profile Artefact,,,,Futures,,,False,False,True,precomputation_pattern,poc
vah_60m_fut_btc,vah_60m_fut,btc,S0,Volume Profile Artefact,,,,Futures,,,False,False,True,precomputation_pattern,vah
vah_240m_fut_btc,vah_240m_fut,btc,S0,Volume Profile Artefact,,,,Futures,,,False,False,True,precomputation_pattern,vah
vah_1d_fut_btc,vah_1d_fut,btc,S0,Volume Profile Artefact,,,,Futures,,,False,False,True,precomputation_pattern,vah
val_60m_fut_btc,val_60m_fut,btc,S0,Volume Profile Artefact,,,,Futures,,,False,False,True,precomputation_pattern,val
val_240m_fut_btc,val_240m_fut,btc,S0,Volume Profile Artefact,,,,Futures,,,False,False,True,precomputation_pattern,val
val_1d_fut_btc,val_1d_fut,btc,S0,Volume Profile Artefact,,,,Futures,,,False,False,True,precomputation_pattern,val
poc_migration_60m_bps_fut_btc,poc_migration_60m_bps_fut,btc,S0,Volume Profile Artefact,,,,Futures,,,False,False,True,precomputation_pattern,poc_migration_bps
poc_migration_240m_bps_fut_btc,poc_migration_240m_bps_fut,btc,S0,Volume Profile Artefact,,,,Futures,,,False,False,True,precomputation_pattern,poc_migration_bps
poc_migration_1d_bps_fut_btc,poc_migration_1d_bps_fut,btc,S0,Volume Profile Artefact,,,,Futures,,,False,False,True,precomputation_pattern,poc_migration_bps
absorption_volume_ask_fut_1bps_1s_btc,absorption_volume_ask_fut_1bps_1s,btc,S1,Absorption,s1_absorption,,,Futures,1001.0,absorption_volume_ask_fut_1bps_1s,False,False,True,spec,absorption_volume_ask_1bps
absorption_volume_ask_fut_1bps_15s_btc,absorption_volume_ask_fut_1bps_15s,btc,S1,Absorption,s1_absorption,,15.0,Futures,1000.0,absorption_volume_ask_fut_1bps_15s,False,False,True,spec,absorption_volume_ask_1bps
absorption_volume_ask_spot_1bps_1s_btc,absorption_volume_ask_spot_1bps_1s,btc,S1,Absorption,s1_absorption,,,Spot,1003.0,absorption_volume_ask_spot_1bps_1s,False,False,True,spec,absorption_volume_ask_1bps
absorption_volume_ask_spot_1bps_15s_btc,absorption_volume_ask_spot_1bps_15s,btc,S1,Absorption,s1_absorption,,15.0,Spot,1002.0,absorption_volume_ask_spot_1bps_15s,False,False,True,spec,absorption_volume_ask_1bps
absorption_volume_bid_fut_1bps_1s_btc,absorption_volume_bid_fut_1bps_1s,btc,S1,Absorption,s1_absorption,,,Futures,1005.0,absorption_volume_bid_fut_1bps_1s,False,False,True,spec,absorption_volume_bid_1bps
absorption_volume_bid_fut_1bps_15s_btc,absorption_volume_bid_fut_1bps_15s,btc,S1,Absorption,s1_absorption,,15.0,Futures,1004.0,absorption_volume_bid_fut_1bps_15s,False,False,True,spec,absorption_volume_bid_1bps
absorption_volume_bid_spot_1bps_1s_btc,absorption_volume_bid_spot_1bps_1s,btc,S1,Absorption,s1_absorption,,,Spot,1007.0,absorption_volume_bid_spot_1bps_1s,False,False,True,spec,absorption_volume_bid_1bps
absorption_volume_bid_spot_1bps_15s_btc,absorption_volume_bid_spot_1bps_15s,btc,S1,Absorption,s1_absorption,,15.0,Spot,1006.0,absorption_volume_bid_spot_1bps_15s,False,False,True,spec,absorption_volume_bid_1bps
aggr_absorp_ratio_ask_fut_10bps_1s_btc,aggr_absorp_ratio_ask_fut_10bps_1s,btc,S1,Absorption,s1_absorption,,,Futures,1008.0,aggr_absorp_ratio_ask_fut_10bps_1s,False,False,True,spec,aggr_absorp_ratio_ask_10bps
aggr_absorp_ratio_ask_fut_2bps_1s_btc,aggr_absorp_ratio_ask_fut_2bps_1s,btc,S1,Absorption,s1_absorption,,,Futures,1009.0,aggr_absorp_ratio_ask_fut_2bps_1s,False,False,True,spec,aggr_absorp_ratio_ask_2bps
aggr_absorp_ratio_ask_fut_5bps_1s_btc,aggr_absorp_ratio_ask_fut_5bps_1s,btc,S1,Absorption,s1_absorption,,,Futures,1010.0,aggr_absorp_ratio_ask_fut_5bps_1s,False,False,True,spec,aggr_absorp_ratio_ask_5bps
aggr_absorp_ratio_ask_spot_10bps_1s_btc,aggr_absorp_ratio_ask_spot_10bps_1s,btc,S1,Absorption,s1_absorption,,,Spot,1011.0,aggr_absorp_ratio_ask_spot_10bps_1s,False,False,True,spec,aggr_absorp_ratio_ask_10bps
aggr_absorp_ratio_ask_spot_2bps_1s_btc,aggr_absorp_ratio_ask_spot_2bps_1s,btc,S1,Absorption,s1_absorption,,,Spot,1012.0,aggr_absorp_ratio_ask_spot_2bps_1s,False,False,True,spec,aggr_absorp_ratio_ask_2bps
aggr_absorp_ratio_ask_spot_5bps_1s_btc,aggr_absorp_ratio_ask_spot_5bps_1s,btc,S1,Absorption,s1_absorption,,,Spot,1013.0,aggr_absorp_ratio_ask_spot_5bps_1s,False,False,True,spec,aggr_absorp_ratio_ask_5bps
aggr_absorp_ratio_bid_fut_10bps_1s_btc,aggr_absorp_ratio_bid_fut_10bps_1s,btc,S1,Absorption,s1_absorption,,,Futures,1014.0,aggr_absorp_ratio_bid_fut_10bps_1s,False,False,True,spec,aggr_absorp_ratio_bid_10bps
aggr_absorp_ratio_bid_fut_2bps_1s_btc,aggr_absorp_ratio_bid_fut_2bps_1s,btc,S1,Absorption,s1_absorption,,,Futures,1015.0,aggr_absorp_ratio_bid_fut_2bps_1s,False,False,True,spec,aggr_absorp_ratio_bid_2bps
aggr_absorp_ratio_bid_fut_5bps_1s_btc,aggr_absorp_ratio_bid_fut_5bps_1s,btc,S1,Absorption,s1_absorption,,,Futures,1016.0,aggr_absorp_ratio_bid_fut_5bps_1s,False,False,True,spec,aggr_absorp_ratio_bid_5bps
aggr_absorp_ratio_bid_spot_10bps_1s_btc,aggr_absorp_ratio_bid_spot_10bps_1s,btc,S1,Absorption,s1_absorption,,,Spot,1017.0,aggr_absorp_ratio_bid_spot_10bps_1s,False,False,True,spec,aggr_absorp_ratio_bid_10bps
aggr_absorp_ratio_bid_spot_2bps_1s_btc,aggr_absorp_ratio_bid_spot_2bps_1s,btc,S1,Absorption,s1_absorption,,,Spot,1018.0,aggr_absorp_ratio_bid_spot_2bps_1s,False,False,True,spec,aggr_absorp_ratio_bid_2bps
aggr_absorp_ratio_bid_spot_5bps_1s_btc,aggr_absorp_ratio_bid_spot_5bps_1s,btc,S1,Absorption,s1_absorption,,,Spot,1019.0,aggr_absorp_ratio_bid_spot_5bps_1s,False,False,True,spec,aggr_absorp_ratio_bid_5bps
avg_trade_size_fut_1s_btc,avg_trade_size_fut_1s,btc,S1,Activity,s1_activity,,,Futures,1020.0,avg_trade_size_fut_1s,False,False,True,spec,avg_trade_size
avg_trade_size_spot_1s_btc,avg_trade_size_spot_1s,btc,S1,Activity,s1_activity,,,Spot,1021.0,avg_trade_size_spot_1s,False,False,True,spec,avg_trade_size
l2_update_count_fut_5bps_1s_btc,l2_update_count_fut_5bps_1s,btc,S1,Activity,s1_activity,,,Futures,1022.0,l2_update_count_fut_5bps_1s,False,False,True,spec,l2_update_count_5bps
l2_update_count_spot_5bps_1s_btc,l2_update_count_spot_5bps_1s,btc,S1,Activity,s1_activity,,,Spot,1023.0,l2_update_count_spot_5bps_1s,False,False,True,spec,l2_update_count_5bps
participation_rate_fut_1s_btc,participation_rate_fut_1s,btc,S1,Activity,s1_activity,,,Futures,1024.0,participation_rate_fut_1s,False,False,True,spec,participation_rate
participation_rate_spot_1s_btc,participation_rate_spot_1s,btc,S1,Activity,s1_activity,,,Spot,1025.0,participation_rate_spot_1s,False,False,True,spec,participation_rate
trade_count_fut_300s_btc,trade_count_fut_300s,btc,S1,Activity,s1_activity,,300.0,Futures,1026.0,trade_count_fut_300s,False,False,True,spec,trade_count
trade_count_fut_60s_btc,trade_count_fut_60s,btc,S1,Activity,s1_activity,,60.0,Futures,1027.0,trade_count_fut_60s,False,False,True,spec,trade_count
trade_count_fut_900s_btc,trade_count_fut_900s,btc,S1,Activity,s1_activity,,900.0,Futures,1028.0,trade_count_fut_900s,False,False,True,spec,trade_count
trade_count_spot_300s_btc,trade_count_spot_300s,btc,S1,Activity,s1_activity,,300.0,Spot,1029.0,trade_count_spot_300s,False,False,True,spec,trade_count
trade_count_spot_60s_btc,trade_count_spot_60s,btc,S1,Activity,s1_activity,,60.0,Spot,1030.0,trade_count_spot_60s,False,False,True,spec,trade_count
trade_count_spot_900s_btc,trade_count_spot_900s,btc,S1,Activity,s1_activity,,900.0,Spot,1031.0,trade_count_spot_900s,False,False,True,spec,trade_count
volume_fut_300s_btc,volume_fut_300s,btc,S1,Activity,s1_activity,,300.0,Futures,1032.0,volume_fut_300s,False,False,True,spec,volume
volume_fut_60s_btc,volume_fut_60s,btc,S1,Activity,s1_activity,,60.0,Futures,1033.0,volume_fut_60s,False,False,True,spec,volume
volume_fut_900s_btc,volume_fut_900s,btc,S1,Activity,s1_activity,,900.0,Futures,1034.0,volume_fut_900s,False,False,True,spec,volume
volume_spot_300s_btc,volume_spot_300s,btc,S1,Activity,s1_activity,,300.0,Spot,1035.0,volume_spot_300s,False,False,True,spec,volume
volume_spot_60s_btc,volume_spot_60s,btc,S1,Activity,s1_activity,,60.0,Spot,1036.0,volume_spot_60s,False,False,True,spec,volume
volume_spot_900s_btc,volume_spot_900s,btc,S1,Activity,s1_activity,,900.0,Spot,1037.0,volume_spot_900s,False,False,True,spec,volume
taker_imbalance_fut_1s_btc,taker_imbalance_fut_1s,btc,S1,Aggression,s1_aggression,,,Futures,1038.0,taker_imbalance_fut_1s,False,False,True,spec,taker_imbalance
taker_imbalance_spot_1s_btc,taker_imbalance_spot_1s,btc,S1,Aggression,s1_aggression,,,Spot,1039.0,taker_imbalance_spot_1s,False,False,True,spec,taker_imbalance
book_asymmetry_fut_struct100_1s_btc,book_asymmetry_fut_struct100_1s,btc,S1,Bookshape,s1_bookshape,,,Futures,1040.0,book_asymmetry_fut_struct100_1s,False,False,True,spec,book_asymmetry_struct100
book_asymmetry_fut_struct50_1s_btc,book_asymmetry_fut_struct50_1s,btc,S1,Bookshape,s1_bookshape,,,Futures,1041.0,book_asymmetry_fut_struct50_1s,False,False,True,spec,book_asymmetry_struct50
book_asymmetry_spot_struct100_1s_btc,book_asymmetry_spot_struct100_1s,btc,S1,Bookshape,s1_bookshape,,,Spot,1042.0,book_asymmetry_spot_struct100_1s,False,False,True,spec,book_asymmetry_struct100
book_asymmetry_spot_struct50_1s_btc,book_asymmetry_spot_struct50_1s,btc,S1,Bookshape,s1_bookshape,,,Spot,1043.0,book_asymmetry_spot_struct50_1s,False,False,True,spec,book_asymmetry_struct50
depth_gradient_ask_fut_struct100_1s_btc,depth_gradient_ask_fut_struct100_1s,btc,S1,Bookshape,s1_bookshape,,,Futures,1044.0,depth_gradient_ask_fut_struct100_1s,False,False,True,spec,depth_gradient_ask_struct100
depth_gradient_ask_fut_struct50_1s_btc,depth_gradient_ask_fut_struct50_1s,btc,S1,Bookshape,s1_bookshape,,,Futures,1045.0,depth_gradient_ask_fut_struct50_1s,False,False,True,spec,depth_gradient_ask_struct50
depth_gradient_ask_spot_struct100_1s_btc,depth_gradient_ask_spot_struct100_1s,btc,S1,Bookshape,s1_bookshape,,,Spot,1046.0,depth_gradient_ask_spot_struct100_1s,False,False,True,spec,depth_gradient_ask_struct100
depth_gradient_ask_spot_struct50_1s_btc,depth_gradient_ask_spot_struct50_1s,btc,S1,Bookshape,s1_bookshape,,,Spot,1047.0,depth_gradient_ask_spot_struct50_1s,False,False,True,spec,depth_gradient_ask_struct50
depth_gradient_bid_fut_struct100_1s_btc,depth_gradient_bid_fut_struct100_1s,btc,S1,Bookshape,s1_bookshape,,,Futures,1048.0,depth_gradient_bid_fut_struct100_1s,False,False,True,spec,depth_gradient_bid_struct100
depth_gradient_bid_fut_struct50_1s_btc,depth_gradient_bid_fut_struct50_1s,btc,S1,Bookshape,s1_bookshape,,,Futures,1049.0,depth_gradient_bid_fut_struct50_1s,False,False,True,spec,depth_gradient_bid_struct50
depth_gradient_bid_spot_struct100_1s_btc,depth_gradient_bid_spot_struct100_1s,btc,S1,Bookshape,s1_bookshape,,,Spot,1050.0,depth_gradient_bid_spot_struct100_1s,False,False,True,spec,depth_gradient_bid_struct100
depth_gradient_bid_spot_struct50_1s_btc,depth_gradient_bid_spot_struct50_1s,btc,S1,Bookshape,s1_bookshape,,,Spot,1051.0,depth_gradient_bid_spot_struct50_1s,False,False,True,spec,depth_gradient_bid_struct50
depth_notional_ask_struct100_fut_300s_btc,depth_notional_ask_struct100_fut_300s,btc,S1,Bookshape,s1_bookshape,,300.0,Futures,1052.0,depth_notional_ask_struct100_fut_300s,False,False,True,spec,depth_notional_ask_struct100
depth_notional_ask_struct100_fut_60s_btc,depth_notional_ask_struct100_fut_60s,btc,S1,Bookshape,s1_bookshape,,60.0,Futures,1053.0,depth_notional_ask_struct100_fut_60s,False,False,True,spec,depth_notional_ask_struct100
depth_notional_ask_struct100_fut_900s_btc,depth_notional_ask_struct100_fut_900s,btc,S1,Bookshape,s1_bookshape,,900.0,Futures,1054.0,depth_notional_ask_struct100_fut_900s,False,False,True,spec,depth_notional_ask_struct100
depth_notional_ask_struct100_spot_300s_btc,depth_notional_ask_struct100_spot_300s,btc,S1,Bookshape,s1_bookshape,,300.0,Spot,1055.0,depth_notional_ask_struct100_spot_300s,False,False,True,spec,depth_notional_ask_struct100
depth_notional_ask_struct100_spot_60s_btc,depth_notional_ask_struct100_spot_60s,btc,S1,Bookshape,s1_bookshape,,60.0,Spot,1056.0,depth_notional_ask_struct100_spot_60s,False,False,True,spec,depth_notional_ask_struct100
depth_notional_ask_struct100_spot_900s_btc,depth_notional_ask_struct100_spot_900s,btc,S1,Bookshape,s1_bookshape,,900.0,Spot,1057.0,depth_notional_ask_struct100_spot_900s,False,False,True,spec,depth_notional_ask_struct100
depth_notional_ask_struct50_fut_300s_btc,depth_notional_ask_struct50_fut_300s,btc,S1,Bookshape,s1_bookshape,,300.0,Futures,1058.0,depth_notional_ask_struct50_fut_300s,False,False,True,spec,depth_notional_ask_struct50
depth_notional_ask_struct50_fut_60s_btc,depth_notional_ask_struct50_fut_60s,btc,S1,Bookshape,s1_bookshape,,60.0,Futures,1059.0,depth_notional_ask_struct50_fut_60s,False,False,True,spec,depth_notional_ask_struct50
depth_notional_ask_struct50_fut_900s_btc,depth_notional_ask_struct50_fut_900s,btc,S1,Bookshape,s1_bookshape,,900.0,Futures,1060.0,depth_notional_ask_struct50_fut_900s,False,False,True,spec,depth_notional_ask_struct50
depth_notional_ask_struct50_spot_300s_btc,depth_notional_ask_struct50_spot_300s,btc,S1,Bookshape,s1_bookshape,,300.0,Spot,1061.0,depth_notional_ask_struct50_spot_300s,False,False,True,spec,depth_notional_ask_struct50
depth_notional_ask_struct50_spot_60s_btc,depth_notional_ask_struct50_spot_60s,btc,S1,Bookshape,s1_bookshape,,60.0,Spot,1062.0,depth_notional_ask_struct50_spot_60s,False,False,True,spec,depth_notional_ask_struct50
depth_notional_ask_struct50_spot_900s_btc,depth_notional_ask_struct50_spot_900s,btc,S1,Bookshape,s1_bookshape,,900.0,Spot,1063.0,depth_notional_ask_struct50_spot_900s,False,False,True,spec,depth_notional_ask_struct50
depth_notional_bid_struct100_fut_300s_btc,depth_notional_bid_struct100_fut_300s,btc,S1,Bookshape,s1_bookshape,,300.0,Futures,1064.0,depth_notional_bid_struct100_fut_300s,False,False,True,spec,depth_notional_bid_struct100
depth_notional_bid_struct100_fut_60s_btc,depth_notional_bid_struct100_fut_60s,btc,S1,Bookshape,s1_bookshape,,60.0,Futures,1065.0,depth_notional_bid_struct100_fut_60s,False,False,True,spec,depth_notional_bid_struct100
depth_notional_bid_struct100_fut_900s_btc,depth_notional_bid_struct100_fut_900s,btc,S1,Bookshape,s1_bookshape,,900.0,Futures,1066.0,depth_notional_bid_struct100_fut_900s,False,False,True,spec,depth_notional_bid_struct100
depth_notional_bid_struct100_spot_300s_btc,depth_notional_bid_struct100_spot_300s,btc,S1,Bookshape,s1_bookshape,,300.0,Spot,1067.0,depth_notional_bid_struct100_spot_300s,False,False,True,spec,depth_notional_bid_struct100
depth_notional_bid_struct100_spot_60s_btc,depth_notional_bid_struct100_spot_60s,btc,S1,Bookshape,s1_bookshape,,60.0,Spot,1068.0,depth_notional_bid_struct100_spot_60s,False,False,True,spec,depth_notional_bid_struct100
depth_notional_bid_struct100_spot_900s_btc,depth_notional_bid_struct100_spot_900s,btc,S1,Bookshape,s1_bookshape,,900.0,Spot,1069.0,depth_notional_bid_struct100_spot_900s,False,False,True,spec,depth_notional_bid_struct100
depth_notional_bid_struct50_fut_300s_btc,depth_notional_bid_struct50_fut_300s,btc,S1,Bookshape,s1_bookshape,,300.0,Futures,1070.0,depth_notional_bid_struct50_fut_300s,False,False,True,spec,depth_notional_bid_struct50
depth_notional_bid_struct50_fut_60s_btc,depth_notional_bid_struct50_fut_60s,btc,S1,Bookshape,s1_bookshape,,60.0,Futures,1071.0,depth_notional_bid_struct50_fut_60s,False,False,True,spec,depth_notional_bid_struct50
depth_notional_bid_struct50_fut_900s_btc,depth_notional_bid_struct50_fut_900s,btc,S1,Bookshape,s1_bookshape,,900.0,Futures,1072.0,depth_notional_bid_struct50_fut_900s,False,False,True,spec,depth_notional_bid_struct50
depth_notional_bid_struct50_spot_300s_btc,depth_notional_bid_struct50_spot_300s,btc,S1,Bookshape,s1_bookshape,,300.0,Spot,1073.0,depth_notional_bid_struct50_spot_300s,False,False,True,spec,depth_notional_bid_struct50
depth_notional_bid_struct50_spot_60s_btc,depth_notional_bid_struct50_spot_60s,btc,S1,Bookshape,s1_bookshape,,60.0,Spot,1074.0,depth_notional_bid_struct50_spot_60s,False,False,True,spec,depth_notional_bid_struct50
depth_notional_bid_struct50_spot_900s_btc,depth_notional_bid_struct50_spot_900s,btc,S1,Bookshape,s1_bookshape,,900.0,Spot,1075.0,depth_notional_bid_struct50_spot_900s,False,False,True,spec,depth_notional_bid_struct50
liq_cluster_asymmetry_fut_struct100_300s_btc,liq_cluster_asymmetry_fut_struct100_300s,btc,S1,Bookshape,s1_bookshape,,300.0,Futures,1076.0,liq_cluster_asymmetry_fut_struct100_300s,False,False,True,spec,liq_cluster_asymmetry_struct100
liq_cluster_asymmetry_fut_struct100_60s_btc,liq_cluster_asymmetry_fut_struct100_60s,btc,S1,Bookshape,s1_bookshape,,60.0,Futures,1077.0,liq_cluster_asymmetry_fut_struct100_60s,False,False,True,spec,liq_cluster_asymmetry_struct100
liq_cluster_asymmetry_fut_struct50_300s_btc,liq_cluster_asymmetry_fut_struct50_300s,btc,S1,Bookshape,s1_bookshape,,300.0,Futures,1078.0,liq_cluster_asymmetry_fut_struct50_300s,False,False,True,spec,liq_cluster_asymmetry_struct50
liq_cluster_asymmetry_fut_struct50_60s_btc,liq_cluster_asymmetry_fut_struct50_60s,btc,S1,Bookshape,s1_bookshape,,60.0,Futures,1079.0,liq_cluster_asymmetry_fut_struct50_60s,False,False,True,spec,liq_cluster_asymmetry_struct50
liq_cluster_asymmetry_spot_struct100_300s_btc,liq_cluster_asymmetry_spot_struct100_300s,btc,S1,Bookshape,s1_bookshape,,300.0,Spot,1080.0,liq_cluster_asymmetry_spot_struct100_300s,False,False,True,spec,liq_cluster_asymmetry_struct100
liq_cluster_asymmetry_spot_struct100_60s_btc,liq_cluster_asymmetry_spot_struct100_60s,btc,S1,Bookshape,s1_bookshape,,60.0,Spot,1081.0,liq_cluster_asymmetry_spot_struct100_60s,False,False,True,spec,liq_cluster_asymmetry_struct100
liq_cluster_asymmetry_spot_struct50_300s_btc,liq_cluster_asymmetry_spot_struct50_300s,btc,S1,Bookshape,s1_bookshape,,300.0,Spot,1082.0,liq_cluster_asymmetry_spot_struct50_300s,False,False,True,spec,liq_cluster_asymmetry_struct50
liq_cluster_asymmetry_spot_struct50_60s_btc,liq_cluster_asymmetry_spot_struct50_60s,btc,S1,Bookshape,s1_bookshape,,60.0,Spot,1083.0,liq_cluster_asymmetry_spot_struct50_60s,False,False,True,spec,liq_cluster_asymmetry_struct50
liq_concentration_ask_fut_struct100_1s_btc,liq_concentration_ask_fut_struct100_1s,btc,S1,Bookshape,s1_bookshape,,,Futures,1084.0,liq_concentration_ask_fut_struct100_1s,False,False,True,spec,liq_concentration_ask_struct100
liq_concentration_ask_fut_struct50_1s_btc,liq_concentration_ask_fut_struct50_1s,btc,S1,Bookshape,s1_bookshape,,,Futures,1085.0,liq_concentration_ask_fut_struct50_1s,False,False,True,spec,liq_concentration_ask_struct50
liq_concentration_ask_spot_struct100_1s_btc,liq_concentration_ask_spot_struct100_1s,btc,S1,Bookshape,s1_bookshape,,,Spot,1086.0,liq_concentration_ask_spot_struct100_1s,False,False,True,spec,liq_concentration_ask_struct100
liq_concentration_ask_spot_struct50_1s_btc,liq_concentration_ask_spot_struct50_1s,btc,S1,Bookshape,s1_bookshape,,,Spot,1087.0,liq_concentration_ask_spot_struct50_1s,False,False,True,spec,liq_concentration_ask_struct50
liq_concentration_bid_fut_struct100_1s_btc,liq_concentration_bid_fut_struct100_1s,btc,S1,Bookshape,s1_bookshape,,,Futures,1088.0,liq_concentration_bid_fut_struct100_1s,False,False,True,spec,liq_concentration_bid_struct100
liq_concentration_bid_fut_struct50_1s_btc,liq_concentration_bid_fut_struct50_1s,btc,S1,Bookshape,s1_bookshape,,,Futures,1089.0,liq_concentration_bid_fut_struct50_1s,False,False,True,spec,liq_concentration_bid_struct50
liq_concentration_bid_spot_struct100_1s_btc,liq_concentration_bid_spot_struct100_1s,btc,S1,Bookshape,s1_bookshape,,,Spot,1090.0,liq_concentration_bid_spot_struct100_1s,False,False,True,spec,liq_concentration_bid_struct100
liq_concentration_bid_spot_struct50_1s_btc,liq_concentration_bid_spot_struct50_1s,btc,S1,Bookshape,s1_bookshape,,,Spot,1091.0,liq_concentration_bid_spot_struct50_1s,False,False,True,spec,liq_concentration_bid_struct50
liq_sum_fut_10bps_1s_btc,liq_sum_fut_10bps_1s,btc,S1,Bookshape,s1_bookshape,,,Futures,1092.0,liq_sum_fut_10bps_1s,False,False,True,spec,liq_sum_10bps
liq_sum_fut_1s_btc,liq_sum_fut_1s,btc,S1,Bookshape,s1_bookshape,,,Futures,1093.0,liq_sum_fut_1s,False,False,True,spec,liq_sum
liq_sum_spot_10bps_1s_btc,liq_sum_spot_10bps_1s,btc,S1,Bookshape,s1_bookshape,,,Spot,1094.0,liq_sum_spot_10bps_1s,False,False,True,spec,liq_sum_10bps
liq_sum_spot_1s_btc,liq_sum_spot_1s,btc,S1,Bookshape,s1_bookshape,,,Spot,1095.0,liq_sum_spot_1s,False,False,True,spec,liq_sum
max_bps_ask_fut_300s_btc,max_bps_ask_fut_300s,btc,S1,Bookshape,s1_bookshape,,300.0,Futures,1096.0,max_bps_ask_fut_300s,False,False,True,spec,max_bps_ask
max_bps_ask_fut_60s_btc,max_bps_ask_fut_60s,btc,S1,Bookshape,s1_bookshape,,60.0,Futures,1097.0,max_bps_ask_fut_60s,False,False,True,spec,max_bps_ask
max_bps_ask_fut_900s_btc,max_bps_ask_fut_900s,btc,S1,Bookshape,s1_bookshape,,900.0,Futures,1098.0,max_bps_ask_fut_900s,False,False,True,spec,max_bps_ask
max_bps_ask_spot_300s_btc,max_bps_ask_spot_300s,btc,S1,Bookshape,s1_bookshape,,300.0,Spot,1099.0,max_bps_ask_spot_300s,False,False,True,spec,max_bps_ask
max_bps_ask_spot_60s_btc,max_bps_ask_spot_60s,btc,S1,Bookshape,s1_bookshape,,60.0,Spot,1100.0,max_bps_ask_spot_60s,False,False,True,spec,max_bps_ask
max_bps_ask_spot_900s_btc,max_bps_ask_spot_900s,btc,S1,Bookshape,s1_bookshape,,900.0,Spot,1101.0,max_bps_ask_spot_900s,False,False,True,spec,max_bps_ask
max_bps_bid_fut_300s_btc,max_bps_bid_fut_300s,btc,S1,Bookshape,s1_bookshape,,300.0,Futures,1102.0,max_bps_bid_fut_300s,False,False,True,spec,max_bps_bid
max_bps_bid_fut_60s_btc,max_bps_bid_fut_60s,btc,S1,Bookshape,s1_bookshape,,60.0,Futures,1103.0,max_bps_bid_fut_60s,False,False,True,spec,max_bps_bid
max_bps_bid_fut_900s_btc,max_bps_bid_fut_900s,btc,S1,Bookshape,s1_bookshape,,900.0,Futures,1104.0,max_bps_bid_fut_900s,False,False,True,spec,max_bps_bid
max_bps_bid_spot_300s_btc,max_bps_bid_spot_300s,btc,S1,Bookshape,s1_bookshape,,300.0,Spot,1105.0,max_bps_bid_spot_300s,False,False,True,spec,max_bps_bid
max_bps_bid_spot_60s_btc,max_bps_bid_spot_60s,btc,S1,Bookshape,s1_bookshape,,60.0,Spot,1106.0,max_bps_bid_spot_60s,False,False,True,spec,max_bps_bid
max_bps_bid_spot_900s_btc,max_bps_bid_spot_900s,btc,S1,Bookshape,s1_bookshape,,900.0,Spot,1107.0,max_bps_bid_spot_900s,False,False,True,spec,max_bps_bid
basis_sf_mid_60s_btc,basis_sf_mid_60s,btc,S1,Cross-Market,s1_cross_market,,60.0,,1108.0,basis_sf_mid_60s,False,False,True,spec,basis_sf_mid
liq_imb_div_fut_minus_spot_struct100_1s_btc,liq_imb_div_fut_minus_spot_struct100_1s,btc,S1,Cross-Market,s1_cross_market,,,Futures,1109.0,liq_imb_div_fut_minus_spot_struct100_1s,False,False,True,spec,liq_imb_div_minus_struct100
liq_imb_div_fut_minus_spot_struct50_1s_btc,liq_imb_div_fut_minus_spot_struct50_1s,btc,S1,Cross-Market,s1_cross_market,,,Futures,1110.0,liq_imb_div_fut_minus_spot_struct50_1s,False,False,True,spec,liq_imb_div_minus_struct50
taker_activity_share_sf_1s_btc,taker_activity_share_sf_1s,btc,S1,Cross-Market,s1_cross_market,,,,1111.0,taker_activity_share_sf_1s,False,False,True,spec,taker_activity_share_sf
trade_count_fut_div_1s_btc,trade_count_fut_div_1s,btc,S1,Cross-Market,s1_cross_market,,,Futures,1112.0,trade_count_fut_div_1s,False,False,True,spec,trade_count_div
trade_count_fut_share_1s_btc,trade_count_fut_share_1s,btc,S1,Cross-Market,s1_cross_market,,,Futures,1113.0,trade_count_fut_share_1s,False,False,True,spec,trade_count_share
trade_count_spot_div_1s_btc,trade_count_spot_div_1s,btc,S1,Cross-Market,s1_cross_market,,,Spot,1114.0,trade_count_spot_div_1s,False,False,True,spec,trade_count_div
trade_count_spot_share_1s_btc,trade_count_spot_share_1s,btc,S1,Cross-Market,s1_cross_market,,,Spot,1115.0,trade_count_spot_share_1s,False,False,True,spec,trade_count_share
volume_fut_div_delta_1s_btc,volume_fut_div_delta_1s,btc,S1,Cross-Market,s1_cross_market,,,Futures,1116.0,volume_fut_div_delta_1s,False,False,True,spec,volume_div_delta
volume_spot_div_delta_1s_btc,volume_spot_div_delta_1s,btc,S1,Cross-Market,s1_cross_market,,,Spot,1117.0,volume_spot_div_delta_1s,False,False,True,spec,volume_div_delta
liq_imb_fut_struct100_60s_btc,liq_imb_fut_struct100_60s,btc,S1,Imbalance,s1_imbalance,,60.0,Futures,1118.0,liq_imb_fut_struct100_60s,False,False,True,spec,liq_imb_struct100
liq_imb_fut_struct100_300s_btc,liq_imb_fut_struct100_300s,btc,S1,Imbalance,s1_imbalance,,300.0,Futures,1119.0,liq_imb_fut_struct100_300s,False,False,True,spec,liq_imb_struct100
liq_imb_fut_struct100_900s_btc,liq_imb_fut_struct100_900s,btc,S1,Imbalance,s1_imbalance,,900.0,Futures,1120.0,liq_imb_fut_struct100_900s,False,False,True,spec,liq_imb_struct100
liq_imb_fut_struct50_60s_btc,liq_imb_fut_struct50_60s,btc,S1,Imbalance,s1_imbalance,,60.0,Futures,1121.0,liq_imb_fut_struct50_60s,False,False,True,spec,liq_imb_struct50
liq_imb_fut_struct50_300s_btc,liq_imb_fut_struct50_300s,btc,S1,Imbalance,s1_imbalance,,300.0,Futures,1122.0,liq_imb_fut_struct50_300s,False,False,True,spec,liq_imb_struct50
liq_imb_fut_struct50_900s_btc,liq_imb_fut_struct50_900s,btc,S1,Imbalance,s1_imbalance,,900.0,Futures,1123.0,liq_imb_fut_struct50_900s,False,False,True,spec,liq_imb_struct50
liq_imb_spot_struct100_60s_btc,liq_imb_spot_struct100_60s,btc,S1,Imbalance,s1_imbalance,,60.0,Spot,1124.0,liq_imb_spot_struct100_60s,False,False,True,spec,liq_imb_struct100
liq_imb_spot_struct100_300s_btc,liq_imb_spot_struct100_300s,btc,S1,Imbalance,s1_imbalance,,300.0,Spot,1125.0,liq_imb_spot_struct100_300s,False,False,True,spec,liq_imb_struct100
liq_imb_spot_struct100_900s_btc,liq_imb_spot_struct100_900s,btc,S1,Imbalance,s1_imbalance,,900.0,Spot,1126.0,liq_imb_spot_struct100_900s,False,False,True,spec,liq_imb_struct100
liq_imb_spot_struct50_60s_btc,liq_imb_spot_struct50_60s,btc,S1,Imbalance,s1_imbalance,,60.0,Spot,1127.0,liq_imb_spot_struct50_60s,False,False,True,spec,liq_imb_struct50
liq_imb_spot_struct50_300s_btc,liq_imb_spot_struct50_300s,btc,S1,Imbalance,s1_imbalance,,300.0,Spot,1128.0,liq_imb_spot_struct50_300s,False,False,True,spec,liq_imb_struct50
liq_imb_spot_struct50_900s_btc,liq_imb_spot_struct50_900s,btc,S1,Imbalance,s1_imbalance,,900.0,Spot,1129.0,liq_imb_spot_struct50_900s,False,False,True,spec,liq_imb_struct50
add_rate_ask_fut_10bps_1s_btc,add_rate_ask_fut_10bps_1s,btc,S1,Liquidity Events,s1_liquidity_events,,,Futures,1130.0,add_rate_ask_fut_10bps_1s,False,False,True,spec,add_rate_ask_10bps
add_rate_ask_fut_1bps_1s_btc,add_rate_ask_fut_1bps_1s,btc,S1,Liquidity Events,s1_liquidity_events,,,Futures,1131.0,add_rate_ask_fut_1bps_1s,False,False,True,spec,add_rate_ask_1bps
add_rate_ask_fut_2bps_1s_btc,add_rate_ask_fut_2bps_1s,btc,S1,Liquidity Events,s1_liquidity_events,,,Futures,1132.0,add_rate_ask_fut_2bps_1s,False,False,True,spec,add_rate_ask_2bps
add_rate_ask_fut_5bps_1s_btc,add_rate_ask_fut_5bps_1s,btc,S1,Liquidity Events,s1_liquidity_events,,,Futures,1133.0,add_rate_ask_fut_5bps_1s,False,False,True,spec,add_rate_ask_5bps
add_rate_ask_spot_10bps_1s_btc,add_rate_ask_spot_10bps_1s,btc,S1,Liquidity Events,s1_liquidity_events,,,Spot,1134.0,add_rate_ask_spot_10bps_1s,False,False,True,spec,add_rate_ask_10bps
add_rate_ask_spot_1bps_1s_btc,add_rate_ask_spot_1bps_1s,btc,S1,Liquidity Events,s1_liquidity_events,,,Spot,1135.0,add_rate_ask_spot_1bps_1s,False,False,True,spec,add_rate_ask_1bps
add_rate_ask_spot_2bps_1s_btc,add_rate_ask_spot_2bps_1s,btc,S1,Liquidity Events,s1_liquidity_events,,,Spot,1136.0,add_rate_ask_spot_2bps_1s,False,False,True,spec,add_rate_ask_2bps
add_rate_ask_spot_5bps_1s_btc,add_rate_ask_spot_5bps_1s,btc,S1,Liquidity Events,s1_liquidity_events,,,Spot,1137.0,add_rate_ask_spot_5bps_1s,False,False,True,spec,add_rate_ask_5bps
add_rate_bid_fut_10bps_1s_btc,add_rate_bid_fut_10bps_1s,btc,S1,Liquidity Events,s1_liquidity_events,,,Futures,1138.0,add_rate_bid_fut_10bps_1s,False,False,True,spec,add_rate_bid_10bps
add_rate_bid_fut_1bps_1s_btc,add_rate_bid_fut_1bps_1s,btc,S1,Liquidity Events,s1_liquidity_events,,,Futures,1139.0,add_rate_bid_fut_1bps_1s,False,False,True,spec,add_rate_bid_1bps
add_rate_bid_fut_2bps_1s_btc,add_rate_bid_fut_2bps_1s,btc,S1,Liquidity Events,s1_liquidity_events,,,Futures,1140.0,add_rate_bid_fut_2bps_1s,False,False,True,spec,add_rate_bid_2bps
add_rate_bid_fut_5bps_1s_btc,add_rate_bid_fut_5bps_1s,btc,S1,Liquidity Events,s1_liquidity_events,,,Futures,1141.0,add_rate_bid_fut_5bps_1s,False,False,True,spec,add_rate_bid_5bps
add_rate_bid_spot_10bps_1s_btc,add_rate_bid_spot_10bps_1s,btc,S1,Liquidity Events,s1_liquidity_events,,,Spot,1142.0,add_rate_bid_spot_10bps_1s,False,False,True,spec,add_rate_bid_10bps
add_rate_bid_spot_1bps_1s_btc,add_rate_bid_spot_1bps_1s,btc,S1,Liquidity Events,s1_liquidity_events,,,Spot,1143.0,add_rate_bid_spot_1bps_1s,False,False,True,spec,add_rate_bid_1bps
add_rate_bid_spot_2bps_1s_btc,add_rate_bid_spot_2bps_1s,btc,S1,Liquidity Events,s1_liquidity_events,,,Spot,1144.0,add_rate_bid_spot_2bps_1s,False,False,True,spec,add_rate_bid_2bps
add_rate_bid_spot_5bps_1s_btc,add_rate_bid_spot_5bps_1s,btc,S1,Liquidity Events,s1_liquidity_events,,,Spot,1145.0,add_rate_bid_spot_5bps_1s,False,False,True,spec,add_rate_bid_5bps
cancel_rate_ask_fut_10bps_1s_btc,cancel_rate_ask_fut_10bps_1s,btc,S1,Liquidity Events,s1_liquidity_events,,,Futures,1146.0,cancel_rate_ask_fut_10bps_1s,False,False,True,spec,cancel_rate_ask_10bps
cancel_rate_ask_fut_1bps_1s_btc,cancel_rate_ask_fut_1bps_1s,btc,S1,Liquidity Events,s1_liquidity_events,,,Futures,1147.0,cancel_rate_ask_fut_1bps_1s,False,False,True,spec,cancel_rate_ask_1bps
cancel_rate_ask_fut_2bps_1s_btc,cancel_rate_ask_fut_2bps_1s,btc,S1,Liquidity Events,s1_liquidity_events,,,Futures,1148.0,cancel_rate_ask_fut_2bps_1s,False,False,True,spec,cancel_rate_ask_2bps
cancel_rate_ask_fut_5bps_1s_btc,cancel_rate_ask_fut_5bps_1s,btc,S1,Liquidity Events,s1_liquidity_events,,,Futures,1149.0,cancel_rate_ask_fut_5bps_1s,False,False,True,spec,cancel_rate_ask_5bps
cancel_rate_ask_spot_10bps_1s_btc,cancel_rate_ask_spot_10bps_1s,btc,S1,Liquidity Events,s1_liquidity_events,,,Spot,1150.0,cancel_rate_ask_spot_10bps_1s,False,False,True,spec,cancel_rate_ask_10bps
cancel_rate_ask_spot_1bps_1s_btc,cancel_rate_ask_spot_1bps_1s,btc,S1,Liquidity Events,s1_liquidity_events,,,Spot,1151.0,cancel_rate_ask_spot_1bps_1s,False,False,True,spec,cancel_rate_ask_1bps
cancel_rate_ask_spot_2bps_1s_btc,cancel_rate_ask_spot_2bps_1s,btc,S1,Liquidity Events,s1_liquidity_events,,,Spot,1152.0,cancel_rate_ask_spot_2bps_1s,False,False,True,spec,cancel_rate_ask_2bps
cancel_rate_ask_spot_5bps_1s_btc,cancel_rate_ask_spot_5bps_1s,btc,S1,Liquidity Events,s1_liquidity_events,,,Spot,1153.0,cancel_rate_ask_spot_5bps_1s,False,False,True,spec,cancel_rate_ask_5bps
cancel_rate_bid_fut_10bps_1s_btc,cancel_rate_bid_fut_10bps_1s,btc,S1,Liquidity Events,s1_liquidity_events,,,Futures,1154.0,cancel_rate_bid_fut_10bps_1s,False,False,True,spec,cancel_rate_bid_10bps
cancel_rate_bid_fut_1bps_1s_btc,cancel_rate_bid_fut_1bps_1s,btc,S1,Liquidity Events,s1_liquidity_events,,,Futures,1155.0,cancel_rate_bid_fut_1bps_1s,False,False,True,spec,cancel_rate_bid_1bps
cancel_rate_bid_fut_2bps_1s_btc,cancel_rate_bid_fut_2bps_1s,btc,S1,Liquidity Events,s1_liquidity_events,,,Futures,1156.0,cancel_rate_bid_fut_2bps_1s,False,False,True,spec,cancel_rate_bid_2bps
cancel_rate_bid_fut_5bps_1s_btc,cancel_rate_bid_fut_5bps_1s,btc,S1,Liquidity Events,s1_liquidity_events,,,Futures,1157.0,cancel_rate_bid_fut_5bps_1s,False,False,True,spec,cancel_rate_bid_5bps
cancel_rate_bid_spot_10bps_1s_btc,cancel_rate_bid_spot_10bps_1s,btc,S1,Liquidity Events,s1_liquidity_events,,,Spot,1158.0,cancel_rate_bid_spot_10bps_1s,False,False,True,spec,cancel_rate_bid_10bps
cancel_rate_bid_spot_1bps_1s_btc,cancel_rate_bid_spot_1bps_1s,btc,S1,Liquidity Events,s1_liquidity_events,,,Spot,1159.0,cancel_rate_bid_spot_1bps_1s,False,False,True,spec,cancel_rate_bid_1bps
cancel_rate_bid_spot_2bps_1s_btc,cancel_rate_bid_spot_2bps_1s,btc,S1,Liquidity Events,s1_liquidity_events,,,Spot,1160.0,cancel_rate_bid_spot_2bps_1s,False,False,True,spec,cancel_rate_bid_2bps
cancel_rate_bid_spot_5bps_1s_btc,cancel_rate_bid_spot_5bps_1s,btc,S1,Liquidity Events,s1_liquidity_events,,,Spot,1161.0,cancel_rate_bid_spot_5bps_1s,False,False,True,spec,cancel_rate_bid_5bps
fill_rate_ahead_fut_1bps_15s_btc,fill_rate_ahead_fut_1bps_15s,btc,S1,Liquidity Events,s1_liquidity_events,,15.0,Futures,1162.0,fill_rate_ahead_fut_1bps_15s,False,False,True,spec,fill_rate_ahead_1bps
fill_rate_ahead_spot_1bps_15s_btc,fill_rate_ahead_spot_1bps_15s,btc,S1,Liquidity Events,s1_liquidity_events,,15.0,Spot,1163.0,fill_rate_ahead_spot_1bps_15s,False,False,True,spec,fill_rate_ahead_1bps
pull_rate_fut_10bps_15s_btc,pull_rate_fut_10bps_15s,btc,S1,Liquidity Events,s1_liquidity_events,,15.0,Futures,1164.0,pull_rate_fut_10bps_15s,False,False,True,spec,pull_rate_10bps
pull_rate_fut_10bps_5s_btc,pull_rate_fut_10bps_5s,btc,S1,Liquidity Events,s1_liquidity_events,,5.0,Futures,1165.0,pull_rate_fut_10bps_5s,False,False,True,spec,pull_rate_10bps
pull_rate_fut_10bps_60s_btc,pull_rate_fut_10bps_60s,btc,S1,Liquidity Events,s1_liquidity_events,,60.0,Futures,1166.0,pull_rate_fut_10bps_60s,False,False,True,spec,pull_rate_10bps
pull_rate_fut_1bps_5s_btc,pull_rate_fut_1bps_5s,btc,S1,Liquidity Events,s1_liquidity_events,,5.0,Futures,1167.0,pull_rate_fut_1bps_5s,False,False,True,spec,pull_rate_1bps
pull_rate_fut_1bps_60s_btc,pull_rate_fut_1bps_60s,btc,S1,Liquidity Events,s1_liquidity_events,,60.0,Futures,1168.0,pull_rate_fut_1bps_60s,False,False,True,spec,pull_rate_1bps
pull_rate_fut_2bps_5s_btc,pull_rate_fut_2bps_5s,btc,S1,Liquidity Events,s1_liquidity_events,,5.0,Futures,1169.0,pull_rate_fut_2bps_5s,False,False,True,spec,pull_rate_2bps
pull_rate_fut_5bps_15s_btc,pull_rate_fut_5bps_15s,btc,S1,Liquidity Events,s1_liquidity_events,,15.0,Futures,1170.0,pull_rate_fut_5bps_15s,False,False,True,spec,pull_rate_5bps
pull_rate_fut_5bps_5s_btc,pull_rate_fut_5bps_5s,btc,S1,Liquidity Events,s1_liquidity_events,,5.0,Futures,1171.0,pull_rate_fut_5bps_5s,False,False,True,spec,pull_rate_5bps
pull_rate_fut_5bps_60s_btc,pull_rate_fut_5bps_60s,btc,S1,Liquidity Events,s1_liquidity_events,,60.0,Futures,1172.0,pull_rate_fut_5bps_60s,False,False,True,spec,pull_rate_5bps
pull_rate_spot_10bps_15s_btc,pull_rate_spot_10bps_15s,btc,S1,Liquidity Events,s1_liquidity_events,,15.0,Spot,1173.0,pull_rate_spot_10bps_15s,False,False,True,spec,pull_rate_10bps
pull_rate_spot_10bps_5s_btc,pull_rate_spot_10bps_5s,btc,S1,Liquidity Events,s1_liquidity_events,,5.0,Spot,1174.0,pull_rate_spot_10bps_5s,False,False,True,spec,pull_rate_10bps
pull_rate_spot_10bps_60s_btc,pull_rate_spot_10bps_60s,btc,S1,Liquidity Events,s1_liquidity_events,,60.0,Spot,1175.0,pull_rate_spot_10bps_60s,False,False,True,spec,pull_rate_10bps
pull_rate_spot_1bps_5s_btc,pull_rate_spot_1bps_5s,btc,S1,Liquidity Events,s1_liquidity_events,,5.0,Spot,1176.0,pull_rate_spot_1bps_5s,False,False,True,spec,pull_rate_1bps
pull_rate_spot_1bps_60s_btc,pull_rate_spot_1bps_60s,btc,S1,Liquidity Events,s1_liquidity_events,,60.0,Spot,1177.0,pull_rate_spot_1bps_60s,False,False,True,spec,pull_rate_1bps
pull_rate_spot_2bps_5s_btc,pull_rate_spot_2bps_5s,btc,S1,Liquidity Events,s1_liquidity_events,,5.0,Spot,1178.0,pull_rate_spot_2bps_5s,False,False,True,spec,pull_rate_2bps
pull_rate_spot_5bps_15s_btc,pull_rate_spot_5bps_15s,btc,S1,Liquidity Events,s1_liquidity_events,,15.0,Spot,1179.0,pull_rate_spot_5bps_15s,False,False,True,spec,pull_rate_5bps
pull_rate_spot_5bps_5s_btc,pull_rate_spot_5bps_5s,btc,S1,Liquidity Events,s1_liquidity_events,,5.0,Spot,1180.0,pull_rate_spot_5bps_5s,False,False,True,spec,pull_rate_5bps
pull_rate_spot_5bps_60s_btc,pull_rate_spot_5bps_60s,btc,S1,Liquidity Events,s1_liquidity_events,,60.0,Spot,1181.0,pull_rate_spot_5bps_60s,False,False,True,spec,pull_rate_5bps
refill_rate_fut_10bps_15s_btc,refill_rate_fut_10bps_15s,btc,S1,Liquidity Events,s1_liquidity_events,,15.0,Futures,1182.0,refill_rate_fut_10bps_15s,False,False,True,spec,refill_rate_10bps
refill_rate_fut_10bps_5s_btc,refill_rate_fut_10bps_5s,btc,S1,Liquidity Events,s1_liquidity_events,,5.0,Futures,1183.0,refill_rate_fut_10bps_5s,False,False,True,spec,refill_rate_10bps
refill_rate_fut_10bps_60s_btc,refill_rate_fut_10bps_60s,btc,S1,Liquidity Events,s1_liquidity_events,,60.0,Futures,1184.0,refill_rate_fut_10bps_60s,False,False,True,spec,refill_rate_10bps
refill_rate_fut_1bps_60s_btc,refill_rate_fut_1bps_60s,btc,S1,Liquidity Events,s1_liquidity_events,,60.0,Futures,1185.0,refill_rate_fut_1bps_60s,False,False,True,spec,refill_rate_1bps
refill_rate_fut_2bps_5s_btc,refill_rate_fut_2bps_5s,btc,S1,Liquidity Events,s1_liquidity_events,,5.0,Futures,1186.0,refill_rate_fut_2bps_5s,False,False,True,spec,refill_rate_2bps
refill_rate_fut_5bps_15s_btc,refill_rate_fut_5bps_15s,btc,S1,Liquidity Events,s1_liquidity_events,,15.0,Futures,1187.0,refill_rate_fut_5bps_15s,False,False,True,spec,refill_rate_5bps
refill_rate_fut_5bps_5s_btc,refill_rate_fut_5bps_5s,btc,S1,Liquidity Events,s1_liquidity_events,,5.0,Futures,1188.0,refill_rate_fut_5bps_5s,False,False,True,spec,refill_rate_5bps
refill_rate_fut_5bps_60s_btc,refill_rate_fut_5bps_60s,btc,S1,Liquidity Events,s1_liquidity_events,,60.0,Futures,1189.0,refill_rate_fut_5bps_60s,False,False,True,spec,refill_rate_5bps
refill_rate_spot_10bps_15s_btc,refill_rate_spot_10bps_15s,btc,S1,Liquidity Events,s1_liquidity_events,,15.0,Spot,1190.0,refill_rate_spot_10bps_15s,False,False,True,spec,refill_rate_10bps
refill_rate_spot_10bps_5s_btc,refill_rate_spot_10bps_5s,btc,S1,Liquidity Events,s1_liquidity_events,,5.0,Spot,1191.0,refill_rate_spot_10bps_5s,False,False,True,spec,refill_rate_10bps
refill_rate_spot_10bps_60s_btc,refill_rate_spot_10bps_60s,btc,S1,Liquidity Events,s1_liquidity_events,,60.0,Spot,1192.0,refill_rate_spot_10bps_60s,False,False,True,spec,refill_rate_10bps
refill_rate_spot_1bps_60s_btc,refill_rate_spot_1bps_60s,btc,S1,Liquidity Events,s1_liquidity_events,,60.0,Spot,1193.0,refill_rate_spot_1bps_60s,False,False,True,spec,refill_rate_1bps
refill_rate_spot_2bps_5s_btc,refill_rate_spot_2bps_5s,btc,S1,Liquidity Events,s1_liquidity_events,,5.0,Spot,1194.0,refill_rate_spot_2bps_5s,False,False,True,spec,refill_rate_2bps
refill_rate_spot_5bps_15s_btc,refill_rate_spot_5bps_15s,btc,S1,Liquidity Events,s1_liquidity_events,,15.0,Spot,1195.0,refill_rate_spot_5bps_15s,False,False,True,spec,refill_rate_5bps
refill_rate_spot_5bps_5s_btc,refill_rate_spot_5bps_5s,btc,S1,Liquidity Events,s1_liquidity_events,,5.0,Spot,1196.0,refill_rate_spot_5bps_5s,False,False,True,spec,refill_rate_5bps
refill_rate_spot_5bps_60s_btc,refill_rate_spot_5bps_60s,btc,S1,Liquidity Events,s1_liquidity_events,,60.0,Spot,1197.0,refill_rate_spot_5bps_60s,False,False,True,spec,refill_rate_5bps
range_pct_spot_300s_btc,range_pct_spot_300s,btc,S1,Meta,s1_meta,,300.0,Spot,1198.0,range_pct_spot_300s,True,False,False,spec,range_pct
range_pct_spot_60s_btc,range_pct_spot_60s,btc,S1,Meta,s1_meta,,60.0,Spot,1199.0,range_pct_spot_60s,True,False,False,spec,range_pct
range_pct_spot_900s_btc,range_pct_spot_900s,btc,S1,Meta,s1_meta,,900.0,Spot,1200.0,range_pct_spot_900s,True,False,False,spec,range_pct
range_pos_spot_300s_btc,range_pos_spot_300s,btc,S1,Meta,s1_meta,,300.0,Spot,1201.0,range_pos_spot_300s,True,False,False,spec,range_pos
range_pos_spot_60s_btc,range_pos_spot_60s,btc,S1,Meta,s1_meta,,60.0,Spot,1202.0,range_pos_spot_60s,True,False,False,spec,range_pos
range_pos_spot_900s_btc,range_pos_spot_900s,btc,S1,Meta,s1_meta,,900.0,Spot,1203.0,range_pos_spot_900s,True,False,False,spec,range_pos
range_pct_fut_60s_btc,range_pct_fut_60s,btc,S1,Meta,s1_meta,,60.0,Fut,1204.0,range_pct_fut_60s,True,False,False,spec,range_pct
range_pct_fut_300s_btc,range_pct_fut_300s,btc,S1,Meta,s1_meta,,300.0,Fut,1205.0,range_pct_fut_300s,True,False,False,spec,range_pct
range_pct_fut_900s_btc,range_pct_fut_900s,btc,S1,Meta,s1_meta,,900.0,Fut,1206.0,range_pct_fut_900s,True,False,False,spec,range_pct
range_pos_fut_60s_btc,range_pos_fut_60s,btc,S1,Meta,s1_meta,,60.0,Fut,1207.0,range_pos_fut_60s,True,False,False,spec,range_pos
range_pos_fut_300s_btc,range_pos_fut_300s,btc,S1,Meta,s1_meta,,300.0,Fut,1208.0,range_pos_fut_300s,True,False,False,spec,range_pos
range_pos_fut_900s_btc,range_pos_fut_900s,btc,S1,Meta,s1_meta,,900.0,Fut,1209.0,range_pos_fut_900s,True,False,False,spec,range_pos
z_basis_900s_btc,z_basis_900s,btc,S1,Normalization,s1_normalization,,900.0,Futures,1210.0,z_basis_900s,False,False,True,spec,z_basis
z_liq_imb_fut_struct100_1s_btc,z_liq_imb_fut_struct100_1s,btc,S1,Normalization,s1_normalization,,5.0,Futures,1211.0,z_liq_imb_fut_struct100_1s,False,False,True,spec,z_liq_imb_struct100
z_liq_imb_fut_struct50_1s_btc,z_liq_imb_fut_struct50_1s,btc,S1,Normalization,s1_normalization,,5.0,Futures,1212.0,z_liq_imb_fut_struct50_1s,False,False,True,spec,z_liq_imb_struct50
z_liq_imb_spot_struct100_1s_btc,z_liq_imb_spot_struct100_1s,btc,S1,Normalization,s1_normalization,,5.0,Spot,1213.0,z_liq_imb_spot_struct100_1s,False,False,True,spec,z_liq_imb_struct100
z_liq_imb_spot_struct50_1s_btc,z_liq_imb_spot_struct50_1s,btc,S1,Normalization,s1_normalization,,5.0,Spot,1214.0,z_liq_imb_spot_struct50_1s,False,False,True,spec,z_liq_imb_struct50
z_lwp_minus_mid_2bps_300s_btc,z_lwp_minus_mid_2bps_300s,btc,S1,Normalization,s1_normalization,,300.0,Futures,1215.0,z_lwp_minus_mid_2bps_300s,False,False,True,spec,z_lwp_minus_mid_2bps
z_lwp_minus_mid_5bps_300s_btc,z_lwp_minus_mid_5bps_300s,btc,S1,Normalization,s1_normalization,,300.0,Futures,1216.0,z_lwp_minus_mid_5bps_300s,False,False,True,spec,z_lwp_minus_mid_5bps
z_lwp_minus_mid_5bps_900s_btc,z_lwp_minus_mid_5bps_900s,btc,S1,Normalization,s1_normalization,,900.0,Futures,1217.0,z_lwp_minus_mid_5bps_900s,False,False,True,spec,z_lwp_minus_mid_5bps
z_lwp_minus_mid_struct100_300s_btc,z_lwp_minus_mid_struct100_300s,btc,S1,Normalization,s1_normalization,,300.0,Futures,1218.0,z_lwp_minus_mid_struct100_300s,False,False,True,spec,z_lwp_minus_mid_struct100
z_lwp_minus_mid_struct100_900s_btc,z_lwp_minus_mid_struct100_900s,btc,S1,Normalization,s1_normalization,,900.0,Futures,1219.0,z_lwp_minus_mid_struct100_900s,False,False,True,spec,z_lwp_minus_mid_struct100
z_lwp_minus_mid_struct50_300s_btc,z_lwp_minus_mid_struct50_300s,btc,S1,Normalization,s1_normalization,,300.0,Futures,1220.0,z_lwp_minus_mid_struct50_300s,False,False,True,spec,z_lwp_minus_mid_struct50
z_lwp_minus_mid_struct50_900s_btc,z_lwp_minus_mid_struct50_900s,btc,S1,Normalization,s1_normalization,,900.0,Futures,1221.0,z_lwp_minus_mid_struct50_900s,False,False,True,spec,z_lwp_minus_mid_struct50
net_pressure_fut_1bps_15s_btc,net_pressure_fut_1bps_15s,btc,S1,Pressure,s1_pressure,,15.0,Futures,1222.0,net_pressure_fut_1bps_15s,False,False,True,spec,net_pressure_1bps
net_pressure_fut_1bps_5s_btc,net_pressure_fut_1bps_5s,btc,S1,Pressure,s1_pressure,,5.0,Futures,1223.0,net_pressure_fut_1bps_5s,False,False,True,spec,net_pressure_1bps
net_pressure_fut_1bps_60s_btc,net_pressure_fut_1bps_60s,btc,S1,Pressure,s1_pressure,,60.0,Futures,1224.0,net_pressure_fut_1bps_60s,False,False,True,spec,net_pressure_1bps
net_pressure_spot_1bps_15s_btc,net_pressure_spot_1bps_15s,btc,S1,Pressure,s1_pressure,,15.0,Spot,1225.0,net_pressure_spot_1bps_15s,False,False,True,spec,net_pressure_1bps
net_pressure_spot_1bps_5s_btc,net_pressure_spot_1bps_5s,btc,S1,Pressure,s1_pressure,,5.0,Spot,1226.0,net_pressure_spot_1bps_5s,False,False,True,spec,net_pressure_1bps
net_pressure_spot_1bps_60s_btc,net_pressure_spot_1bps_60s,btc,S1,Pressure,s1_pressure,,60.0,Spot,1227.0,net_pressure_spot_1bps_60s,False,False,True,spec,net_pressure_1bps
queue_imb_fut_1bps_1s_btc,queue_imb_fut_1bps_1s,btc,S1,Pressure,s1_pressure,,,Futures,1228.0,queue_imb_fut_1bps_1s,False,False,True,spec,queue_imb_1bps
queue_imb_fut_2bps_1s_btc,queue_imb_fut_2bps_1s,btc,S1,Pressure,s1_pressure,,,Futures,1229.0,queue_imb_fut_2bps_1s,False,False,True,spec,queue_imb_2bps
queue_imb_fut_5bps_1s_btc,queue_imb_fut_5bps_1s,btc,S1,Pressure,s1_pressure,,,Futures,1230.0,queue_imb_fut_5bps_1s,False,False,True,spec,queue_imb_5bps
queue_imb_spot_1bps_1s_btc,queue_imb_spot_1bps_1s,btc,S1,Pressure,s1_pressure,,,Spot,1231.0,queue_imb_spot_1bps_1s,False,False,True,spec,queue_imb_1bps
queue_imb_spot_2bps_1s_btc,queue_imb_spot_2bps_1s,btc,S1,Pressure,s1_pressure,,,Spot,1232.0,queue_imb_spot_2bps_1s,False,False,True,spec,queue_imb_2bps
queue_imb_spot_5bps_1s_btc,queue_imb_spot_5bps_1s,btc,S1,Pressure,s1_pressure,,,Spot,1233.0,queue_imb_spot_5bps_1s,False,False,True,spec,queue_imb_5bps
queue_pressure_fut_10bps_15s_btc,queue_pressure_fut_10bps_15s,btc,S1,Pressure,s1_pressure,,15.0,Futures,1234.0,queue_pressure_fut_10bps_15s,False,False,True,spec,queue_pressure_10bps
queue_pressure_fut_10bps_5s_btc,queue_pressure_fut_10bps_5s,btc,S1,Pressure,s1_pressure,,5.0,Futures,1235.0,queue_pressure_fut_10bps_5s,False,False,True,spec,queue_pressure_10bps
queue_pressure_fut_10bps_60s_btc,queue_pressure_fut_10bps_60s,btc,S1,Pressure,s1_pressure,,60.0,Futures,1236.0,queue_pressure_fut_10bps_60s,False,False,True,spec,queue_pressure_10bps
queue_pressure_fut_1bps_1s_btc,queue_pressure_fut_1bps_1s,btc,S1,Pressure,s1_pressure,,,Futures,1237.0,queue_pressure_fut_1bps_1s,False,False,True,spec,queue_pressure_1bps
queue_pressure_fut_1bps_5s_btc,queue_pressure_fut_1bps_5s,btc,S1,Pressure,s1_pressure,,5.0,Futures,1238.0,queue_pressure_fut_1bps_5s,False,False,True,spec,queue_pressure_1bps
queue_pressure_fut_2bps_15s_btc,queue_pressure_fut_2bps_15s,btc,S1,Pressure,s1_pressure,,15.0,Futures,1239.0,queue_pressure_fut_2bps_15s,False,False,True,spec,queue_pressure_2bps
queue_pressure_fut_2bps_1s_btc,queue_pressure_fut_2bps_1s,btc,S1,Pressure,s1_pressure,,,Futures,1240.0,queue_pressure_fut_2bps_1s,False,False,True,spec,queue_pressure_2bps
queue_pressure_fut_2bps_5s_btc,queue_pressure_fut_2bps_5s,btc,S1,Pressure,s1_pressure,,5.0,Futures,1241.0,queue_pressure_fut_2bps_5s,False,False,True,spec,queue_pressure_2bps
queue_pressure_fut_2bps_60s_btc,queue_pressure_fut_2bps_60s,btc,S1,Pressure,s1_pressure,,60.0,Futures,1242.0,queue_pressure_fut_2bps_60s,False,False,True,spec,queue_pressure_2bps
queue_pressure_fut_5bps_15s_btc,queue_pressure_fut_5bps_15s,btc,S1,Pressure,s1_pressure,,15.0,Futures,1243.0,queue_pressure_fut_5bps_15s,False,False,True,spec,queue_pressure_5bps
queue_pressure_fut_5bps_1s_btc,queue_pressure_fut_5bps_1s,btc,S1,Pressure,s1_pressure,,,Futures,1244.0,queue_pressure_fut_5bps_1s,False,False,True,spec,queue_pressure_5bps
queue_pressure_fut_5bps_5s_btc,queue_pressure_fut_5bps_5s,btc,S1,Pressure,s1_pressure,,5.0,Futures,1245.0,queue_pressure_fut_5bps_5s,False,False,True,spec,queue_pressure_5bps
queue_pressure_fut_5bps_60s_btc,queue_pressure_fut_5bps_60s,btc,S1,Pressure,s1_pressure,,60.0,Futures,1246.0,queue_pressure_fut_5bps_60s,False,False,True,spec,queue_pressure_5bps
queue_pressure_log_fut_1bps_1s_btc,queue_pressure_log_fut_1bps_1s,btc,S1,Pressure,s1_pressure,,,Futures,1247.0,queue_pressure_log_fut_1bps_1s,False,False,True,spec,queue_pressure_log_1bps
queue_pressure_log_fut_2bps_1s_btc,queue_pressure_log_fut_2bps_1s,btc,S1,Pressure,s1_pressure,,,Futures,1248.0,queue_pressure_log_fut_2bps_1s,False,False,True,spec,queue_pressure_log_2bps
queue_pressure_log_fut_5bps_1s_btc,queue_pressure_log_fut_5bps_1s,btc,S1,Pressure,s1_pressure,,,Futures,1249.0,queue_pressure_log_fut_5bps_1s,False,False,True,spec,queue_pressure_log_5bps
queue_pressure_log_spot_1bps_1s_btc,queue_pressure_log_spot_1bps_1s,btc,S1,Pressure,s1_pressure,,,Spot,1250.0,queue_pressure_log_spot_1bps_1s,False,False,True,spec,queue_pressure_log_1bps
queue_pressure_log_spot_2bps_1s_btc,queue_pressure_log_spot_2bps_1s,btc,S1,Pressure,s1_pressure,,,Spot,1251.0,queue_pressure_log_spot_2bps_1s,False,False,True,spec,queue_pressure_log_2bps
queue_pressure_log_spot_5bps_1s_btc,queue_pressure_log_spot_5bps_1s,btc,S1,Pressure,s1_pressure,,,Spot,1252.0,queue_pressure_log_spot_5bps_1s,False,False,True,spec,queue_pressure_log_5bps
queue_pressure_spot_10bps_15s_btc,queue_pressure_spot_10bps_15s,btc,S1,Pressure,s1_pressure,,15.0,Spot,1253.0,queue_pressure_spot_10bps_15s,False,False,True,spec,queue_pressure_10bps
queue_pressure_spot_10bps_5s_btc,queue_pressure_spot_10bps_5s,btc,S1,Pressure,s1_pressure,,5.0,Spot,1254.0,queue_pressure_spot_10bps_5s,False,False,True,spec,queue_pressure_10bps
queue_pressure_spot_10bps_60s_btc,queue_pressure_spot_10bps_60s,btc,S1,Pressure,s1_pressure,,60.0,Spot,1255.0,queue_pressure_spot_10bps_60s,False,False,True,spec,queue_pressure_10bps
queue_pressure_spot_1bps_1s_btc,queue_pressure_spot_1bps_1s,btc,S1,Pressure,s1_pressure,,,Spot,1256.0,queue_pressure_spot_1bps_1s,False,False,True,spec,queue_pressure_1bps
queue_pressure_spot_1bps_5s_btc,queue_pressure_spot_1bps_5s,btc,S1,Pressure,s1_pressure,,5.0,Spot,1257.0,queue_pressure_spot_1bps_5s,False,False,True,spec,queue_pressure_1bps
queue_pressure_spot_2bps_15s_btc,queue_pressure_spot_2bps_15s,btc,S1,Pressure,s1_pressure,,15.0,Spot,1258.0,queue_pressure_spot_2bps_15s,False,False,True,spec,queue_pressure_2bps
queue_pressure_spot_2bps_1s_btc,queue_pressure_spot_2bps_1s,btc,S1,Pressure,s1_pressure,,,Spot,1259.0,queue_pressure_spot_2bps_1s,False,False,True,spec,queue_pressure_2bps
queue_pressure_spot_2bps_5s_btc,queue_pressure_spot_2bps_5s,btc,S1,Pressure,s1_pressure,,5.0,Spot,1260.0,queue_pressure_spot_2bps_5s,False,False,True,spec,queue_pressure_2bps
queue_pressure_spot_2bps_60s_btc,queue_pressure_spot_2bps_60s,btc,S1,Pressure,s1_pressure,,60.0,Spot,1261.0,queue_pressure_spot_2bps_60s,False,False,True,spec,queue_pressure_2bps
queue_pressure_spot_5bps_15s_btc,queue_pressure_spot_5bps_15s,btc,S1,Pressure,s1_pressure,,15.0,Spot,1262.0,queue_pressure_spot_5bps_15s,False,False,True,spec,queue_pressure_5bps
queue_pressure_spot_5bps_1s_btc,queue_pressure_spot_5bps_1s,btc,S1,Pressure,s1_pressure,,,Spot,1263.0,queue_pressure_spot_5bps_1s,False,False,True,spec,queue_pressure_5bps
queue_pressure_spot_5bps_5s_btc,queue_pressure_spot_5bps_5s,btc,S1,Pressure,s1_pressure,,5.0,Spot,1264.0,queue_pressure_spot_5bps_5s,False,False,True,spec,queue_pressure_5bps
queue_pressure_spot_5bps_60s_btc,queue_pressure_spot_5bps_60s,btc,S1,Pressure,s1_pressure,,60.0,Spot,1265.0,queue_pressure_spot_5bps_60s,False,False,True,spec,queue_pressure_5bps
lwp_mid_5bps_fut_60s_btc,lwp_mid_5bps_fut_60s,btc,S1,Price,s1_price,,60.0,Futures,1266.0,lwp_mid_5bps_fut_60s,False,False,True,spec,lwp_mid_5bps
lwp_mid_5bps_fut_300s_btc,lwp_mid_5bps_fut_300s,btc,S1,Price,s1_price,,300.0,Futures,1267.0,lwp_mid_5bps_fut_300s,False,False,True,spec,lwp_mid_5bps
lwp_mid_5bps_fut_900s_btc,lwp_mid_5bps_fut_900s,btc,S1,Price,s1_price,,900.0,Futures,1268.0,lwp_mid_5bps_fut_900s,False,False,True,spec,lwp_mid_5bps
lwp_mid_5bps_spot_60s_btc,lwp_mid_5bps_spot_60s,btc,S1,Price,s1_price,,60.0,Spot,1269.0,lwp_mid_5bps_spot_60s,False,False,True,spec,lwp_mid_5bps
lwp_mid_5bps_spot_300s_btc,lwp_mid_5bps_spot_300s,btc,S1,Price,s1_price,,300.0,Spot,1270.0,lwp_mid_5bps_spot_300s,False,False,True,spec,lwp_mid_5bps
lwp_mid_5bps_spot_900s_btc,lwp_mid_5bps_spot_900s,btc,S1,Price,s1_price,,900.0,Spot,1271.0,lwp_mid_5bps_spot_900s,False,False,True,spec,lwp_mid_5bps
lwp_mid_10bps_fut_60s_btc,lwp_mid_10bps_fut_60s,btc,S1,Price,s1_price,,60.0,Futures,1272.0,lwp_mid_10bps_fut_60s,False,False,True,spec,lwp_mid_10bps
lwp_mid_10bps_fut_300s_btc,lwp_mid_10bps_fut_300s,btc,S1,Price,s1_price,,300.0,Futures,1273.0,lwp_mid_10bps_fut_300s,False,False,True,spec,lwp_mid_10bps
lwp_mid_10bps_fut_900s_btc,lwp_mid_10bps_fut_900s,btc,S1,Price,s1_price,,900.0,Futures,1274.0,lwp_mid_10bps_fut_900s,False,False,True,spec,lwp_mid_10bps
lwp_mid_10bps_spot_60s_btc,lwp_mid_10bps_spot_60s,btc,S1,Price,s1_price,,60.0,Spot,1275.0,lwp_mid_10bps_spot_60s,False,False,True,spec,lwp_mid_10bps
lwp_mid_10bps_spot_300s_btc,lwp_mid_10bps_spot_300s,btc,S1,Price,s1_price,,300.0,Spot,1276.0,lwp_mid_10bps_spot_300s,False,False,True,spec,lwp_mid_10bps
lwp_mid_10bps_spot_900s_btc,lwp_mid_10bps_spot_900s,btc,S1,Price,s1_price,,900.0,Spot,1277.0,lwp_mid_10bps_spot_900s,False,False,True,spec,lwp_mid_10bps
lwp_mid_struct50_fut_60s_btc,lwp_mid_struct50_fut_60s,btc,S1,Price,s1_price,,60.0,Futures,1278.0,lwp_mid_struct50_fut_60s,False,False,True,spec,lwp_mid_struct50
lwp_mid_struct50_fut_300s_btc,lwp_mid_struct50_fut_300s,btc,S1,Price,s1_price,,300.0,Futures,1279.0,lwp_mid_struct50_fut_300s,False,False,True,spec,lwp_mid_struct50
lwp_mid_struct50_fut_900s_btc,lwp_mid_struct50_fut_900s,btc,S1,Price,s1_price,,900.0,Futures,1280.0,lwp_mid_struct50_fut_900s,False,False,True,spec,lwp_mid_struct50
lwp_mid_struct50_spot_60s_btc,lwp_mid_struct50_spot_60s,btc,S1,Price,s1_price,,60.0,Spot,1281.0,lwp_mid_struct50_spot_60s,False,False,True,spec,lwp_mid_struct50
lwp_mid_struct50_spot_300s_btc,lwp_mid_struct50_spot_300s,btc,S1,Price,s1_price,,300.0,Spot,1282.0,lwp_mid_struct50_spot_300s,False,False,True,spec,lwp_mid_struct50
lwp_mid_struct50_spot_900s_btc,lwp_mid_struct50_spot_900s,btc,S1,Price,s1_price,,900.0,Spot,1283.0,lwp_mid_struct50_spot_900s,False,False,True,spec,lwp_mid_struct50
lwp_mid_struct100_fut_60s_btc,lwp_mid_struct100_fut_60s,btc,S1,Price,s1_price,,60.0,Futures,1284.0,lwp_mid_struct100_fut_60s,False,False,True,spec,lwp_mid_struct100
lwp_mid_struct100_fut_300s_btc,lwp_mid_struct100_fut_300s,btc,S1,Price,s1_price,,300.0,Futures,1285.0,lwp_mid_struct100_fut_300s,False,False,True,spec,lwp_mid_struct100
lwp_mid_struct100_fut_900s_btc,lwp_mid_struct100_fut_900s,btc,S1,Price,s1_price,,900.0,Futures,1286.0,lwp_mid_struct100_fut_900s,False,False,True,spec,lwp_mid_struct100
lwp_mid_struct100_spot_60s_btc,lwp_mid_struct100_spot_60s,btc,S1,Price,s1_price,,60.0,Spot,1287.0,lwp_mid_struct100_spot_60s,False,False,True,spec,lwp_mid_struct100
lwp_mid_struct100_spot_300s_btc,lwp_mid_struct100_spot_300s,btc,S1,Price,s1_price,,300.0,Spot,1288.0,lwp_mid_struct100_spot_300s,False,False,True,spec,lwp_mid_struct100
lwp_mid_struct100_spot_900s_btc,lwp_mid_struct100_spot_900s,btc,S1,Price,s1_price,,900.0,Spot,1289.0,lwp_mid_struct100_spot_900s,False,False,True,spec,lwp_mid_struct100
basis_1s_btc,basis_1s,btc,S1,Price,s1_price,,,Futures,1290.0,basis_1s,False,False,True,spec,basis
basis_300s_btc,basis_300s,btc,S1,Price,s1_price,,300.0,Futures,1291.0,basis_300s,False,False,True,spec,basis
basis_60s_btc,basis_60s,btc,S1,Price,s1_price,,60.0,Futures,1292.0,basis_60s,False,False,True,spec,basis
spread_fut_300s_btc,spread_fut_300s,btc,S1,Price,s1_price,,300.0,Futures,1293.0,spread_fut_300s,False,False,True,spec,spread
spread_fut_60s_btc,spread_fut_60s,btc,S1,Price,s1_price,,60.0,Futures,1294.0,spread_fut_60s,False,False,True,spec,spread
spread_fut_900s_btc,spread_fut_900s,btc,S1,Price,s1_price,,900.0,Futures,1295.0,spread_fut_900s,False,False,True,spec,spread
spread_spot_300s_btc,spread_spot_300s,btc,S1,Price,s1_price,,300.0,Spot,1296.0,spread_spot_300s,False,False,True,spec,spread
spread_spot_60s_btc,spread_spot_60s,btc,S1,Price,s1_price,,60.0,Spot,1297.0,spread_spot_60s,False,False,True,spec,spread
spread_spot_900s_btc,spread_spot_900s,btc,S1,Price,s1_price,,900.0,Spot,1298.0,spread_spot_900s,False,False,True,spec,spread
vwap_fut_1s_btc,vwap_fut_1s,btc,S1,Price,s1_price,,,Futures,1299.0,vwap_fut_1s,False,False,True,spec,vwap
vwap_spot_1s_btc,vwap_spot_1s,btc,S1,Price,s1_price,,,Spot,1300.0,vwap_spot_1s,False,False,True,spec,vwap
range_pct_spot_3600s_btc,range_pct_spot_3600s,btc,S1,Range,s1_range,,3600.0,Spot,1301.0,range_pct_spot_3600s,False,False,True,spec,range_pct
range_pos_spot_3600s_btc,range_pos_spot_3600s,btc,S1,Range,s1_range,,3600.0,Spot,1302.0,range_pos_spot_3600s,False,False,True,spec,range_pos
range_pct_fut_3600s_btc,range_pct_fut_3600s,btc,S1,Range,s1_range,,3600.0,Futures,1303.0,range_pct_fut_3600s,False,False,True,spec,range_pct
range_pos_fut_3600s_btc,range_pos_fut_3600s,btc,S1,Range,s1_range,,3600.0,Futures,1304.0,range_pos_fut_3600s,False,False,True,spec,range_pos
dist_to_day_high_bps_spot_btc,dist_to_day_high_bps_spot,btc,S1,Range,s1_range,,,Spot,1305.0,dist_to_day_high_bps_spot,False,False,True,spec,dist_to_day_high_bps
dist_to_day_low_bps_spot_btc,dist_to_day_low_bps_spot,btc,S1,Range,s1_range,,,Spot,1306.0,dist_to_day_low_bps_spot,False,False,True,spec,dist_to_day_low_bps
range_pos_day_spot_btc,range_pos_day_spot,btc,S1,Range,s1_range,,,Spot,1307.0,range_pos_day_spot,False,False,True,spec,range_pos_day
day_range_bps_spot_btc,day_range_bps_spot,btc,S1,Range,s1_range,,,Spot,1308.0,day_range_bps_spot,False,False,True,spec,day_range_bps
dist_to_day_high_bps_fut_btc,dist_to_day_high_bps_fut,btc,S1,Range,s1_range,,,Futures,1309.0,dist_to_day_high_bps_fut,False,False,True,spec,dist_to_day_high_bps
dist_to_day_low_bps_fut_btc,dist_to_day_low_bps_fut,btc,S1,Range,s1_range,,,Futures,1310.0,dist_to_day_low_bps_fut,False,False,True,spec,dist_to_day_low_bps
range_pos_day_fut_btc,range_pos_day_fut,btc,S1,Range,s1_range,,,Futures,1311.0,range_pos_day_fut,False,False,True,spec,range_pos_day
day_range_bps_fut_btc,day_range_bps_fut,btc,S1,Range,s1_range,,,Futures,1312.0,day_range_bps_fut,False,False,True,spec,day_range_bps
ret_fwd_15s_btc,ret_fwd_15s,btc,S1,Returns,s1_returns,,15.0,Futures,1313.0,ret_fwd_15s,False,True,False,spec,ret_fwd
ret_fwd_1s_btc,ret_fwd_1s,btc,S1,Returns,s1_returns,,1.0,Futures,1314.0,ret_fwd_1s,False,True,False,spec,ret_fwd
ret_fwd_300s_btc,ret_fwd_300s,btc,S1,Returns,s1_returns,,300.0,Futures,1315.0,ret_fwd_300s,False,True,False,spec,ret_fwd
ret_fwd_60s_btc,ret_fwd_60s,btc,S1,Returns,s1_returns,,60.0,Futures,1316.0,ret_fwd_60s,False,True,False,spec,ret_fwd
ret_fwd_900s_btc,ret_fwd_900s,btc,S1,Returns,s1_returns,,900.0,Futures,1317.0,ret_fwd_900s,False,True,False,spec,ret_fwd
ret_mid_fut_1s_btc,ret_mid_fut_1s,btc,S1,Returns,s1_returns,,,Futures,1318.0,ret_mid_fut_1s,False,True,False,spec,ret_mid
ret_mid_spot_1s_btc,ret_mid_spot_1s,btc,S1,Returns,s1_returns,,,Spot,1319.0,ret_mid_spot_1s,False,True,False,spec,ret_mid
ret_fwd_5s_btc,ret_fwd_5s,btc,S1,Returns,s1_returns,,5.0,Futures,1320.0,ret_fwd_5s,False,True,False,spec,ret_fwd
ret_fwd_30s_btc,ret_fwd_30s,btc,S1,Returns,s1_returns,,30.0,Futures,1321.0,ret_fwd_30s,False,True,False,spec,ret_fwd
ret_fwd_120s_btc,ret_fwd_120s,btc,S1,Returns,s1_returns,,120.0,Futures,1322.0,ret_fwd_120s,False,True,False,spec,ret_fwd
mae_fwd_15s_bps_btc,mae_fwd_15s_bps,btc,S1,Forward Excursion,s1_forward_excursion,,15.0,Futures,1323.0,mae_fwd_15s_bps,False,True,False,spec,mae_fwd_bps
mae_fwd_60s_bps_btc,mae_fwd_60s_bps,btc,S1,Forward Excursion,s1_forward_excursion,,60.0,Futures,1324.0,mae_fwd_60s_bps,False,True,False,spec,mae_fwd_bps
mae_fwd_300s_bps_btc,mae_fwd_300s_bps,btc,S1,Forward Excursion,s1_forward_excursion,,300.0,Futures,1325.0,mae_fwd_300s_bps,False,True,False,spec,mae_fwd_bps
mae_fwd_900s_bps_btc,mae_fwd_900s_bps,btc,S1,Forward Excursion,s1_forward_excursion,,900.0,Futures,1326.0,mae_fwd_900s_bps,False,True,False,spec,mae_fwd_bps
mfe_fwd_15s_bps_btc,mfe_fwd_15s_bps,btc,S1,Forward Excursion,s1_forward_excursion,,15.0,Futures,1327.0,mfe_fwd_15s_bps,False,True,False,spec,mfe_fwd_bps
mfe_fwd_60s_bps_btc,mfe_fwd_60s_bps,btc,S1,Forward Excursion,s1_forward_excursion,,60.0,Futures,1328.0,mfe_fwd_60s_bps,False,True,False,spec,mfe_fwd_bps
mfe_fwd_300s_bps_btc,mfe_fwd_300s_bps,btc,S1,Forward Excursion,s1_forward_excursion,,300.0,Futures,1329.0,mfe_fwd_300s_bps,False,True,False,spec,mfe_fwd_bps
mfe_fwd_900s_bps_btc,mfe_fwd_900s_bps,btc,S1,Forward Excursion,s1_forward_excursion,,900.0,Futures,1330.0,mfe_fwd_900s_bps,False,True,False,spec,mfe_fwd_bps
rv_fwd_60s_btc,rv_fwd_60s,btc,S1,Forward RV,s1_forward_rv,,60.0,Futures,1331.0,rv_fwd_60s,False,True,False,spec,rv_fwd
rv_fwd_300s_btc,rv_fwd_300s,btc,S1,Forward RV,s1_forward_rv,,300.0,Futures,1332.0,rv_fwd_300s,False,True,False,spec,rv_fwd
rv_fwd_900s_btc,rv_fwd_900s,btc,S1,Forward RV,s1_forward_rv,,900.0,Futures,1333.0,rv_fwd_900s,False,True,False,spec,rv_fwd
ema_50_5m_fut_btc,ema_50_5m_fut,btc,S1,Trend,s1_trend,,,Futures,1334.0,ema_50_5m_fut,False,False,True,spec,ema_50
ema_50_15m_fut_btc,ema_50_15m_fut,btc,S1,Trend,s1_trend,,,Futures,1335.0,ema_50_15m_fut,False,False,True,spec,ema_50
ema_50_60m_fut_btc,ema_50_60m_fut,btc,S1,Trend,s1_trend,,,Futures,1336.0,ema_50_60m_fut,False,False,True,spec,ema_50
ema_50_240m_fut_btc,ema_50_240m_fut,btc,S1,Trend,s1_trend,,,Futures,1337.0,ema_50_240m_fut,False,False,True,spec,ema_50
ema_200_5m_fut_btc,ema_200_5m_fut,btc,S1,Trend,s1_trend,,,Futures,1338.0,ema_200_5m_fut,False,False,True,spec,ema_200
ema_200_15m_fut_btc,ema_200_15m_fut,btc,S1,Trend,s1_trend,,,Futures,1339.0,ema_200_15m_fut,False,False,True,spec,ema_200
ema_200_60m_fut_btc,ema_200_60m_fut,btc,S1,Trend,s1_trend,,,Futures,1340.0,ema_200_60m_fut,False,False,True,spec,ema_200
ema_200_240m_fut_btc,ema_200_240m_fut,btc,S1,Trend,s1_trend,,,Futures,1341.0,ema_200_240m_fut,False,False,True,spec,ema_200
price_vs_ema_50_5m_bps_fut_btc,price_vs_ema_50_5m_bps_fut,btc,S1,Trend,s1_trend,,,Futures,1342.0,price_vs_ema_50_5m_bps_fut,False,False,True,spec,price_vs_ema_50_bps
price_vs_ema_50_15m_bps_fut_btc,price_vs_ema_50_15m_bps_fut,btc,S1,Trend,s1_trend,,,Futures,1343.0,price_vs_ema_50_15m_bps_fut,False,False,True,spec,price_vs_ema_50_bps
price_vs_ema_50_60m_bps_fut_btc,price_vs_ema_50_60m_bps_fut,btc,S1,Trend,s1_trend,,,Futures,1344.0,price_vs_ema_50_60m_bps_fut,False,False,True,spec,price_vs_ema_50_bps
price_vs_ema_50_240m_bps_fut_btc,price_vs_ema_50_240m_bps_fut,btc,S1,Trend,s1_trend,,,Futures,1345.0,price_vs_ema_50_240m_bps_fut,False,False,True,spec,price_vs_ema_50_bps
price_vs_ema_200_5m_bps_fut_btc,price_vs_ema_200_5m_bps_fut,btc,S1,Trend,s1_trend,,,Futures,1346.0,price_vs_ema_200_5m_bps_fut,False,False,True,spec,price_vs_ema_200_bps
price_vs_ema_200_15m_bps_fut_btc,price_vs_ema_200_15m_bps_fut,btc,S1,Trend,s1_trend,,,Futures,1347.0,price_vs_ema_200_15m_bps_fut,False,False,True,spec,price_vs_ema_200_bps
price_vs_ema_200_60m_bps_fut_btc,price_vs_ema_200_60m_bps_fut,btc,S1,Trend,s1_trend,,,Futures,1348.0,price_vs_ema_200_60m_bps_fut,False,False,True,spec,price_vs_ema_200_bps
price_vs_ema_200_240m_bps_fut_btc,price_vs_ema_200_240m_bps_fut,btc,S1,Trend,s1_trend,,,Futures,1349.0,price_vs_ema_200_240m_bps_fut,False,False,True,spec,price_vs_ema_200_bps
ema_slope_50_15m_bps_fut_btc,ema_slope_50_15m_bps_fut,btc,S1,Trend,s1_trend,,,Futures,1350.0,ema_slope_50_15m_bps_fut,False,False,True,spec,ema_slope_50_bps
ema_slope_50_60m_bps_fut_btc,ema_slope_50_60m_bps_fut,btc,S1,Trend,s1_trend,,,Futures,1351.0,ema_slope_50_60m_bps_fut,False,False,True,spec,ema_slope_50_bps
ema_slope_50_240m_bps_fut_btc,ema_slope_50_240m_bps_fut,btc,S1,Trend,s1_trend,,,Futures,1352.0,ema_slope_50_240m_bps_fut,False,False,True,spec,ema_slope_50_bps
ema_slope_200_15m_bps_fut_btc,ema_slope_200_15m_bps_fut,btc,S1,Trend,s1_trend,,,Futures,1353.0,ema_slope_200_15m_bps_fut,False,False,True,spec,ema_slope_200_bps
ema_slope_200_60m_bps_fut_btc,ema_slope_200_60m_bps_fut,btc,S1,Trend,s1_trend,,,Futures,1354.0,ema_slope_200_60m_bps_fut,False,False,True,spec,ema_slope_200_bps
ema_slope_200_240m_bps_fut_btc,ema_slope_200_240m_bps_fut,btc,S1,Trend,s1_trend,,,Futures,1355.0,ema_slope_200_240m_bps_fut,False,False,True,spec,ema_slope_200_bps
trend_aligned_15m_fut_btc,trend_aligned_15m_fut,btc,S1,Trend,s1_trend,,,Futures,1356.0,trend_aligned_15m_fut,False,False,True,spec,trend_aligned
trend_aligned_60m_fut_btc,trend_aligned_60m_fut,btc,S1,Trend,s1_trend,,,Futures,1357.0,trend_aligned_60m_fut,False,False,True,spec,trend_aligned
trend_aligned_240m_fut_btc,trend_aligned_240m_fut,btc,S1,Trend,s1_trend,,,Futures,1358.0,trend_aligned_240m_fut,False,False,True,spec,trend_aligned
dist_to_week_open_bps_fut_btc,dist_to_week_open_bps_fut,btc,S1,Session Levels,s1_session_levels,,,Futures,1359.0,dist_to_week_open_bps_fut,False,False,True,spec,dist_to_week_open_bps
dist_to_week_high_bps_fut_btc,dist_to_week_high_bps_fut,btc,S1,Session Levels,s1_session_levels,,,Futures,1360.0,dist_to_week_high_bps_fut,False,False,True,spec,dist_to_week_high_bps
dist_to_week_low_bps_fut_btc,dist_to_week_low_bps_fut,btc,S1,Session Levels,s1_session_levels,,,Futures,1361.0,dist_to_week_low_bps_fut,False,False,True,spec,dist_to_week_low_bps
dist_to_prev_week_high_bps_fut_btc,dist_to_prev_week_high_bps_fut,btc,S1,Session Levels,s1_session_levels,,,Futures,1362.0,dist_to_prev_week_high_bps_fut,False,False,True,spec,dist_to_prev_week_high_bps
dist_to_prev_week_low_bps_fut_btc,dist_to_prev_week_low_bps_fut,btc,S1,Session Levels,s1_session_levels,,,Futures,1363.0,dist_to_prev_week_low_bps_fut,False,False,True,spec,dist_to_prev_week_low_bps
dist_to_month_open_bps_fut_btc,dist_to_month_open_bps_fut,btc,S1,Session Levels,s1_session_levels,,,Futures,1364.0,dist_to_month_open_bps_fut,False,False,True,spec,dist_to_month_open_bps
dist_to_month_high_bps_fut_btc,dist_to_month_high_bps_fut,btc,S1,Session Levels,s1_session_levels,,,Futures,1365.0,dist_to_month_high_bps_fut,False,False,True,spec,dist_to_month_high_bps
dist_to_month_low_bps_fut_btc,dist_to_month_low_bps_fut,btc,S1,Session Levels,s1_session_levels,,,Futures,1366.0,dist_to_month_low_bps_fut,False,False,True,spec,dist_to_month_low_bps
dist_to_prev_month_high_bps_fut_btc,dist_to_prev_month_high_bps_fut,btc,S1,Session Levels,s1_session_levels,,,Futures,1367.0,dist_to_prev_month_high_bps_fut,False,False,True,spec,dist_to_prev_month_high_bps
dist_to_prev_month_low_bps_fut_btc,dist_to_prev_month_low_bps_fut,btc,S1,Session Levels,s1_session_levels,,,Futures,1368.0,dist_to_prev_month_low_bps_fut,False,False,True,spec,dist_to_prev_month_low_bps
dist_to_monday_high_bps_fut_btc,dist_to_monday_high_bps_fut,btc,S1,Session Levels,s1_session_levels,,,Futures,1369.0,dist_to_monday_high_bps_fut,False,False,True,spec,dist_to_monday_high_bps
dist_to_monday_low_bps_fut_btc,dist_to_monday_low_bps_fut,btc,S1,Session Levels,s1_session_levels,,,Futures,1370.0,dist_to_monday_low_bps_fut,False,False,True,spec,dist_to_monday_low_bps
dist_to_prev_day_high_bps_fut_btc,dist_to_prev_day_high_bps_fut,btc,S1,Session Levels,s1_session_levels,,,Futures,1371.0,dist_to_prev_day_high_bps_fut,False,False,True,spec,dist_to_prev_day_high_bps
dist_to_prev_day_low_bps_fut_btc,dist_to_prev_day_low_bps_fut,btc,S1,Session Levels,s1_session_levels,,,Futures,1372.0,dist_to_prev_day_low_bps_fut,False,False,True,spec,dist_to_prev_day_low_bps
range_pos_week_fut_btc,range_pos_week_fut,btc,S1,Session Levels,s1_session_levels,,,Futures,1373.0,range_pos_week_fut,False,False,True,spec,range_pos_week
range_pos_month_fut_btc,range_pos_month_fut,btc,S1,Session Levels,s1_session_levels,,,Futures,1374.0,range_pos_month_fut,False,False,True,spec,range_pos_month
week_range_bps_fut_btc,week_range_bps_fut,btc,S1,Session Levels,s1_session_levels,,,Futures,1375.0,week_range_bps_fut,False,False,True,spec,week_range_bps
month_range_bps_fut_btc,month_range_bps_fut,btc,S1,Session Levels,s1_session_levels,,,Futures,1376.0,month_range_bps_fut,False,False,True,spec,month_range_bps
above_week_open_fut_btc,above_week_open_fut,btc,S1,Level Events,s1_level_events,,,Futures,1391.0,above_week_open_fut,False,False,True,spec,above_week_open
above_prev_day_high_fut_btc,above_prev_day_high_fut,btc,S1,Level Events,s1_level_events,,,Futures,1392.0,above_prev_day_high_fut,False,False,True,spec,above_prev_day_high
below_prev_day_low_fut_btc,below_prev_day_low_fut,btc,S1,Level Events,s1_level_events,,,Futures,1393.0,below_prev_day_low_fut,False,False,True,spec,below_prev_day_low
above_prev_week_high_fut_btc,above_prev_week_high_fut,btc,S1,Level Events,s1_level_events,,,Futures,1394.0,above_prev_week_high_fut,False,False,True,spec,above_prev_week_high
below_prev_week_low_fut_btc,below_prev_week_low_fut,btc,S1,Level Events,s1_level_events,,,Futures,1395.0,below_prev_week_low_fut,False,False,True,spec,below_prev_week_low
reclaimed_week_open_300s_fut_btc,reclaimed_week_open_300s_fut,btc,S1,Level Events,s1_level_events,,300.0,Futures,1396.0,reclaimed_week_open_300s_fut,False,False,True,spec,reclaimed_week_open
reclaimed_week_open_900s_fut_btc,reclaimed_week_open_900s_fut,btc,S1,Level Events,s1_level_events,,900.0,Futures,1397.0,reclaimed_week_open_900s_fut,False,False,True,spec,reclaimed_week_open
broke_prev_day_high_60s_fut_btc,broke_prev_day_high_60s_fut,btc,S1,Level Events,s1_level_events,,60.0,Futures,1398.0,broke_prev_day_high_60s_fut,False,False,True,spec,broke_prev_day_high
broke_prev_day_high_300s_fut_btc,broke_prev_day_high_300s_fut,btc,S1,Level Events,s1_level_events,,300.0,Futures,1399.0,broke_prev_day_high_300s_fut,False,False,True,spec,broke_prev_day_high
broke_prev_day_high_900s_fut_btc,broke_prev_day_high_900s_fut,btc,S1,Level Events,s1_level_events,,900.0,Futures,1400.0,broke_prev_day_high_900s_fut,False,False,True,spec,broke_prev_day_high
broke_prev_week_high_300s_fut_btc,broke_prev_week_high_300s_fut,btc,S1,Level Events,s1_level_events,,300.0,Futures,1401.0,broke_prev_week_high_300s_fut,False,False,True,spec,broke_prev_week_high
broke_prev_week_high_900s_fut_btc,broke_prev_week_high_900s_fut,btc,S1,Level Events,s1_level_events,,900.0,Futures,1402.0,broke_prev_week_high_900s_fut,False,False,True,spec,broke_prev_week_high
broke_prev_day_low_60s_fut_btc,broke_prev_day_low_60s_fut,btc,S1,Level Events,s1_level_events,,60.0,Futures,1403.0,broke_prev_day_low_60s_fut,False,False,True,spec,broke_prev_day_low
broke_prev_day_low_300s_fut_btc,broke_prev_day_low_300s_fut,btc,S1,Level Events,s1_level_events,,300.0,Futures,1404.0,broke_prev_day_low_300s_fut,False,False,True,spec,broke_prev_day_low
broke_prev_day_low_900s_fut_btc,broke_prev_day_low_900s_fut,btc,S1,Level Events,s1_level_events,,900.0,Futures,1405.0,broke_prev_day_low_900s_fut,False,False,True,spec,broke_prev_day_low
broke_prev_week_low_300s_fut_btc,broke_prev_week_low_300s_fut,btc,S1,Level Events,s1_level_events,,300.0,Futures,1406.0,broke_prev_week_low_300s_fut,False,False,True,spec,broke_prev_week_low
broke_prev_week_low_900s_fut_btc,broke_prev_week_low_900s_fut,btc,S1,Level Events,s1_level_events,,900.0,Futures,1407.0,broke_prev_week_low_900s_fut,False,False,True,spec,broke_prev_week_low
dist_to_fib_382_week_bps_fut_btc,dist_to_fib_382_week_bps_fut,btc,S1,Range,s1_range,,,Futures,1408.0,dist_to_fib_382_week_bps_fut,False,False,True,spec,dist_to_fib_382_week_bps
dist_to_fib_500_week_bps_fut_btc,dist_to_fib_500_week_bps_fut,btc,S1,Range,s1_range,,,Futures,1409.0,dist_to_fib_500_week_bps_fut,False,False,True,spec,dist_to_fib_500_week_bps
dist_to_fib_618_week_bps_fut_btc,dist_to_fib_618_week_bps_fut,btc,S1,Range,s1_range,,,Futures,1410.0,dist_to_fib_618_week_bps_fut,False,False,True,spec,dist_to_fib_618_week_bps
dist_to_fib_786_week_bps_fut_btc,dist_to_fib_786_week_bps_fut,btc,S1,Range,s1_range,,,Futures,1411.0,dist_to_fib_786_week_bps_fut,False,False,True,spec,dist_to_fib_786_week_bps
dist_to_fib_382_month_bps_fut_btc,dist_to_fib_382_month_bps_fut,btc,S1,Range,s1_range,,,Futures,1412.0,dist_to_fib_382_month_bps_fut,False,False,True,spec,dist_to_fib_382_month_bps
dist_to_fib_618_month_bps_fut_btc,dist_to_fib_618_month_bps_fut,btc,S1,Range,s1_range,,,Futures,1413.0,dist_to_fib_618_month_bps_fut,False,False,True,spec,dist_to_fib_618_month_bps
dist_to_poc_60m_bps_fut_btc,dist_to_poc_60m_bps_fut,btc,S1,Volume Profile,s1_volume_profile,,,Futures,1414.0,dist_to_poc_60m_bps_fut,False,False,True,spec,dist_to_poc_bps
dist_to_poc_240m_bps_fut_btc,dist_to_poc_240m_bps_fut,btc,S1,Volume Profile,s1_volume_profile,,,Futures,1415.0,dist_to_poc_240m_bps_fut,False,False,True,spec,dist_to_poc_bps
dist_to_poc_1d_bps_fut_btc,dist_to_poc_1d_bps_fut,btc,S1,Volume Profile,s1_volume_profile,,,Futures,1416.0,dist_to_poc_1d_bps_fut,False,False,True,spec,dist_to_poc_bps
dist_to_vah_60m_bps_fut_btc,dist_to_vah_60m_bps_fut,btc,S1,Volume Profile,s1_volume_profile,,,Futures,1417.0,dist_to_vah_60m_bps_fut,False,False,True,spec,dist_to_vah_bps
dist_to_vah_240m_bps_fut_btc,dist_to_vah_240m_bps_fut,btc,S1,Volume Profile,s1_volume_profile,,,Futures,1418.0,dist_to_vah_240m_bps_fut,False,False,True,spec,dist_to_vah_bps
dist_to_vah_1d_bps_fut_btc,dist_to_vah_1d_bps_fut,btc,S1,Volume Profile,s1_volume_profile,,,Futures,1419.0,dist_to_vah_1d_bps_fut,False,False,True,spec,dist_to_vah_bps
dist_to_val_60m_bps_fut_btc,dist_to_val_60m_bps_fut,btc,S1,Volume Profile,s1_volume_profile,,,Futures,1420.0,dist_to_val_60m_bps_fut,False,False,True,spec,dist_to_val_bps
dist_to_val_240m_bps_fut_btc,dist_to_val_240m_bps_fut,btc,S1,Volume Profile,s1_volume_profile,,,Futures,1421.0,dist_to_val_240m_bps_fut,False,False,True,spec,dist_to_val_bps
dist_to_val_1d_bps_fut_btc,dist_to_val_1d_bps_fut,btc,S1,Volume Profile,s1_volume_profile,,,Futures,1422.0,dist_to_val_1d_bps_fut,False,False,True,spec,dist_to_val_bps
price_vs_va_60m_fut_btc,price_vs_va_60m_fut,btc,S1,Volume Profile,s1_volume_profile,,,Futures,1423.0,price_vs_va_60m_fut,False,False,True,spec,price_vs_va
price_vs_va_240m_fut_btc,price_vs_va_240m_fut,btc,S1,Volume Profile,s1_volume_profile,,,Futures,1424.0,price_vs_va_240m_fut,False,False,True,spec,price_vs_va
price_vs_va_1d_fut_btc,price_vs_va_1d_fut,btc,S1,Volume Profile,s1_volume_profile,,,Futures,1425.0,price_vs_va_1d_fut,False,False,True,spec,price_vs_va
absorption_asymmetry_fut_1bps_15s_btc,absorption_asymmetry_fut_1bps_15s,btc,S2,Absorption,s2_absorption,,15.0,Futures,2000.0,absorption_asymmetry_fut_1bps_15s,False,False,True,spec,absorption_asymmetry_1bps
absorption_asymmetry_spot_1bps_15s_btc,absorption_asymmetry_spot_1bps_15s,btc,S2,Absorption,s2_absorption,,15.0,Spot,2001.0,absorption_asymmetry_spot_1bps_15s,False,False,True,spec,absorption_asymmetry_1bps
aggressor_absorption_ratio_fut_2bps_60s_btc,aggressor_absorption_ratio_fut_2bps_60s,btc,S2,Absorption,s2_absorption,,60.0,Futures,2002.0,aggressor_absorption_ratio_fut_2bps_60s,False,False,True,spec,aggressor_absorption_ratio_2bps
aggressor_absorption_ratio_fut_5bps_60s_btc,aggressor_absorption_ratio_fut_5bps_60s,btc,S2,Absorption,s2_absorption,,60.0,Futures,2003.0,aggressor_absorption_ratio_fut_5bps_60s,False,False,True,spec,aggressor_absorption_ratio_5bps
aggressor_absorption_ratio_spot_2bps_60s_btc,aggressor_absorption_ratio_spot_2bps_60s,btc,S2,Absorption,s2_absorption,,60.0,Spot,2004.0,aggressor_absorption_ratio_spot_2bps_60s,False,False,True,spec,aggressor_absorption_ratio_2bps
aggressor_absorption_ratio_spot_5bps_60s_btc,aggressor_absorption_ratio_spot_5bps_60s,btc,S2,Absorption,s2_absorption,,60.0,Spot,2005.0,aggressor_absorption_ratio_spot_5bps_60s,False,False,True,spec,aggressor_absorption_ratio_5bps
absorption_volume_ask_fut_1bps_60s_btc,absorption_volume_ask_fut_1bps_60s,btc,S2,Absorption,s2_absorption,,60.0,Futures,2006.0,absorption_volume_ask_fut_1bps_60s,False,False,True,spec,absorption_volume_ask_1bps
absorption_volume_ask_spot_1bps_60s_btc,absorption_volume_ask_spot_1bps_60s,btc,S2,Absorption,s2_absorption,,60.0,Spot,2007.0,absorption_volume_ask_spot_1bps_60s,False,False,True,spec,absorption_volume_ask_1bps
absorption_volume_bid_fut_1bps_60s_btc,absorption_volume_bid_fut_1bps_60s,btc,S2,Absorption,s2_absorption,,60.0,Futures,2008.0,absorption_volume_bid_fut_1bps_60s,False,False,True,spec,absorption_volume_bid_1bps
absorption_volume_bid_spot_1bps_60s_btc,absorption_volume_bid_spot_1bps_60s,btc,S2,Absorption,s2_absorption,,60.0,Spot,2009.0,absorption_volume_bid_spot_1bps_60s,False,False,True,spec,absorption_volume_bid_1bps
absorb_refill_ask_fut_10bps_1s_btc,absorb_refill_ask_fut_10bps_1s,btc,S2,Absorption,s2_absorption,,1.0,Futures,2010.0,absorb_refill_ask_fut_10bps_1s,False,False,True,spec,absorb_refill_ask_10bps
absorb_refill_ask_fut_2bps_1s_btc,absorb_refill_ask_fut_2bps_1s,btc,S2,Absorption,s2_absorption,,1.0,Futures,2011.0,absorb_refill_ask_fut_2bps_1s,False,False,True,spec,absorb_refill_ask_2bps
absorb_refill_ask_fut_5bps_1s_btc,absorb_refill_ask_fut_5bps_1s,btc,S2,Absorption,s2_absorption,,1.0,Futures,2012.0,absorb_refill_ask_fut_5bps_1s,False,False,True,spec,absorb_refill_ask_5bps
absorb_refill_ask_spot_10bps_1s_btc,absorb_refill_ask_spot_10bps_1s,btc,S2,Absorption,s2_absorption,,1.0,Spot,2013.0,absorb_refill_ask_spot_10bps_1s,False,False,True,spec,absorb_refill_ask_10bps
absorb_refill_ask_spot_2bps_1s_btc,absorb_refill_ask_spot_2bps_1s,btc,S2,Absorption,s2_absorption,,1.0,Spot,2014.0,absorb_refill_ask_spot_2bps_1s,False,False,True,spec,absorb_refill_ask_2bps
absorb_refill_ask_spot_5bps_1s_btc,absorb_refill_ask_spot_5bps_1s,btc,S2,Absorption,s2_absorption,,1.0,Spot,2015.0,absorb_refill_ask_spot_5bps_1s,False,False,True,spec,absorb_refill_ask_5bps
absorb_refill_bid_fut_10bps_1s_btc,absorb_refill_bid_fut_10bps_1s,btc,S2,Absorption,s2_absorption,,1.0,Futures,2016.0,absorb_refill_bid_fut_10bps_1s,False,False,True,spec,absorb_refill_bid_10bps
absorb_refill_bid_fut_2bps_1s_btc,absorb_refill_bid_fut_2bps_1s,btc,S2,Absorption,s2_absorption,,1.0,Futures,2017.0,absorb_refill_bid_fut_2bps_1s,False,False,True,spec,absorb_refill_bid_2bps
absorb_refill_bid_fut_5bps_1s_btc,absorb_refill_bid_fut_5bps_1s,btc,S2,Absorption,s2_absorption,,1.0,Futures,2018.0,absorb_refill_bid_fut_5bps_1s,False,False,True,spec,absorb_refill_bid_5bps
absorb_refill_bid_spot_10bps_1s_btc,absorb_refill_bid_spot_10bps_1s,btc,S2,Absorption,s2_absorption,,1.0,Spot,2019.0,absorb_refill_bid_spot_10bps_1s,False,False,True,spec,absorb_refill_bid_10bps
absorb_refill_bid_spot_2bps_1s_btc,absorb_refill_bid_spot_2bps_1s,btc,S2,Absorption,s2_absorption,,1.0,Spot,2020.0,absorb_refill_bid_spot_2bps_1s,False,False,True,spec,absorb_refill_bid_2bps
absorb_refill_bid_spot_5bps_1s_btc,absorb_refill_bid_spot_5bps_1s,btc,S2,Absorption,s2_absorption,,1.0,Spot,2021.0,absorb_refill_bid_spot_5bps_1s,False,False,True,spec,absorb_refill_bid_5bps
trade_absorption_ratio_fut_1s_btc,trade_absorption_ratio_fut_1s,btc,S2,Absorption,s2_absorption,,1.0,Futures,2022.0,trade_absorption_ratio_fut_1s,False,False,True,spec,trade_absorption_ratio
trade_absorption_ratio_spot_1s_btc,trade_absorption_ratio_spot_1s,btc,S2,Absorption,s2_absorption,,1.0,Spot,2023.0,trade_absorption_ratio_spot_1s,False,False,True,spec,trade_absorption_ratio
avg_trade_size_fut_300s_btc,avg_trade_size_fut_300s,btc,S2,Activity,s2_activity,,300.0,Futures,2024.0,avg_trade_size_fut_300s,False,False,True,spec,avg_trade_size
avg_trade_size_fut_60s_btc,avg_trade_size_fut_60s,btc,S2,Activity,s2_activity,,60.0,Futures,2025.0,avg_trade_size_fut_60s,False,False,True,spec,avg_trade_size
avg_trade_size_fut_900s_btc,avg_trade_size_fut_900s,btc,S2,Activity,s2_activity,,900.0,Futures,2026.0,avg_trade_size_fut_900s,False,False,True,spec,avg_trade_size
avg_trade_size_spot_300s_btc,avg_trade_size_spot_300s,btc,S2,Activity,s2_activity,,300.0,Spot,2027.0,avg_trade_size_spot_300s,False,False,True,spec,avg_trade_size
avg_trade_size_spot_60s_btc,avg_trade_size_spot_60s,btc,S2,Activity,s2_activity,,60.0,Spot,2028.0,avg_trade_size_spot_60s,False,False,True,spec,avg_trade_size
avg_trade_size_spot_900s_btc,avg_trade_size_spot_900s,btc,S2,Activity,s2_activity,,900.0,Spot,2029.0,avg_trade_size_spot_900s,False,False,True,spec,avg_trade_size
l2_update_count_fut_5bps_5s_btc,l2_update_count_fut_5bps_5s,btc,S2,Activity,s2_activity,,5.0,Futures,2030.0,l2_update_count_fut_5bps_5s,False,False,True,spec,l2_update_count_5bps
l2_update_count_spot_5bps_5s_btc,l2_update_count_spot_5bps_5s,btc,S2,Activity,s2_activity,,5.0,Spot,2031.0,l2_update_count_spot_5bps_5s,False,False,True,spec,l2_update_count_5bps
taker_imbalance_fut_15s_btc,taker_imbalance_fut_15s,btc,S2,Aggression,s2_aggression,,15.0,Futures,2032.0,taker_imbalance_fut_15s,False,False,True,spec,taker_imbalance
taker_imbalance_fut_300s_btc,taker_imbalance_fut_300s,btc,S2,Aggression,s2_aggression,,300.0,Futures,2033.0,taker_imbalance_fut_300s,False,False,True,spec,taker_imbalance
taker_imbalance_fut_5s_btc,taker_imbalance_fut_5s,btc,S2,Aggression,s2_aggression,,5.0,Futures,2034.0,taker_imbalance_fut_5s,False,False,True,spec,taker_imbalance
taker_imbalance_fut_900s_btc,taker_imbalance_fut_900s,btc,S2,Aggression,s2_aggression,,900.0,Futures,2035.0,taker_imbalance_fut_900s,False,False,True,spec,taker_imbalance
taker_imbalance_spot_15s_btc,taker_imbalance_spot_15s,btc,S2,Aggression,s2_aggression,,15.0,Spot,2036.0,taker_imbalance_spot_15s,False,False,True,spec,taker_imbalance
taker_imbalance_spot_300s_btc,taker_imbalance_spot_300s,btc,S2,Aggression,s2_aggression,,300.0,Spot,2037.0,taker_imbalance_spot_300s,False,False,True,spec,taker_imbalance
taker_imbalance_spot_5s_btc,taker_imbalance_spot_5s,btc,S2,Aggression,s2_aggression,,5.0,Spot,2038.0,taker_imbalance_spot_5s,False,False,True,spec,taker_imbalance
taker_imbalance_spot_900s_btc,taker_imbalance_spot_900s,btc,S2,Aggression,s2_aggression,,900.0,Spot,2039.0,taker_imbalance_spot_900s,False,False,True,spec,taker_imbalance
taker_imbalance_fut_60s_btc,taker_imbalance_fut_60s,btc,S2,Aggression,s2_aggression,,60.0,Futures,2040.0,taker_imbalance_fut_60s,False,False,True,spec,taker_imbalance
taker_imbalance_spot_60s_btc,taker_imbalance_spot_60s,btc,S2,Aggression,s2_aggression,,60.0,Spot,2041.0,taker_imbalance_spot_60s,False,False,True,spec,taker_imbalance
depth_gradient_fut_struct100_1s_btc,depth_gradient_fut_struct100_1s,btc,S2,Bookshape,s2_bookshape,,1.0,Futures,2042.0,depth_gradient_fut_struct100_1s,False,False,True,spec,depth_gradient_struct100
depth_gradient_fut_struct50_1s_btc,depth_gradient_fut_struct50_1s,btc,S2,Bookshape,s2_bookshape,,1.0,Futures,2043.0,depth_gradient_fut_struct50_1s,False,False,True,spec,depth_gradient_struct50
depth_gradient_spot_struct100_1s_btc,depth_gradient_spot_struct100_1s,btc,S2,Bookshape,s2_bookshape,,1.0,Spot,2044.0,depth_gradient_spot_struct100_1s,False,False,True,spec,depth_gradient_struct100
depth_gradient_spot_struct50_1s_btc,depth_gradient_spot_struct50_1s,btc,S2,Bookshape,s2_bookshape,,1.0,Spot,2045.0,depth_gradient_spot_struct50_1s,False,False,True,spec,depth_gradient_struct50
liq_concentration_fut_struct100_1s_btc,liq_concentration_fut_struct100_1s,btc,S2,Bookshape,s2_bookshape,,1.0,Futures,2046.0,liq_concentration_fut_struct100_1s,False,False,True,spec,liq_concentration_struct100
liq_concentration_fut_struct50_1s_btc,liq_concentration_fut_struct50_1s,btc,S2,Bookshape,s2_bookshape,,1.0,Futures,2047.0,liq_concentration_fut_struct50_1s,False,False,True,spec,liq_concentration_struct50
liq_concentration_spot_struct100_1s_btc,liq_concentration_spot_struct100_1s,btc,S2,Bookshape,s2_bookshape,,1.0,Spot,2048.0,liq_concentration_spot_struct100_1s,False,False,True,spec,liq_concentration_struct100
liq_concentration_spot_struct50_1s_btc,liq_concentration_spot_struct50_1s,btc,S2,Bookshape,s2_bookshape,,1.0,Spot,2049.0,liq_concentration_spot_struct50_1s,False,False,True,spec,liq_concentration_struct50
book_asymmetry_fut_struct100_300s_btc,book_asymmetry_fut_struct100_300s,btc,S2,Bookshape,s2_bookshape,,300.0,Futures,2050.0,book_asymmetry_fut_struct100_300s,False,False,True,spec,book_asymmetry_struct100
book_asymmetry_fut_struct100_60s_btc,book_asymmetry_fut_struct100_60s,btc,S2,Bookshape,s2_bookshape,,60.0,Futures,2051.0,book_asymmetry_fut_struct100_60s,False,False,True,spec,book_asymmetry_struct100
book_asymmetry_fut_struct100_900s_btc,book_asymmetry_fut_struct100_900s,btc,S2,Bookshape,s2_bookshape,,900.0,Futures,2052.0,book_asymmetry_fut_struct100_900s,False,False,True,spec,book_asymmetry_struct100
book_asymmetry_fut_struct50_300s_btc,book_asymmetry_fut_struct50_300s,btc,S2,Bookshape,s2_bookshape,,300.0,Futures,2053.0,book_asymmetry_fut_struct50_300s,False,False,True,spec,book_asymmetry_struct50
book_asymmetry_fut_struct50_60s_btc,book_asymmetry_fut_struct50_60s,btc,S2,Bookshape,s2_bookshape,,60.0,Futures,2054.0,book_asymmetry_fut_struct50_60s,False,False,True,spec,book_asymmetry_struct50
book_asymmetry_fut_struct50_900s_btc,book_asymmetry_fut_struct50_900s,btc,S2,Bookshape,s2_bookshape,,900.0,Futures,2055.0,book_asymmetry_fut_struct50_900s,False,False,True,spec,book_asymmetry_struct50
book_asymmetry_spot_struct100_300s_btc,book_asymmetry_spot_struct100_300s,btc,S2,Bookshape,s2_bookshape,,300.0,Spot,2056.0,book_asymmetry_spot_struct100_300s,False,False,True,spec,book_asymmetry_struct100
book_asymmetry_spot_struct100_60s_btc,book_asymmetry_spot_struct100_60s,btc,S2,Bookshape,s2_bookshape,,60.0,Spot,2057.0,book_asymmetry_spot_struct100_60s,False,False,True,spec,book_asymmetry_struct100
book_asymmetry_spot_struct100_900s_btc,book_asymmetry_spot_struct100_900s,btc,S2,Bookshape,s2_bookshape,,900.0,Spot,2058.0,book_asymmetry_spot_struct100_900s,False,False,True,spec,book_asymmetry_struct100
book_asymmetry_spot_struct50_300s_btc,book_asymmetry_spot_struct50_300s,btc,S2,Bookshape,s2_bookshape,,300.0,Spot,2059.0,book_asymmetry_spot_struct50_300s,False,False,True,spec,book_asymmetry_struct50
book_asymmetry_spot_struct50_60s_btc,book_asymmetry_spot_struct50_60s,btc,S2,Bookshape,s2_bookshape,,60.0,Spot,2060.0,book_asymmetry_spot_struct50_60s,False,False,True,spec,book_asymmetry_struct50
book_asymmetry_spot_struct50_900s_btc,book_asymmetry_spot_struct50_900s,btc,S2,Bookshape,s2_bookshape,,900.0,Spot,2061.0,book_asymmetry_spot_struct50_900s,False,False,True,spec,book_asymmetry_struct50
liq_sum_fut_300s_btc,liq_sum_fut_300s,btc,S2,Bookshape,s2_bookshape,,300.0,Futures,2062.0,liq_sum_fut_300s,False,False,True,spec,liq_sum
liq_sum_fut_60s_btc,liq_sum_fut_60s,btc,S2,Bookshape,s2_bookshape,,60.0,Futures,2063.0,liq_sum_fut_60s,False,False,True,spec,liq_sum
liq_sum_fut_900s_btc,liq_sum_fut_900s,btc,S2,Bookshape,s2_bookshape,,900.0,Futures,2064.0,liq_sum_fut_900s,False,False,True,spec,liq_sum
liq_sum_spot_300s_btc,liq_sum_spot_300s,btc,S2,Bookshape,s2_bookshape,,300.0,Spot,2065.0,liq_sum_spot_300s,False,False,True,spec,liq_sum
liq_sum_spot_60s_btc,liq_sum_spot_60s,btc,S2,Bookshape,s2_bookshape,,60.0,Spot,2066.0,liq_sum_spot_60s,False,False,True,spec,liq_sum
liq_sum_spot_900s_btc,liq_sum_spot_900s,btc,S2,Bookshape,s2_bookshape,,900.0,Spot,2067.0,liq_sum_spot_900s,False,False,True,spec,liq_sum
max_liq_distance_ask_fut_5bps_300s_btc,max_liq_distance_ask_fut_5bps_300s,btc,S2,Bookshape,s2_bookshape,,300.0,Futures,2068.0,max_liq_distance_ask_fut_5bps_300s,False,False,True,spec,max_liq_distance_ask_5bps
max_liq_distance_ask_fut_5bps_60s_btc,max_liq_distance_ask_fut_5bps_60s,btc,S2,Bookshape,s2_bookshape,,60.0,Futures,2069.0,max_liq_distance_ask_fut_5bps_60s,False,False,True,spec,max_liq_distance_ask_5bps
max_liq_distance_ask_spot_5bps_300s_btc,max_liq_distance_ask_spot_5bps_300s,btc,S2,Bookshape,s2_bookshape,,300.0,Spot,2070.0,max_liq_distance_ask_spot_5bps_300s,False,False,True,spec,max_liq_distance_ask_5bps
max_liq_distance_ask_spot_5bps_60s_btc,max_liq_distance_ask_spot_5bps_60s,btc,S2,Bookshape,s2_bookshape,,60.0,Spot,2071.0,max_liq_distance_ask_spot_5bps_60s,False,False,True,spec,max_liq_distance_ask_5bps
max_liq_distance_bid_fut_5bps_300s_btc,max_liq_distance_bid_fut_5bps_300s,btc,S2,Bookshape,s2_bookshape,,300.0,Futures,2072.0,max_liq_distance_bid_fut_5bps_300s,False,False,True,spec,max_liq_distance_bid_5bps
max_liq_distance_bid_fut_5bps_60s_btc,max_liq_distance_bid_fut_5bps_60s,btc,S2,Bookshape,s2_bookshape,,60.0,Futures,2073.0,max_liq_distance_bid_fut_5bps_60s,False,False,True,spec,max_liq_distance_bid_5bps
max_liq_distance_bid_spot_5bps_300s_btc,max_liq_distance_bid_spot_5bps_300s,btc,S2,Bookshape,s2_bookshape,,300.0,Spot,2074.0,max_liq_distance_bid_spot_5bps_300s,False,False,True,spec,max_liq_distance_bid_5bps
max_liq_distance_bid_spot_5bps_60s_btc,max_liq_distance_bid_spot_5bps_60s,btc,S2,Bookshape,s2_bookshape,,60.0,Spot,2075.0,max_liq_distance_bid_spot_5bps_60s,False,False,True,spec,max_liq_distance_bid_5bps
depth_gradient_ask_fut_struct100_300s_btc,depth_gradient_ask_fut_struct100_300s,btc,S2,Bookshape,s2_bookshape,,300.0,Futures,2076.0,depth_gradient_ask_fut_struct100_300s,False,False,True,spec,depth_gradient_ask_struct100
depth_gradient_ask_fut_struct100_60s_btc,depth_gradient_ask_fut_struct100_60s,btc,S2,Bookshape,s2_bookshape,,60.0,Futures,2077.0,depth_gradient_ask_fut_struct100_60s,False,False,True,spec,depth_gradient_ask_struct100
depth_gradient_ask_fut_struct100_900s_btc,depth_gradient_ask_fut_struct100_900s,btc,S2,Bookshape,s2_bookshape,,900.0,Futures,2078.0,depth_gradient_ask_fut_struct100_900s,False,False,True,spec,depth_gradient_ask_struct100
depth_gradient_ask_fut_struct50_300s_btc,depth_gradient_ask_fut_struct50_300s,btc,S2,Bookshape,s2_bookshape,,300.0,Futures,2079.0,depth_gradient_ask_fut_struct50_300s,False,False,True,spec,depth_gradient_ask_struct50
depth_gradient_ask_fut_struct50_60s_btc,depth_gradient_ask_fut_struct50_60s,btc,S2,Bookshape,s2_bookshape,,60.0,Futures,2080.0,depth_gradient_ask_fut_struct50_60s,False,False,True,spec,depth_gradient_ask_struct50
depth_gradient_ask_fut_struct50_900s_btc,depth_gradient_ask_fut_struct50_900s,btc,S2,Bookshape,s2_bookshape,,900.0,Futures,2081.0,depth_gradient_ask_fut_struct50_900s,False,False,True,spec,depth_gradient_ask_struct50
depth_gradient_ask_spot_struct100_300s_btc,depth_gradient_ask_spot_struct100_300s,btc,S2,Bookshape,s2_bookshape,,300.0,Spot,2082.0,depth_gradient_ask_spot_struct100_300s,False,False,True,spec,depth_gradient_ask_struct100
depth_gradient_ask_spot_struct100_60s_btc,depth_gradient_ask_spot_struct100_60s,btc,S2,Bookshape,s2_bookshape,,60.0,Spot,2083.0,depth_gradient_ask_spot_struct100_60s,False,False,True,spec,depth_gradient_ask_struct100
depth_gradient_ask_spot_struct100_900s_btc,depth_gradient_ask_spot_struct100_900s,btc,S2,Bookshape,s2_bookshape,,900.0,Spot,2084.0,depth_gradient_ask_spot_struct100_900s,False,False,True,spec,depth_gradient_ask_struct100
depth_gradient_ask_spot_struct50_300s_btc,depth_gradient_ask_spot_struct50_300s,btc,S2,Bookshape,s2_bookshape,,300.0,Spot,2085.0,depth_gradient_ask_spot_struct50_300s,False,False,True,spec,depth_gradient_ask_struct50
depth_gradient_ask_spot_struct50_60s_btc,depth_gradient_ask_spot_struct50_60s,btc,S2,Bookshape,s2_bookshape,,60.0,Spot,2086.0,depth_gradient_ask_spot_struct50_60s,False,False,True,spec,depth_gradient_ask_struct50
depth_gradient_ask_spot_struct50_900s_btc,depth_gradient_ask_spot_struct50_900s,btc,S2,Bookshape,s2_bookshape,,900.0,Spot,2087.0,depth_gradient_ask_spot_struct50_900s,False,False,True,spec,depth_gradient_ask_struct50
depth_gradient_bid_fut_struct100_300s_btc,depth_gradient_bid_fut_struct100_300s,btc,S2,Bookshape,s2_bookshape,,300.0,Futures,2088.0,depth_gradient_bid_fut_struct100_300s,False,False,True,spec,depth_gradient_bid_struct100
depth_gradient_bid_fut_struct100_60s_btc,depth_gradient_bid_fut_struct100_60s,btc,S2,Bookshape,s2_bookshape,,60.0,Futures,2089.0,depth_gradient_bid_fut_struct100_60s,False,False,True,spec,depth_gradient_bid_struct100
depth_gradient_bid_fut_struct100_900s_btc,depth_gradient_bid_fut_struct100_900s,btc,S2,Bookshape,s2_bookshape,,900.0,Futures,2090.0,depth_gradient_bid_fut_struct100_900s,False,False,True,spec,depth_gradient_bid_struct100
depth_gradient_bid_fut_struct50_300s_btc,depth_gradient_bid_fut_struct50_300s,btc,S2,Bookshape,s2_bookshape,,300.0,Futures,2091.0,depth_gradient_bid_fut_struct50_300s,False,False,True,spec,depth_gradient_bid_struct50
depth_gradient_bid_fut_struct50_60s_btc,depth_gradient_bid_fut_struct50_60s,btc,S2,Bookshape,s2_bookshape,,60.0,Futures,2092.0,depth_gradient_bid_fut_struct50_60s,False,False,True,spec,depth_gradient_bid_struct50
depth_gradient_bid_fut_struct50_900s_btc,depth_gradient_bid_fut_struct50_900s,btc,S2,Bookshape,s2_bookshape,,900.0,Futures,2093.0,depth_gradient_bid_fut_struct50_900s,False,False,True,spec,depth_gradient_bid_struct50
depth_gradient_bid_spot_struct100_300s_btc,depth_gradient_bid_spot_struct100_300s,btc,S2,Bookshape,s2_bookshape,,300.0,Spot,2094.0,depth_gradient_bid_spot_struct100_300s,False,False,True,spec,depth_gradient_bid_struct100
depth_gradient_bid_spot_struct100_60s_btc,depth_gradient_bid_spot_struct100_60s,btc,S2,Bookshape,s2_bookshape,,60.0,Spot,2095.0,depth_gradient_bid_spot_struct100_60s,False,False,True,spec,depth_gradient_bid_struct100
depth_gradient_bid_spot_struct100_900s_btc,depth_gradient_bid_spot_struct100_900s,btc,S2,Bookshape,s2_bookshape,,900.0,Spot,2096.0,depth_gradient_bid_spot_struct100_900s,False,False,True,spec,depth_gradient_bid_struct100
depth_gradient_bid_spot_struct50_300s_btc,depth_gradient_bid_spot_struct50_300s,btc,S2,Bookshape,s2_bookshape,,300.0,Spot,2097.0,depth_gradient_bid_spot_struct50_300s,False,False,True,spec,depth_gradient_bid_struct50
depth_gradient_bid_spot_struct50_60s_btc,depth_gradient_bid_spot_struct50_60s,btc,S2,Bookshape,s2_bookshape,,60.0,Spot,2098.0,depth_gradient_bid_spot_struct50_60s,False,False,True,spec,depth_gradient_bid_struct50
depth_gradient_bid_spot_struct50_900s_btc,depth_gradient_bid_spot_struct50_900s,btc,S2,Bookshape,s2_bookshape,,900.0,Spot,2099.0,depth_gradient_bid_spot_struct50_900s,False,False,True,spec,depth_gradient_bid_struct50
liq_concentration_ask_fut_struct100_300s_btc,liq_concentration_ask_fut_struct100_300s,btc,S2,Bookshape,s2_bookshape,,300.0,Futures,2100.0,liq_concentration_ask_fut_struct100_300s,False,False,True,spec,liq_concentration_ask_struct100
liq_concentration_ask_fut_struct100_60s_btc,liq_concentration_ask_fut_struct100_60s,btc,S2,Bookshape,s2_bookshape,,60.0,Futures,2101.0,liq_concentration_ask_fut_struct100_60s,False,False,True,spec,liq_concentration_ask_struct100
liq_concentration_ask_fut_struct100_900s_btc,liq_concentration_ask_fut_struct100_900s,btc,S2,Bookshape,s2_bookshape,,900.0,Futures,2102.0,liq_concentration_ask_fut_struct100_900s,False,False,True,spec,liq_concentration_ask_struct100
liq_concentration_ask_fut_struct50_300s_btc,liq_concentration_ask_fut_struct50_300s,btc,S2,Bookshape,s2_bookshape,,300.0,Futures,2103.0,liq_concentration_ask_fut_struct50_300s,False,False,True,spec,liq_concentration_ask_struct50
liq_concentration_ask_fut_struct50_60s_btc,liq_concentration_ask_fut_struct50_60s,btc,S2,Bookshape,s2_bookshape,,60.0,Futures,2104.0,liq_concentration_ask_fut_struct50_60s,False,False,True,spec,liq_concentration_ask_struct50
liq_concentration_ask_fut_struct50_900s_btc,liq_concentration_ask_fut_struct50_900s,btc,S2,Bookshape,s2_bookshape,,900.0,Futures,2105.0,liq_concentration_ask_fut_struct50_900s,False,False,True,spec,liq_concentration_ask_struct50
liq_concentration_ask_spot_struct100_300s_btc,liq_concentration_ask_spot_struct100_300s,btc,S2,Bookshape,s2_bookshape,,300.0,Spot,2106.0,liq_concentration_ask_spot_struct100_300s,False,False,True,spec,liq_concentration_ask_struct100
liq_concentration_ask_spot_struct100_60s_btc,liq_concentration_ask_spot_struct100_60s,btc,S2,Bookshape,s2_bookshape,,60.0,Spot,2107.0,liq_concentration_ask_spot_struct100_60s,False,False,True,spec,liq_concentration_ask_struct100
liq_concentration_ask_spot_struct100_900s_btc,liq_concentration_ask_spot_struct100_900s,btc,S2,Bookshape,s2_bookshape,,900.0,Spot,2108.0,liq_concentration_ask_spot_struct100_900s,False,False,True,spec,liq_concentration_ask_struct100
liq_concentration_ask_spot_struct50_300s_btc,liq_concentration_ask_spot_struct50_300s,btc,S2,Bookshape,s2_bookshape,,300.0,Spot,2109.0,liq_concentration_ask_spot_struct50_300s,False,False,True,spec,liq_concentration_ask_struct50
liq_concentration_ask_spot_struct50_60s_btc,liq_concentration_ask_spot_struct50_60s,btc,S2,Bookshape,s2_bookshape,,60.0,Spot,2110.0,liq_concentration_ask_spot_struct50_60s,False,False,True,spec,liq_concentration_ask_struct50
liq_concentration_ask_spot_struct50_900s_btc,liq_concentration_ask_spot_struct50_900s,btc,S2,Bookshape,s2_bookshape,,900.0,Spot,2111.0,liq_concentration_ask_spot_struct50_900s,False,False,True,spec,liq_concentration_ask_struct50
liq_concentration_bid_fut_struct100_300s_btc,liq_concentration_bid_fut_struct100_300s,btc,S2,Bookshape,s2_bookshape,,300.0,Futures,2112.0,liq_concentration_bid_fut_struct100_300s,False,False,True,spec,liq_concentration_bid_struct100
liq_concentration_bid_fut_struct100_60s_btc,liq_concentration_bid_fut_struct100_60s,btc,S2,Bookshape,s2_bookshape,,60.0,Futures,2113.0,liq_concentration_bid_fut_struct100_60s,False,False,True,spec,liq_concentration_bid_struct100
liq_concentration_bid_fut_struct100_900s_btc,liq_concentration_bid_fut_struct100_900s,btc,S2,Bookshape,s2_bookshape,,900.0,Futures,2114.0,liq_concentration_bid_fut_struct100_900s,False,False,True,spec,liq_concentration_bid_struct100
liq_concentration_bid_fut_struct50_300s_btc,liq_concentration_bid_fut_struct50_300s,btc,S2,Bookshape,s2_bookshape,,300.0,Futures,2115.0,liq_concentration_bid_fut_struct50_300s,False,False,True,spec,liq_concentration_bid_struct50
liq_concentration_bid_fut_struct50_60s_btc,liq_concentration_bid_fut_struct50_60s,btc,S2,Bookshape,s2_bookshape,,60.0,Futures,2116.0,liq_concentration_bid_fut_struct50_60s,False,False,True,spec,liq_concentration_bid_struct50
liq_concentration_bid_fut_struct50_900s_btc,liq_concentration_bid_fut_struct50_900s,btc,S2,Bookshape,s2_bookshape,,900.0,Futures,2117.0,liq_concentration_bid_fut_struct50_900s,False,False,True,spec,liq_concentration_bid_struct50
liq_concentration_bid_spot_struct100_300s_btc,liq_concentration_bid_spot_struct100_300s,btc,S2,Bookshape,s2_bookshape,,300.0,Spot,2118.0,liq_concentration_bid_spot_struct100_300s,False,False,True,spec,liq_concentration_bid_struct100
liq_concentration_bid_spot_struct100_60s_btc,liq_concentration_bid_spot_struct100_60s,btc,S2,Bookshape,s2_bookshape,,60.0,Spot,2119.0,liq_concentration_bid_spot_struct100_60s,False,False,True,spec,liq_concentration_bid_struct100
liq_concentration_bid_spot_struct100_900s_btc,liq_concentration_bid_spot_struct100_900s,btc,S2,Bookshape,s2_bookshape,,900.0,Spot,2120.0,liq_concentration_bid_spot_struct100_900s,False,False,True,spec,liq_concentration_bid_struct100
liq_concentration_bid_spot_struct50_300s_btc,liq_concentration_bid_spot_struct50_300s,btc,S2,Bookshape,s2_bookshape,,300.0,Spot,2121.0,liq_concentration_bid_spot_struct50_300s,False,False,True,spec,liq_concentration_bid_struct50
liq_concentration_bid_spot_struct50_60s_btc,liq_concentration_bid_spot_struct50_60s,btc,S2,Bookshape,s2_bookshape,,60.0,Spot,2122.0,liq_concentration_bid_spot_struct50_60s,False,False,True,spec,liq_concentration_bid_struct50
liq_concentration_bid_spot_struct50_900s_btc,liq_concentration_bid_spot_struct50_900s,btc,S2,Bookshape,s2_bookshape,,900.0,Spot,2123.0,liq_concentration_bid_spot_struct50_900s,False,False,True,spec,liq_concentration_bid_struct50
basis_vwap_sf_1s_btc,basis_vwap_sf_1s,btc,S2,Cross-Market,s2_cross_market,,1.0,Cross,2125.0,basis_vwap_sf_1s,False,False,True,spec,basis_vwap_sf
liq_imb_sf_struct100_300s_btc,liq_imb_sf_struct100_300s,btc,S2,Cross-Market,s2_cross_market,,300.0,Cross,2126.0,liq_imb_sf_struct100_300s,False,False,True,spec,liq_imb_sf_struct100
liq_imb_sf_struct100_900s_btc,liq_imb_sf_struct100_900s,btc,S2,Cross-Market,s2_cross_market,,900.0,Cross,2127.0,liq_imb_sf_struct100_900s,False,False,True,spec,liq_imb_sf_struct100
liq_imb_sf_struct50_300s_btc,liq_imb_sf_struct50_300s,btc,S2,Cross-Market,s2_cross_market,,300.0,Cross,2128.0,liq_imb_sf_struct50_300s,False,False,True,spec,liq_imb_sf_struct50
liq_imb_sf_struct50_900s_btc,liq_imb_sf_struct50_900s,btc,S2,Cross-Market,s2_cross_market,,900.0,Cross,2129.0,liq_imb_sf_struct50_900s,False,False,True,spec,liq_imb_sf_struct50
trade_count_fut_div_300s_btc,trade_count_fut_div_300s,btc,S2,Cross-Market,s2_cross_market,,300.0,Futures,2130.0,trade_count_fut_div_300s,False,False,True,spec,trade_count_div
trade_count_fut_div_60s_btc,trade_count_fut_div_60s,btc,S2,Cross-Market,s2_cross_market,,60.0,Futures,2131.0,trade_count_fut_div_60s,False,False,True,spec,trade_count_div
trade_count_fut_div_900s_btc,trade_count_fut_div_900s,btc,S2,Cross-Market,s2_cross_market,,900.0,Futures,2132.0,trade_count_fut_div_900s,False,False,True,spec,trade_count_div
trade_count_fut_share_300s_btc,trade_count_fut_share_300s,btc,S2,Cross-Market,s2_cross_market,,300.0,Futures,2133.0,trade_count_fut_share_300s,False,False,True,spec,trade_count_share
trade_count_fut_share_60s_btc,trade_count_fut_share_60s,btc,S2,Cross-Market,s2_cross_market,,60.0,Futures,2134.0,trade_count_fut_share_60s,False,False,True,spec,trade_count_share
trade_count_fut_share_900s_btc,trade_count_fut_share_900s,btc,S2,Cross-Market,s2_cross_market,,900.0,Futures,2135.0,trade_count_fut_share_900s,False,False,True,spec,trade_count_share
trade_count_spot_div_300s_btc,trade_count_spot_div_300s,btc,S2,Cross-Market,s2_cross_market,,300.0,Spot,2136.0,trade_count_spot_div_300s,False,False,True,spec,trade_count_div
trade_count_spot_div_60s_btc,trade_count_spot_div_60s,btc,S2,Cross-Market,s2_cross_market,,60.0,Spot,2137.0,trade_count_spot_div_60s,False,False,True,spec,trade_count_div
trade_count_spot_div_900s_btc,trade_count_spot_div_900s,btc,S2,Cross-Market,s2_cross_market,,900.0,Spot,2138.0,trade_count_spot_div_900s,False,False,True,spec,trade_count_div
trade_count_spot_share_300s_btc,trade_count_spot_share_300s,btc,S2,Cross-Market,s2_cross_market,,300.0,Spot,2139.0,trade_count_spot_share_300s,False,False,True,spec,trade_count_share
trade_count_spot_share_60s_btc,trade_count_spot_share_60s,btc,S2,Cross-Market,s2_cross_market,,60.0,Spot,2140.0,trade_count_spot_share_60s,False,False,True,spec,trade_count_share
trade_count_spot_share_900s_btc,trade_count_spot_share_900s,btc,S2,Cross-Market,s2_cross_market,,900.0,Spot,2141.0,trade_count_spot_share_900s,False,False,True,spec,trade_count_share
volume_fut_div_delta_300s_btc,volume_fut_div_delta_300s,btc,S2,Cross-Market,s2_cross_market,,300.0,Futures,2142.0,volume_fut_div_delta_300s,False,False,True,spec,volume_div_delta
volume_fut_div_delta_900s_btc,volume_fut_div_delta_900s,btc,S2,Cross-Market,s2_cross_market,,900.0,Futures,2143.0,volume_fut_div_delta_900s,False,False,True,spec,volume_div_delta
volume_spot_div_delta_300s_btc,volume_spot_div_delta_300s,btc,S2,Cross-Market,s2_cross_market,,300.0,Spot,2144.0,volume_spot_div_delta_300s,False,False,True,spec,volume_div_delta
volume_spot_div_delta_900s_btc,volume_spot_div_delta_900s,btc,S2,Cross-Market,s2_cross_market,,900.0,Spot,2145.0,volume_spot_div_delta_900s,False,False,True,spec,volume_div_delta
z_volume_asym_fut_minus_spot_300s_btc,z_volume_asym_fut_minus_spot_300s,btc,S2,Cross-Market,s2_cross_market,,300.0,Futures,2146.0,z_volume_asym_fut_minus_spot_300s,False,False,True,spec,z_volume_asym_minus
z_volume_asym_fut_minus_spot_60s_btc,z_volume_asym_fut_minus_spot_60s,btc,S2,Cross-Market,s2_cross_market,,60.0,Futures,2147.0,z_volume_asym_fut_minus_spot_60s,False,False,True,spec,z_volume_asym_minus
z_volume_asym_fut_minus_spot_900s_btc,z_volume_asym_fut_minus_spot_900s,btc,S2,Cross-Market,s2_cross_market,,900.0,Futures,2148.0,z_volume_asym_fut_minus_spot_900s,False,False,True,spec,z_volume_asym_minus
spot_fut_taker_activity_share_300s_btc,spot_fut_taker_activity_share_300s,btc,S2,Cross-Market,s2_cross_market,,300.0,Futures,2149.0,spot_fut_taker_activity_share_300s,False,False,True,spec,spot_taker_activity_share
spot_fut_taker_activity_share_900s_btc,spot_fut_taker_activity_share_900s,btc,S2,Cross-Market,s2_cross_market,,900.0,Futures,2150.0,spot_fut_taker_activity_share_900s,False,False,True,spec,spot_taker_activity_share
book_asymmetry_div_fut_minus_spot_struct100_1s_btc,book_asymmetry_div_fut_minus_spot_struct100_1s,btc,S2,Cross-Market,s2_cross_market,,1.0,Futures,2151.0,book_asymmetry_div_fut_minus_spot_struct100_1s,False,False,True,spec,book_asymmetry_div_minus_struct100
book_asymmetry_div_fut_minus_spot_struct50_1s_btc,book_asymmetry_div_fut_minus_spot_struct50_1s,btc,S2,Cross-Market,s2_cross_market,,1.0,Futures,2152.0,book_asymmetry_div_fut_minus_spot_struct50_1s,False,False,True,spec,book_asymmetry_div_minus_struct50
liq_imb_div_fut_minus_spot_struct100_300s_btc,liq_imb_div_fut_minus_spot_struct100_300s,btc,S2,Cross-Market,s2_cross_market,,300.0,Futures,2153.0,liq_imb_div_fut_minus_spot_struct100_300s,False,False,True,spec,liq_imb_div_minus_struct100
liq_imb_div_fut_minus_spot_struct100_60s_btc,liq_imb_div_fut_minus_spot_struct100_60s,btc,S2,Cross-Market,s2_cross_market,,60.0,Futures,2154.0,liq_imb_div_fut_minus_spot_struct100_60s,False,False,True,spec,liq_imb_div_minus_struct100
liq_imb_div_fut_minus_spot_struct100_900s_btc,liq_imb_div_fut_minus_spot_struct100_900s,btc,S2,Cross-Market,s2_cross_market,,900.0,Futures,2155.0,liq_imb_div_fut_minus_spot_struct100_900s,False,False,True,spec,liq_imb_div_minus_struct100
liq_imb_div_fut_minus_spot_struct50_300s_btc,liq_imb_div_fut_minus_spot_struct50_300s,btc,S2,Cross-Market,s2_cross_market,,300.0,Futures,2156.0,liq_imb_div_fut_minus_spot_struct50_300s,False,False,True,spec,liq_imb_div_minus_struct50
liq_imb_div_fut_minus_spot_struct50_60s_btc,liq_imb_div_fut_minus_spot_struct50_60s,btc,S2,Cross-Market,s2_cross_market,,60.0,Futures,2157.0,liq_imb_div_fut_minus_spot_struct50_60s,False,False,True,spec,liq_imb_div_minus_struct50
liq_imb_div_fut_minus_spot_struct50_900s_btc,liq_imb_div_fut_minus_spot_struct50_900s,btc,S2,Cross-Market,s2_cross_market,,900.0,Futures,2158.0,liq_imb_div_fut_minus_spot_struct50_900s,False,False,True,spec,liq_imb_div_minus_struct50
spread_sf_div_1s_btc,spread_sf_div_1s,btc,S2,Cross-Market,s2_cross_market,,,Cross,2159.0,spread_sf_div_1s,False,False,True,spec,spread_sf_div
spread_sf_div_60s_btc,spread_sf_div_60s,btc,S2,Cross-Market,s2_cross_market,,60.0,Cross,2160.0,spread_sf_div_60s,False,False,True,spec,spread_sf_div
spread_sf_div_300s_btc,spread_sf_div_300s,btc,S2,Cross-Market,s2_cross_market,,300.0,Cross,2161.0,spread_sf_div_300s,False,False,True,spec,spread_sf_div
trade_size_sf_ratio_60s_btc,trade_size_sf_ratio_60s,btc,S2,Cross-Market,s2_cross_market,,,Cross,2162.0,trade_size_sf_ratio_60s,False,False,True,spec,trade_size_sf_ratio
trade_size_sf_ratio_300s_btc,trade_size_sf_ratio_300s,btc,S2,Cross-Market,s2_cross_market,,,Cross,2163.0,trade_size_sf_ratio_300s,False,False,True,spec,trade_size_sf_ratio
queue_imb_persist_fut_1bps_300s_btc,queue_imb_persist_fut_1bps_300s,btc,S2,Dynamics,s2_dynamics,,300.0,Futures,2164.0,queue_imb_persist_fut_1bps_300s,False,False,True,spec,queue_imb_persist_1bps
queue_imb_persist_fut_1bps_900s_btc,queue_imb_persist_fut_1bps_900s,btc,S2,Dynamics,s2_dynamics,,900.0,Futures,2165.0,queue_imb_persist_fut_1bps_900s,False,False,True,spec,queue_imb_persist_1bps
queue_imb_persist_spot_1bps_300s_btc,queue_imb_persist_spot_1bps_300s,btc,S2,Dynamics,s2_dynamics,,300.0,Spot,2166.0,queue_imb_persist_spot_1bps_300s,False,False,True,spec,queue_imb_persist_1bps
queue_imb_persist_spot_1bps_900s_btc,queue_imb_persist_spot_1bps_900s,btc,S2,Dynamics,s2_dynamics,,900.0,Spot,2167.0,queue_imb_persist_spot_1bps_900s,False,False,True,spec,queue_imb_persist_1bps
queue_pressure_persist_fut_1bps_300s_btc,queue_pressure_persist_fut_1bps_300s,btc,S2,Dynamics,s2_dynamics,,300.0,Futures,2168.0,queue_pressure_persist_fut_1bps_300s,False,False,True,spec,queue_pressure_persist_1bps
queue_pressure_persist_fut_1bps_900s_btc,queue_pressure_persist_fut_1bps_900s,btc,S2,Dynamics,s2_dynamics,,900.0,Futures,2169.0,queue_pressure_persist_fut_1bps_900s,False,False,True,spec,queue_pressure_persist_1bps
queue_pressure_persist_spot_1bps_300s_btc,queue_pressure_persist_spot_1bps_300s,btc,S2,Dynamics,s2_dynamics,,300.0,Spot,2170.0,queue_pressure_persist_spot_1bps_300s,False,False,True,spec,queue_pressure_persist_1bps
queue_pressure_persist_spot_1bps_900s_btc,queue_pressure_persist_spot_1bps_900s,btc,S2,Dynamics,s2_dynamics,,900.0,Spot,2171.0,queue_pressure_persist_spot_1bps_900s,False,False,True,spec,queue_pressure_persist_1bps
d1_net_pressure_fut_1bps_15s_btc,d1_net_pressure_fut_1bps_15s,btc,S2,Dynamics,s2_dynamics,,15.0,Futures,2172.0,d1_net_pressure_fut_1bps_15s,False,False,True,spec,d1_net_pressure_1bps
d1_net_pressure_fut_1bps_5s_btc,d1_net_pressure_fut_1bps_5s,btc,S2,Dynamics,s2_dynamics,,5.0,Futures,2173.0,d1_net_pressure_fut_1bps_5s,False,False,True,spec,d1_net_pressure_1bps
d1_net_pressure_spot_1bps_15s_btc,d1_net_pressure_spot_1bps_15s,btc,S2,Dynamics,s2_dynamics,,15.0,Spot,2174.0,d1_net_pressure_spot_1bps_15s,False,False,True,spec,d1_net_pressure_1bps
d1_net_pressure_spot_1bps_5s_btc,d1_net_pressure_spot_1bps_5s,btc,S2,Dynamics,s2_dynamics,,5.0,Spot,2175.0,d1_net_pressure_spot_1bps_5s,False,False,True,spec,d1_net_pressure_1bps
d1_pull_rate_fut_10bps_15s_btc,d1_pull_rate_fut_10bps_15s,btc,S2,Dynamics,s2_dynamics,,15.0,Futures,2176.0,d1_pull_rate_fut_10bps_15s,False,False,True,spec,d1_pull_rate_10bps
d1_pull_rate_fut_10bps_5s_btc,d1_pull_rate_fut_10bps_5s,btc,S2,Dynamics,s2_dynamics,,5.0,Futures,2177.0,d1_pull_rate_fut_10bps_5s,False,False,True,spec,d1_pull_rate_10bps
d1_pull_rate_fut_1bps_5s_btc,d1_pull_rate_fut_1bps_5s,btc,S2,Dynamics,s2_dynamics,,5.0,Futures,2178.0,d1_pull_rate_fut_1bps_5s,False,False,True,spec,d1_pull_rate_1bps
d1_pull_rate_fut_2bps_5s_btc,d1_pull_rate_fut_2bps_5s,btc,S2,Dynamics,s2_dynamics,,5.0,Futures,2179.0,d1_pull_rate_fut_2bps_5s,False,False,True,spec,d1_pull_rate_2bps
d1_pull_rate_fut_5bps_15s_btc,d1_pull_rate_fut_5bps_15s,btc,S2,Dynamics,s2_dynamics,,15.0,Futures,2180.0,d1_pull_rate_fut_5bps_15s,False,False,True,spec,d1_pull_rate_5bps
d1_pull_rate_fut_5bps_5s_btc,d1_pull_rate_fut_5bps_5s,btc,S2,Dynamics,s2_dynamics,,5.0,Futures,2181.0,d1_pull_rate_fut_5bps_5s,False,False,True,spec,d1_pull_rate_5bps
d1_pull_rate_spot_10bps_15s_btc,d1_pull_rate_spot_10bps_15s,btc,S2,Dynamics,s2_dynamics,,15.0,Spot,2182.0,d1_pull_rate_spot_10bps_15s,False,False,True,spec,d1_pull_rate_10bps
d1_pull_rate_spot_10bps_5s_btc,d1_pull_rate_spot_10bps_5s,btc,S2,Dynamics,s2_dynamics,,5.0,Spot,2183.0,d1_pull_rate_spot_10bps_5s,False,False,True,spec,d1_pull_rate_10bps
d1_pull_rate_spot_1bps_5s_btc,d1_pull_rate_spot_1bps_5s,btc,S2,Dynamics,s2_dynamics,,5.0,Spot,2184.0,d1_pull_rate_spot_1bps_5s,False,False,True,spec,d1_pull_rate_1bps
d1_pull_rate_spot_2bps_5s_btc,d1_pull_rate_spot_2bps_5s,btc,S2,Dynamics,s2_dynamics,,5.0,Spot,2185.0,d1_pull_rate_spot_2bps_5s,False,False,True,spec,d1_pull_rate_2bps
d1_pull_rate_spot_5bps_15s_btc,d1_pull_rate_spot_5bps_15s,btc,S2,Dynamics,s2_dynamics,,15.0,Spot,2186.0,d1_pull_rate_spot_5bps_15s,False,False,True,spec,d1_pull_rate_5bps
d1_pull_rate_spot_5bps_5s_btc,d1_pull_rate_spot_5bps_5s,btc,S2,Dynamics,s2_dynamics,,5.0,Spot,2187.0,d1_pull_rate_spot_5bps_5s,False,False,True,spec,d1_pull_rate_5bps
d1_queue_pressure_fut_10bps_15s_btc,d1_queue_pressure_fut_10bps_15s,btc,S2,Dynamics,s2_dynamics,,15.0,Futures,2188.0,d1_queue_pressure_fut_10bps_15s,False,False,True,spec,d1_queue_pressure_10bps
d1_queue_pressure_fut_10bps_5s_btc,d1_queue_pressure_fut_10bps_5s,btc,S2,Dynamics,s2_dynamics,,5.0,Futures,2189.0,d1_queue_pressure_fut_10bps_5s,False,False,True,spec,d1_queue_pressure_10bps
d1_queue_pressure_fut_1bps_5s_btc,d1_queue_pressure_fut_1bps_5s,btc,S2,Dynamics,s2_dynamics,,5.0,Futures,2190.0,d1_queue_pressure_fut_1bps_5s,False,False,True,spec,d1_queue_pressure_1bps
d1_queue_pressure_fut_2bps_15s_btc,d1_queue_pressure_fut_2bps_15s,btc,S2,Dynamics,s2_dynamics,,15.0,Futures,2191.0,d1_queue_pressure_fut_2bps_15s,False,False,True,spec,d1_queue_pressure_2bps
d1_queue_pressure_fut_2bps_5s_btc,d1_queue_pressure_fut_2bps_5s,btc,S2,Dynamics,s2_dynamics,,5.0,Futures,2192.0,d1_queue_pressure_fut_2bps_5s,False,False,True,spec,d1_queue_pressure_2bps
d1_queue_pressure_fut_5bps_15s_btc,d1_queue_pressure_fut_5bps_15s,btc,S2,Dynamics,s2_dynamics,,15.0,Futures,2193.0,d1_queue_pressure_fut_5bps_15s,False,False,True,spec,d1_queue_pressure_5bps
d1_queue_pressure_fut_5bps_5s_btc,d1_queue_pressure_fut_5bps_5s,btc,S2,Dynamics,s2_dynamics,,5.0,Futures,2194.0,d1_queue_pressure_fut_5bps_5s,False,False,True,spec,d1_queue_pressure_5bps
d1_queue_pressure_spot_10bps_15s_btc,d1_queue_pressure_spot_10bps_15s,btc,S2,Dynamics,s2_dynamics,,15.0,Spot,2195.0,d1_queue_pressure_spot_10bps_15s,False,False,True,spec,d1_queue_pressure_10bps
d1_queue_pressure_spot_10bps_5s_btc,d1_queue_pressure_spot_10bps_5s,btc,S2,Dynamics,s2_dynamics,,5.0,Spot,2196.0,d1_queue_pressure_spot_10bps_5s,False,False,True,spec,d1_queue_pressure_10bps
d1_queue_pressure_spot_1bps_5s_btc,d1_queue_pressure_spot_1bps_5s,btc,S2,Dynamics,s2_dynamics,,5.0,Spot,2197.0,d1_queue_pressure_spot_1bps_5s,False,False,True,spec,d1_queue_pressure_1bps
d1_queue_pressure_spot_2bps_15s_btc,d1_queue_pressure_spot_2bps_15s,btc,S2,Dynamics,s2_dynamics,,15.0,Spot,2198.0,d1_queue_pressure_spot_2bps_15s,False,False,True,spec,d1_queue_pressure_2bps
d1_queue_pressure_spot_2bps_5s_btc,d1_queue_pressure_spot_2bps_5s,btc,S2,Dynamics,s2_dynamics,,5.0,Spot,2199.0,d1_queue_pressure_spot_2bps_5s,False,False,True,spec,d1_queue_pressure_2bps
d1_queue_pressure_spot_5bps_15s_btc,d1_queue_pressure_spot_5bps_15s,btc,S2,Dynamics,s2_dynamics,,15.0,Spot,2200.0,d1_queue_pressure_spot_5bps_15s,False,False,True,spec,d1_queue_pressure_5bps
d1_queue_pressure_spot_5bps_5s_btc,d1_queue_pressure_spot_5bps_5s,btc,S2,Dynamics,s2_dynamics,,5.0,Spot,2201.0,d1_queue_pressure_spot_5bps_5s,False,False,True,spec,d1_queue_pressure_5bps
d1_refill_rate_fut_10bps_15s_btc,d1_refill_rate_fut_10bps_15s,btc,S2,Dynamics,s2_dynamics,,15.0,Futures,2202.0,d1_refill_rate_fut_10bps_15s,False,False,True,spec,d1_refill_rate_10bps
d1_refill_rate_fut_10bps_5s_btc,d1_refill_rate_fut_10bps_5s,btc,S2,Dynamics,s2_dynamics,,5.0,Futures,2203.0,d1_refill_rate_fut_10bps_5s,False,False,True,spec,d1_refill_rate_10bps
d1_refill_rate_fut_2bps_5s_btc,d1_refill_rate_fut_2bps_5s,btc,S2,Dynamics,s2_dynamics,,5.0,Futures,2204.0,d1_refill_rate_fut_2bps_5s,False,False,True,spec,d1_refill_rate_2bps
d1_refill_rate_fut_5bps_15s_btc,d1_refill_rate_fut_5bps_15s,btc,S2,Dynamics,s2_dynamics,,15.0,Futures,2205.0,d1_refill_rate_fut_5bps_15s,False,False,True,spec,d1_refill_rate_5bps
d1_refill_rate_fut_5bps_5s_btc,d1_refill_rate_fut_5bps_5s,btc,S2,Dynamics,s2_dynamics,,5.0,Futures,2206.0,d1_refill_rate_fut_5bps_5s,False,False,True,spec,d1_refill_rate_5bps
d1_refill_rate_spot_10bps_15s_btc,d1_refill_rate_spot_10bps_15s,btc,S2,Dynamics,s2_dynamics,,15.0,Spot,2207.0,d1_refill_rate_spot_10bps_15s,False,False,True,spec,d1_refill_rate_10bps
d1_refill_rate_spot_10bps_5s_btc,d1_refill_rate_spot_10bps_5s,btc,S2,Dynamics,s2_dynamics,,5.0,Spot,2208.0,d1_refill_rate_spot_10bps_5s,False,False,True,spec,d1_refill_rate_10bps
d1_refill_rate_spot_2bps_5s_btc,d1_refill_rate_spot_2bps_5s,btc,S2,Dynamics,s2_dynamics,,5.0,Spot,2209.0,d1_refill_rate_spot_2bps_5s,False,False,True,spec,d1_refill_rate_2bps
d1_refill_rate_spot_5bps_15s_btc,d1_refill_rate_spot_5bps_15s,btc,S2,Dynamics,s2_dynamics,,15.0,Spot,2210.0,d1_refill_rate_spot_5bps_15s,False,False,True,spec,d1_refill_rate_5bps
d1_refill_rate_spot_5bps_5s_btc,d1_refill_rate_spot_5bps_5s,btc,S2,Dynamics,s2_dynamics,,5.0,Spot,2211.0,d1_refill_rate_spot_5bps_5s,False,False,True,spec,d1_refill_rate_5bps
d2_net_pressure_fut_1bps_15s_btc,d2_net_pressure_fut_1bps_15s,btc,S2,Dynamics,s2_dynamics,,15.0,Futures,2212.0,d2_net_pressure_fut_1bps_15s,False,False,True,spec,d2_net_pressure_1bps
d2_net_pressure_fut_1bps_5s_btc,d2_net_pressure_fut_1bps_5s,btc,S2,Dynamics,s2_dynamics,,5.0,Futures,2213.0,d2_net_pressure_fut_1bps_5s,False,False,True,spec,d2_net_pressure_1bps
d2_net_pressure_spot_1bps_15s_btc,d2_net_pressure_spot_1bps_15s,btc,S2,Dynamics,s2_dynamics,,15.0,Spot,2214.0,d2_net_pressure_spot_1bps_15s,False,False,True,spec,d2_net_pressure_1bps
d2_net_pressure_spot_1bps_5s_btc,d2_net_pressure_spot_1bps_5s,btc,S2,Dynamics,s2_dynamics,,5.0,Spot,2215.0,d2_net_pressure_spot_1bps_5s,False,False,True,spec,d2_net_pressure_1bps
d2_pull_rate_fut_10bps_15s_btc,d2_pull_rate_fut_10bps_15s,btc,S2,Dynamics,s2_dynamics,,15.0,Futures,2216.0,d2_pull_rate_fut_10bps_15s,False,False,True,spec,d2_pull_rate_10bps
d2_pull_rate_fut_10bps_5s_btc,d2_pull_rate_fut_10bps_5s,btc,S2,Dynamics,s2_dynamics,,5.0,Futures,2217.0,d2_pull_rate_fut_10bps_5s,False,False,True,spec,d2_pull_rate_10bps
d2_pull_rate_fut_1bps_5s_btc,d2_pull_rate_fut_1bps_5s,btc,S2,Dynamics,s2_dynamics,,5.0,Futures,2218.0,d2_pull_rate_fut_1bps_5s,False,False,True,spec,d2_pull_rate_1bps
d2_pull_rate_fut_2bps_5s_btc,d2_pull_rate_fut_2bps_5s,btc,S2,Dynamics,s2_dynamics,,5.0,Futures,2219.0,d2_pull_rate_fut_2bps_5s,False,False,True,spec,d2_pull_rate_2bps
d2_pull_rate_fut_5bps_15s_btc,d2_pull_rate_fut_5bps_15s,btc,S2,Dynamics,s2_dynamics,,15.0,Futures,2220.0,d2_pull_rate_fut_5bps_15s,False,False,True,spec,d2_pull_rate_5bps
d2_pull_rate_fut_5bps_5s_btc,d2_pull_rate_fut_5bps_5s,btc,S2,Dynamics,s2_dynamics,,5.0,Futures,2221.0,d2_pull_rate_fut_5bps_5s,False,False,True,spec,d2_pull_rate_5bps
d2_pull_rate_spot_10bps_15s_btc,d2_pull_rate_spot_10bps_15s,btc,S2,Dynamics,s2_dynamics,,15.0,Spot,2222.0,d2_pull_rate_spot_10bps_15s,False,False,True,spec,d2_pull_rate_10bps
d2_pull_rate_spot_10bps_5s_btc,d2_pull_rate_spot_10bps_5s,btc,S2,Dynamics,s2_dynamics,,5.0,Spot,2223.0,d2_pull_rate_spot_10bps_5s,False,False,True,spec,d2_pull_rate_10bps
d2_pull_rate_spot_1bps_5s_btc,d2_pull_rate_spot_1bps_5s,btc,S2,Dynamics,s2_dynamics,,5.0,Spot,2224.0,d2_pull_rate_spot_1bps_5s,False,False,True,spec,d2_pull_rate_1bps
d2_pull_rate_spot_2bps_5s_btc,d2_pull_rate_spot_2bps_5s,btc,S2,Dynamics,s2_dynamics,,5.0,Spot,2225.0,d2_pull_rate_spot_2bps_5s,False,False,True,spec,d2_pull_rate_2bps
d2_pull_rate_spot_5bps_15s_btc,d2_pull_rate_spot_5bps_15s,btc,S2,Dynamics,s2_dynamics,,15.0,Spot,2226.0,d2_pull_rate_spot_5bps_15s,False,False,True,spec,d2_pull_rate_5bps
d2_pull_rate_spot_5bps_5s_btc,d2_pull_rate_spot_5bps_5s,btc,S2,Dynamics,s2_dynamics,,5.0,Spot,2227.0,d2_pull_rate_spot_5bps_5s,False,False,True,spec,d2_pull_rate_5bps
d2_queue_pressure_fut_10bps_15s_btc,d2_queue_pressure_fut_10bps_15s,btc,S2,Dynamics,s2_dynamics,,15.0,Futures,2228.0,d2_queue_pressure_fut_10bps_15s,False,False,True,spec,d2_queue_pressure_10bps
d2_queue_pressure_fut_10bps_5s_btc,d2_queue_pressure_fut_10bps_5s,btc,S2,Dynamics,s2_dynamics,,5.0,Futures,2229.0,d2_queue_pressure_fut_10bps_5s,False,False,True,spec,d2_queue_pressure_10bps
d2_queue_pressure_fut_1bps_5s_btc,d2_queue_pressure_fut_1bps_5s,btc,S2,Dynamics,s2_dynamics,,5.0,Futures,2230.0,d2_queue_pressure_fut_1bps_5s,False,False,True,spec,d2_queue_pressure_1bps
d2_queue_pressure_fut_2bps_15s_btc,d2_queue_pressure_fut_2bps_15s,btc,S2,Dynamics,s2_dynamics,,15.0,Futures,2231.0,d2_queue_pressure_fut_2bps_15s,False,False,True,spec,d2_queue_pressure_2bps
d2_queue_pressure_fut_2bps_5s_btc,d2_queue_pressure_fut_2bps_5s,btc,S2,Dynamics,s2_dynamics,,5.0,Futures,2232.0,d2_queue_pressure_fut_2bps_5s,False,False,True,spec,d2_queue_pressure_2bps
d2_queue_pressure_fut_5bps_15s_btc,d2_queue_pressure_fut_5bps_15s,btc,S2,Dynamics,s2_dynamics,,15.0,Futures,2233.0,d2_queue_pressure_fut_5bps_15s,False,False,True,spec,d2_queue_pressure_5bps
d2_queue_pressure_fut_5bps_5s_btc,d2_queue_pressure_fut_5bps_5s,btc,S2,Dynamics,s2_dynamics,,5.0,Futures,2234.0,d2_queue_pressure_fut_5bps_5s,False,False,True,spec,d2_queue_pressure_5bps
d2_queue_pressure_spot_10bps_15s_btc,d2_queue_pressure_spot_10bps_15s,btc,S2,Dynamics,s2_dynamics,,15.0,Spot,2235.0,d2_queue_pressure_spot_10bps_15s,False,False,True,spec,d2_queue_pressure_10bps
d2_queue_pressure_spot_10bps_5s_btc,d2_queue_pressure_spot_10bps_5s,btc,S2,Dynamics,s2_dynamics,,5.0,Spot,2236.0,d2_queue_pressure_spot_10bps_5s,False,False,True,spec,d2_queue_pressure_10bps
d2_queue_pressure_spot_1bps_5s_btc,d2_queue_pressure_spot_1bps_5s,btc,S2,Dynamics,s2_dynamics,,5.0,Spot,2237.0,d2_queue_pressure_spot_1bps_5s,False,False,True,spec,d2_queue_pressure_1bps
d2_queue_pressure_spot_2bps_15s_btc,d2_queue_pressure_spot_2bps_15s,btc,S2,Dynamics,s2_dynamics,,15.0,Spot,2238.0,d2_queue_pressure_spot_2bps_15s,False,False,True,spec,d2_queue_pressure_2bps
d2_queue_pressure_spot_2bps_5s_btc,d2_queue_pressure_spot_2bps_5s,btc,S2,Dynamics,s2_dynamics,,5.0,Spot,2239.0,d2_queue_pressure_spot_2bps_5s,False,False,True,spec,d2_queue_pressure_2bps
d2_queue_pressure_spot_5bps_15s_btc,d2_queue_pressure_spot_5bps_15s,btc,S2,Dynamics,s2_dynamics,,15.0,Spot,2240.0,d2_queue_pressure_spot_5bps_15s,False,False,True,spec,d2_queue_pressure_5bps
d2_queue_pressure_spot_5bps_5s_btc,d2_queue_pressure_spot_5bps_5s,btc,S2,Dynamics,s2_dynamics,,5.0,Spot,2241.0,d2_queue_pressure_spot_5bps_5s,False,False,True,spec,d2_queue_pressure_5bps
d2_refill_rate_fut_10bps_15s_btc,d2_refill_rate_fut_10bps_15s,btc,S2,Dynamics,s2_dynamics,,15.0,Futures,2242.0,d2_refill_rate_fut_10bps_15s,False,False,True,spec,d2_refill_rate_10bps
d2_refill_rate_fut_10bps_5s_btc,d2_refill_rate_fut_10bps_5s,btc,S2,Dynamics,s2_dynamics,,5.0,Futures,2243.0,d2_refill_rate_fut_10bps_5s,False,False,True,spec,d2_refill_rate_10bps
d2_refill_rate_fut_2bps_5s_btc,d2_refill_rate_fut_2bps_5s,btc,S2,Dynamics,s2_dynamics,,5.0,Futures,2244.0,d2_refill_rate_fut_2bps_5s,False,False,True,spec,d2_refill_rate_2bps
d2_refill_rate_fut_5bps_15s_btc,d2_refill_rate_fut_5bps_15s,btc,S2,Dynamics,s2_dynamics,,15.0,Futures,2245.0,d2_refill_rate_fut_5bps_15s,False,False,True,spec,d2_refill_rate_5bps
d2_refill_rate_fut_5bps_5s_btc,d2_refill_rate_fut_5bps_5s,btc,S2,Dynamics,s2_dynamics,,5.0,Futures,2246.0,d2_refill_rate_fut_5bps_5s,False,False,True,spec,d2_refill_rate_5bps
d2_refill_rate_spot_10bps_15s_btc,d2_refill_rate_spot_10bps_15s,btc,S2,Dynamics,s2_dynamics,,15.0,Spot,2247.0,d2_refill_rate_spot_10bps_15s,False,False,True,spec,d2_refill_rate_10bps
d2_refill_rate_spot_10bps_5s_btc,d2_refill_rate_spot_10bps_5s,btc,S2,Dynamics,s2_dynamics,,5.0,Spot,2248.0,d2_refill_rate_spot_10bps_5s,False,False,True,spec,d2_refill_rate_10bps
d2_refill_rate_spot_2bps_5s_btc,d2_refill_rate_spot_2bps_5s,btc,S2,Dynamics,s2_dynamics,,5.0,Spot,2249.0,d2_refill_rate_spot_2bps_5s,False,False,True,spec,d2_refill_rate_2bps
d2_refill_rate_spot_5bps_15s_btc,d2_refill_rate_spot_5bps_15s,btc,S2,Dynamics,s2_dynamics,,15.0,Spot,2250.0,d2_refill_rate_spot_5bps_15s,False,False,True,spec,d2_refill_rate_5bps
d2_refill_rate_spot_5bps_5s_btc,d2_refill_rate_spot_5bps_5s,btc,S2,Dynamics,s2_dynamics,,5.0,Spot,2251.0,d2_refill_rate_spot_5bps_5s,False,False,True,spec,d2_refill_rate_5bps
median_net_pressure_fut_1bps_15s_btc,median_net_pressure_fut_1bps_15s,btc,S2,Dynamics,s2_dynamics,,15.0,Futures,2312.0,median_net_pressure_fut_1bps_15s,False,False,True,spec,median_net_pressure_1bps
mad_net_pressure_fut_1bps_15s_btc,mad_net_pressure_fut_1bps_15s,btc,S2,Dynamics,s2_dynamics,,15.0,Futures,2252.0,mad_net_pressure_fut_1bps_15s,False,False,True,spec,mad_net_pressure_1bps
median_net_pressure_fut_1bps_5s_btc,median_net_pressure_fut_1bps_5s,btc,S2,Dynamics,s2_dynamics,,5.0,Futures,2313.0,median_net_pressure_fut_1bps_5s,False,False,True,spec,median_net_pressure_1bps
mad_net_pressure_fut_1bps_5s_btc,mad_net_pressure_fut_1bps_5s,btc,S2,Dynamics,s2_dynamics,,5.0,Futures,2253.0,mad_net_pressure_fut_1bps_5s,False,False,True,spec,mad_net_pressure_1bps
median_net_pressure_fut_1bps_60s_btc,median_net_pressure_fut_1bps_60s,btc,S2,Dynamics,s2_dynamics,,60.0,Futures,2314.0,median_net_pressure_fut_1bps_60s,False,False,True,spec,median_net_pressure_1bps
mad_net_pressure_fut_1bps_60s_btc,mad_net_pressure_fut_1bps_60s,btc,S2,Dynamics,s2_dynamics,,60.0,Futures,2254.0,mad_net_pressure_fut_1bps_60s,False,False,True,spec,mad_net_pressure_1bps
median_net_pressure_spot_1bps_15s_btc,median_net_pressure_spot_1bps_15s,btc,S2,Dynamics,s2_dynamics,,15.0,Spot,2315.0,median_net_pressure_spot_1bps_15s,False,False,True,spec,median_net_pressure_1bps
mad_net_pressure_spot_1bps_15s_btc,mad_net_pressure_spot_1bps_15s,btc,S2,Dynamics,s2_dynamics,,15.0,Spot,2255.0,mad_net_pressure_spot_1bps_15s,False,False,True,spec,mad_net_pressure_1bps
median_net_pressure_spot_1bps_5s_btc,median_net_pressure_spot_1bps_5s,btc,S2,Dynamics,s2_dynamics,,5.0,Spot,2316.0,median_net_pressure_spot_1bps_5s,False,False,True,spec,median_net_pressure_1bps
mad_net_pressure_spot_1bps_5s_btc,mad_net_pressure_spot_1bps_5s,btc,S2,Dynamics,s2_dynamics,,5.0,Spot,2256.0,mad_net_pressure_spot_1bps_5s,False,False,True,spec,mad_net_pressure_1bps
median_net_pressure_spot_1bps_60s_btc,median_net_pressure_spot_1bps_60s,btc,S2,Dynamics,s2_dynamics,,60.0,Spot,2317.0,median_net_pressure_spot_1bps_60s,False,False,True,spec,median_net_pressure_1bps
mad_net_pressure_spot_1bps_60s_btc,mad_net_pressure_spot_1bps_60s,btc,S2,Dynamics,s2_dynamics,,60.0,Spot,2257.0,mad_net_pressure_spot_1bps_60s,False,False,True,spec,mad_net_pressure_1bps
median_pull_rate_fut_10bps_15s_btc,median_pull_rate_fut_10bps_15s,btc,S2,Dynamics,s2_dynamics,,15.0,Futures,2318.0,median_pull_rate_fut_10bps_15s,False,False,True,spec,median_pull_rate_10bps
mad_pull_rate_fut_10bps_15s_btc,mad_pull_rate_fut_10bps_15s,btc,S2,Dynamics,s2_dynamics,,15.0,Futures,2258.0,mad_pull_rate_fut_10bps_15s,False,False,True,spec,mad_pull_rate_10bps
median_pull_rate_fut_10bps_5s_btc,median_pull_rate_fut_10bps_5s,btc,S2,Dynamics,s2_dynamics,,5.0,Futures,2319.0,median_pull_rate_fut_10bps_5s,False,False,True,spec,median_pull_rate_10bps
mad_pull_rate_fut_10bps_5s_btc,mad_pull_rate_fut_10bps_5s,btc,S2,Dynamics,s2_dynamics,,5.0,Futures,2259.0,mad_pull_rate_fut_10bps_5s,False,False,True,spec,mad_pull_rate_10bps
median_pull_rate_fut_10bps_60s_btc,median_pull_rate_fut_10bps_60s,btc,S2,Dynamics,s2_dynamics,,60.0,Futures,2320.0,median_pull_rate_fut_10bps_60s,False,False,True,spec,median_pull_rate_10bps
mad_pull_rate_fut_10bps_60s_btc,mad_pull_rate_fut_10bps_60s,btc,S2,Dynamics,s2_dynamics,,60.0,Futures,2260.0,mad_pull_rate_fut_10bps_60s,False,False,True,spec,mad_pull_rate_10bps
median_pull_rate_fut_1bps_5s_btc,median_pull_rate_fut_1bps_5s,btc,S2,Dynamics,s2_dynamics,,5.0,Futures,2321.0,median_pull_rate_fut_1bps_5s,False,False,True,spec,median_pull_rate_1bps
mad_pull_rate_fut_1bps_5s_btc,mad_pull_rate_fut_1bps_5s,btc,S2,Dynamics,s2_dynamics,,5.0,Futures,2261.0,mad_pull_rate_fut_1bps_5s,False,False,True,spec,mad_pull_rate_1bps
median_pull_rate_fut_1bps_60s_btc,median_pull_rate_fut_1bps_60s,btc,S2,Dynamics,s2_dynamics,,60.0,Futures,2322.0,median_pull_rate_fut_1bps_60s,False,False,True,spec,median_pull_rate_1bps
mad_pull_rate_fut_1bps_60s_btc,mad_pull_rate_fut_1bps_60s,btc,S2,Dynamics,s2_dynamics,,60.0,Futures,2262.0,mad_pull_rate_fut_1bps_60s,False,False,True,spec,mad_pull_rate_1bps
median_pull_rate_fut_2bps_5s_btc,median_pull_rate_fut_2bps_5s,btc,S2,Dynamics,s2_dynamics,,5.0,Futures,2323.0,median_pull_rate_fut_2bps_5s,False,False,True,spec,median_pull_rate_2bps
mad_pull_rate_fut_2bps_5s_btc,mad_pull_rate_fut_2bps_5s,btc,S2,Dynamics,s2_dynamics,,5.0,Futures,2263.0,mad_pull_rate_fut_2bps_5s,False,False,True,spec,mad_pull_rate_2bps
median_pull_rate_fut_5bps_15s_btc,median_pull_rate_fut_5bps_15s,btc,S2,Dynamics,s2_dynamics,,15.0,Futures,2324.0,median_pull_rate_fut_5bps_15s,False,False,True,spec,median_pull_rate_5bps
mad_pull_rate_fut_5bps_15s_btc,mad_pull_rate_fut_5bps_15s,btc,S2,Dynamics,s2_dynamics,,15.0,Futures,2264.0,mad_pull_rate_fut_5bps_15s,False,False,True,spec,mad_pull_rate_5bps
median_pull_rate_fut_5bps_5s_btc,median_pull_rate_fut_5bps_5s,btc,S2,Dynamics,s2_dynamics,,5.0,Futures,2325.0,median_pull_rate_fut_5bps_5s,False,False,True,spec,median_pull_rate_5bps
mad_pull_rate_fut_5bps_5s_btc,mad_pull_rate_fut_5bps_5s,btc,S2,Dynamics,s2_dynamics,,5.0,Futures,2265.0,mad_pull_rate_fut_5bps_5s,False,False,True,spec,mad_pull_rate_5bps
median_pull_rate_fut_5bps_60s_btc,median_pull_rate_fut_5bps_60s,btc,S2,Dynamics,s2_dynamics,,60.0,Futures,2326.0,median_pull_rate_fut_5bps_60s,False,False,True,spec,median_pull_rate_5bps
mad_pull_rate_fut_5bps_60s_btc,mad_pull_rate_fut_5bps_60s,btc,S2,Dynamics,s2_dynamics,,60.0,Futures,2266.0,mad_pull_rate_fut_5bps_60s,False,False,True,spec,mad_pull_rate_5bps
median_pull_rate_spot_10bps_15s_btc,median_pull_rate_spot_10bps_15s,btc,S2,Dynamics,s2_dynamics,,15.0,Spot,2327.0,median_pull_rate_spot_10bps_15s,False,False,True,spec,median_pull_rate_10bps
mad_pull_rate_spot_10bps_15s_btc,mad_pull_rate_spot_10bps_15s,btc,S2,Dynamics,s2_dynamics,,15.0,Spot,2267.0,mad_pull_rate_spot_10bps_15s,False,False,True,spec,mad_pull_rate_10bps
median_pull_rate_spot_10bps_5s_btc,median_pull_rate_spot_10bps_5s,btc,S2,Dynamics,s2_dynamics,,5.0,Spot,2328.0,median_pull_rate_spot_10bps_5s,False,False,True,spec,median_pull_rate_10bps
mad_pull_rate_spot_10bps_5s_btc,mad_pull_rate_spot_10bps_5s,btc,S2,Dynamics,s2_dynamics,,5.0,Spot,2268.0,mad_pull_rate_spot_10bps_5s,False,False,True,spec,mad_pull_rate_10bps
median_pull_rate_spot_10bps_60s_btc,median_pull_rate_spot_10bps_60s,btc,S2,Dynamics,s2_dynamics,,60.0,Spot,2329.0,median_pull_rate_spot_10bps_60s,False,False,True,spec,median_pull_rate_10bps
mad_pull_rate_spot_10bps_60s_btc,mad_pull_rate_spot_10bps_60s,btc,S2,Dynamics,s2_dynamics,,60.0,Spot,2269.0,mad_pull_rate_spot_10bps_60s,False,False,True,spec,mad_pull_rate_10bps
median_pull_rate_spot_1bps_5s_btc,median_pull_rate_spot_1bps_5s,btc,S2,Dynamics,s2_dynamics,,5.0,Spot,2330.0,median_pull_rate_spot_1bps_5s,False,False,True,spec,median_pull_rate_1bps
mad_pull_rate_spot_1bps_5s_btc,mad_pull_rate_spot_1bps_5s,btc,S2,Dynamics,s2_dynamics,,5.0,Spot,2270.0,mad_pull_rate_spot_1bps_5s,False,False,True,spec,mad_pull_rate_1bps
median_pull_rate_spot_1bps_60s_btc,median_pull_rate_spot_1bps_60s,btc,S2,Dynamics,s2_dynamics,,60.0,Spot,2331.0,median_pull_rate_spot_1bps_60s,False,False,True,spec,median_pull_rate_1bps
mad_pull_rate_spot_1bps_60s_btc,mad_pull_rate_spot_1bps_60s,btc,S2,Dynamics,s2_dynamics,,60.0,Spot,2271.0,mad_pull_rate_spot_1bps_60s,False,False,True,spec,mad_pull_rate_1bps
median_pull_rate_spot_2bps_5s_btc,median_pull_rate_spot_2bps_5s,btc,S2,Dynamics,s2_dynamics,,5.0,Spot,2332.0,median_pull_rate_spot_2bps_5s,False,False,True,spec,median_pull_rate_2bps
mad_pull_rate_spot_2bps_5s_btc,mad_pull_rate_spot_2bps_5s,btc,S2,Dynamics,s2_dynamics,,5.0,Spot,2272.0,mad_pull_rate_spot_2bps_5s,False,False,True,spec,mad_pull_rate_2bps
median_pull_rate_spot_5bps_15s_btc,median_pull_rate_spot_5bps_15s,btc,S2,Dynamics,s2_dynamics,,15.0,Spot,2333.0,median_pull_rate_spot_5bps_15s,False,False,True,spec,median_pull_rate_5bps
mad_pull_rate_spot_5bps_15s_btc,mad_pull_rate_spot_5bps_15s,btc,S2,Dynamics,s2_dynamics,,15.0,Spot,2273.0,mad_pull_rate_spot_5bps_15s,False,False,True,spec,mad_pull_rate_5bps
median_pull_rate_spot_5bps_5s_btc,median_pull_rate_spot_5bps_5s,btc,S2,Dynamics,s2_dynamics,,5.0,Spot,2334.0,median_pull_rate_spot_5bps_5s,False,False,True,spec,median_pull_rate_5bps
mad_pull_rate_spot_5bps_5s_btc,mad_pull_rate_spot_5bps_5s,btc,S2,Dynamics,s2_dynamics,,5.0,Spot,2274.0,mad_pull_rate_spot_5bps_5s,False,False,True,spec,mad_pull_rate_5bps
median_pull_rate_spot_5bps_60s_btc,median_pull_rate_spot_5bps_60s,btc,S2,Dynamics,s2_dynamics,,60.0,Spot,2335.0,median_pull_rate_spot_5bps_60s,False,False,True,spec,median_pull_rate_5bps
mad_pull_rate_spot_5bps_60s_btc,mad_pull_rate_spot_5bps_60s,btc,S2,Dynamics,s2_dynamics,,60.0,Spot,2275.0,mad_pull_rate_spot_5bps_60s,False,False,True,spec,mad_pull_rate_5bps
median_queue_pressure_fut_10bps_15s_btc,median_queue_pressure_fut_10bps_15s,btc,S2,Dynamics,s2_dynamics,,15.0,Futures,2336.0,median_queue_pressure_fut_10bps_15s,False,False,True,spec,median_queue_pressure_10bps
mad_queue_pressure_fut_10bps_15s_btc,mad_queue_pressure_fut_10bps_15s,btc,S2,Dynamics,s2_dynamics,,15.0,Futures,2276.0,mad_queue_pressure_fut_10bps_15s,False,False,True,spec,mad_queue_pressure_10bps
median_queue_pressure_fut_10bps_5s_btc,median_queue_pressure_fut_10bps_5s,btc,S2,Dynamics,s2_dynamics,,5.0,Futures,2337.0,median_queue_pressure_fut_10bps_5s,False,False,True,spec,median_queue_pressure_10bps
mad_queue_pressure_fut_10bps_5s_btc,mad_queue_pressure_fut_10bps_5s,btc,S2,Dynamics,s2_dynamics,,5.0,Futures,2277.0,mad_queue_pressure_fut_10bps_5s,False,False,True,spec,mad_queue_pressure_10bps
median_queue_pressure_fut_10bps_60s_btc,median_queue_pressure_fut_10bps_60s,btc,S2,Dynamics,s2_dynamics,,60.0,Futures,2338.0,median_queue_pressure_fut_10bps_60s,False,False,True,spec,median_queue_pressure_10bps
mad_queue_pressure_fut_10bps_60s_btc,mad_queue_pressure_fut_10bps_60s,btc,S2,Dynamics,s2_dynamics,,60.0,Futures,2278.0,mad_queue_pressure_fut_10bps_60s,False,False,True,spec,mad_queue_pressure_10bps
median_queue_pressure_fut_1bps_5s_btc,median_queue_pressure_fut_1bps_5s,btc,S2,Dynamics,s2_dynamics,,5.0,Futures,2339.0,median_queue_pressure_fut_1bps_5s,False,False,True,spec,median_queue_pressure_1bps
mad_queue_pressure_fut_1bps_5s_btc,mad_queue_pressure_fut_1bps_5s,btc,S2,Dynamics,s2_dynamics,,5.0,Futures,2279.0,mad_queue_pressure_fut_1bps_5s,False,False,True,spec,mad_queue_pressure_1bps
median_queue_pressure_fut_2bps_15s_btc,median_queue_pressure_fut_2bps_15s,btc,S2,Dynamics,s2_dynamics,,15.0,Futures,2340.0,median_queue_pressure_fut_2bps_15s,False,False,True,spec,median_queue_pressure_2bps
mad_queue_pressure_fut_2bps_15s_btc,mad_queue_pressure_fut_2bps_15s,btc,S2,Dynamics,s2_dynamics,,15.0,Futures,2280.0,mad_queue_pressure_fut_2bps_15s,False,False,True,spec,mad_queue_pressure_2bps
median_queue_pressure_fut_2bps_5s_btc,median_queue_pressure_fut_2bps_5s,btc,S2,Dynamics,s2_dynamics,,5.0,Futures,2341.0,median_queue_pressure_fut_2bps_5s,False,False,True,spec,median_queue_pressure_2bps
mad_queue_pressure_fut_2bps_5s_btc,mad_queue_pressure_fut_2bps_5s,btc,S2,Dynamics,s2_dynamics,,5.0,Futures,2281.0,mad_queue_pressure_fut_2bps_5s,False,False,True,spec,mad_queue_pressure_2bps
median_queue_pressure_fut_2bps_60s_btc,median_queue_pressure_fut_2bps_60s,btc,S2,Dynamics,s2_dynamics,,60.0,Futures,2342.0,median_queue_pressure_fut_2bps_60s,False,False,True,spec,median_queue_pressure_2bps
mad_queue_pressure_fut_2bps_60s_btc,mad_queue_pressure_fut_2bps_60s,btc,S2,Dynamics,s2_dynamics,,60.0,Futures,2282.0,mad_queue_pressure_fut_2bps_60s,False,False,True,spec,mad_queue_pressure_2bps
median_queue_pressure_fut_5bps_15s_btc,median_queue_pressure_fut_5bps_15s,btc,S2,Dynamics,s2_dynamics,,15.0,Futures,2343.0,median_queue_pressure_fut_5bps_15s,False,False,True,spec,median_queue_pressure_5bps
mad_queue_pressure_fut_5bps_15s_btc,mad_queue_pressure_fut_5bps_15s,btc,S2,Dynamics,s2_dynamics,,15.0,Futures,2283.0,mad_queue_pressure_fut_5bps_15s,False,False,True,spec,mad_queue_pressure_5bps
median_queue_pressure_fut_5bps_5s_btc,median_queue_pressure_fut_5bps_5s,btc,S2,Dynamics,s2_dynamics,,5.0,Futures,2344.0,median_queue_pressure_fut_5bps_5s,False,False,True,spec,median_queue_pressure_5bps
mad_queue_pressure_fut_5bps_5s_btc,mad_queue_pressure_fut_5bps_5s,btc,S2,Dynamics,s2_dynamics,,5.0,Futures,2284.0,mad_queue_pressure_fut_5bps_5s,False,False,True,spec,mad_queue_pressure_5bps
median_queue_pressure_fut_5bps_60s_btc,median_queue_pressure_fut_5bps_60s,btc,S2,Dynamics,s2_dynamics,,60.0,Futures,2345.0,median_queue_pressure_fut_5bps_60s,False,False,True,spec,median_queue_pressure_5bps
mad_queue_pressure_fut_5bps_60s_btc,mad_queue_pressure_fut_5bps_60s,btc,S2,Dynamics,s2_dynamics,,60.0,Futures,2285.0,mad_queue_pressure_fut_5bps_60s,False,False,True,spec,mad_queue_pressure_5bps
median_queue_pressure_spot_10bps_15s_btc,median_queue_pressure_spot_10bps_15s,btc,S2,Dynamics,s2_dynamics,,15.0,Spot,2346.0,median_queue_pressure_spot_10bps_15s,False,False,True,spec,median_queue_pressure_10bps
mad_queue_pressure_spot_10bps_15s_btc,mad_queue_pressure_spot_10bps_15s,btc,S2,Dynamics,s2_dynamics,,15.0,Spot,2286.0,mad_queue_pressure_spot_10bps_15s,False,False,True,spec,mad_queue_pressure_10bps
median_queue_pressure_spot_10bps_5s_btc,median_queue_pressure_spot_10bps_5s,btc,S2,Dynamics,s2_dynamics,,5.0,Spot,2347.0,median_queue_pressure_spot_10bps_5s,False,False,True,spec,median_queue_pressure_10bps
mad_queue_pressure_spot_10bps_5s_btc,mad_queue_pressure_spot_10bps_5s,btc,S2,Dynamics,s2_dynamics,,5.0,Spot,2287.0,mad_queue_pressure_spot_10bps_5s,False,False,True,spec,mad_queue_pressure_10bps
median_queue_pressure_spot_10bps_60s_btc,median_queue_pressure_spot_10bps_60s,btc,S2,Dynamics,s2_dynamics,,60.0,Spot,2348.0,median_queue_pressure_spot_10bps_60s,False,False,True,spec,median_queue_pressure_10bps
mad_queue_pressure_spot_10bps_60s_btc,mad_queue_pressure_spot_10bps_60s,btc,S2,Dynamics,s2_dynamics,,60.0,Spot,2288.0,mad_queue_pressure_spot_10bps_60s,False,False,True,spec,mad_queue_pressure_10bps
median_queue_pressure_spot_1bps_5s_btc,median_queue_pressure_spot_1bps_5s,btc,S2,Dynamics,s2_dynamics,,5.0,Spot,2349.0,median_queue_pressure_spot_1bps_5s,False,False,True,spec,median_queue_pressure_1bps
mad_queue_pressure_spot_1bps_5s_btc,mad_queue_pressure_spot_1bps_5s,btc,S2,Dynamics,s2_dynamics,,5.0,Spot,2289.0,mad_queue_pressure_spot_1bps_5s,False,False,True,spec,mad_queue_pressure_1bps
median_queue_pressure_spot_2bps_15s_btc,median_queue_pressure_spot_2bps_15s,btc,S2,Dynamics,s2_dynamics,,15.0,Spot,2350.0,median_queue_pressure_spot_2bps_15s,False,False,True,spec,median_queue_pressure_2bps
mad_queue_pressure_spot_2bps_15s_btc,mad_queue_pressure_spot_2bps_15s,btc,S2,Dynamics,s2_dynamics,,15.0,Spot,2290.0,mad_queue_pressure_spot_2bps_15s,False,False,True,spec,mad_queue_pressure_2bps
median_queue_pressure_spot_2bps_5s_btc,median_queue_pressure_spot_2bps_5s,btc,S2,Dynamics,s2_dynamics,,5.0,Spot,2351.0,median_queue_pressure_spot_2bps_5s,False,False,True,spec,median_queue_pressure_2bps
mad_queue_pressure_spot_2bps_5s_btc,mad_queue_pressure_spot_2bps_5s,btc,S2,Dynamics,s2_dynamics,,5.0,Spot,2291.0,mad_queue_pressure_spot_2bps_5s,False,False,True,spec,mad_queue_pressure_2bps
median_queue_pressure_spot_2bps_60s_btc,median_queue_pressure_spot_2bps_60s,btc,S2,Dynamics,s2_dynamics,,60.0,Spot,2352.0,median_queue_pressure_spot_2bps_60s,False,False,True,spec,median_queue_pressure_2bps
mad_queue_pressure_spot_2bps_60s_btc,mad_queue_pressure_spot_2bps_60s,btc,S2,Dynamics,s2_dynamics,,60.0,Spot,2292.0,mad_queue_pressure_spot_2bps_60s,False,False,True,spec,mad_queue_pressure_2bps
median_queue_pressure_spot_5bps_15s_btc,median_queue_pressure_spot_5bps_15s,btc,S2,Dynamics,s2_dynamics,,15.0,Spot,2353.0,median_queue_pressure_spot_5bps_15s,False,False,True,spec,median_queue_pressure_5bps
mad_queue_pressure_spot_5bps_15s_btc,mad_queue_pressure_spot_5bps_15s,btc,S2,Dynamics,s2_dynamics,,15.0,Spot,2293.0,mad_queue_pressure_spot_5bps_15s,False,False,True,spec,mad_queue_pressure_5bps
median_queue_pressure_spot_5bps_5s_btc,median_queue_pressure_spot_5bps_5s,btc,S2,Dynamics,s2_dynamics,,5.0,Spot,2354.0,median_queue_pressure_spot_5bps_5s,False,False,True,spec,median_queue_pressure_5bps
mad_queue_pressure_spot_5bps_5s_btc,mad_queue_pressure_spot_5bps_5s,btc,S2,Dynamics,s2_dynamics,,5.0,Spot,2294.0,mad_queue_pressure_spot_5bps_5s,False,False,True,spec,mad_queue_pressure_5bps
median_queue_pressure_spot_5bps_60s_btc,median_queue_pressure_spot_5bps_60s,btc,S2,Dynamics,s2_dynamics,,60.0,Spot,2355.0,median_queue_pressure_spot_5bps_60s,False,False,True,spec,median_queue_pressure_5bps
mad_queue_pressure_spot_5bps_60s_btc,mad_queue_pressure_spot_5bps_60s,btc,S2,Dynamics,s2_dynamics,,60.0,Spot,2295.0,mad_queue_pressure_spot_5bps_60s,False,False,True,spec,mad_queue_pressure_5bps
median_refill_rate_fut_10bps_15s_btc,median_refill_rate_fut_10bps_15s,btc,S2,Dynamics,s2_dynamics,,15.0,Futures,2356.0,median_refill_rate_fut_10bps_15s,False,False,True,spec,median_refill_rate_10bps
mad_refill_rate_fut_10bps_15s_btc,mad_refill_rate_fut_10bps_15s,btc,S2,Dynamics,s2_dynamics,,15.0,Futures,2296.0,mad_refill_rate_fut_10bps_15s,False,False,True,spec,mad_refill_rate_10bps
median_refill_rate_fut_10bps_5s_btc,median_refill_rate_fut_10bps_5s,btc,S2,Dynamics,s2_dynamics,,5.0,Futures,2357.0,median_refill_rate_fut_10bps_5s,False,False,True,spec,median_refill_rate_10bps
mad_refill_rate_fut_10bps_5s_btc,mad_refill_rate_fut_10bps_5s,btc,S2,Dynamics,s2_dynamics,,5.0,Futures,2297.0,mad_refill_rate_fut_10bps_5s,False,False,True,spec,mad_refill_rate_10bps
median_refill_rate_fut_10bps_60s_btc,median_refill_rate_fut_10bps_60s,btc,S2,Dynamics,s2_dynamics,,60.0,Futures,2358.0,median_refill_rate_fut_10bps_60s,False,False,True,spec,median_refill_rate_10bps
mad_refill_rate_fut_10bps_60s_btc,mad_refill_rate_fut_10bps_60s,btc,S2,Dynamics,s2_dynamics,,60.0,Futures,2298.0,mad_refill_rate_fut_10bps_60s,False,False,True,spec,mad_refill_rate_10bps
median_refill_rate_fut_1bps_60s_btc,median_refill_rate_fut_1bps_60s,btc,S2,Dynamics,s2_dynamics,,60.0,Futures,2359.0,median_refill_rate_fut_1bps_60s,False,False,True,spec,median_refill_rate_1bps
mad_refill_rate_fut_1bps_60s_btc,mad_refill_rate_fut_1bps_60s,btc,S2,Dynamics,s2_dynamics,,60.0,Futures,2299.0,mad_refill_rate_fut_1bps_60s,False,False,True,spec,mad_refill_rate_1bps
median_refill_rate_fut_2bps_5s_btc,median_refill_rate_fut_2bps_5s,btc,S2,Dynamics,s2_dynamics,,5.0,Futures,2360.0,median_refill_rate_fut_2bps_5s,False,False,True,spec,median_refill_rate_2bps
mad_refill_rate_fut_2bps_5s_btc,mad_refill_rate_fut_2bps_5s,btc,S2,Dynamics,s2_dynamics,,5.0,Futures,2300.0,mad_refill_rate_fut_2bps_5s,False,False,True,spec,mad_refill_rate_2bps
median_refill_rate_fut_5bps_15s_btc,median_refill_rate_fut_5bps_15s,btc,S2,Dynamics,s2_dynamics,,15.0,Futures,2361.0,median_refill_rate_fut_5bps_15s,False,False,True,spec,median_refill_rate_5bps
mad_refill_rate_fut_5bps_15s_btc,mad_refill_rate_fut_5bps_15s,btc,S2,Dynamics,s2_dynamics,,15.0,Futures,2301.0,mad_refill_rate_fut_5bps_15s,False,False,True,spec,mad_refill_rate_5bps
median_refill_rate_fut_5bps_5s_btc,median_refill_rate_fut_5bps_5s,btc,S2,Dynamics,s2_dynamics,,5.0,Futures,2362.0,median_refill_rate_fut_5bps_5s,False,False,True,spec,median_refill_rate_5bps
mad_refill_rate_fut_5bps_5s_btc,mad_refill_rate_fut_5bps_5s,btc,S2,Dynamics,s2_dynamics,,5.0,Futures,2302.0,mad_refill_rate_fut_5bps_5s,False,False,True,spec,mad_refill_rate_5bps
median_refill_rate_fut_5bps_60s_btc,median_refill_rate_fut_5bps_60s,btc,S2,Dynamics,s2_dynamics,,60.0,Futures,2363.0,median_refill_rate_fut_5bps_60s,False,False,True,spec,median_refill_rate_5bps
mad_refill_rate_fut_5bps_60s_btc,mad_refill_rate_fut_5bps_60s,btc,S2,Dynamics,s2_dynamics,,60.0,Futures,2303.0,mad_refill_rate_fut_5bps_60s,False,False,True,spec,mad_refill_rate_5bps
median_refill_rate_spot_10bps_15s_btc,median_refill_rate_spot_10bps_15s,btc,S2,Dynamics,s2_dynamics,,15.0,Spot,2364.0,median_refill_rate_spot_10bps_15s,False,False,True,spec,median_refill_rate_10bps
mad_refill_rate_spot_10bps_15s_btc,mad_refill_rate_spot_10bps_15s,btc,S2,Dynamics,s2_dynamics,,15.0,Spot,2304.0,mad_refill_rate_spot_10bps_15s,False,False,True,spec,mad_refill_rate_10bps
median_refill_rate_spot_10bps_5s_btc,median_refill_rate_spot_10bps_5s,btc,S2,Dynamics,s2_dynamics,,5.0,Spot,2365.0,median_refill_rate_spot_10bps_5s,False,False,True,spec,median_refill_rate_10bps
mad_refill_rate_spot_10bps_5s_btc,mad_refill_rate_spot_10bps_5s,btc,S2,Dynamics,s2_dynamics,,5.0,Spot,2305.0,mad_refill_rate_spot_10bps_5s,False,False,True,spec,mad_refill_rate_10bps
median_refill_rate_spot_10bps_60s_btc,median_refill_rate_spot_10bps_60s,btc,S2,Dynamics,s2_dynamics,,60.0,Spot,2366.0,median_refill_rate_spot_10bps_60s,False,False,True,spec,median_refill_rate_10bps
mad_refill_rate_spot_10bps_60s_btc,mad_refill_rate_spot_10bps_60s,btc,S2,Dynamics,s2_dynamics,,60.0,Spot,2306.0,mad_refill_rate_spot_10bps_60s,False,False,True,spec,mad_refill_rate_10bps
median_refill_rate_spot_1bps_60s_btc,median_refill_rate_spot_1bps_60s,btc,S2,Dynamics,s2_dynamics,,60.0,Spot,2367.0,median_refill_rate_spot_1bps_60s,False,False,True,spec,median_refill_rate_1bps
mad_refill_rate_spot_1bps_60s_btc,mad_refill_rate_spot_1bps_60s,btc,S2,Dynamics,s2_dynamics,,60.0,Spot,2307.0,mad_refill_rate_spot_1bps_60s,False,False,True,spec,mad_refill_rate_1bps
median_refill_rate_spot_2bps_5s_btc,median_refill_rate_spot_2bps_5s,btc,S2,Dynamics,s2_dynamics,,5.0,Spot,2368.0,median_refill_rate_spot_2bps_5s,False,False,True,spec,median_refill_rate_2bps
mad_refill_rate_spot_2bps_5s_btc,mad_refill_rate_spot_2bps_5s,btc,S2,Dynamics,s2_dynamics,,5.0,Spot,2308.0,mad_refill_rate_spot_2bps_5s,False,False,True,spec,mad_refill_rate_2bps
median_refill_rate_spot_5bps_15s_btc,median_refill_rate_spot_5bps_15s,btc,S2,Dynamics,s2_dynamics,,15.0,Spot,2369.0,median_refill_rate_spot_5bps_15s,False,False,True,spec,median_refill_rate_5bps
mad_refill_rate_spot_5bps_15s_btc,mad_refill_rate_spot_5bps_15s,btc,S2,Dynamics,s2_dynamics,,15.0,Spot,2309.0,mad_refill_rate_spot_5bps_15s,False,False,True,spec,mad_refill_rate_5bps
median_refill_rate_spot_5bps_5s_btc,median_refill_rate_spot_5bps_5s,btc,S2,Dynamics,s2_dynamics,,5.0,Spot,2370.0,median_refill_rate_spot_5bps_5s,False,False,True,spec,median_refill_rate_5bps
mad_refill_rate_spot_5bps_5s_btc,mad_refill_rate_spot_5bps_5s,btc,S2,Dynamics,s2_dynamics,,5.0,Spot,2310.0,mad_refill_rate_spot_5bps_5s,False,False,True,spec,mad_refill_rate_5bps
median_refill_rate_spot_5bps_60s_btc,median_refill_rate_spot_5bps_60s,btc,S2,Dynamics,s2_dynamics,,60.0,Spot,2371.0,median_refill_rate_spot_5bps_60s,False,False,True,spec,median_refill_rate_5bps
mad_refill_rate_spot_5bps_60s_btc,mad_refill_rate_spot_5bps_60s,btc,S2,Dynamics,s2_dynamics,,60.0,Spot,2311.0,mad_refill_rate_spot_5bps_60s,False,False,True,spec,mad_refill_rate_5bps
ret_shock_1s_btc,ret_shock_1s,btc,S2,Dynamics,s2_dynamics,,1.0,Cross,2372.0,ret_shock_1s,False,False,True,spec,ret_shock
net_pressure_shock_fut_1bps_15s_btc,net_pressure_shock_fut_1bps_15s,btc,S2,Dynamics,s2_dynamics,,15.0,Futures,2373.0,net_pressure_shock_fut_1bps_15s,False,False,True,spec,net_pressure_shock_1bps
net_pressure_shock_fut_1bps_5s_btc,net_pressure_shock_fut_1bps_5s,btc,S2,Dynamics,s2_dynamics,,5.0,Futures,2374.0,net_pressure_shock_fut_1bps_5s,False,False,True,spec,net_pressure_shock_1bps
net_pressure_shock_fut_1bps_60s_btc,net_pressure_shock_fut_1bps_60s,btc,S2,Dynamics,s2_dynamics,,60.0,Futures,2375.0,net_pressure_shock_fut_1bps_60s,False,False,True,spec,net_pressure_shock_1bps
net_pressure_shock_spot_1bps_15s_btc,net_pressure_shock_spot_1bps_15s,btc,S2,Dynamics,s2_dynamics,,15.0,Spot,2376.0,net_pressure_shock_spot_1bps_15s,False,False,True,spec,net_pressure_shock_1bps
net_pressure_shock_spot_1bps_5s_btc,net_pressure_shock_spot_1bps_5s,btc,S2,Dynamics,s2_dynamics,,5.0,Spot,2377.0,net_pressure_shock_spot_1bps_5s,False,False,True,spec,net_pressure_shock_1bps
net_pressure_shock_spot_1bps_60s_btc,net_pressure_shock_spot_1bps_60s,btc,S2,Dynamics,s2_dynamics,,60.0,Spot,2378.0,net_pressure_shock_spot_1bps_60s,False,False,True,spec,net_pressure_shock_1bps
pull_rate_shock_fut_10bps_15s_btc,pull_rate_shock_fut_10bps_15s,btc,S2,Dynamics,s2_dynamics,,15.0,Futures,2379.0,pull_rate_shock_fut_10bps_15s,False,False,True,spec,pull_rate_shock_10bps
pull_rate_shock_fut_10bps_5s_btc,pull_rate_shock_fut_10bps_5s,btc,S2,Dynamics,s2_dynamics,,5.0,Futures,2380.0,pull_rate_shock_fut_10bps_5s,False,False,True,spec,pull_rate_shock_10bps
pull_rate_shock_fut_10bps_60s_btc,pull_rate_shock_fut_10bps_60s,btc,S2,Dynamics,s2_dynamics,,60.0,Futures,2381.0,pull_rate_shock_fut_10bps_60s,False,False,True,spec,pull_rate_shock_10bps
pull_rate_shock_fut_1bps_5s_btc,pull_rate_shock_fut_1bps_5s,btc,S2,Dynamics,s2_dynamics,,5.0,Futures,2382.0,pull_rate_shock_fut_1bps_5s,False,False,True,spec,pull_rate_shock_1bps
pull_rate_shock_fut_1bps_60s_btc,pull_rate_shock_fut_1bps_60s,btc,S2,Dynamics,s2_dynamics,,60.0,Futures,2383.0,pull_rate_shock_fut_1bps_60s,False,False,True,spec,pull_rate_shock_1bps
pull_rate_shock_fut_2bps_5s_btc,pull_rate_shock_fut_2bps_5s,btc,S2,Dynamics,s2_dynamics,,5.0,Futures,2384.0,pull_rate_shock_fut_2bps_5s,False,False,True,spec,pull_rate_shock_2bps
pull_rate_shock_fut_5bps_15s_btc,pull_rate_shock_fut_5bps_15s,btc,S2,Dynamics,s2_dynamics,,15.0,Futures,2385.0,pull_rate_shock_fut_5bps_15s,False,False,True,spec,pull_rate_shock_5bps
pull_rate_shock_fut_5bps_5s_btc,pull_rate_shock_fut_5bps_5s,btc,S2,Dynamics,s2_dynamics,,5.0,Futures,2386.0,pull_rate_shock_fut_5bps_5s,False,False,True,spec,pull_rate_shock_5bps
pull_rate_shock_fut_5bps_60s_btc,pull_rate_shock_fut_5bps_60s,btc,S2,Dynamics,s2_dynamics,,60.0,Futures,2387.0,pull_rate_shock_fut_5bps_60s,False,False,True,spec,pull_rate_shock_5bps
pull_rate_shock_spot_10bps_15s_btc,pull_rate_shock_spot_10bps_15s,btc,S2,Dynamics,s2_dynamics,,15.0,Spot,2388.0,pull_rate_shock_spot_10bps_15s,False,False,True,spec,pull_rate_shock_10bps
pull_rate_shock_spot_10bps_5s_btc,pull_rate_shock_spot_10bps_5s,btc,S2,Dynamics,s2_dynamics,,5.0,Spot,2389.0,pull_rate_shock_spot_10bps_5s,False,False,True,spec,pull_rate_shock_10bps
pull_rate_shock_spot_10bps_60s_btc,pull_rate_shock_spot_10bps_60s,btc,S2,Dynamics,s2_dynamics,,60.0,Spot,2390.0,pull_rate_shock_spot_10bps_60s,False,False,True,spec,pull_rate_shock_10bps
pull_rate_shock_spot_1bps_5s_btc,pull_rate_shock_spot_1bps_5s,btc,S2,Dynamics,s2_dynamics,,5.0,Spot,2391.0,pull_rate_shock_spot_1bps_5s,False,False,True,spec,pull_rate_shock_1bps
pull_rate_shock_spot_1bps_60s_btc,pull_rate_shock_spot_1bps_60s,btc,S2,Dynamics,s2_dynamics,,60.0,Spot,2392.0,pull_rate_shock_spot_1bps_60s,False,False,True,spec,pull_rate_shock_1bps
pull_rate_shock_spot_2bps_5s_btc,pull_rate_shock_spot_2bps_5s,btc,S2,Dynamics,s2_dynamics,,5.0,Spot,2393.0,pull_rate_shock_spot_2bps_5s,False,False,True,spec,pull_rate_shock_2bps
pull_rate_shock_spot_5bps_15s_btc,pull_rate_shock_spot_5bps_15s,btc,S2,Dynamics,s2_dynamics,,15.0,Spot,2394.0,pull_rate_shock_spot_5bps_15s,False,False,True,spec,pull_rate_shock_5bps
pull_rate_shock_spot_5bps_5s_btc,pull_rate_shock_spot_5bps_5s,btc,S2,Dynamics,s2_dynamics,,5.0,Spot,2395.0,pull_rate_shock_spot_5bps_5s,False,False,True,spec,pull_rate_shock_5bps
pull_rate_shock_spot_5bps_60s_btc,pull_rate_shock_spot_5bps_60s,btc,S2,Dynamics,s2_dynamics,,60.0,Spot,2396.0,pull_rate_shock_spot_5bps_60s,False,False,True,spec,pull_rate_shock_5bps
queue_pressure_shock_fut_10bps_15s_btc,queue_pressure_shock_fut_10bps_15s,btc,S2,Dynamics,s2_dynamics,,15.0,Futures,2397.0,queue_pressure_shock_fut_10bps_15s,False,False,True,spec,queue_pressure_shock_10bps
queue_pressure_shock_fut_10bps_5s_btc,queue_pressure_shock_fut_10bps_5s,btc,S2,Dynamics,s2_dynamics,,5.0,Futures,2398.0,queue_pressure_shock_fut_10bps_5s,False,False,True,spec,queue_pressure_shock_10bps
queue_pressure_shock_fut_10bps_60s_btc,queue_pressure_shock_fut_10bps_60s,btc,S2,Dynamics,s2_dynamics,,60.0,Futures,2399.0,queue_pressure_shock_fut_10bps_60s,False,False,True,spec,queue_pressure_shock_10bps
queue_pressure_shock_fut_1bps_5s_btc,queue_pressure_shock_fut_1bps_5s,btc,S2,Dynamics,s2_dynamics,,5.0,Futures,2400.0,queue_pressure_shock_fut_1bps_5s,False,False,True,spec,queue_pressure_shock_1bps
queue_pressure_shock_fut_2bps_15s_btc,queue_pressure_shock_fut_2bps_15s,btc,S2,Dynamics,s2_dynamics,,15.0,Futures,2401.0,queue_pressure_shock_fut_2bps_15s,False,False,True,spec,queue_pressure_shock_2bps
queue_pressure_shock_fut_2bps_5s_btc,queue_pressure_shock_fut_2bps_5s,btc,S2,Dynamics,s2_dynamics,,5.0,Futures,2402.0,queue_pressure_shock_fut_2bps_5s,False,False,True,spec,queue_pressure_shock_2bps
queue_pressure_shock_fut_2bps_60s_btc,queue_pressure_shock_fut_2bps_60s,btc,S2,Dynamics,s2_dynamics,,60.0,Futures,2403.0,queue_pressure_shock_fut_2bps_60s,False,False,True,spec,queue_pressure_shock_2bps
queue_pressure_shock_fut_5bps_15s_btc,queue_pressure_shock_fut_5bps_15s,btc,S2,Dynamics,s2_dynamics,,15.0,Futures,2404.0,queue_pressure_shock_fut_5bps_15s,False,False,True,spec,queue_pressure_shock_5bps
queue_pressure_shock_fut_5bps_5s_btc,queue_pressure_shock_fut_5bps_5s,btc,S2,Dynamics,s2_dynamics,,5.0,Futures,2405.0,queue_pressure_shock_fut_5bps_5s,False,False,True,spec,queue_pressure_shock_5bps
queue_pressure_shock_fut_5bps_60s_btc,queue_pressure_shock_fut_5bps_60s,btc,S2,Dynamics,s2_dynamics,,60.0,Futures,2406.0,queue_pressure_shock_fut_5bps_60s,False,False,True,spec,queue_pressure_shock_5bps
queue_pressure_shock_spot_10bps_15s_btc,queue_pressure_shock_spot_10bps_15s,btc,S2,Dynamics,s2_dynamics,,15.0,Spot,2407.0,queue_pressure_shock_spot_10bps_15s,False,False,True,spec,queue_pressure_shock_10bps
queue_pressure_shock_spot_10bps_5s_btc,queue_pressure_shock_spot_10bps_5s,btc,S2,Dynamics,s2_dynamics,,5.0,Spot,2408.0,queue_pressure_shock_spot_10bps_5s,False,False,True,spec,queue_pressure_shock_10bps
queue_pressure_shock_spot_10bps_60s_btc,queue_pressure_shock_spot_10bps_60s,btc,S2,Dynamics,s2_dynamics,,60.0,Spot,2409.0,queue_pressure_shock_spot_10bps_60s,False,False,True,spec,queue_pressure_shock_10bps
queue_pressure_shock_spot_1bps_5s_btc,queue_pressure_shock_spot_1bps_5s,btc,S2,Dynamics,s2_dynamics,,5.0,Spot,2410.0,queue_pressure_shock_spot_1bps_5s,False,False,True,spec,queue_pressure_shock_1bps
queue_pressure_shock_spot_2bps_15s_btc,queue_pressure_shock_spot_2bps_15s,btc,S2,Dynamics,s2_dynamics,,15.0,Spot,2411.0,queue_pressure_shock_spot_2bps_15s,False,False,True,spec,queue_pressure_shock_2bps
queue_pressure_shock_spot_2bps_5s_btc,queue_pressure_shock_spot_2bps_5s,btc,S2,Dynamics,s2_dynamics,,5.0,Spot,2412.0,queue_pressure_shock_spot_2bps_5s,False,False,True,spec,queue_pressure_shock_2bps
queue_pressure_shock_spot_2bps_60s_btc,queue_pressure_shock_spot_2bps_60s,btc,S2,Dynamics,s2_dynamics,,60.0,Spot,2413.0,queue_pressure_shock_spot_2bps_60s,False,False,True,spec,queue_pressure_shock_2bps
queue_pressure_shock_spot_5bps_15s_btc,queue_pressure_shock_spot_5bps_15s,btc,S2,Dynamics,s2_dynamics,,15.0,Spot,2414.0,queue_pressure_shock_spot_5bps_15s,False,False,True,spec,queue_pressure_shock_5bps
queue_pressure_shock_spot_5bps_5s_btc,queue_pressure_shock_spot_5bps_5s,btc,S2,Dynamics,s2_dynamics,,5.0,Spot,2415.0,queue_pressure_shock_spot_5bps_5s,False,False,True,spec,queue_pressure_shock_5bps
queue_pressure_shock_spot_5bps_60s_btc,queue_pressure_shock_spot_5bps_60s,btc,S2,Dynamics,s2_dynamics,,60.0,Spot,2416.0,queue_pressure_shock_spot_5bps_60s,False,False,True,spec,queue_pressure_shock_5bps
refill_rate_shock_fut_10bps_15s_btc,refill_rate_shock_fut_10bps_15s,btc,S2,Dynamics,s2_dynamics,,15.0,Futures,2417.0,refill_rate_shock_fut_10bps_15s,False,False,True,spec,refill_rate_shock_10bps
refill_rate_shock_fut_10bps_5s_btc,refill_rate_shock_fut_10bps_5s,btc,S2,Dynamics,s2_dynamics,,5.0,Futures,2418.0,refill_rate_shock_fut_10bps_5s,False,False,True,spec,refill_rate_shock_10bps
refill_rate_shock_fut_10bps_60s_btc,refill_rate_shock_fut_10bps_60s,btc,S2,Dynamics,s2_dynamics,,60.0,Futures,2419.0,refill_rate_shock_fut_10bps_60s,False,False,True,spec,refill_rate_shock_10bps
refill_rate_shock_fut_1bps_60s_btc,refill_rate_shock_fut_1bps_60s,btc,S2,Dynamics,s2_dynamics,,60.0,Futures,2420.0,refill_rate_shock_fut_1bps_60s,False,False,True,spec,refill_rate_shock_1bps
refill_rate_shock_fut_2bps_5s_btc,refill_rate_shock_fut_2bps_5s,btc,S2,Dynamics,s2_dynamics,,5.0,Futures,2421.0,refill_rate_shock_fut_2bps_5s,False,False,True,spec,refill_rate_shock_2bps
refill_rate_shock_fut_5bps_15s_btc,refill_rate_shock_fut_5bps_15s,btc,S2,Dynamics,s2_dynamics,,15.0,Futures,2422.0,refill_rate_shock_fut_5bps_15s,False,False,True,spec,refill_rate_shock_5bps
refill_rate_shock_fut_5bps_5s_btc,refill_rate_shock_fut_5bps_5s,btc,S2,Dynamics,s2_dynamics,,5.0,Futures,2423.0,refill_rate_shock_fut_5bps_5s,False,False,True,spec,refill_rate_shock_5bps
refill_rate_shock_fut_5bps_60s_btc,refill_rate_shock_fut_5bps_60s,btc,S2,Dynamics,s2_dynamics,,60.0,Futures,2424.0,refill_rate_shock_fut_5bps_60s,False,False,True,spec,refill_rate_shock_5bps
refill_rate_shock_spot_10bps_15s_btc,refill_rate_shock_spot_10bps_15s,btc,S2,Dynamics,s2_dynamics,,15.0,Spot,2425.0,refill_rate_shock_spot_10bps_15s,False,False,True,spec,refill_rate_shock_10bps
refill_rate_shock_spot_10bps_5s_btc,refill_rate_shock_spot_10bps_5s,btc,S2,Dynamics,s2_dynamics,,5.0,Spot,2426.0,refill_rate_shock_spot_10bps_5s,False,False,True,spec,refill_rate_shock_10bps
refill_rate_shock_spot_10bps_60s_btc,refill_rate_shock_spot_10bps_60s,btc,S2,Dynamics,s2_dynamics,,60.0,Spot,2427.0,refill_rate_shock_spot_10bps_60s,False,False,True,spec,refill_rate_shock_10bps
refill_rate_shock_spot_1bps_60s_btc,refill_rate_shock_spot_1bps_60s,btc,S2,Dynamics,s2_dynamics,,60.0,Spot,2428.0,refill_rate_shock_spot_1bps_60s,False,False,True,spec,refill_rate_shock_1bps
refill_rate_shock_spot_2bps_5s_btc,refill_rate_shock_spot_2bps_5s,btc,S2,Dynamics,s2_dynamics,,5.0,Spot,2429.0,refill_rate_shock_spot_2bps_5s,False,False,True,spec,refill_rate_shock_2bps
refill_rate_shock_spot_5bps_15s_btc,refill_rate_shock_spot_5bps_15s,btc,S2,Dynamics,s2_dynamics,,15.0,Spot,2430.0,refill_rate_shock_spot_5bps_15s,False,False,True,spec,refill_rate_shock_5bps
refill_rate_shock_spot_5bps_5s_btc,refill_rate_shock_spot_5bps_5s,btc,S2,Dynamics,s2_dynamics,,5.0,Spot,2431.0,refill_rate_shock_spot_5bps_5s,False,False,True,spec,refill_rate_shock_5bps
refill_rate_shock_spot_5bps_60s_btc,refill_rate_shock_spot_5bps_60s,btc,S2,Dynamics,s2_dynamics,,60.0,Spot,2432.0,refill_rate_shock_spot_5bps_60s,False,False,True,spec,refill_rate_shock_5bps
flow_depth_align_fut_struct50_1s_btc,flow_depth_align_fut_struct50_1s,btc,S2,Dynamics,s2_dynamics,,,Futures,2433.0,flow_depth_align_fut_struct50_1s,False,False,True,spec,flow_depth_align_struct50
flow_depth_align_fut_struct100_1s_btc,flow_depth_align_fut_struct100_1s,btc,S2,Dynamics,s2_dynamics,,,Futures,2434.0,flow_depth_align_fut_struct100_1s,False,False,True,spec,flow_depth_align_struct100
flow_depth_align_spot_struct50_1s_btc,flow_depth_align_spot_struct50_1s,btc,S2,Dynamics,s2_dynamics,,,Spot,2435.0,flow_depth_align_spot_struct50_1s,False,False,True,spec,flow_depth_align_struct50
flow_depth_align_spot_struct100_1s_btc,flow_depth_align_spot_struct100_1s,btc,S2,Dynamics,s2_dynamics,,,Spot,2436.0,flow_depth_align_spot_struct100_1s,False,False,True,spec,flow_depth_align_struct100
flow_depth_align_fut_struct100_60s_btc,flow_depth_align_fut_struct100_60s,btc,S2,Dynamics,s2_dynamics,,60.0,Futures,2437.0,flow_depth_align_fut_struct100_60s,False,False,True,spec,flow_depth_align_struct100
flow_depth_align_fut_struct100_300s_btc,flow_depth_align_fut_struct100_300s,btc,S2,Dynamics,s2_dynamics,,300.0,Futures,2438.0,flow_depth_align_fut_struct100_300s,False,False,True,spec,flow_depth_align_struct100
flow_depth_align_spot_struct100_60s_btc,flow_depth_align_spot_struct100_60s,btc,S2,Dynamics,s2_dynamics,,60.0,Spot,2439.0,flow_depth_align_spot_struct100_60s,False,False,True,spec,flow_depth_align_struct100
flow_depth_align_spot_struct100_300s_btc,flow_depth_align_spot_struct100_300s,btc,S2,Dynamics,s2_dynamics,,300.0,Spot,2440.0,flow_depth_align_spot_struct100_300s,False,False,True,spec,flow_depth_align_struct100
impact_per_liquidity_fut_2bps_300s_btc,impact_per_liquidity_fut_2bps_300s,btc,S2,Impact,s2_impact,,300.0,Futures,2441.0,impact_per_liquidity_fut_2bps_300s,False,False,True,spec,impact_per_liquidity_2bps
impact_per_liquidity_fut_2bps_60s_btc,impact_per_liquidity_fut_2bps_60s,btc,S2,Impact,s2_impact,,60.0,Futures,2442.0,impact_per_liquidity_fut_2bps_60s,False,False,True,spec,impact_per_liquidity_2bps
impact_per_liquidity_fut_2bps_900s_btc,impact_per_liquidity_fut_2bps_900s,btc,S2,Impact,s2_impact,,900.0,Futures,2443.0,impact_per_liquidity_fut_2bps_900s,False,False,True,spec,impact_per_liquidity_2bps
impact_per_liquidity_fut_5bps_300s_btc,impact_per_liquidity_fut_5bps_300s,btc,S2,Impact,s2_impact,,300.0,Futures,2444.0,impact_per_liquidity_fut_5bps_300s,False,False,True,spec,impact_per_liquidity_5bps
impact_per_liquidity_fut_5bps_60s_btc,impact_per_liquidity_fut_5bps_60s,btc,S2,Impact,s2_impact,,60.0,Futures,2445.0,impact_per_liquidity_fut_5bps_60s,False,False,True,spec,impact_per_liquidity_5bps
impact_per_liquidity_fut_5bps_900s_btc,impact_per_liquidity_fut_5bps_900s,btc,S2,Impact,s2_impact,,900.0,Futures,2446.0,impact_per_liquidity_fut_5bps_900s,False,False,True,spec,impact_per_liquidity_5bps
impact_per_liquidity_spot_2bps_300s_btc,impact_per_liquidity_spot_2bps_300s,btc,S2,Impact,s2_impact,,300.0,Spot,2447.0,impact_per_liquidity_spot_2bps_300s,False,False,True,spec,impact_per_liquidity_2bps
impact_per_liquidity_spot_2bps_60s_btc,impact_per_liquidity_spot_2bps_60s,btc,S2,Impact,s2_impact,,60.0,Spot,2448.0,impact_per_liquidity_spot_2bps_60s,False,False,True,spec,impact_per_liquidity_2bps
impact_per_liquidity_spot_2bps_900s_btc,impact_per_liquidity_spot_2bps_900s,btc,S2,Impact,s2_impact,,900.0,Spot,2449.0,impact_per_liquidity_spot_2bps_900s,False,False,True,spec,impact_per_liquidity_2bps
impact_per_liquidity_spot_5bps_300s_btc,impact_per_liquidity_spot_5bps_300s,btc,S2,Impact,s2_impact,,300.0,Spot,2450.0,impact_per_liquidity_spot_5bps_300s,False,False,True,spec,impact_per_liquidity_5bps
impact_per_liquidity_spot_5bps_60s_btc,impact_per_liquidity_spot_5bps_60s,btc,S2,Impact,s2_impact,,60.0,Spot,2451.0,impact_per_liquidity_spot_5bps_60s,False,False,True,spec,impact_per_liquidity_5bps
impact_per_liquidity_spot_5bps_900s_btc,impact_per_liquidity_spot_5bps_900s,btc,S2,Impact,s2_impact,,900.0,Spot,2452.0,impact_per_liquidity_spot_5bps_900s,False,False,True,spec,impact_per_liquidity_5bps
impact_per_signed_fut_15s_btc,impact_per_signed_fut_15s,btc,S2,Impact,s2_impact,,15.0,Futures,2453.0,impact_per_signed_fut_15s,False,False,True,spec,impact_per_signed
impact_per_signed_fut_5s_btc,impact_per_signed_fut_5s,btc,S2,Impact,s2_impact,,5.0,Futures,2454.0,impact_per_signed_fut_5s,False,False,True,spec,impact_per_signed
impact_per_signed_fut_60s_btc,impact_per_signed_fut_60s,btc,S2,Impact,s2_impact,,60.0,Futures,2455.0,impact_per_signed_fut_60s,False,False,True,spec,impact_per_signed
impact_per_signed_fut_900s_btc,impact_per_signed_fut_900s,btc,S2,Impact,s2_impact,,900.0,Futures,2456.0,impact_per_signed_fut_900s,False,False,True,spec,impact_per_signed
impact_per_signed_spot_15s_btc,impact_per_signed_spot_15s,btc,S2,Impact,s2_impact,,15.0,Spot,2457.0,impact_per_signed_spot_15s,False,False,True,spec,impact_per_signed
impact_per_signed_spot_5s_btc,impact_per_signed_spot_5s,btc,S2,Impact,s2_impact,,5.0,Spot,2458.0,impact_per_signed_spot_5s,False,False,True,spec,impact_per_signed
impact_per_signed_spot_60s_btc,impact_per_signed_spot_60s,btc,S2,Impact,s2_impact,,60.0,Spot,2459.0,impact_per_signed_spot_60s,False,False,True,spec,impact_per_signed
impact_per_signed_spot_900s_btc,impact_per_signed_spot_900s,btc,S2,Impact,s2_impact,,900.0,Spot,2460.0,impact_per_signed_spot_900s,False,False,True,spec,impact_per_signed
refill_vs_pull_fut_1bps_15s_btc,refill_vs_pull_fut_1bps_15s,btc,S2,Liquidity Events,s2_liquidity_events,,15.0,Futures,2461.0,refill_vs_pull_fut_1bps_15s,False,False,True,spec,refill_vs_pull_1bps
refill_vs_pull_fut_1bps_5s_btc,refill_vs_pull_fut_1bps_5s,btc,S2,Liquidity Events,s2_liquidity_events,,5.0,Futures,2462.0,refill_vs_pull_fut_1bps_5s,False,False,True,spec,refill_vs_pull_1bps
refill_vs_pull_fut_2bps_5s_btc,refill_vs_pull_fut_2bps_5s,btc,S2,Liquidity Events,s2_liquidity_events,,5.0,Futures,2463.0,refill_vs_pull_fut_2bps_5s,False,False,True,spec,refill_vs_pull_2bps
refill_vs_pull_fut_2bps_60s_btc,refill_vs_pull_fut_2bps_60s,btc,S2,Liquidity Events,s2_liquidity_events,,60.0,Futures,2464.0,refill_vs_pull_fut_2bps_60s,False,False,True,spec,refill_vs_pull_2bps
refill_vs_pull_spot_1bps_15s_btc,refill_vs_pull_spot_1bps_15s,btc,S2,Liquidity Events,s2_liquidity_events,,15.0,Spot,2465.0,refill_vs_pull_spot_1bps_15s,False,False,True,spec,refill_vs_pull_1bps
refill_vs_pull_spot_1bps_5s_btc,refill_vs_pull_spot_1bps_5s,btc,S2,Liquidity Events,s2_liquidity_events,,5.0,Spot,2466.0,refill_vs_pull_spot_1bps_5s,False,False,True,spec,refill_vs_pull_1bps
refill_vs_pull_spot_2bps_5s_btc,refill_vs_pull_spot_2bps_5s,btc,S2,Liquidity Events,s2_liquidity_events,,5.0,Spot,2467.0,refill_vs_pull_spot_2bps_5s,False,False,True,spec,refill_vs_pull_2bps
refill_vs_pull_spot_2bps_60s_btc,refill_vs_pull_spot_2bps_60s,btc,S2,Liquidity Events,s2_liquidity_events,,60.0,Spot,2468.0,refill_vs_pull_spot_2bps_60s,False,False,True,spec,refill_vs_pull_2bps
ask_churn_fut_2bps_15s_btc,ask_churn_fut_2bps_15s,btc,S2,Liquidity Events,s2_liquidity_events,,15.0,Futures,2469.0,ask_churn_fut_2bps_15s,False,False,True,spec,ask_churn_2bps
ask_churn_fut_2bps_60s_btc,ask_churn_fut_2bps_60s,btc,S2,Liquidity Events,s2_liquidity_events,,60.0,Futures,2470.0,ask_churn_fut_2bps_60s,False,False,True,spec,ask_churn_2bps
ask_churn_spot_2bps_15s_btc,ask_churn_spot_2bps_15s,btc,S2,Liquidity Events,s2_liquidity_events,,15.0,Spot,2471.0,ask_churn_spot_2bps_15s,False,False,True,spec,ask_churn_2bps
ask_churn_spot_2bps_60s_btc,ask_churn_spot_2bps_60s,btc,S2,Liquidity Events,s2_liquidity_events,,60.0,Spot,2472.0,ask_churn_spot_2bps_60s,False,False,True,spec,ask_churn_2bps
bid_churn_fut_2bps_15s_btc,bid_churn_fut_2bps_15s,btc,S2,Liquidity Events,s2_liquidity_events,,15.0,Futures,2473.0,bid_churn_fut_2bps_15s,False,False,True,spec,bid_churn_2bps
bid_churn_fut_2bps_60s_btc,bid_churn_fut_2bps_60s,btc,S2,Liquidity Events,s2_liquidity_events,,60.0,Futures,2474.0,bid_churn_fut_2bps_60s,False,False,True,spec,bid_churn_2bps
bid_churn_spot_2bps_15s_btc,bid_churn_spot_2bps_15s,btc,S2,Liquidity Events,s2_liquidity_events,,15.0,Spot,2475.0,bid_churn_spot_2bps_15s,False,False,True,spec,bid_churn_2bps
bid_churn_spot_2bps_60s_btc,bid_churn_spot_2bps_60s,btc,S2,Liquidity Events,s2_liquidity_events,,60.0,Spot,2476.0,bid_churn_spot_2bps_60s,False,False,True,spec,bid_churn_2bps
cancel_rate_ahead_fut_1bps_15s_btc,cancel_rate_ahead_fut_1bps_15s,btc,S2,Liquidity Events,s2_liquidity_events,,15.0,Futures,2477.0,cancel_rate_ahead_fut_1bps_15s,False,False,True,spec,cancel_rate_ahead_1bps
cancel_rate_ahead_spot_1bps_15s_btc,cancel_rate_ahead_spot_1bps_15s,btc,S2,Liquidity Events,s2_liquidity_events,,15.0,Spot,2478.0,cancel_rate_ahead_spot_1bps_15s,False,False,True,spec,cancel_rate_ahead_1bps
cancel_rate_behind_fut_1bps_15s_btc,cancel_rate_behind_fut_1bps_15s,btc,S2,Liquidity Events,s2_liquidity_events,,15.0,Futures,2479.0,cancel_rate_behind_fut_1bps_15s,False,False,True,spec,cancel_rate_behind_1bps
cancel_rate_behind_spot_1bps_15s_btc,cancel_rate_behind_spot_1bps_15s,btc,S2,Liquidity Events,s2_liquidity_events,,15.0,Spot,2480.0,cancel_rate_behind_spot_1bps_15s,False,False,True,spec,cancel_rate_behind_1bps
ask_churn_fut_5bps_1s_btc,ask_churn_fut_5bps_1s,btc,S2,Liquidity Events,s2_liquidity_events,,1.0,Futures,2481.0,ask_churn_fut_5bps_1s,False,False,True,spec,ask_churn_5bps
ask_churn_spot_5bps_1s_btc,ask_churn_spot_5bps_1s,btc,S2,Liquidity Events,s2_liquidity_events,,1.0,Spot,2482.0,ask_churn_spot_5bps_1s,False,False,True,spec,ask_churn_5bps
bid_churn_fut_5bps_1s_btc,bid_churn_fut_5bps_1s,btc,S2,Liquidity Events,s2_liquidity_events,,1.0,Futures,2483.0,bid_churn_fut_5bps_1s,False,False,True,spec,bid_churn_5bps
bid_churn_spot_5bps_1s_btc,bid_churn_spot_5bps_1s,btc,S2,Liquidity Events,s2_liquidity_events,,1.0,Spot,2484.0,bid_churn_spot_5bps_1s,False,False,True,spec,bid_churn_5bps
pull_rate_fut_1bps_15s_btc,pull_rate_fut_1bps_15s,btc,S2,Liquidity Events,s2_liquidity_events,,15.0,Futures,2485.0,pull_rate_fut_1bps_15s,False,False,True,spec,pull_rate_1bps
pull_rate_fut_2bps_15s_btc,pull_rate_fut_2bps_15s,btc,S2,Liquidity Events,s2_liquidity_events,,15.0,Futures,2486.0,pull_rate_fut_2bps_15s,False,False,True,spec,pull_rate_2bps
pull_rate_fut_2bps_60s_btc,pull_rate_fut_2bps_60s,btc,S2,Liquidity Events,s2_liquidity_events,,60.0,Futures,2487.0,pull_rate_fut_2bps_60s,False,False,True,spec,pull_rate_2bps
pull_rate_spot_1bps_15s_btc,pull_rate_spot_1bps_15s,btc,S2,Liquidity Events,s2_liquidity_events,,15.0,Spot,2488.0,pull_rate_spot_1bps_15s,False,False,True,spec,pull_rate_1bps
pull_rate_spot_2bps_15s_btc,pull_rate_spot_2bps_15s,btc,S2,Liquidity Events,s2_liquidity_events,,15.0,Spot,2489.0,pull_rate_spot_2bps_15s,False,False,True,spec,pull_rate_2bps
pull_rate_spot_2bps_60s_btc,pull_rate_spot_2bps_60s,btc,S2,Liquidity Events,s2_liquidity_events,,60.0,Spot,2490.0,pull_rate_spot_2bps_60s,False,False,True,spec,pull_rate_2bps
refill_rate_fut_1bps_15s_btc,refill_rate_fut_1bps_15s,btc,S2,Liquidity Events,s2_liquidity_events,,15.0,Futures,2491.0,refill_rate_fut_1bps_15s,False,False,True,spec,refill_rate_1bps
refill_rate_fut_1bps_5s_btc,refill_rate_fut_1bps_5s,btc,S2,Liquidity Events,s2_liquidity_events,,5.0,Futures,2492.0,refill_rate_fut_1bps_5s,False,False,True,spec,refill_rate_1bps
refill_rate_fut_2bps_15s_btc,refill_rate_fut_2bps_15s,btc,S2,Liquidity Events,s2_liquidity_events,,15.0,Futures,2493.0,refill_rate_fut_2bps_15s,False,False,True,spec,refill_rate_2bps
refill_rate_fut_2bps_60s_btc,refill_rate_fut_2bps_60s,btc,S2,Liquidity Events,s2_liquidity_events,,60.0,Futures,2494.0,refill_rate_fut_2bps_60s,False,False,True,spec,refill_rate_2bps
refill_rate_spot_1bps_15s_btc,refill_rate_spot_1bps_15s,btc,S2,Liquidity Events,s2_liquidity_events,,15.0,Spot,2495.0,refill_rate_spot_1bps_15s,False,False,True,spec,refill_rate_1bps
refill_rate_spot_1bps_5s_btc,refill_rate_spot_1bps_5s,btc,S2,Liquidity Events,s2_liquidity_events,,5.0,Spot,2496.0,refill_rate_spot_1bps_5s,False,False,True,spec,refill_rate_1bps
refill_rate_spot_2bps_15s_btc,refill_rate_spot_2bps_15s,btc,S2,Liquidity Events,s2_liquidity_events,,15.0,Spot,2497.0,refill_rate_spot_2bps_15s,False,False,True,spec,refill_rate_2bps
refill_rate_spot_2bps_60s_btc,refill_rate_spot_2bps_60s,btc,S2,Liquidity Events,s2_liquidity_events,,60.0,Spot,2498.0,refill_rate_spot_2bps_60s,False,False,True,spec,refill_rate_2bps
refill_rate_behind_fut_1bps_15s_btc,refill_rate_behind_fut_1bps_15s,btc,S2,Liquidity Events,s2_liquidity_events,,15.0,Futures,2499.0,refill_rate_behind_fut_1bps_15s,False,False,True,spec,refill_rate_behind_1bps
refill_rate_behind_spot_1bps_15s_btc,refill_rate_behind_spot_1bps_15s,btc,S2,Liquidity Events,s2_liquidity_events,,15.0,Spot,2500.0,refill_rate_behind_spot_1bps_15s,False,False,True,spec,refill_rate_behind_1bps
breakout_regime_flag_300s_btc,breakout_regime_flag_300s,btc,S2,Meta,s2_meta,,300.0,Futures,2501.0,breakout_regime_flag_300s,True,False,False,spec,breakout_regime_flag
breakout_regime_flag_60s_btc,breakout_regime_flag_60s,btc,S2,Meta,s2_meta,,60.0,Futures,2502.0,breakout_regime_flag_60s,True,False,False,spec,breakout_regime_flag
queue_pressure_depth_coherence_fut_5s_btc,queue_pressure_depth_coherence_fut_5s,btc,S2,Meta,s2_meta,,5.0,Futures,2503.0,queue_pressure_depth_coherence_fut_5s,True,False,False,spec,queue_pressure_depth_coherence
queue_pressure_depth_coherence_spot_5s_btc,queue_pressure_depth_coherence_spot_5s,btc,S2,Meta,s2_meta,,5.0,Spot,2504.0,queue_pressure_depth_coherence_spot_5s,True,False,False,spec,queue_pressure_depth_coherence
queue_pressure_depth_curvature_fut_5s_btc,queue_pressure_depth_curvature_fut_5s,btc,S2,Meta,s2_meta,,5.0,Futures,2505.0,queue_pressure_depth_curvature_fut_5s,True,False,False,spec,queue_pressure_depth_curvature
queue_pressure_depth_curvature_spot_5s_btc,queue_pressure_depth_curvature_spot_5s,btc,S2,Meta,s2_meta,,5.0,Spot,2506.0,queue_pressure_depth_curvature_spot_5s,True,False,False,spec,queue_pressure_depth_curvature
queue_pressure_depth_slope_fut_5s_btc,queue_pressure_depth_slope_fut_5s,btc,S2,Meta,s2_meta,,5.0,Futures,2507.0,queue_pressure_depth_slope_fut_5s,True,False,False,spec,queue_pressure_depth_slope
queue_pressure_depth_slope_spot_5s_btc,queue_pressure_depth_slope_spot_5s,btc,S2,Meta,s2_meta,,5.0,Spot,2508.0,queue_pressure_depth_slope_spot_5s,True,False,False,spec,queue_pressure_depth_slope
dir_consistency_fut_300s_btc,dir_consistency_fut_300s,btc,S2,Meta,s2_meta,,300.0,Futures,2509.0,dir_consistency_fut_300s,True,False,False,spec,dir_consistency
dir_consistency_fut_60s_btc,dir_consistency_fut_60s,btc,S2,Meta,s2_meta,,60.0,Futures,2510.0,dir_consistency_fut_60s,True,False,False,spec,dir_consistency
dir_consistency_fut_900s_btc,dir_consistency_fut_900s,btc,S2,Meta,s2_meta,,900.0,Futures,2511.0,dir_consistency_fut_900s,True,False,False,spec,dir_consistency
dir_consistency_spot_300s_btc,dir_consistency_spot_300s,btc,S2,Meta,s2_meta,,300.0,Spot,2512.0,dir_consistency_spot_300s,True,False,False,spec,dir_consistency
dir_consistency_spot_60s_btc,dir_consistency_spot_60s,btc,S2,Meta,s2_meta,,60.0,Spot,2513.0,dir_consistency_spot_60s,True,False,False,spec,dir_consistency
dir_consistency_spot_900s_btc,dir_consistency_spot_900s,btc,S2,Meta,s2_meta,,900.0,Spot,2514.0,dir_consistency_spot_900s,True,False,False,spec,dir_consistency
unidir_ratio_spot_300s_btc,unidir_ratio_spot_300s,btc,S2,Meta,s2_meta,,300.0,Spot,2515.0,unidir_ratio_spot_300s,True,False,False,spec,unidir_ratio
unidir_ratio_spot_60s_btc,unidir_ratio_spot_60s,btc,S2,Meta,s2_meta,,60.0,Spot,2516.0,unidir_ratio_spot_60s,True,False,False,spec,unidir_ratio
z_basis_300s_btc,z_basis_300s,btc,S2,Normalization,s2_normalization,,300.0,,2517.0,z_basis_300s,False,False,True,spec,z_basis
z_basis_60s_btc,z_basis_60s,btc,S2,Normalization,s2_normalization,,60.0,,2518.0,z_basis_60s,False,False,True,spec,z_basis
z_book_asymmetry_fut_struct100_1s_btc,z_book_asymmetry_fut_struct100_1s,btc,S2,Normalization,s2_normalization,,5.0,Futures,2519.0,z_book_asymmetry_fut_struct100_1s,False,False,True,spec,z_book_asymmetry_struct100
z_book_asymmetry_fut_struct50_1s_btc,z_book_asymmetry_fut_struct50_1s,btc,S2,Normalization,s2_normalization,,5.0,Futures,2520.0,z_book_asymmetry_fut_struct50_1s,False,False,True,spec,z_book_asymmetry_struct50
z_book_asymmetry_spot_struct100_1s_btc,z_book_asymmetry_spot_struct100_1s,btc,S2,Normalization,s2_normalization,,5.0,Spot,2521.0,z_book_asymmetry_spot_struct100_1s,False,False,True,spec,z_book_asymmetry_struct100
z_book_asymmetry_spot_struct50_1s_btc,z_book_asymmetry_spot_struct50_1s,btc,S2,Normalization,s2_normalization,,5.0,Spot,2522.0,z_book_asymmetry_spot_struct50_1s,False,False,True,spec,z_book_asymmetry_struct50
z_liq_imb_fut_struct100_300s_btc,z_liq_imb_fut_struct100_300s,btc,S2,Normalization,s2_normalization,,300.0,Futures,2523.0,z_liq_imb_fut_struct100_300s,False,False,True,spec,z_liq_imb_struct100
z_liq_imb_fut_struct100_60s_btc,z_liq_imb_fut_struct100_60s,btc,S2,Normalization,s2_normalization,,60.0,Futures,2524.0,z_liq_imb_fut_struct100_60s,False,False,True,spec,z_liq_imb_struct100
z_liq_imb_fut_struct100_900s_btc,z_liq_imb_fut_struct100_900s,btc,S2,Normalization,s2_normalization,,900.0,Futures,2525.0,z_liq_imb_fut_struct100_900s,False,False,True,spec,z_liq_imb_struct100
z_liq_imb_fut_struct50_300s_btc,z_liq_imb_fut_struct50_300s,btc,S2,Normalization,s2_normalization,,300.0,Futures,2526.0,z_liq_imb_fut_struct50_300s,False,False,True,spec,z_liq_imb_struct50
z_liq_imb_fut_struct50_60s_btc,z_liq_imb_fut_struct50_60s,btc,S2,Normalization,s2_normalization,,60.0,Futures,2527.0,z_liq_imb_fut_struct50_60s,False,False,True,spec,z_liq_imb_struct50
z_liq_imb_fut_struct50_900s_btc,z_liq_imb_fut_struct50_900s,btc,S2,Normalization,s2_normalization,,900.0,Futures,2528.0,z_liq_imb_fut_struct50_900s,False,False,True,spec,z_liq_imb_struct50
z_liq_imb_spot_struct100_300s_btc,z_liq_imb_spot_struct100_300s,btc,S2,Normalization,s2_normalization,,300.0,Spot,2529.0,z_liq_imb_spot_struct100_300s,False,False,True,spec,z_liq_imb_struct100
z_liq_imb_spot_struct100_60s_btc,z_liq_imb_spot_struct100_60s,btc,S2,Normalization,s2_normalization,,60.0,Spot,2530.0,z_liq_imb_spot_struct100_60s,False,False,True,spec,z_liq_imb_struct100
z_liq_imb_spot_struct100_900s_btc,z_liq_imb_spot_struct100_900s,btc,S2,Normalization,s2_normalization,,900.0,Spot,2531.0,z_liq_imb_spot_struct100_900s,False,False,True,spec,z_liq_imb_struct100
z_liq_imb_spot_struct50_300s_btc,z_liq_imb_spot_struct50_300s,btc,S2,Normalization,s2_normalization,,300.0,Spot,2532.0,z_liq_imb_spot_struct50_300s,False,False,True,spec,z_liq_imb_struct50
z_liq_imb_spot_struct50_60s_btc,z_liq_imb_spot_struct50_60s,btc,S2,Normalization,s2_normalization,,60.0,Spot,2533.0,z_liq_imb_spot_struct50_60s,False,False,True,spec,z_liq_imb_struct50
z_liq_imb_spot_struct50_900s_btc,z_liq_imb_spot_struct50_900s,btc,S2,Normalization,s2_normalization,,900.0,Spot,2534.0,z_liq_imb_spot_struct50_900s,False,False,True,spec,z_liq_imb_struct50
z_participation_rate_300s_btc,z_participation_rate_300s,btc,S2,Normalization,s2_normalization,,300.0,Cross,2535.0,z_participation_rate_300s,False,False,True,spec,z_participation_rate
z_participation_rate_60s_btc,z_participation_rate_60s,btc,S2,Normalization,s2_normalization,,60.0,Cross,2536.0,z_participation_rate_60s,False,False,True,spec,z_participation_rate
z_participation_rate_900s_btc,z_participation_rate_900s,btc,S2,Normalization,s2_normalization,,900.0,Cross,2537.0,z_participation_rate_900s,False,False,True,spec,z_participation_rate
z_pull_rate_fut_10bps_15s_btc,z_pull_rate_fut_10bps_15s,btc,S2,Normalization,s2_normalization,,15.0,Futures,2538.0,z_pull_rate_fut_10bps_15s,False,False,True,spec,z_pull_rate_10bps
z_pull_rate_fut_10bps_5s_btc,z_pull_rate_fut_10bps_5s,btc,S2,Normalization,s2_normalization,,5.0,Futures,2539.0,z_pull_rate_fut_10bps_5s,False,False,True,spec,z_pull_rate_10bps
z_pull_rate_fut_10bps_60s_btc,z_pull_rate_fut_10bps_60s,btc,S2,Normalization,s2_normalization,,60.0,Futures,2540.0,z_pull_rate_fut_10bps_60s,False,False,True,spec,z_pull_rate_10bps
z_pull_rate_fut_1bps_5s_btc,z_pull_rate_fut_1bps_5s,btc,S2,Normalization,s2_normalization,,5.0,Futures,2541.0,z_pull_rate_fut_1bps_5s,False,False,True,spec,z_pull_rate_1bps
z_pull_rate_fut_1bps_60s_btc,z_pull_rate_fut_1bps_60s,btc,S2,Normalization,s2_normalization,,60.0,Futures,2542.0,z_pull_rate_fut_1bps_60s,False,False,True,spec,z_pull_rate_1bps
z_pull_rate_fut_2bps_5s_btc,z_pull_rate_fut_2bps_5s,btc,S2,Normalization,s2_normalization,,5.0,Futures,2543.0,z_pull_rate_fut_2bps_5s,False,False,True,spec,z_pull_rate_2bps
z_pull_rate_fut_5bps_15s_btc,z_pull_rate_fut_5bps_15s,btc,S2,Normalization,s2_normalization,,15.0,Futures,2544.0,z_pull_rate_fut_5bps_15s,False,False,True,spec,z_pull_rate_5bps
z_pull_rate_fut_5bps_5s_btc,z_pull_rate_fut_5bps_5s,btc,S2,Normalization,s2_normalization,,5.0,Futures,2545.0,z_pull_rate_fut_5bps_5s,False,False,True,spec,z_pull_rate_5bps
z_pull_rate_fut_5bps_60s_btc,z_pull_rate_fut_5bps_60s,btc,S2,Normalization,s2_normalization,,60.0,Futures,2546.0,z_pull_rate_fut_5bps_60s,False,False,True,spec,z_pull_rate_5bps
z_pull_rate_spot_10bps_15s_btc,z_pull_rate_spot_10bps_15s,btc,S2,Normalization,s2_normalization,,15.0,Spot,2547.0,z_pull_rate_spot_10bps_15s,False,False,True,spec,z_pull_rate_10bps
z_pull_rate_spot_10bps_5s_btc,z_pull_rate_spot_10bps_5s,btc,S2,Normalization,s2_normalization,,5.0,Spot,2548.0,z_pull_rate_spot_10bps_5s,False,False,True,spec,z_pull_rate_10bps
z_pull_rate_spot_10bps_60s_btc,z_pull_rate_spot_10bps_60s,btc,S2,Normalization,s2_normalization,,60.0,Spot,2549.0,z_pull_rate_spot_10bps_60s,False,False,True,spec,z_pull_rate_10bps
z_pull_rate_spot_1bps_5s_btc,z_pull_rate_spot_1bps_5s,btc,S2,Normalization,s2_normalization,,5.0,Spot,2550.0,z_pull_rate_spot_1bps_5s,False,False,True,spec,z_pull_rate_1bps
z_pull_rate_spot_1bps_60s_btc,z_pull_rate_spot_1bps_60s,btc,S2,Normalization,s2_normalization,,60.0,Spot,2551.0,z_pull_rate_spot_1bps_60s,False,False,True,spec,z_pull_rate_1bps
z_pull_rate_spot_2bps_5s_btc,z_pull_rate_spot_2bps_5s,btc,S2,Normalization,s2_normalization,,5.0,Spot,2552.0,z_pull_rate_spot_2bps_5s,False,False,True,spec,z_pull_rate_2bps
z_pull_rate_spot_5bps_15s_btc,z_pull_rate_spot_5bps_15s,btc,S2,Normalization,s2_normalization,,15.0,Spot,2553.0,z_pull_rate_spot_5bps_15s,False,False,True,spec,z_pull_rate_5bps
z_pull_rate_spot_5bps_5s_btc,z_pull_rate_spot_5bps_5s,btc,S2,Normalization,s2_normalization,,5.0,Spot,2554.0,z_pull_rate_spot_5bps_5s,False,False,True,spec,z_pull_rate_5bps
z_pull_rate_spot_5bps_60s_btc,z_pull_rate_spot_5bps_60s,btc,S2,Normalization,s2_normalization,,60.0,Spot,2555.0,z_pull_rate_spot_5bps_60s,False,False,True,spec,z_pull_rate_5bps
z_queue_pressure_fut_1bps_1s_btc,z_queue_pressure_fut_1bps_1s,btc,S2,Normalization,s2_normalization,,5.0,Futures,2556.0,z_queue_pressure_fut_1bps_1s,False,False,True,spec,z_queue_pressure_1bps
z_queue_pressure_fut_1bps_5s_btc,z_queue_pressure_fut_1bps_5s,btc,S2,Normalization,s2_normalization,,5.0,Futures,2557.0,z_queue_pressure_fut_1bps_5s,False,False,True,spec,z_queue_pressure_1bps
z_queue_pressure_fut_2bps_1s_btc,z_queue_pressure_fut_2bps_1s,btc,S2,Normalization,s2_normalization,,5.0,Futures,2558.0,z_queue_pressure_fut_2bps_1s,False,False,True,spec,z_queue_pressure_2bps
z_queue_pressure_fut_2bps_5s_btc,z_queue_pressure_fut_2bps_5s,btc,S2,Normalization,s2_normalization,,5.0,Futures,2559.0,z_queue_pressure_fut_2bps_5s,False,False,True,spec,z_queue_pressure_2bps
z_queue_pressure_fut_5bps_1s_btc,z_queue_pressure_fut_5bps_1s,btc,S2,Normalization,s2_normalization,,5.0,Futures,2560.0,z_queue_pressure_fut_5bps_1s,False,False,True,spec,z_queue_pressure_5bps
z_queue_pressure_fut_5bps_5s_btc,z_queue_pressure_fut_5bps_5s,btc,S2,Normalization,s2_normalization,,5.0,Futures,2561.0,z_queue_pressure_fut_5bps_5s,False,False,True,spec,z_queue_pressure_5bps
z_queue_pressure_spot_1bps_1s_btc,z_queue_pressure_spot_1bps_1s,btc,S2,Normalization,s2_normalization,,5.0,Spot,2562.0,z_queue_pressure_spot_1bps_1s,False,False,True,spec,z_queue_pressure_1bps
z_queue_pressure_spot_1bps_5s_btc,z_queue_pressure_spot_1bps_5s,btc,S2,Normalization,s2_normalization,,5.0,Spot,2563.0,z_queue_pressure_spot_1bps_5s,False,False,True,spec,z_queue_pressure_1bps
z_queue_pressure_spot_2bps_1s_btc,z_queue_pressure_spot_2bps_1s,btc,S2,Normalization,s2_normalization,,5.0,Spot,2564.0,z_queue_pressure_spot_2bps_1s,False,False,True,spec,z_queue_pressure_2bps
z_queue_pressure_spot_2bps_5s_btc,z_queue_pressure_spot_2bps_5s,btc,S2,Normalization,s2_normalization,,5.0,Spot,2565.0,z_queue_pressure_spot_2bps_5s,False,False,True,spec,z_queue_pressure_2bps
z_queue_pressure_spot_5bps_1s_btc,z_queue_pressure_spot_5bps_1s,btc,S2,Normalization,s2_normalization,,5.0,Spot,2566.0,z_queue_pressure_spot_5bps_1s,False,False,True,spec,z_queue_pressure_5bps
z_queue_pressure_spot_5bps_5s_btc,z_queue_pressure_spot_5bps_5s,btc,S2,Normalization,s2_normalization,,5.0,Spot,2567.0,z_queue_pressure_spot_5bps_5s,False,False,True,spec,z_queue_pressure_5bps
z_refill_rate_fut_10bps_15s_btc,z_refill_rate_fut_10bps_15s,btc,S2,Normalization,s2_normalization,,15.0,Futures,2568.0,z_refill_rate_fut_10bps_15s,False,False,True,spec,z_refill_rate_10bps
z_refill_rate_fut_10bps_5s_btc,z_refill_rate_fut_10bps_5s,btc,S2,Normalization,s2_normalization,,5.0,Futures,2569.0,z_refill_rate_fut_10bps_5s,False,False,True,spec,z_refill_rate_10bps
z_refill_rate_fut_10bps_60s_btc,z_refill_rate_fut_10bps_60s,btc,S2,Normalization,s2_normalization,,60.0,Futures,2570.0,z_refill_rate_fut_10bps_60s,False,False,True,spec,z_refill_rate_10bps
z_refill_rate_fut_1bps_60s_btc,z_refill_rate_fut_1bps_60s,btc,S2,Normalization,s2_normalization,,60.0,Futures,2571.0,z_refill_rate_fut_1bps_60s,False,False,True,spec,z_refill_rate_1bps
z_refill_rate_fut_2bps_5s_btc,z_refill_rate_fut_2bps_5s,btc,S2,Normalization,s2_normalization,,5.0,Futures,2572.0,z_refill_rate_fut_2bps_5s,False,False,True,spec,z_refill_rate_2bps
z_refill_rate_fut_5bps_15s_btc,z_refill_rate_fut_5bps_15s,btc,S2,Normalization,s2_normalization,,15.0,Futures,2573.0,z_refill_rate_fut_5bps_15s,False,False,True,spec,z_refill_rate_5bps
z_refill_rate_fut_5bps_5s_btc,z_refill_rate_fut_5bps_5s,btc,S2,Normalization,s2_normalization,,5.0,Futures,2574.0,z_refill_rate_fut_5bps_5s,False,False,True,spec,z_refill_rate_5bps
z_refill_rate_fut_5bps_60s_btc,z_refill_rate_fut_5bps_60s,btc,S2,Normalization,s2_normalization,,60.0,Futures,2575.0,z_refill_rate_fut_5bps_60s,False,False,True,spec,z_refill_rate_5bps
z_refill_rate_spot_10bps_15s_btc,z_refill_rate_spot_10bps_15s,btc,S2,Normalization,s2_normalization,,15.0,Spot,2576.0,z_refill_rate_spot_10bps_15s,False,False,True,spec,z_refill_rate_10bps
z_refill_rate_spot_10bps_5s_btc,z_refill_rate_spot_10bps_5s,btc,S2,Normalization,s2_normalization,,5.0,Spot,2577.0,z_refill_rate_spot_10bps_5s,False,False,True,spec,z_refill_rate_10bps
z_refill_rate_spot_10bps_60s_btc,z_refill_rate_spot_10bps_60s,btc,S2,Normalization,s2_normalization,,60.0,Spot,2578.0,z_refill_rate_spot_10bps_60s,False,False,True,spec,z_refill_rate_10bps
z_refill_rate_spot_1bps_60s_btc,z_refill_rate_spot_1bps_60s,btc,S2,Normalization,s2_normalization,,60.0,Spot,2579.0,z_refill_rate_spot_1bps_60s,False,False,True,spec,z_refill_rate_1bps
z_refill_rate_spot_2bps_5s_btc,z_refill_rate_spot_2bps_5s,btc,S2,Normalization,s2_normalization,,5.0,Spot,2580.0,z_refill_rate_spot_2bps_5s,False,False,True,spec,z_refill_rate_2bps
z_refill_rate_spot_5bps_15s_btc,z_refill_rate_spot_5bps_15s,btc,S2,Normalization,s2_normalization,,15.0,Spot,2581.0,z_refill_rate_spot_5bps_15s,False,False,True,spec,z_refill_rate_5bps
z_refill_rate_spot_5bps_5s_btc,z_refill_rate_spot_5bps_5s,btc,S2,Normalization,s2_normalization,,5.0,Spot,2582.0,z_refill_rate_spot_5bps_5s,False,False,True,spec,z_refill_rate_5bps
z_refill_rate_spot_5bps_60s_btc,z_refill_rate_spot_5bps_60s,btc,S2,Normalization,s2_normalization,,60.0,Spot,2583.0,z_refill_rate_spot_5bps_60s,False,False,True,spec,z_refill_rate_5bps
z_rv_300s_btc,z_rv_300s,btc,S2,Normalization,s2_normalization,,300.0,Spot,2584.0,z_rv_300s,False,False,True,spec,z_rv
z_rv_60s_btc,z_rv_60s,btc,S2,Normalization,s2_normalization,,60.0,Spot,2585.0,z_rv_60s,False,False,True,spec,z_rv
z_rv_900s_btc,z_rv_900s,btc,S2,Normalization,s2_normalization,,900.0,Spot,2586.0,z_rv_900s,False,False,True,spec,z_rv
z_taker_imbalance_fut_1s_btc,z_taker_imbalance_fut_1s,btc,S2,Normalization,s2_normalization,,5.0,Futures,2587.0,z_taker_imbalance_fut_1s,False,False,True,spec,z_taker_imbalance
z_taker_imbalance_spot_1s_btc,z_taker_imbalance_spot_1s,btc,S2,Normalization,s2_normalization,,5.0,Spot,2588.0,z_taker_imbalance_spot_1s,False,False,True,spec,z_taker_imbalance
z_spread_fut_60s_btc,z_spread_fut_60s,btc,S2,Normalization,s2_normalization,,60.0,Futures,2589.0,z_spread_fut_60s,False,False,True,spec,z_spread
z_spread_fut_300s_btc,z_spread_fut_300s,btc,S2,Normalization,s2_normalization,,300.0,Futures,2590.0,z_spread_fut_300s,False,False,True,spec,z_spread
z_spread_spot_60s_btc,z_spread_spot_60s,btc,S2,Normalization,s2_normalization,,60.0,Spot,2591.0,z_spread_spot_60s,False,False,True,spec,z_spread
z_spread_spot_300s_btc,z_spread_spot_300s,btc,S2,Normalization,s2_normalization,,300.0,Spot,2592.0,z_spread_spot_300s,False,False,True,spec,z_spread
z_avg_trade_size_fut_60s_btc,z_avg_trade_size_fut_60s,btc,S2,Normalization,s2_normalization,,60.0,Futures,2593.0,z_avg_trade_size_fut_60s,False,False,True,spec,z_avg_trade_size
z_avg_trade_size_fut_300s_btc,z_avg_trade_size_fut_300s,btc,S2,Normalization,s2_normalization,,300.0,Futures,2594.0,z_avg_trade_size_fut_300s,False,False,True,spec,z_avg_trade_size
z_avg_trade_size_spot_60s_btc,z_avg_trade_size_spot_60s,btc,S2,Normalization,s2_normalization,,60.0,Spot,2595.0,z_avg_trade_size_spot_60s,False,False,True,spec,z_avg_trade_size
z_avg_trade_size_spot_300s_btc,z_avg_trade_size_spot_300s,btc,S2,Normalization,s2_normalization,,300.0,Spot,2596.0,z_avg_trade_size_spot_300s,False,False,True,spec,z_avg_trade_size
queue_pressure_log_div_1bps_1s_btc,queue_pressure_log_div_1bps_1s,btc,S2,Pressure,s2_pressure,,1.0,Cross,2597.0,queue_pressure_log_div_1bps_1s,False,False,True,spec,queue_pressure_log_div_1bps
queue_pressure_log_div_2bps_1s_btc,queue_pressure_log_div_2bps_1s,btc,S2,Pressure,s2_pressure,,1.0,Cross,2598.0,queue_pressure_log_div_2bps_1s,False,False,True,spec,queue_pressure_log_div_2bps
queue_pressure_log_div_5bps_1s_btc,queue_pressure_log_div_5bps_1s,btc,S2,Pressure,s2_pressure,,1.0,Cross,2599.0,queue_pressure_log_div_5bps_1s,False,False,True,spec,queue_pressure_log_div_5bps
queue_pressure_ratio_fut_1bps_15s_btc,queue_pressure_ratio_fut_1bps_15s,btc,S2,Pressure,s2_pressure,,15.0,Futures,2600.0,queue_pressure_ratio_fut_1bps_15s,False,False,True,spec,queue_pressure_ratio_1bps
queue_pressure_ratio_fut_1bps_60s_btc,queue_pressure_ratio_fut_1bps_60s,btc,S2,Pressure,s2_pressure,,60.0,Futures,2601.0,queue_pressure_ratio_fut_1bps_60s,False,False,True,spec,queue_pressure_ratio_1bps
queue_pressure_ratio_spot_1bps_15s_btc,queue_pressure_ratio_spot_1bps_15s,btc,S2,Pressure,s2_pressure,,15.0,Spot,2602.0,queue_pressure_ratio_spot_1bps_15s,False,False,True,spec,queue_pressure_ratio_1bps
queue_pressure_ratio_spot_1bps_60s_btc,queue_pressure_ratio_spot_1bps_60s,btc,S2,Pressure,s2_pressure,,60.0,Spot,2603.0,queue_pressure_ratio_spot_1bps_60s,False,False,True,spec,queue_pressure_ratio_1bps
queue_imb_fut_1bps_15s_btc,queue_imb_fut_1bps_15s,btc,S2,Pressure,s2_pressure,,15.0,Futures,2604.0,queue_imb_fut_1bps_15s,False,False,True,spec,queue_imb_1bps
queue_imb_fut_1bps_5s_btc,queue_imb_fut_1bps_5s,btc,S2,Pressure,s2_pressure,,5.0,Futures,2605.0,queue_imb_fut_1bps_5s,False,False,True,spec,queue_imb_1bps
queue_imb_fut_1bps_60s_btc,queue_imb_fut_1bps_60s,btc,S2,Pressure,s2_pressure,,60.0,Futures,2606.0,queue_imb_fut_1bps_60s,False,False,True,spec,queue_imb_1bps
queue_imb_spot_1bps_15s_btc,queue_imb_spot_1bps_15s,btc,S2,Pressure,s2_pressure,,15.0,Spot,2607.0,queue_imb_spot_1bps_15s,False,False,True,spec,queue_imb_1bps
queue_imb_spot_1bps_5s_btc,queue_imb_spot_1bps_5s,btc,S2,Pressure,s2_pressure,,5.0,Spot,2608.0,queue_imb_spot_1bps_5s,False,False,True,spec,queue_imb_1bps
queue_imb_spot_1bps_60s_btc,queue_imb_spot_1bps_60s,btc,S2,Pressure,s2_pressure,,60.0,Spot,2609.0,queue_imb_spot_1bps_60s,False,False,True,spec,queue_imb_1bps
queue_pressure_fut_1bps_15s_btc,queue_pressure_fut_1bps_15s,btc,S2,Pressure,s2_pressure,,15.0,Futures,2610.0,queue_pressure_fut_1bps_15s,False,False,True,spec,queue_pressure_1bps
queue_pressure_fut_1bps_60s_btc,queue_pressure_fut_1bps_60s,btc,S2,Pressure,s2_pressure,,60.0,Futures,2611.0,queue_pressure_fut_1bps_60s,False,False,True,spec,queue_pressure_1bps
queue_pressure_spot_1bps_15s_btc,queue_pressure_spot_1bps_15s,btc,S2,Pressure,s2_pressure,,15.0,Spot,2612.0,queue_pressure_spot_1bps_15s,False,False,True,spec,queue_pressure_1bps
queue_pressure_spot_1bps_60s_btc,queue_pressure_spot_1bps_60s,btc,S2,Pressure,s2_pressure,,60.0,Spot,2613.0,queue_pressure_spot_1bps_60s,False,False,True,spec,queue_pressure_1bps
net_add_pressure_fut_10bps_1s_btc,net_add_pressure_fut_10bps_1s,btc,S2,Pressure,s2_pressure,,1.0,Futures,2614.0,net_add_pressure_fut_10bps_1s,False,False,True,spec,net_add_pressure_10bps
net_add_pressure_fut_2bps_1s_btc,net_add_pressure_fut_2bps_1s,btc,S2,Pressure,s2_pressure,,1.0,Futures,2615.0,net_add_pressure_fut_2bps_1s,False,False,True,spec,net_add_pressure_2bps
net_add_pressure_fut_5bps_1s_btc,net_add_pressure_fut_5bps_1s,btc,S2,Pressure,s2_pressure,,1.0,Futures,2616.0,net_add_pressure_fut_5bps_1s,False,False,True,spec,net_add_pressure_5bps
net_add_pressure_spot_10bps_1s_btc,net_add_pressure_spot_10bps_1s,btc,S2,Pressure,s2_pressure,,1.0,Spot,2617.0,net_add_pressure_spot_10bps_1s,False,False,True,spec,net_add_pressure_10bps
net_add_pressure_spot_2bps_1s_btc,net_add_pressure_spot_2bps_1s,btc,S2,Pressure,s2_pressure,,1.0,Spot,2618.0,net_add_pressure_spot_2bps_1s,False,False,True,spec,net_add_pressure_2bps
net_add_pressure_spot_5bps_1s_btc,net_add_pressure_spot_5bps_1s,btc,S2,Pressure,s2_pressure,,1.0,Spot,2619.0,net_add_pressure_spot_5bps_1s,False,False,True,spec,net_add_pressure_5bps
net_cancel_pressure_fut_10bps_1s_btc,net_cancel_pressure_fut_10bps_1s,btc,S2,Pressure,s2_pressure,,1.0,Futures,2620.0,net_cancel_pressure_fut_10bps_1s,False,False,True,spec,net_cancel_pressure_10bps
net_cancel_pressure_fut_2bps_1s_btc,net_cancel_pressure_fut_2bps_1s,btc,S2,Pressure,s2_pressure,,1.0,Futures,2621.0,net_cancel_pressure_fut_2bps_1s,False,False,True,spec,net_cancel_pressure_2bps
net_cancel_pressure_fut_5bps_1s_btc,net_cancel_pressure_fut_5bps_1s,btc,S2,Pressure,s2_pressure,,1.0,Futures,2622.0,net_cancel_pressure_fut_5bps_1s,False,False,True,spec,net_cancel_pressure_5bps
net_cancel_pressure_spot_10bps_1s_btc,net_cancel_pressure_spot_10bps_1s,btc,S2,Pressure,s2_pressure,,1.0,Spot,2623.0,net_cancel_pressure_spot_10bps_1s,False,False,True,spec,net_cancel_pressure_10bps
net_cancel_pressure_spot_2bps_1s_btc,net_cancel_pressure_spot_2bps_1s,btc,S2,Pressure,s2_pressure,,1.0,Spot,2624.0,net_cancel_pressure_spot_2bps_1s,False,False,True,spec,net_cancel_pressure_2bps
net_cancel_pressure_spot_5bps_1s_btc,net_cancel_pressure_spot_5bps_1s,btc,S2,Pressure,s2_pressure,,1.0,Spot,2625.0,net_cancel_pressure_spot_5bps_1s,False,False,True,spec,net_cancel_pressure_5bps
price_acceleration_spot_300s_btc,price_acceleration_spot_300s,btc,S2,Price,s2_price,,300.0,Spot,2626.0,price_acceleration_spot_300s,False,False,True,spec,price_acceleration
price_acceleration_spot_60s_btc,price_acceleration_spot_60s,btc,S2,Price,s2_price,,60.0,Spot,2627.0,price_acceleration_spot_60s,False,False,True,spec,price_acceleration
price_acceleration_spot_900s_btc,price_acceleration_spot_900s,btc,S2,Price,s2_price,,900.0,Spot,2628.0,price_acceleration_spot_900s,False,False,True,spec,price_acceleration
price_deviation_fut_1s_btc,price_deviation_fut_1s,btc,S2,Price,s2_price,,1.0,Futures,2629.0,price_deviation_fut_1s,False,False,True,spec,price_deviation
price_deviation_spot_1s_btc,price_deviation_spot_1s,btc,S2,Price,s2_price,,1.0,Spot,2630.0,price_deviation_spot_1s,False,False,True,spec,price_deviation
ret_vwap_fut_300s_btc,ret_vwap_fut_300s,btc,S2,Returns,s2_returns,,300.0,Futures,2631.0,ret_vwap_fut_300s,False,True,False,spec,ret_vwap
ret_vwap_fut_60s_btc,ret_vwap_fut_60s,btc,S2,Returns,s2_returns,,60.0,Futures,2632.0,ret_vwap_fut_60s,False,True,False,spec,ret_vwap
ret_vwap_fut_900s_btc,ret_vwap_fut_900s,btc,S2,Returns,s2_returns,,900.0,Futures,2633.0,ret_vwap_fut_900s,False,True,False,spec,ret_vwap
ret_vwap_spot_300s_btc,ret_vwap_spot_300s,btc,S2,Returns,s2_returns,,300.0,Spot,2634.0,ret_vwap_spot_300s,False,True,False,spec,ret_vwap
ret_vwap_spot_60s_btc,ret_vwap_spot_60s,btc,S2,Returns,s2_returns,,60.0,Spot,2635.0,ret_vwap_spot_60s,False,True,False,spec,ret_vwap
ret_vwap_spot_900s_btc,ret_vwap_spot_900s,btc,S2,Returns,s2_returns,,900.0,Spot,2636.0,ret_vwap_spot_900s,False,True,False,spec,ret_vwap
ret_mid_fut_15s_btc,ret_mid_fut_15s,btc,S2,Returns,s2_returns,,15.0,Futures,2637.0,ret_mid_fut_15s,False,True,False,spec,ret_mid
ret_mid_fut_60s_btc,ret_mid_fut_60s,btc,S2,Returns,s2_returns,,60.0,Futures,2638.0,ret_mid_fut_60s,False,True,False,spec,ret_mid
ret_mid_spot_15s_btc,ret_mid_spot_15s,btc,S2,Returns,s2_returns,,15.0,Spot,2639.0,ret_mid_spot_15s,False,True,False,spec,ret_mid
ret_mid_spot_60s_btc,ret_mid_spot_60s,btc,S2,Returns,s2_returns,,60.0,Spot,2640.0,ret_mid_spot_60s,False,True,False,spec,ret_mid
absorb_refill_mid_fut_2bps_1s_btc,absorb_refill_mid_fut_2bps_1s,btc,S3,Absorption,s3_absorption,,,Futures,3000.0,absorb_refill_mid_fut_2bps_1s,False,False,True,spec,absorb_refill_mid_2bps
absorb_refill_mid_fut_5bps_1s_btc,absorb_refill_mid_fut_5bps_1s,btc,S3,Absorption,s3_absorption,,,Futures,3001.0,absorb_refill_mid_fut_5bps_1s,False,False,True,spec,absorb_refill_mid_5bps
absorption_asymmetry_fut_1bps_60s_btc,absorption_asymmetry_fut_1bps_60s,btc,S3,Absorption,s3_absorption,,,Futures,3002.0,absorption_asymmetry_fut_1bps_60s,False,False,True,spec,absorption_asymmetry_1bps
absorption_asymmetry_spot_1bps_60s_btc,absorption_asymmetry_spot_1bps_60s,btc,S3,Absorption,s3_absorption,,,Spot,3003.0,absorption_asymmetry_spot_1bps_60s,False,False,True,spec,absorption_asymmetry_1bps
trade_absorption_ratio_fut_2bps_1s_btc,trade_absorption_ratio_fut_2bps_1s,btc,S3,Absorption,s3_absorption,,,Futures,3008.0,trade_absorption_ratio_fut_2bps_1s,False,False,True,spec,trade_absorption_ratio_2bps
trade_absorption_ratio_fut_5bps_1s_btc,trade_absorption_ratio_fut_5bps_1s,btc,S3,Absorption,s3_absorption,,,Futures,3009.0,trade_absorption_ratio_fut_5bps_1s,False,False,True,spec,trade_absorption_ratio_5bps
trade_absorption_ratio_fut_60s_btc,trade_absorption_ratio_fut_60s,btc,S3,Absorption,s3_absorption,,60.0,Futures,3010.0,trade_absorption_ratio_fut_60s,False,False,True,spec,trade_absorption_ratio
absorption_break_flag_fut_1bps_60s_btc,absorption_break_flag_fut_1bps_60s,btc,S3,Absorption,s3_absorption,,,Futures,3004.0,absorption_break_flag_fut_1bps_60s,False,False,True,spec,absorption_break_flag_1bps
absorption_break_fut_60s_btc,absorption_break_fut_60s,btc,S3,Absorption,s3_absorption,,,Futures,3006.0,absorption_break_fut_60s,False,False,True,spec,absorption_break
trade_absorption_ratio_fut_900s_btc,trade_absorption_ratio_fut_900s,btc,S3,Absorption,s3_absorption,,900.0,Futures,3011.0,trade_absorption_ratio_fut_900s,False,False,True,spec,trade_absorption_ratio
trade_absorption_ratio_spot_60s_btc,trade_absorption_ratio_spot_60s,btc,S3,Absorption,s3_absorption,,60.0,Spot,3012.0,trade_absorption_ratio_spot_60s,False,False,True,spec,trade_absorption_ratio
absorption_break_flag_spot_1bps_60s_btc,absorption_break_flag_spot_1bps_60s,btc,S3,Absorption,s3_absorption,,,Spot,3005.0,absorption_break_flag_spot_1bps_60s,False,False,True,spec,absorption_break_flag_1bps
absorption_break_spot_60s_btc,absorption_break_spot_60s,btc,S3,Absorption,s3_absorption,,,Spot,3007.0,absorption_break_spot_60s,False,False,True,spec,absorption_break
trade_absorption_ratio_spot_900s_btc,trade_absorption_ratio_spot_900s,btc,S3,Absorption,s3_absorption,,900.0,Spot,3013.0,trade_absorption_ratio_spot_900s,False,False,True,spec,trade_absorption_ratio
absorption_break_fut_15s_btc,absorption_break_fut_15s,btc,S3,Absorption,s3_absorption,,,Futures,3014.0,absorption_break_fut_15s,False,False,True,spec,absorption_break
absorption_break_spot_15s_btc,absorption_break_spot_15s,btc,S3,Absorption,s3_absorption,,,Spot,3015.0,absorption_break_spot_15s,False,False,True,spec,absorption_break
depth_gradient_fut_struct100_300s_btc,depth_gradient_fut_struct100_300s,btc,S3,Bookshape,s3_bookshape,,,Futures,3016.0,depth_gradient_fut_struct100_300s,False,False,True,spec,depth_gradient_struct100
depth_gradient_fut_struct100_60s_btc,depth_gradient_fut_struct100_60s,btc,S3,Bookshape,s3_bookshape,,,Futures,3017.0,depth_gradient_fut_struct100_60s,False,False,True,spec,depth_gradient_struct100
depth_gradient_fut_struct100_900s_btc,depth_gradient_fut_struct100_900s,btc,S3,Bookshape,s3_bookshape,,,Futures,3018.0,depth_gradient_fut_struct100_900s,False,False,True,spec,depth_gradient_struct100
depth_gradient_fut_struct50_300s_btc,depth_gradient_fut_struct50_300s,btc,S3,Bookshape,s3_bookshape,,,Futures,3019.0,depth_gradient_fut_struct50_300s,False,False,True,spec,depth_gradient_struct50
depth_gradient_fut_struct50_60s_btc,depth_gradient_fut_struct50_60s,btc,S3,Bookshape,s3_bookshape,,,Futures,3020.0,depth_gradient_fut_struct50_60s,False,False,True,spec,depth_gradient_struct50
depth_gradient_fut_struct50_900s_btc,depth_gradient_fut_struct50_900s,btc,S3,Bookshape,s3_bookshape,,,Futures,3021.0,depth_gradient_fut_struct50_900s,False,False,True,spec,depth_gradient_struct50
depth_gradient_spot_struct100_300s_btc,depth_gradient_spot_struct100_300s,btc,S3,Bookshape,s3_bookshape,,,Spot,3022.0,depth_gradient_spot_struct100_300s,False,False,True,spec,depth_gradient_struct100
depth_gradient_spot_struct100_60s_btc,depth_gradient_spot_struct100_60s,btc,S3,Bookshape,s3_bookshape,,,Spot,3023.0,depth_gradient_spot_struct100_60s,False,False,True,spec,depth_gradient_struct100
depth_gradient_spot_struct100_900s_btc,depth_gradient_spot_struct100_900s,btc,S3,Bookshape,s3_bookshape,,,Spot,3024.0,depth_gradient_spot_struct100_900s,False,False,True,spec,depth_gradient_struct100
depth_gradient_spot_struct50_300s_btc,depth_gradient_spot_struct50_300s,btc,S3,Bookshape,s3_bookshape,,,Spot,3025.0,depth_gradient_spot_struct50_300s,False,False,True,spec,depth_gradient_struct50
depth_gradient_spot_struct50_60s_btc,depth_gradient_spot_struct50_60s,btc,S3,Bookshape,s3_bookshape,,,Spot,3026.0,depth_gradient_spot_struct50_60s,False,False,True,spec,depth_gradient_struct50
depth_gradient_spot_struct50_900s_btc,depth_gradient_spot_struct50_900s,btc,S3,Bookshape,s3_bookshape,,,Spot,3027.0,depth_gradient_spot_struct50_900s,False,False,True,spec,depth_gradient_struct50
liq_concentration_fut_struct100_300s_btc,liq_concentration_fut_struct100_300s,btc,S3,Bookshape,s3_bookshape,,,Futures,3028.0,liq_concentration_fut_struct100_300s,False,False,True,spec,liq_concentration_struct100
liq_concentration_fut_struct100_60s_btc,liq_concentration_fut_struct100_60s,btc,S3,Bookshape,s3_bookshape,,,Futures,3029.0,liq_concentration_fut_struct100_60s,False,False,True,spec,liq_concentration_struct100
liq_concentration_fut_struct100_900s_btc,liq_concentration_fut_struct100_900s,btc,S3,Bookshape,s3_bookshape,,,Futures,3030.0,liq_concentration_fut_struct100_900s,False,False,True,spec,liq_concentration_struct100
liq_concentration_fut_struct50_300s_btc,liq_concentration_fut_struct50_300s,btc,S3,Bookshape,s3_bookshape,,,Futures,3031.0,liq_concentration_fut_struct50_300s,False,False,True,spec,liq_concentration_struct50
liq_concentration_fut_struct50_60s_btc,liq_concentration_fut_struct50_60s,btc,S3,Bookshape,s3_bookshape,,,Futures,3032.0,liq_concentration_fut_struct50_60s,False,False,True,spec,liq_concentration_struct50
liq_concentration_fut_struct50_900s_btc,liq_concentration_fut_struct50_900s,btc,S3,Bookshape,s3_bookshape,,,Futures,3033.0,liq_concentration_fut_struct50_900s,False,False,True,spec,liq_concentration_struct50
liq_concentration_spot_struct100_300s_btc,liq_concentration_spot_struct100_300s,btc,S3,Bookshape,s3_bookshape,,,Spot,3034.0,liq_concentration_spot_struct100_300s,False,False,True,spec,liq_concentration_struct100
liq_concentration_spot_struct100_60s_btc,liq_concentration_spot_struct100_60s,btc,S3,Bookshape,s3_bookshape,,,Spot,3035.0,liq_concentration_spot_struct100_60s,False,False,True,spec,liq_concentration_struct100
liq_concentration_spot_struct100_900s_btc,liq_concentration_spot_struct100_900s,btc,S3,Bookshape,s3_bookshape,,,Spot,3036.0,liq_concentration_spot_struct100_900s,False,False,True,spec,liq_concentration_struct100
liq_concentration_spot_struct50_300s_btc,liq_concentration_spot_struct50_300s,btc,S3,Bookshape,s3_bookshape,,,Spot,3037.0,liq_concentration_spot_struct50_300s,False,False,True,spec,liq_concentration_struct50
liq_concentration_spot_struct50_60s_btc,liq_concentration_spot_struct50_60s,btc,S3,Bookshape,s3_bookshape,,,Spot,3038.0,liq_concentration_spot_struct50_60s,False,False,True,spec,liq_concentration_struct50
liq_concentration_spot_struct50_900s_btc,liq_concentration_spot_struct50_900s,btc,S3,Bookshape,s3_bookshape,,,Spot,3039.0,liq_concentration_spot_struct50_900s,False,False,True,spec,liq_concentration_struct50
basis_vwap_sf_300s_btc,basis_vwap_sf_300s,btc,S3,Cross-Market,s3_cross_market,,300.0,Spot|Futures,3040.0,basis_vwap_sf_300s,False,False,True,spec,basis_vwap_sf
basis_vwap_sf_60s_btc,basis_vwap_sf_60s,btc,S3,Cross-Market,s3_cross_market,,60.0,Spot|Futures,3041.0,basis_vwap_sf_60s,False,False,True,spec,basis_vwap_sf
basis_vwap_sf_900s_btc,basis_vwap_sf_900s,btc,S3,Cross-Market,s3_cross_market,,900.0,Spot|Futures,3042.0,basis_vwap_sf_900s,False,False,True,spec,basis_vwap_sf
book_asymmetry_div_fut_minus_spot_struct100_300s_btc,book_asymmetry_div_fut_minus_spot_struct100_300s,btc,S3,Cross-Market,s3_cross_market,,,Futures,3043.0,book_asymmetry_div_fut_minus_spot_struct100_300s,False,False,True,spec,book_asymmetry_div_minus_struct100
book_asymmetry_div_fut_minus_spot_struct100_60s_btc,book_asymmetry_div_fut_minus_spot_struct100_60s,btc,S3,Cross-Market,s3_cross_market,,,Futures,3044.0,book_asymmetry_div_fut_minus_spot_struct100_60s,False,False,True,spec,book_asymmetry_div_minus_struct100
book_asymmetry_div_fut_minus_spot_struct100_900s_btc,book_asymmetry_div_fut_minus_spot_struct100_900s,btc,S3,Cross-Market,s3_cross_market,,,Futures,3045.0,book_asymmetry_div_fut_minus_spot_struct100_900s,False,False,True,spec,book_asymmetry_div_minus_struct100
book_asymmetry_div_fut_minus_spot_struct50_300s_btc,book_asymmetry_div_fut_minus_spot_struct50_300s,btc,S3,Cross-Market,s3_cross_market,,,Futures,3046.0,book_asymmetry_div_fut_minus_spot_struct50_300s,False,False,True,spec,book_asymmetry_div_minus_struct50
book_asymmetry_div_fut_minus_spot_struct50_60s_btc,book_asymmetry_div_fut_minus_spot_struct50_60s,btc,S3,Cross-Market,s3_cross_market,,,Futures,3047.0,book_asymmetry_div_fut_minus_spot_struct50_60s,False,False,True,spec,book_asymmetry_div_minus_struct50
book_asymmetry_div_fut_minus_spot_struct50_900s_btc,book_asymmetry_div_fut_minus_spot_struct50_900s,btc,S3,Cross-Market,s3_cross_market,,,Futures,3048.0,book_asymmetry_div_fut_minus_spot_struct50_900s,False,False,True,spec,book_asymmetry_div_minus_struct50
depth_gradient_div_fut_minus_spot_struct100_1s_btc,depth_gradient_div_fut_minus_spot_struct100_1s,btc,S3,Cross-Market,s3_cross_market,,,Futures,3049.0,depth_gradient_div_fut_minus_spot_struct100_1s,False,False,True,spec,depth_gradient_div_minus_struct100
depth_gradient_div_fut_minus_spot_struct50_1s_btc,depth_gradient_div_fut_minus_spot_struct50_1s,btc,S3,Cross-Market,s3_cross_market,,,Futures,3050.0,depth_gradient_div_fut_minus_spot_struct50_1s,False,False,True,spec,depth_gradient_div_minus_struct50
liq_concentration_div_fut_minus_spot_struct100_1s_btc,liq_concentration_div_fut_minus_spot_struct100_1s,btc,S3,Cross-Market,s3_cross_market,,,Futures,3051.0,liq_concentration_div_fut_minus_spot_struct100_1s,False,False,True,spec,liq_concentration_div_minus_struct100
liq_concentration_div_fut_minus_spot_struct50_1s_btc,liq_concentration_div_fut_minus_spot_struct50_1s,btc,S3,Cross-Market,s3_cross_market,,,Futures,3052.0,liq_concentration_div_fut_minus_spot_struct50_1s,False,False,True,spec,liq_concentration_div_minus_struct50
liq_imb_persist_sf_struct100_300s_btc,liq_imb_persist_sf_struct100_300s,btc,S3,Cross-Market,s3_cross_market,,,Spot|Futures,3053.0,liq_imb_persist_sf_struct100_300s,False,False,True,spec,liq_imb_persist_sf_struct100
liq_imb_persist_sf_struct100_900s_btc,liq_imb_persist_sf_struct100_900s,btc,S3,Cross-Market,s3_cross_market,,,Spot|Futures,3054.0,liq_imb_persist_sf_struct100_900s,False,False,True,spec,liq_imb_persist_sf_struct100
liq_imb_persist_sf_struct50_300s_btc,liq_imb_persist_sf_struct50_300s,btc,S3,Cross-Market,s3_cross_market,,,Spot|Futures,3055.0,liq_imb_persist_sf_struct50_300s,False,False,True,spec,liq_imb_persist_sf_struct50
liq_imb_persist_sf_struct50_900s_btc,liq_imb_persist_sf_struct50_900s,btc,S3,Cross-Market,s3_cross_market,,,Spot|Futures,3056.0,liq_imb_persist_sf_struct50_900s,False,False,True,spec,liq_imb_persist_sf_struct50
queue_pressure_div_fut_minus_spot_1bps_15s_btc,queue_pressure_div_fut_minus_spot_1bps_15s,btc,S3,Cross-Market,s3_cross_market,,,Futures,3057.0,queue_pressure_div_fut_minus_spot_1bps_15s,False,False,True,spec,queue_pressure_div_minus_1bps
queue_pressure_div_fut_minus_spot_1bps_60s_btc,queue_pressure_div_fut_minus_spot_1bps_60s,btc,S3,Cross-Market,s3_cross_market,,,Futures,3058.0,queue_pressure_div_fut_minus_spot_1bps_60s,False,False,True,spec,queue_pressure_div_minus_1bps
refill_vs_pull_div_fut_minus_spot_1bps_15s_btc,refill_vs_pull_div_fut_minus_spot_1bps_15s,btc,S3,Cross-Market,s3_cross_market,,,Futures,3059.0,refill_vs_pull_div_fut_minus_spot_1bps_15s,False,False,True,spec,refill_vs_pull_div_minus_1bps
refill_vs_pull_div_fut_minus_spot_2bps_60s_btc,refill_vs_pull_div_fut_minus_spot_2bps_60s,btc,S3,Cross-Market,s3_cross_market,,,Futures,3060.0,refill_vs_pull_div_fut_minus_spot_2bps_60s,False,False,True,spec,refill_vs_pull_div_minus_2bps
trade_count_sf_div_300s_btc,trade_count_sf_div_300s,btc,S3,Cross-Market,s3_cross_market,,,Spot|Futures,3061.0,trade_count_sf_div_300s,False,False,True,spec,trade_count_sf_div
trade_count_sf_div_60s_btc,trade_count_sf_div_60s,btc,S3,Cross-Market,s3_cross_market,,,Spot|Futures,3062.0,trade_count_sf_div_60s,False,False,True,spec,trade_count_sf_div
trade_count_sf_div_900s_btc,trade_count_sf_div_900s,btc,S3,Cross-Market,s3_cross_market,,,Spot|Futures,3063.0,trade_count_sf_div_900s,False,False,True,spec,trade_count_sf_div
trade_count_sf_share_300s_btc,trade_count_sf_share_300s,btc,S3,Cross-Market,s3_cross_market,,,Spot|Futures,3064.0,trade_count_sf_share_300s,False,False,True,spec,trade_count_sf_share
trade_count_sf_share_60s_btc,trade_count_sf_share_60s,btc,S3,Cross-Market,s3_cross_market,,,Spot|Futures,3065.0,trade_count_sf_share_60s,False,False,True,spec,trade_count_sf_share
trade_count_sf_share_900s_btc,trade_count_sf_share_900s,btc,S3,Cross-Market,s3_cross_market,,,Spot|Futures,3066.0,trade_count_sf_share_900s,False,False,True,spec,trade_count_sf_share
volume_sf_div_delta_300s_btc,volume_sf_div_delta_300s,btc,S3,Cross-Market,s3_cross_market,,,Spot|Futures,3067.0,volume_sf_div_delta_300s,False,False,True,spec,volume_sf_div_delta
volume_sf_div_delta_900s_btc,volume_sf_div_delta_900s,btc,S3,Cross-Market,s3_cross_market,,,Spot|Futures,3068.0,volume_sf_div_delta_900s,False,False,True,spec,volume_sf_div_delta
d1_pull_rate_fut_1bps_15s_btc,d1_pull_rate_fut_1bps_15s,btc,S3,Dynamics,s3_dynamics,,,Futures,3069.0,d1_pull_rate_fut_1bps_15s,False,False,True,spec,d1_pull_rate_1bps
d1_pull_rate_fut_2bps_15s_btc,d1_pull_rate_fut_2bps_15s,btc,S3,Dynamics,s3_dynamics,,,Futures,3070.0,d1_pull_rate_fut_2bps_15s,False,False,True,spec,d1_pull_rate_2bps
d1_pull_rate_spot_1bps_15s_btc,d1_pull_rate_spot_1bps_15s,btc,S3,Dynamics,s3_dynamics,,,Spot,3071.0,d1_pull_rate_spot_1bps_15s,False,False,True,spec,d1_pull_rate_1bps
d1_pull_rate_spot_2bps_15s_btc,d1_pull_rate_spot_2bps_15s,btc,S3,Dynamics,s3_dynamics,,,Spot,3072.0,d1_pull_rate_spot_2bps_15s,False,False,True,spec,d1_pull_rate_2bps
d1_queue_pressure_fut_1bps_15s_btc,d1_queue_pressure_fut_1bps_15s,btc,S3,Dynamics,s3_dynamics,,,Futures,3073.0,d1_queue_pressure_fut_1bps_15s,False,False,True,spec,d1_queue_pressure_1bps
d1_queue_pressure_spot_1bps_15s_btc,d1_queue_pressure_spot_1bps_15s,btc,S3,Dynamics,s3_dynamics,,,Spot,3074.0,d1_queue_pressure_spot_1bps_15s,False,False,True,spec,d1_queue_pressure_1bps
d1_refill_rate_fut_1bps_15s_btc,d1_refill_rate_fut_1bps_15s,btc,S3,Dynamics,s3_dynamics,,,Futures,3075.0,d1_refill_rate_fut_1bps_15s,False,False,True,spec,d1_refill_rate_1bps
d1_refill_rate_fut_1bps_5s_btc,d1_refill_rate_fut_1bps_5s,btc,S3,Dynamics,s3_dynamics,,,Futures,3076.0,d1_refill_rate_fut_1bps_5s,False,False,True,spec,d1_refill_rate_1bps
d1_refill_rate_fut_2bps_15s_btc,d1_refill_rate_fut_2bps_15s,btc,S3,Dynamics,s3_dynamics,,,Futures,3077.0,d1_refill_rate_fut_2bps_15s,False,False,True,spec,d1_refill_rate_2bps
d1_refill_rate_spot_1bps_15s_btc,d1_refill_rate_spot_1bps_15s,btc,S3,Dynamics,s3_dynamics,,,Spot,3078.0,d1_refill_rate_spot_1bps_15s,False,False,True,spec,d1_refill_rate_1bps
d1_refill_rate_spot_1bps_5s_btc,d1_refill_rate_spot_1bps_5s,btc,S3,Dynamics,s3_dynamics,,,Spot,3079.0,d1_refill_rate_spot_1bps_5s,False,False,True,spec,d1_refill_rate_1bps
d1_refill_rate_spot_2bps_15s_btc,d1_refill_rate_spot_2bps_15s,btc,S3,Dynamics,s3_dynamics,,,Spot,3080.0,d1_refill_rate_spot_2bps_15s,False,False,True,spec,d1_refill_rate_2bps
d1_taker_imbalance_fut_15s_btc,d1_taker_imbalance_fut_15s,btc,S3,Dynamics,s3_dynamics,,,Futures,3081.0,d1_taker_imbalance_fut_15s,False,False,True,spec,d1_taker_imbalance
d1_taker_imbalance_fut_5s_btc,d1_taker_imbalance_fut_5s,btc,S3,Dynamics,s3_dynamics,,,Futures,3082.0,d1_taker_imbalance_fut_5s,False,False,True,spec,d1_taker_imbalance
d1_taker_imbalance_spot_15s_btc,d1_taker_imbalance_spot_15s,btc,S3,Dynamics,s3_dynamics,,,Spot,3083.0,d1_taker_imbalance_spot_15s,False,False,True,spec,d1_taker_imbalance
d1_taker_imbalance_spot_5s_btc,d1_taker_imbalance_spot_5s,btc,S3,Dynamics,s3_dynamics,,,Spot,3084.0,d1_taker_imbalance_spot_5s,False,False,True,spec,d1_taker_imbalance
d2_pull_rate_fut_1bps_15s_btc,d2_pull_rate_fut_1bps_15s,btc,S3,Dynamics,s3_dynamics,,,Futures,3085.0,d2_pull_rate_fut_1bps_15s,False,False,True,spec,d2_pull_rate_1bps
d2_pull_rate_fut_2bps_15s_btc,d2_pull_rate_fut_2bps_15s,btc,S3,Dynamics,s3_dynamics,,,Futures,3086.0,d2_pull_rate_fut_2bps_15s,False,False,True,spec,d2_pull_rate_2bps
d2_pull_rate_spot_1bps_15s_btc,d2_pull_rate_spot_1bps_15s,btc,S3,Dynamics,s3_dynamics,,,Spot,3087.0,d2_pull_rate_spot_1bps_15s,False,False,True,spec,d2_pull_rate_1bps
d2_pull_rate_spot_2bps_15s_btc,d2_pull_rate_spot_2bps_15s,btc,S3,Dynamics,s3_dynamics,,,Spot,3088.0,d2_pull_rate_spot_2bps_15s,False,False,True,spec,d2_pull_rate_2bps
d2_queue_pressure_fut_1bps_15s_btc,d2_queue_pressure_fut_1bps_15s,btc,S3,Dynamics,s3_dynamics,,,Futures,3089.0,d2_queue_pressure_fut_1bps_15s,False,False,True,spec,d2_queue_pressure_1bps
d2_queue_pressure_spot_1bps_15s_btc,d2_queue_pressure_spot_1bps_15s,btc,S3,Dynamics,s3_dynamics,,,Spot,3090.0,d2_queue_pressure_spot_1bps_15s,False,False,True,spec,d2_queue_pressure_1bps
d2_refill_rate_fut_1bps_15s_btc,d2_refill_rate_fut_1bps_15s,btc,S3,Dynamics,s3_dynamics,,,Futures,3091.0,d2_refill_rate_fut_1bps_15s,False,False,True,spec,d2_refill_rate_1bps
d2_refill_rate_fut_1bps_5s_btc,d2_refill_rate_fut_1bps_5s,btc,S3,Dynamics,s3_dynamics,,,Futures,3092.0,d2_refill_rate_fut_1bps_5s,False,False,True,spec,d2_refill_rate_1bps
d2_refill_rate_fut_2bps_15s_btc,d2_refill_rate_fut_2bps_15s,btc,S3,Dynamics,s3_dynamics,,,Futures,3093.0,d2_refill_rate_fut_2bps_15s,False,False,True,spec,d2_refill_rate_2bps
d2_refill_rate_spot_1bps_15s_btc,d2_refill_rate_spot_1bps_15s,btc,S3,Dynamics,s3_dynamics,,,Spot,3094.0,d2_refill_rate_spot_1bps_15s,False,False,True,spec,d2_refill_rate_1bps
d2_refill_rate_spot_1bps_5s_btc,d2_refill_rate_spot_1bps_5s,btc,S3,Dynamics,s3_dynamics,,,Spot,3095.0,d2_refill_rate_spot_1bps_5s,False,False,True,spec,d2_refill_rate_1bps
d2_refill_rate_spot_2bps_15s_btc,d2_refill_rate_spot_2bps_15s,btc,S3,Dynamics,s3_dynamics,,,Spot,3096.0,d2_refill_rate_spot_2bps_15s,False,False,True,spec,d2_refill_rate_2bps
d2_taker_imbalance_fut_15s_btc,d2_taker_imbalance_fut_15s,btc,S3,Dynamics,s3_dynamics,,,Futures,3097.0,d2_taker_imbalance_fut_15s,False,False,True,spec,d2_taker_imbalance
d2_taker_imbalance_fut_5s_btc,d2_taker_imbalance_fut_5s,btc,S3,Dynamics,s3_dynamics,,,Futures,3098.0,d2_taker_imbalance_fut_5s,False,False,True,spec,d2_taker_imbalance
d2_taker_imbalance_spot_15s_btc,d2_taker_imbalance_spot_15s,btc,S3,Dynamics,s3_dynamics,,,Spot,3099.0,d2_taker_imbalance_spot_15s,False,False,True,spec,d2_taker_imbalance
d2_taker_imbalance_spot_5s_btc,d2_taker_imbalance_spot_5s,btc,S3,Dynamics,s3_dynamics,,,Spot,3100.0,d2_taker_imbalance_spot_5s,False,False,True,spec,d2_taker_imbalance
dir_consistency_persist_spot_60_over_900_btc,dir_consistency_persist_spot_60_over_900,btc,S3,Dynamics,s3_dynamics,,,Spot,3101.0,dir_consistency_persist_spot_60_over_900,False,False,True,spec,dir_consistency_persist_60_over_900
impact_per_signed_fut_persist_60s_btc,impact_per_signed_fut_persist_60s,btc,S3,Dynamics,s3_dynamics,,60.0,Futures,3102.0,impact_per_signed_fut_persist_60s,False,False,True,spec,impact_per_signed_persist
impact_per_signed_fut_persist_900s_btc,impact_per_signed_fut_persist_900s,btc,S3,Dynamics,s3_dynamics,,900.0,Futures,3103.0,impact_per_signed_fut_persist_900s,False,False,True,spec,impact_per_signed_persist
impact_per_signed_spot_persist_60s_btc,impact_per_signed_spot_persist_60s,btc,S3,Dynamics,s3_dynamics,,60.0,Spot,3110.0,impact_per_signed_spot_persist_60s,False,False,True,spec,impact_per_signed_persist
impact_per_signed_spot_persist_900s_btc,impact_per_signed_spot_persist_900s,btc,S3,Dynamics,s3_dynamics,,900.0,Spot,3111.0,impact_per_signed_spot_persist_900s,False,False,True,spec,impact_per_signed_persist
median_impact_per_signed_fut_15s_btc,median_impact_per_signed_fut_15s,btc,S3,Dynamics,s3_dynamics,,,Futures,3124.0,median_impact_per_signed_fut_15s,False,False,True,spec,median_impact_per_signed
mad_impact_per_signed_fut_15s_btc,mad_impact_per_signed_fut_15s,btc,S3,Dynamics,s3_dynamics,,,Futures,3112.0,mad_impact_per_signed_fut_15s,False,False,True,spec,mad_impact_per_signed
impact_per_signed_shock_fut_15s_btc,impact_per_signed_shock_fut_15s,btc,S3,Dynamics,s3_dynamics,,,Futures,3104.0,impact_per_signed_shock_fut_15s,False,False,True,spec,impact_per_signed_shock
median_impact_per_signed_fut_5s_btc,median_impact_per_signed_fut_5s,btc,S3,Dynamics,s3_dynamics,,,Futures,3125.0,median_impact_per_signed_fut_5s,False,False,True,spec,median_impact_per_signed
mad_impact_per_signed_fut_5s_btc,mad_impact_per_signed_fut_5s,btc,S3,Dynamics,s3_dynamics,,,Futures,3113.0,mad_impact_per_signed_fut_5s,False,False,True,spec,mad_impact_per_signed
impact_per_signed_shock_fut_5s_btc,impact_per_signed_shock_fut_5s,btc,S3,Dynamics,s3_dynamics,,,Futures,3105.0,impact_per_signed_shock_fut_5s,False,False,True,spec,impact_per_signed_shock
median_impact_per_signed_fut_60s_btc,median_impact_per_signed_fut_60s,btc,S3,Dynamics,s3_dynamics,,,Futures,3126.0,median_impact_per_signed_fut_60s,False,False,True,spec,median_impact_per_signed
mad_impact_per_signed_fut_60s_btc,mad_impact_per_signed_fut_60s,btc,S3,Dynamics,s3_dynamics,,,Futures,3114.0,mad_impact_per_signed_fut_60s,False,False,True,spec,mad_impact_per_signed
impact_per_signed_shock_fut_60s_btc,impact_per_signed_shock_fut_60s,btc,S3,Dynamics,s3_dynamics,,,Futures,3106.0,impact_per_signed_shock_fut_60s,False,False,True,spec,impact_per_signed_shock
median_impact_per_signed_spot_15s_btc,median_impact_per_signed_spot_15s,btc,S3,Dynamics,s3_dynamics,,,Spot,3127.0,median_impact_per_signed_spot_15s,False,False,True,spec,median_impact_per_signed
mad_impact_per_signed_spot_15s_btc,mad_impact_per_signed_spot_15s,btc,S3,Dynamics,s3_dynamics,,,Spot,3115.0,mad_impact_per_signed_spot_15s,False,False,True,spec,mad_impact_per_signed
impact_per_signed_shock_spot_15s_btc,impact_per_signed_shock_spot_15s,btc,S3,Dynamics,s3_dynamics,,,Spot,3107.0,impact_per_signed_shock_spot_15s,False,False,True,spec,impact_per_signed_shock
median_impact_per_signed_spot_5s_btc,median_impact_per_signed_spot_5s,btc,S3,Dynamics,s3_dynamics,,,Spot,3128.0,median_impact_per_signed_spot_5s,False,False,True,spec,median_impact_per_signed
mad_impact_per_signed_spot_5s_btc,mad_impact_per_signed_spot_5s,btc,S3,Dynamics,s3_dynamics,,,Spot,3116.0,mad_impact_per_signed_spot_5s,False,False,True,spec,mad_impact_per_signed
impact_per_signed_shock_spot_5s_btc,impact_per_signed_shock_spot_5s,btc,S3,Dynamics,s3_dynamics,,,Spot,3108.0,impact_per_signed_shock_spot_5s,False,False,True,spec,impact_per_signed_shock
median_impact_per_signed_spot_60s_btc,median_impact_per_signed_spot_60s,btc,S3,Dynamics,s3_dynamics,,,Spot,3129.0,median_impact_per_signed_spot_60s,False,False,True,spec,median_impact_per_signed
mad_impact_per_signed_spot_60s_btc,mad_impact_per_signed_spot_60s,btc,S3,Dynamics,s3_dynamics,,,Spot,3117.0,mad_impact_per_signed_spot_60s,False,False,True,spec,mad_impact_per_signed
impact_per_signed_shock_spot_60s_btc,impact_per_signed_shock_spot_60s,btc,S3,Dynamics,s3_dynamics,,,Spot,3109.0,impact_per_signed_shock_spot_60s,False,False,True,spec,impact_per_signed_shock
median_taker_imbalance_fut_15s_btc,median_taker_imbalance_fut_15s,btc,S3,Dynamics,s3_dynamics,,,Futures,3130.0,median_taker_imbalance_fut_15s,False,False,True,spec,median_taker_imbalance
mad_taker_imbalance_fut_15s_btc,mad_taker_imbalance_fut_15s,btc,S3,Dynamics,s3_dynamics,,,Futures,3118.0,mad_taker_imbalance_fut_15s,False,False,True,spec,mad_taker_imbalance
median_taker_imbalance_fut_5s_btc,median_taker_imbalance_fut_5s,btc,S3,Dynamics,s3_dynamics,,,Futures,3131.0,median_taker_imbalance_fut_5s,False,False,True,spec,median_taker_imbalance
mad_taker_imbalance_fut_5s_btc,mad_taker_imbalance_fut_5s,btc,S3,Dynamics,s3_dynamics,,,Futures,3119.0,mad_taker_imbalance_fut_5s,False,False,True,spec,mad_taker_imbalance
median_taker_imbalance_fut_60s_btc,median_taker_imbalance_fut_60s,btc,S3,Dynamics,s3_dynamics,,,Futures,3132.0,median_taker_imbalance_fut_60s,False,False,True,spec,median_taker_imbalance
mad_taker_imbalance_fut_60s_btc,mad_taker_imbalance_fut_60s,btc,S3,Dynamics,s3_dynamics,,,Futures,3120.0,mad_taker_imbalance_fut_60s,False,False,True,spec,mad_taker_imbalance
median_taker_imbalance_spot_15s_btc,median_taker_imbalance_spot_15s,btc,S3,Dynamics,s3_dynamics,,,Spot,3133.0,median_taker_imbalance_spot_15s,False,False,True,spec,median_taker_imbalance
mad_taker_imbalance_spot_15s_btc,mad_taker_imbalance_spot_15s,btc,S3,Dynamics,s3_dynamics,,,Spot,3121.0,mad_taker_imbalance_spot_15s,False,False,True,spec,mad_taker_imbalance
median_taker_imbalance_spot_5s_btc,median_taker_imbalance_spot_5s,btc,S3,Dynamics,s3_dynamics,,,Spot,3134.0,median_taker_imbalance_spot_5s,False,False,True,spec,median_taker_imbalance
mad_taker_imbalance_spot_5s_btc,mad_taker_imbalance_spot_5s,btc,S3,Dynamics,s3_dynamics,,,Spot,3122.0,mad_taker_imbalance_spot_5s,False,False,True,spec,mad_taker_imbalance
median_taker_imbalance_spot_60s_btc,median_taker_imbalance_spot_60s,btc,S3,Dynamics,s3_dynamics,,,Spot,3135.0,median_taker_imbalance_spot_60s,False,False,True,spec,median_taker_imbalance
mad_taker_imbalance_spot_60s_btc,mad_taker_imbalance_spot_60s,btc,S3,Dynamics,s3_dynamics,,,Spot,3123.0,mad_taker_imbalance_spot_60s,False,False,True,spec,mad_taker_imbalance
net_pressure_flip_rate_fut_10bps_300s_btc,net_pressure_flip_rate_fut_10bps_300s,btc,S3,Dynamics,s3_dynamics,,300.0,Futures,3136.0,net_pressure_flip_rate_fut_10bps_300s,False,False,True,spec,net_pressure_flip_rate_10bps
net_pressure_flip_rate_fut_5bps_300s_btc,net_pressure_flip_rate_fut_5bps_300s,btc,S3,Dynamics,s3_dynamics,,300.0,Futures,3137.0,net_pressure_flip_rate_fut_5bps_300s,False,False,True,spec,net_pressure_flip_rate_5bps
net_pressure_flip_rate_spot_10bps_300s_btc,net_pressure_flip_rate_spot_10bps_300s,btc,S3,Dynamics,s3_dynamics,,300.0,Spot,3138.0,net_pressure_flip_rate_spot_10bps_300s,False,False,True,spec,net_pressure_flip_rate_10bps
net_pressure_flip_rate_spot_5bps_300s_btc,net_pressure_flip_rate_spot_5bps_300s,btc,S3,Dynamics,s3_dynamics,,300.0,Spot,3139.0,net_pressure_flip_rate_spot_5bps_300s,False,False,True,spec,net_pressure_flip_rate_5bps
net_pressure_persist_fut_10bps_300s_btc,net_pressure_persist_fut_10bps_300s,btc,S3,Dynamics,s3_dynamics,,300.0,Futures,3140.0,net_pressure_persist_fut_10bps_300s,False,False,True,spec,net_pressure_persist_10bps
net_pressure_persist_fut_5bps_300s_btc,net_pressure_persist_fut_5bps_300s,btc,S3,Dynamics,s3_dynamics,,300.0,Futures,3141.0,net_pressure_persist_fut_5bps_300s,False,False,True,spec,net_pressure_persist_5bps
net_pressure_persist_spot_10bps_300s_btc,net_pressure_persist_spot_10bps_300s,btc,S3,Dynamics,s3_dynamics,,300.0,Spot,3142.0,net_pressure_persist_spot_10bps_300s,False,False,True,spec,net_pressure_persist_10bps
net_pressure_persist_spot_5bps_300s_btc,net_pressure_persist_spot_5bps_300s,btc,S3,Dynamics,s3_dynamics,,300.0,Spot,3143.0,net_pressure_persist_spot_5bps_300s,False,False,True,spec,net_pressure_persist_5bps
pull_rate_fut_1bps_persist_15s_btc,pull_rate_fut_1bps_persist_15s,btc,S3,Dynamics,s3_dynamics,,15.0,Futures,3144.0,pull_rate_fut_1bps_persist_15s,False,False,True,spec,pull_rate_1bps_persist
pull_rate_fut_2bps_persist_15s_btc,pull_rate_fut_2bps_persist_15s,btc,S3,Dynamics,s3_dynamics,,15.0,Futures,3145.0,pull_rate_fut_2bps_persist_15s,False,False,True,spec,pull_rate_2bps_persist
pull_rate_fut_2bps_persist_60s_btc,pull_rate_fut_2bps_persist_60s,btc,S3,Dynamics,s3_dynamics,,60.0,Futures,3146.0,pull_rate_fut_2bps_persist_60s,False,False,True,spec,pull_rate_2bps_persist
pull_rate_spot_1bps_persist_15s_btc,pull_rate_spot_1bps_persist_15s,btc,S3,Dynamics,s3_dynamics,,15.0,Spot,3147.0,pull_rate_spot_1bps_persist_15s,False,False,True,spec,pull_rate_1bps_persist
pull_rate_spot_2bps_persist_15s_btc,pull_rate_spot_2bps_persist_15s,btc,S3,Dynamics,s3_dynamics,,15.0,Spot,3148.0,pull_rate_spot_2bps_persist_15s,False,False,True,spec,pull_rate_2bps_persist
pull_rate_spot_2bps_persist_60s_btc,pull_rate_spot_2bps_persist_60s,btc,S3,Dynamics,s3_dynamics,,60.0,Spot,3149.0,pull_rate_spot_2bps_persist_60s,False,False,True,spec,pull_rate_2bps_persist
refill_rate_fut_1bps_persist_15s_btc,refill_rate_fut_1bps_persist_15s,btc,S3,Dynamics,s3_dynamics,,15.0,Futures,3150.0,refill_rate_fut_1bps_persist_15s,False,False,True,spec,refill_rate_1bps_persist
refill_rate_fut_2bps_persist_15s_btc,refill_rate_fut_2bps_persist_15s,btc,S3,Dynamics,s3_dynamics,,15.0,Futures,3151.0,refill_rate_fut_2bps_persist_15s,False,False,True,spec,refill_rate_2bps_persist
refill_rate_fut_2bps_persist_60s_btc,refill_rate_fut_2bps_persist_60s,btc,S3,Dynamics,s3_dynamics,,60.0,Futures,3152.0,refill_rate_fut_2bps_persist_60s,False,False,True,spec,refill_rate_2bps_persist
refill_rate_spot_1bps_persist_15s_btc,refill_rate_spot_1bps_persist_15s,btc,S3,Dynamics,s3_dynamics,,15.0,Spot,3153.0,refill_rate_spot_1bps_persist_15s,False,False,True,spec,refill_rate_1bps_persist
refill_rate_spot_2bps_persist_15s_btc,refill_rate_spot_2bps_persist_15s,btc,S3,Dynamics,s3_dynamics,,15.0,Spot,3154.0,refill_rate_spot_2bps_persist_15s,False,False,True,spec,refill_rate_2bps_persist
refill_rate_spot_2bps_persist_60s_btc,refill_rate_spot_2bps_persist_60s,btc,S3,Dynamics,s3_dynamics,,60.0,Spot,3155.0,refill_rate_spot_2bps_persist_60s,False,False,True,spec,refill_rate_2bps_persist
refill_vs_pull_fut_1bps_persist_15s_btc,refill_vs_pull_fut_1bps_persist_15s,btc,S3,Dynamics,s3_dynamics,,15.0,Futures,3156.0,refill_vs_pull_fut_1bps_persist_15s,False,False,True,spec,refill_vs_pull_1bps_persist
refill_vs_pull_fut_2bps_persist_60s_btc,refill_vs_pull_fut_2bps_persist_60s,btc,S3,Dynamics,s3_dynamics,,60.0,Futures,3157.0,refill_vs_pull_fut_2bps_persist_60s,False,False,True,spec,refill_vs_pull_2bps_persist
refill_vs_pull_spot_1bps_persist_15s_btc,refill_vs_pull_spot_1bps_persist_15s,btc,S3,Dynamics,s3_dynamics,,15.0,Spot,3158.0,refill_vs_pull_spot_1bps_persist_15s,False,False,True,spec,refill_vs_pull_1bps_persist
refill_vs_pull_spot_2bps_persist_60s_btc,refill_vs_pull_spot_2bps_persist_60s,btc,S3,Dynamics,s3_dynamics,,60.0,Spot,3159.0,refill_vs_pull_spot_2bps_persist_60s,False,False,True,spec,refill_vs_pull_2bps_persist
taker_imbalance_fut_persist_15s_btc,taker_imbalance_fut_persist_15s,btc,S3,Dynamics,s3_dynamics,,15.0,Futures,3160.0,taker_imbalance_fut_persist_15s,False,False,True,spec,taker_imbalance_persist
taker_imbalance_fut_persist_60s_btc,taker_imbalance_fut_persist_60s,btc,S3,Dynamics,s3_dynamics,,60.0,Futures,3161.0,taker_imbalance_fut_persist_60s,False,False,True,spec,taker_imbalance_persist
taker_imbalance_shock_fut_15s_btc,taker_imbalance_shock_fut_15s,btc,S3,Dynamics,s3_dynamics,,,Futures,3162.0,taker_imbalance_shock_fut_15s,False,False,True,spec,taker_imbalance_shock
taker_imbalance_shock_fut_5s_btc,taker_imbalance_shock_fut_5s,btc,S3,Dynamics,s3_dynamics,,,Futures,3163.0,taker_imbalance_shock_fut_5s,False,False,True,spec,taker_imbalance_shock
taker_imbalance_shock_fut_60s_btc,taker_imbalance_shock_fut_60s,btc,S3,Dynamics,s3_dynamics,,,Futures,3164.0,taker_imbalance_shock_fut_60s,False,False,True,spec,taker_imbalance_shock
taker_imbalance_shock_spot_15s_btc,taker_imbalance_shock_spot_15s,btc,S3,Dynamics,s3_dynamics,,,Spot,3165.0,taker_imbalance_shock_spot_15s,False,False,True,spec,taker_imbalance_shock
taker_imbalance_shock_spot_5s_btc,taker_imbalance_shock_spot_5s,btc,S3,Dynamics,s3_dynamics,,,Spot,3166.0,taker_imbalance_shock_spot_5s,False,False,True,spec,taker_imbalance_shock
taker_imbalance_shock_spot_60s_btc,taker_imbalance_shock_spot_60s,btc,S3,Dynamics,s3_dynamics,,,Spot,3167.0,taker_imbalance_shock_spot_60s,False,False,True,spec,taker_imbalance_shock
taker_imbalance_spot_persist_15s_btc,taker_imbalance_spot_persist_15s,btc,S3,Dynamics,s3_dynamics,,15.0,Spot,3168.0,taker_imbalance_spot_persist_15s,False,False,True,spec,taker_imbalance_persist
taker_imbalance_spot_persist_60s_btc,taker_imbalance_spot_persist_60s,btc,S3,Dynamics,s3_dynamics,,60.0,Spot,3169.0,taker_imbalance_spot_persist_60s,False,False,True,spec,taker_imbalance_persist
ask_churn_fut_5bps_15s_btc,ask_churn_fut_5bps_15s,btc,S3,Liquidity Events,s3_liquidity_events,,15.0,Futures,3170.0,ask_churn_fut_5bps_15s,False,False,True,spec,ask_churn_5bps
ask_churn_fut_5bps_60s_btc,ask_churn_fut_5bps_60s,btc,S3,Liquidity Events,s3_liquidity_events,,60.0,Futures,3171.0,ask_churn_fut_5bps_60s,False,False,True,spec,ask_churn_5bps
ask_churn_spot_5bps_15s_btc,ask_churn_spot_5bps_15s,btc,S3,Liquidity Events,s3_liquidity_events,,15.0,Spot,3172.0,ask_churn_spot_5bps_15s,False,False,True,spec,ask_churn_5bps
ask_churn_spot_5bps_60s_btc,ask_churn_spot_5bps_60s,btc,S3,Liquidity Events,s3_liquidity_events,,60.0,Spot,3173.0,ask_churn_spot_5bps_60s,False,False,True,spec,ask_churn_5bps
bid_churn_fut_5bps_15s_btc,bid_churn_fut_5bps_15s,btc,S3,Liquidity Events,s3_liquidity_events,,15.0,Futures,3174.0,bid_churn_fut_5bps_15s,False,False,True,spec,bid_churn_5bps
bid_churn_fut_5bps_60s_btc,bid_churn_fut_5bps_60s,btc,S3,Liquidity Events,s3_liquidity_events,,60.0,Futures,3175.0,bid_churn_fut_5bps_60s,False,False,True,spec,bid_churn_5bps
bid_churn_spot_5bps_15s_btc,bid_churn_spot_5bps_15s,btc,S3,Liquidity Events,s3_liquidity_events,,15.0,Spot,3176.0,bid_churn_spot_5bps_15s,False,False,True,spec,bid_churn_5bps
bid_churn_spot_5bps_60s_btc,bid_churn_spot_5bps_60s,btc,S3,Liquidity Events,s3_liquidity_events,,60.0,Spot,3177.0,bid_churn_spot_5bps_60s,False,False,True,spec,bid_churn_5bps
dir_consistency_asym_spot_60_over_900_btc,dir_consistency_asym_spot_60_over_900,btc,S3,Meta,s3_meta,,,Spot,3178.0,dir_consistency_asym_spot_60_over_900,True,False,False,spec,dir_consistency_asym_60_over_900
queue_pressure_depth_coherence_fut_15s_btc,queue_pressure_depth_coherence_fut_15s,btc,S3,Meta,s3_meta,,,Futures,3179.0,queue_pressure_depth_coherence_fut_15s,True,False,False,spec,queue_pressure_depth_coherence
queue_pressure_depth_coherence_fut_60s_btc,queue_pressure_depth_coherence_fut_60s,btc,S3,Meta,s3_meta,,,Futures,3180.0,queue_pressure_depth_coherence_fut_60s,True,False,False,spec,queue_pressure_depth_coherence
queue_pressure_depth_coherence_spot_15s_btc,queue_pressure_depth_coherence_spot_15s,btc,S3,Meta,s3_meta,,,Spot,3181.0,queue_pressure_depth_coherence_spot_15s,True,False,False,spec,queue_pressure_depth_coherence
queue_pressure_depth_coherence_spot_60s_btc,queue_pressure_depth_coherence_spot_60s,btc,S3,Meta,s3_meta,,,Spot,3182.0,queue_pressure_depth_coherence_spot_60s,True,False,False,spec,queue_pressure_depth_coherence
queue_pressure_depth_curvature_fut_15s_btc,queue_pressure_depth_curvature_fut_15s,btc,S3,Meta,s3_meta,,,Futures,3183.0,queue_pressure_depth_curvature_fut_15s,True,False,False,spec,queue_pressure_depth_curvature
queue_pressure_depth_curvature_fut_60s_btc,queue_pressure_depth_curvature_fut_60s,btc,S3,Meta,s3_meta,,,Futures,3184.0,queue_pressure_depth_curvature_fut_60s,True,False,False,spec,queue_pressure_depth_curvature
queue_pressure_depth_curvature_spot_15s_btc,queue_pressure_depth_curvature_spot_15s,btc,S3,Meta,s3_meta,,,Spot,3185.0,queue_pressure_depth_curvature_spot_15s,True,False,False,spec,queue_pressure_depth_curvature
queue_pressure_depth_curvature_spot_60s_btc,queue_pressure_depth_curvature_spot_60s,btc,S3,Meta,s3_meta,,,Spot,3186.0,queue_pressure_depth_curvature_spot_60s,True,False,False,spec,queue_pressure_depth_curvature
queue_pressure_depth_slope_fut_15s_btc,queue_pressure_depth_slope_fut_15s,btc,S3,Meta,s3_meta,,,Futures,3187.0,queue_pressure_depth_slope_fut_15s,True,False,False,spec,queue_pressure_depth_slope
queue_pressure_depth_slope_fut_60s_btc,queue_pressure_depth_slope_fut_60s,btc,S3,Meta,s3_meta,,,Futures,3188.0,queue_pressure_depth_slope_fut_60s,True,False,False,spec,queue_pressure_depth_slope
queue_pressure_depth_slope_spot_15s_btc,queue_pressure_depth_slope_spot_15s,btc,S3,Meta,s3_meta,,,Spot,3189.0,queue_pressure_depth_slope_spot_15s,True,False,False,spec,queue_pressure_depth_slope
queue_pressure_depth_slope_spot_60s_btc,queue_pressure_depth_slope_spot_60s,btc,S3,Meta,s3_meta,,,Spot,3190.0,queue_pressure_depth_slope_spot_60s,True,False,False,spec,queue_pressure_depth_slope
vacuum_score_fut_10bps_15s_btc,vacuum_score_fut_10bps_15s,btc,S3,Meta,s3_meta,,,Futures,3191.0,vacuum_score_fut_10bps_15s,True,False,False,spec,vacuum_score_10bps
vacuum_score_fut_10bps_5s_btc,vacuum_score_fut_10bps_5s,btc,S3,Meta,s3_meta,,,Futures,3192.0,vacuum_score_fut_10bps_5s,True,False,False,spec,vacuum_score_10bps
vacuum_score_fut_10bps_60s_btc,vacuum_score_fut_10bps_60s,btc,S3,Meta,s3_meta,,,Futures,3193.0,vacuum_score_fut_10bps_60s,True,False,False,spec,vacuum_score_10bps
vacuum_score_fut_1bps_60s_btc,vacuum_score_fut_1bps_60s,btc,S3,Meta,s3_meta,,,Futures,3195.0,vacuum_score_fut_1bps_60s,True,False,False,spec,vacuum_score_1bps
vacuum_score_fut_2bps_5s_btc,vacuum_score_fut_2bps_5s,btc,S3,Meta,s3_meta,,,Futures,3196.0,vacuum_score_fut_2bps_5s,True,False,False,spec,vacuum_score_2bps
vacuum_score_fut_5bps_15s_btc,vacuum_score_fut_5bps_15s,btc,S3,Meta,s3_meta,,,Futures,3197.0,vacuum_score_fut_5bps_15s,True,False,False,spec,vacuum_score_5bps
vacuum_score_fut_5bps_5s_btc,vacuum_score_fut_5bps_5s,btc,S3,Meta,s3_meta,,,Futures,3198.0,vacuum_score_fut_5bps_5s,True,False,False,spec,vacuum_score_5bps
vacuum_score_fut_5bps_60s_btc,vacuum_score_fut_5bps_60s,btc,S3,Meta,s3_meta,,,Futures,3199.0,vacuum_score_fut_5bps_60s,True,False,False,spec,vacuum_score_5bps
vacuum_score_spot_10bps_15s_btc,vacuum_score_spot_10bps_15s,btc,S3,Meta,s3_meta,,,Spot,3200.0,vacuum_score_spot_10bps_15s,True,False,False,spec,vacuum_score_10bps
vacuum_score_spot_10bps_5s_btc,vacuum_score_spot_10bps_5s,btc,S3,Meta,s3_meta,,,Spot,3201.0,vacuum_score_spot_10bps_5s,True,False,False,spec,vacuum_score_10bps
vacuum_score_spot_10bps_60s_btc,vacuum_score_spot_10bps_60s,btc,S3,Meta,s3_meta,,,Spot,3202.0,vacuum_score_spot_10bps_60s,True,False,False,spec,vacuum_score_10bps
vacuum_score_spot_1bps_60s_btc,vacuum_score_spot_1bps_60s,btc,S3,Meta,s3_meta,,,Spot,3204.0,vacuum_score_spot_1bps_60s,True,False,False,spec,vacuum_score_1bps
vacuum_score_spot_2bps_5s_btc,vacuum_score_spot_2bps_5s,btc,S3,Meta,s3_meta,,,Spot,3205.0,vacuum_score_spot_2bps_5s,True,False,False,spec,vacuum_score_2bps
vacuum_score_spot_5bps_15s_btc,vacuum_score_spot_5bps_15s,btc,S3,Meta,s3_meta,,,Spot,3206.0,vacuum_score_spot_5bps_15s,True,False,False,spec,vacuum_score_5bps
vacuum_score_spot_5bps_5s_btc,vacuum_score_spot_5bps_5s,btc,S3,Meta,s3_meta,,,Spot,3207.0,vacuum_score_spot_5bps_5s,True,False,False,spec,vacuum_score_5bps
vacuum_score_spot_5bps_60s_btc,vacuum_score_spot_5bps_60s,btc,S3,Meta,s3_meta,,,Spot,3208.0,vacuum_score_spot_5bps_60s,True,False,False,spec,vacuum_score_5bps
z_absorb_refill_ask_fut_10bps_1s_btc,z_absorb_refill_ask_fut_10bps_1s,btc,S3,Normalization,s3_normalization,,5.0,Futures,3209.0,z_absorb_refill_ask_fut_10bps_1s,False,False,True,spec,z_absorb_refill_ask_10bps
z_absorb_refill_ask_fut_2bps_1s_btc,z_absorb_refill_ask_fut_2bps_1s,btc,S3,Normalization,s3_normalization,,5.0,Futures,3210.0,z_absorb_refill_ask_fut_2bps_1s,False,False,True,spec,z_absorb_refill_ask_2bps
z_absorb_refill_ask_fut_5bps_1s_btc,z_absorb_refill_ask_fut_5bps_1s,btc,S3,Normalization,s3_normalization,,5.0,Futures,3211.0,z_absorb_refill_ask_fut_5bps_1s,False,False,True,spec,z_absorb_refill_ask_5bps
z_absorb_refill_ask_spot_10bps_1s_btc,z_absorb_refill_ask_spot_10bps_1s,btc,S3,Normalization,s3_normalization,,5.0,Spot,3212.0,z_absorb_refill_ask_spot_10bps_1s,False,False,True,spec,z_absorb_refill_ask_10bps
z_absorb_refill_ask_spot_2bps_1s_btc,z_absorb_refill_ask_spot_2bps_1s,btc,S3,Normalization,s3_normalization,,5.0,Spot,3213.0,z_absorb_refill_ask_spot_2bps_1s,False,False,True,spec,z_absorb_refill_ask_2bps
z_absorb_refill_ask_spot_5bps_1s_btc,z_absorb_refill_ask_spot_5bps_1s,btc,S3,Normalization,s3_normalization,,5.0,Spot,3214.0,z_absorb_refill_ask_spot_5bps_1s,False,False,True,spec,z_absorb_refill_ask_5bps
z_absorb_refill_bid_fut_10bps_1s_btc,z_absorb_refill_bid_fut_10bps_1s,btc,S3,Normalization,s3_normalization,,5.0,Futures,3215.0,z_absorb_refill_bid_fut_10bps_1s,False,False,True,spec,z_absorb_refill_bid_10bps
z_absorb_refill_bid_fut_2bps_1s_btc,z_absorb_refill_bid_fut_2bps_1s,btc,S3,Normalization,s3_normalization,,5.0,Futures,3216.0,z_absorb_refill_bid_fut_2bps_1s,False,False,True,spec,z_absorb_refill_bid_2bps
z_absorb_refill_bid_fut_5bps_1s_btc,z_absorb_refill_bid_fut_5bps_1s,btc,S3,Normalization,s3_normalization,,5.0,Futures,3217.0,z_absorb_refill_bid_fut_5bps_1s,False,False,True,spec,z_absorb_refill_bid_5bps
z_absorb_refill_bid_spot_10bps_1s_btc,z_absorb_refill_bid_spot_10bps_1s,btc,S3,Normalization,s3_normalization,,5.0,Spot,3218.0,z_absorb_refill_bid_spot_10bps_1s,False,False,True,spec,z_absorb_refill_bid_10bps
z_absorb_refill_bid_spot_2bps_1s_btc,z_absorb_refill_bid_spot_2bps_1s,btc,S3,Normalization,s3_normalization,,5.0,Spot,3219.0,z_absorb_refill_bid_spot_2bps_1s,False,False,True,spec,z_absorb_refill_bid_2bps
z_absorb_refill_bid_spot_5bps_1s_btc,z_absorb_refill_bid_spot_5bps_1s,btc,S3,Normalization,s3_normalization,,5.0,Spot,3220.0,z_absorb_refill_bid_spot_5bps_1s,False,False,True,spec,z_absorb_refill_bid_5bps
z_book_asymmetry_fut_struct100_300s_btc,z_book_asymmetry_fut_struct100_300s,btc,S3,Normalization,s3_normalization,,300.0,Futures,3221.0,z_book_asymmetry_fut_struct100_300s,False,False,True,spec,z_book_asymmetry_struct100
z_book_asymmetry_fut_struct100_60s_btc,z_book_asymmetry_fut_struct100_60s,btc,S3,Normalization,s3_normalization,,60.0,Futures,3222.0,z_book_asymmetry_fut_struct100_60s,False,False,True,spec,z_book_asymmetry_struct100
z_book_asymmetry_fut_struct100_900s_btc,z_book_asymmetry_fut_struct100_900s,btc,S3,Normalization,s3_normalization,,900.0,Futures,3223.0,z_book_asymmetry_fut_struct100_900s,False,False,True,spec,z_book_asymmetry_struct100
z_book_asymmetry_fut_struct50_300s_btc,z_book_asymmetry_fut_struct50_300s,btc,S3,Normalization,s3_normalization,,300.0,Futures,3224.0,z_book_asymmetry_fut_struct50_300s,False,False,True,spec,z_book_asymmetry_struct50
z_book_asymmetry_fut_struct50_60s_btc,z_book_asymmetry_fut_struct50_60s,btc,S3,Normalization,s3_normalization,,60.0,Futures,3225.0,z_book_asymmetry_fut_struct50_60s,False,False,True,spec,z_book_asymmetry_struct50
z_book_asymmetry_fut_struct50_900s_btc,z_book_asymmetry_fut_struct50_900s,btc,S3,Normalization,s3_normalization,,900.0,Futures,3226.0,z_book_asymmetry_fut_struct50_900s,False,False,True,spec,z_book_asymmetry_struct50
z_book_asymmetry_spot_struct100_300s_btc,z_book_asymmetry_spot_struct100_300s,btc,S3,Normalization,s3_normalization,,300.0,Spot,3227.0,z_book_asymmetry_spot_struct100_300s,False,False,True,spec,z_book_asymmetry_struct100
z_book_asymmetry_spot_struct100_60s_btc,z_book_asymmetry_spot_struct100_60s,btc,S3,Normalization,s3_normalization,,60.0,Spot,3228.0,z_book_asymmetry_spot_struct100_60s,False,False,True,spec,z_book_asymmetry_struct100
z_book_asymmetry_spot_struct100_900s_btc,z_book_asymmetry_spot_struct100_900s,btc,S3,Normalization,s3_normalization,,900.0,Spot,3229.0,z_book_asymmetry_spot_struct100_900s,False,False,True,spec,z_book_asymmetry_struct100
z_book_asymmetry_spot_struct50_300s_btc,z_book_asymmetry_spot_struct50_300s,btc,S3,Normalization,s3_normalization,,300.0,Spot,3230.0,z_book_asymmetry_spot_struct50_300s,False,False,True,spec,z_book_asymmetry_struct50
z_book_asymmetry_spot_struct50_60s_btc,z_book_asymmetry_spot_struct50_60s,btc,S3,Normalization,s3_normalization,,60.0,Spot,3231.0,z_book_asymmetry_spot_struct50_60s,False,False,True,spec,z_book_asymmetry_struct50
z_book_asymmetry_spot_struct50_900s_btc,z_book_asymmetry_spot_struct50_900s,btc,S3,Normalization,s3_normalization,,900.0,Spot,3232.0,z_book_asymmetry_spot_struct50_900s,False,False,True,spec,z_book_asymmetry_struct50
z_depth_gradient_fut_struct100_1s_btc,z_depth_gradient_fut_struct100_1s,btc,S3,Normalization,s3_normalization,,5.0,Futures,3233.0,z_depth_gradient_fut_struct100_1s,False,False,True,spec,z_depth_gradient_struct100
z_depth_gradient_fut_struct50_1s_btc,z_depth_gradient_fut_struct50_1s,btc,S3,Normalization,s3_normalization,,5.0,Futures,3234.0,z_depth_gradient_fut_struct50_1s,False,False,True,spec,z_depth_gradient_struct50
z_depth_gradient_spot_struct100_1s_btc,z_depth_gradient_spot_struct100_1s,btc,S3,Normalization,s3_normalization,,5.0,Spot,3235.0,z_depth_gradient_spot_struct100_1s,False,False,True,spec,z_depth_gradient_struct100
z_depth_gradient_spot_struct50_1s_btc,z_depth_gradient_spot_struct50_1s,btc,S3,Normalization,s3_normalization,,5.0,Spot,3236.0,z_depth_gradient_spot_struct50_1s,False,False,True,spec,z_depth_gradient_struct50
z_impact_per_signed_fut_15s_btc,z_impact_per_signed_fut_15s,btc,S3,Normalization,s3_normalization,,15.0,Futures,3237.0,z_impact_per_signed_fut_15s,False,False,True,spec,z_impact_per_signed
z_impact_per_signed_fut_5s_btc,z_impact_per_signed_fut_5s,btc,S3,Normalization,s3_normalization,,5.0,Futures,3238.0,z_impact_per_signed_fut_5s,False,False,True,spec,z_impact_per_signed
z_impact_per_signed_fut_60s_btc,z_impact_per_signed_fut_60s,btc,S3,Normalization,s3_normalization,,60.0,Futures,3239.0,z_impact_per_signed_fut_60s,False,False,True,spec,z_impact_per_signed
z_liq_concentration_fut_struct100_1s_btc,z_liq_concentration_fut_struct100_1s,btc,S3,Normalization,s3_normalization,,5.0,Futures,3240.0,z_liq_concentration_fut_struct100_1s,False,False,True,spec,z_liq_concentration_struct100
z_liq_concentration_fut_struct50_1s_btc,z_liq_concentration_fut_struct50_1s,btc,S3,Normalization,s3_normalization,,5.0,Futures,3241.0,z_liq_concentration_fut_struct50_1s,False,False,True,spec,z_liq_concentration_struct50
z_liq_concentration_spot_struct100_1s_btc,z_liq_concentration_spot_struct100_1s,btc,S3,Normalization,s3_normalization,,5.0,Spot,3242.0,z_liq_concentration_spot_struct100_1s,False,False,True,spec,z_liq_concentration_struct100
z_liq_concentration_spot_struct50_1s_btc,z_liq_concentration_spot_struct50_1s,btc,S3,Normalization,s3_normalization,,5.0,Spot,3243.0,z_liq_concentration_spot_struct50_1s,False,False,True,spec,z_liq_concentration_struct50
z_price_deviation_300s_btc,z_price_deviation_300s,btc,S3,Normalization,s3_normalization,,300.0,Spot|Futures,3244.0,z_price_deviation_300s,False,False,True,spec,z_price_deviation
z_price_deviation_60s_btc,z_price_deviation_60s,btc,S3,Normalization,s3_normalization,,60.0,Spot|Futures,3245.0,z_price_deviation_60s,False,False,True,spec,z_price_deviation
z_price_deviation_900s_btc,z_price_deviation_900s,btc,S3,Normalization,s3_normalization,,900.0,Spot|Futures,3246.0,z_price_deviation_900s,False,False,True,spec,z_price_deviation
z_pull_rate_fut_1bps_15s_btc,z_pull_rate_fut_1bps_15s,btc,S3,Normalization,s3_normalization,,15.0,Futures,3247.0,z_pull_rate_fut_1bps_15s,False,False,True,spec,z_pull_rate_1bps
z_pull_rate_fut_2bps_15s_btc,z_pull_rate_fut_2bps_15s,btc,S3,Normalization,s3_normalization,,15.0,Futures,3248.0,z_pull_rate_fut_2bps_15s,False,False,True,spec,z_pull_rate_2bps
z_pull_rate_fut_2bps_60s_btc,z_pull_rate_fut_2bps_60s,btc,S3,Normalization,s3_normalization,,60.0,Futures,3249.0,z_pull_rate_fut_2bps_60s,False,False,True,spec,z_pull_rate_2bps
z_pull_rate_spot_1bps_15s_btc,z_pull_rate_spot_1bps_15s,btc,S3,Normalization,s3_normalization,,15.0,Spot,3250.0,z_pull_rate_spot_1bps_15s,False,False,True,spec,z_pull_rate_1bps
z_pull_rate_spot_2bps_15s_btc,z_pull_rate_spot_2bps_15s,btc,S3,Normalization,s3_normalization,,15.0,Spot,3251.0,z_pull_rate_spot_2bps_15s,False,False,True,spec,z_pull_rate_2bps
z_pull_rate_spot_2bps_60s_btc,z_pull_rate_spot_2bps_60s,btc,S3,Normalization,s3_normalization,,60.0,Spot,3252.0,z_pull_rate_spot_2bps_60s,False,False,True,spec,z_pull_rate_2bps
z_queue_pressure_fut_1bps_15s_btc,z_queue_pressure_fut_1bps_15s,btc,S3,Normalization,s3_normalization,,15.0,Futures,3253.0,z_queue_pressure_fut_1bps_15s,False,False,True,spec,z_queue_pressure_1bps
z_queue_pressure_fut_1bps_60s_btc,z_queue_pressure_fut_1bps_60s,btc,S3,Normalization,s3_normalization,,60.0,Futures,3254.0,z_queue_pressure_fut_1bps_60s,False,False,True,spec,z_queue_pressure_1bps
z_queue_pressure_spot_1bps_15s_btc,z_queue_pressure_spot_1bps_15s,btc,S3,Normalization,s3_normalization,,15.0,Spot,3255.0,z_queue_pressure_spot_1bps_15s,False,False,True,spec,z_queue_pressure_1bps
z_queue_pressure_spot_1bps_60s_btc,z_queue_pressure_spot_1bps_60s,btc,S3,Normalization,s3_normalization,,60.0,Spot,3256.0,z_queue_pressure_spot_1bps_60s,False,False,True,spec,z_queue_pressure_1bps
z_refill_rate_fut_1bps_15s_btc,z_refill_rate_fut_1bps_15s,btc,S3,Normalization,s3_normalization,,15.0,Futures,3257.0,z_refill_rate_fut_1bps_15s,False,False,True,spec,z_refill_rate_1bps
z_refill_rate_fut_1bps_5s_btc,z_refill_rate_fut_1bps_5s,btc,S3,Normalization,s3_normalization,,5.0,Futures,3258.0,z_refill_rate_fut_1bps_5s,False,False,True,spec,z_refill_rate_1bps
vacuum_score_fut_1bps_5s_btc,vacuum_score_fut_1bps_5s,btc,S3,Meta,s3_meta,,,Futures,3194.0,vacuum_score_fut_1bps_5s,True,False,False,spec,vacuum_score_1bps
z_refill_rate_fut_2bps_15s_btc,z_refill_rate_fut_2bps_15s,btc,S3,Normalization,s3_normalization,,15.0,Futures,3259.0,z_refill_rate_fut_2bps_15s,False,False,True,spec,z_refill_rate_2bps
z_refill_rate_fut_2bps_60s_btc,z_refill_rate_fut_2bps_60s,btc,S3,Normalization,s3_normalization,,60.0,Futures,3260.0,z_refill_rate_fut_2bps_60s,False,False,True,spec,z_refill_rate_2bps
z_refill_rate_spot_1bps_15s_btc,z_refill_rate_spot_1bps_15s,btc,S3,Normalization,s3_normalization,,15.0,Spot,3261.0,z_refill_rate_spot_1bps_15s,False,False,True,spec,z_refill_rate_1bps
z_refill_rate_spot_1bps_5s_btc,z_refill_rate_spot_1bps_5s,btc,S3,Normalization,s3_normalization,,5.0,Spot,3262.0,z_refill_rate_spot_1bps_5s,False,False,True,spec,z_refill_rate_1bps
vacuum_score_spot_1bps_5s_btc,vacuum_score_spot_1bps_5s,btc,S3,Meta,s3_meta,,,Spot,3203.0,vacuum_score_spot_1bps_5s,True,False,False,spec,vacuum_score_1bps
z_refill_rate_spot_2bps_15s_btc,z_refill_rate_spot_2bps_15s,btc,S3,Normalization,s3_normalization,,15.0,Spot,3263.0,z_refill_rate_spot_2bps_15s,False,False,True,spec,z_refill_rate_2bps
z_refill_rate_spot_2bps_60s_btc,z_refill_rate_spot_2bps_60s,btc,S3,Normalization,s3_normalization,,60.0,Spot,3264.0,z_refill_rate_spot_2bps_60s,False,False,True,spec,z_refill_rate_2bps
z_refill_vs_pull_fut_1bps_15s_btc,z_refill_vs_pull_fut_1bps_15s,btc,S3,Normalization,s3_normalization,,15.0,Futures,3265.0,z_refill_vs_pull_fut_1bps_15s,False,False,True,spec,z_refill_vs_pull_1bps
z_refill_vs_pull_fut_2bps_60s_btc,z_refill_vs_pull_fut_2bps_60s,btc,S3,Normalization,s3_normalization,,60.0,Futures,3266.0,z_refill_vs_pull_fut_2bps_60s,False,False,True,spec,z_refill_vs_pull_2bps
z_refill_vs_pull_spot_1bps_15s_btc,z_refill_vs_pull_spot_1bps_15s,btc,S3,Normalization,s3_normalization,,15.0,Spot,3267.0,z_refill_vs_pull_spot_1bps_15s,False,False,True,spec,z_refill_vs_pull_1bps
z_refill_vs_pull_spot_2bps_60s_btc,z_refill_vs_pull_spot_2bps_60s,btc,S3,Normalization,s3_normalization,,60.0,Spot,3268.0,z_refill_vs_pull_spot_2bps_60s,False,False,True,spec,z_refill_vs_pull_2bps
z_taker_imbalance_fut_15s_btc,z_taker_imbalance_fut_15s,btc,S3,Normalization,s3_normalization,,15.0,Futures,3269.0,z_taker_imbalance_fut_15s,False,False,True,spec,z_taker_imbalance
z_taker_imbalance_fut_300s_btc,z_taker_imbalance_fut_300s,btc,S3,Normalization,s3_normalization,,300.0,Futures,3270.0,z_taker_imbalance_fut_300s,False,False,True,spec,z_taker_imbalance
z_taker_imbalance_fut_5s_btc,z_taker_imbalance_fut_5s,btc,S3,Normalization,s3_normalization,,5.0,Futures,3271.0,z_taker_imbalance_fut_5s,False,False,True,spec,z_taker_imbalance
z_taker_imbalance_fut_60s_btc,z_taker_imbalance_fut_60s,btc,S3,Normalization,s3_normalization,,60.0,Futures,3272.0,z_taker_imbalance_fut_60s,False,False,True,spec,z_taker_imbalance
z_taker_imbalance_fut_900s_btc,z_taker_imbalance_fut_900s,btc,S3,Normalization,s3_normalization,,900.0,Futures,3273.0,z_taker_imbalance_fut_900s,False,False,True,spec,z_taker_imbalance
z_taker_imbalance_spot_15s_btc,z_taker_imbalance_spot_15s,btc,S3,Normalization,s3_normalization,,15.0,Spot,3274.0,z_taker_imbalance_spot_15s,False,False,True,spec,z_taker_imbalance
z_taker_imbalance_spot_300s_btc,z_taker_imbalance_spot_300s,btc,S3,Normalization,s3_normalization,,300.0,Spot,3275.0,z_taker_imbalance_spot_300s,False,False,True,spec,z_taker_imbalance
z_taker_imbalance_spot_5s_btc,z_taker_imbalance_spot_5s,btc,S3,Normalization,s3_normalization,,5.0,Spot,3276.0,z_taker_imbalance_spot_5s,False,False,True,spec,z_taker_imbalance
z_taker_imbalance_spot_60s_btc,z_taker_imbalance_spot_60s,btc,S3,Normalization,s3_normalization,,60.0,Spot,3277.0,z_taker_imbalance_spot_60s,False,False,True,spec,z_taker_imbalance
z_taker_imbalance_spot_900s_btc,z_taker_imbalance_spot_900s,btc,S3,Normalization,s3_normalization,,900.0,Spot,3278.0,z_taker_imbalance_spot_900s,False,False,True,spec,z_taker_imbalance
z_trade_absorption_ratio_fut_1s_btc,z_trade_absorption_ratio_fut_1s,btc,S3,Normalization,s3_normalization,,5.0,Futures,3279.0,z_trade_absorption_ratio_fut_1s,False,False,True,spec,z_trade_absorption_ratio
z_trade_absorption_ratio_spot_1s_btc,z_trade_absorption_ratio_spot_1s,btc,S3,Normalization,s3_normalization,,5.0,Spot,3280.0,z_trade_absorption_ratio_spot_1s,False,False,True,spec,z_trade_absorption_ratio
z_flow_depth_align_fut_struct100_60s_btc,z_flow_depth_align_fut_struct100_60s,btc,S3,Normalization,s3_normalization,,60.0,Futures,3281.0,z_flow_depth_align_fut_struct100_60s,False,False,True,spec,z_flow_depth_align_struct100
z_flow_depth_align_fut_struct100_300s_btc,z_flow_depth_align_fut_struct100_300s,btc,S3,Normalization,s3_normalization,,300.0,Futures,3282.0,z_flow_depth_align_fut_struct100_300s,False,False,True,spec,z_flow_depth_align_struct100
z_flow_depth_align_spot_struct100_60s_btc,z_flow_depth_align_spot_struct100_60s,btc,S3,Normalization,s3_normalization,,60.0,Spot,3283.0,z_flow_depth_align_spot_struct100_60s,False,False,True,spec,z_flow_depth_align_struct100
z_flow_depth_align_spot_struct100_300s_btc,z_flow_depth_align_spot_struct100_300s,btc,S3,Normalization,s3_normalization,,300.0,Spot,3284.0,z_flow_depth_align_spot_struct100_300s,False,False,True,spec,z_flow_depth_align_struct100
net_add_fut_10bps_1s_btc,net_add_fut_10bps_1s,btc,S3,Pressure,s3_pressure,,1.0,Futures,3285.0,net_add_fut_10bps_1s,False,False,True,spec,net_add_10bps
net_add_fut_2bps_1s_btc,net_add_fut_2bps_1s,btc,S3,Pressure,s3_pressure,,1.0,Futures,3286.0,net_add_fut_2bps_1s,False,False,True,spec,net_add_2bps
net_add_fut_5bps_1s_btc,net_add_fut_5bps_1s,btc,S3,Pressure,s3_pressure,,1.0,Futures,3287.0,net_add_fut_5bps_1s,False,False,True,spec,net_add_5bps
net_add_fut_5bps_900s_btc,net_add_fut_5bps_900s,btc,S3,Pressure,s3_pressure,,900.0,Futures,3288.0,net_add_fut_5bps_900s,False,False,True,spec,net_add_5bps
net_add_pressure_fut_10bps_15s_btc,net_add_pressure_fut_10bps_15s,btc,S3,Pressure,s3_pressure,,15.0,Futures,3289.0,net_add_pressure_fut_10bps_15s,False,False,True,spec,net_add_pressure_10bps
net_add_pressure_fut_10bps_300s_btc,net_add_pressure_fut_10bps_300s,btc,S3,Pressure,s3_pressure,,300.0,Futures,3290.0,net_add_pressure_fut_10bps_300s,False,False,True,spec,net_add_pressure_10bps
net_add_pressure_fut_10bps_60s_btc,net_add_pressure_fut_10bps_60s,btc,S3,Pressure,s3_pressure,,60.0,Futures,3291.0,net_add_pressure_fut_10bps_60s,False,False,True,spec,net_add_pressure_10bps
net_add_pressure_fut_10bps_900s_btc,net_add_pressure_fut_10bps_900s,btc,S3,Pressure,s3_pressure,,900.0,Futures,3292.0,net_add_pressure_fut_10bps_900s,False,False,True,spec,net_add_pressure_10bps
net_add_pressure_fut_2bps_15s_btc,net_add_pressure_fut_2bps_15s,btc,S3,Pressure,s3_pressure,,15.0,Futures,3293.0,net_add_pressure_fut_2bps_15s,False,False,True,spec,net_add_pressure_2bps
net_add_pressure_fut_2bps_60s_btc,net_add_pressure_fut_2bps_60s,btc,S3,Pressure,s3_pressure,,60.0,Futures,3294.0,net_add_pressure_fut_2bps_60s,False,False,True,spec,net_add_pressure_2bps
net_add_pressure_fut_5bps_15s_btc,net_add_pressure_fut_5bps_15s,btc,S3,Pressure,s3_pressure,,15.0,Futures,3295.0,net_add_pressure_fut_5bps_15s,False,False,True,spec,net_add_pressure_5bps
net_add_pressure_fut_5bps_300s_btc,net_add_pressure_fut_5bps_300s,btc,S3,Pressure,s3_pressure,,300.0,Futures,3296.0,net_add_pressure_fut_5bps_300s,False,False,True,spec,net_add_pressure_5bps
net_add_pressure_fut_5bps_60s_btc,net_add_pressure_fut_5bps_60s,btc,S3,Pressure,s3_pressure,,60.0,Futures,3297.0,net_add_pressure_fut_5bps_60s,False,False,True,spec,net_add_pressure_5bps
net_add_pressure_spot_10bps_15s_btc,net_add_pressure_spot_10bps_15s,btc,S3,Pressure,s3_pressure,,15.0,Spot,3298.0,net_add_pressure_spot_10bps_15s,False,False,True,spec,net_add_pressure_10bps
net_add_pressure_spot_10bps_300s_btc,net_add_pressure_spot_10bps_300s,btc,S3,Pressure,s3_pressure,,300.0,Spot,3299.0,net_add_pressure_spot_10bps_300s,False,False,True,spec,net_add_pressure_10bps
net_add_pressure_spot_10bps_60s_btc,net_add_pressure_spot_10bps_60s,btc,S3,Pressure,s3_pressure,,60.0,Spot,3300.0,net_add_pressure_spot_10bps_60s,False,False,True,spec,net_add_pressure_10bps
net_add_pressure_spot_10bps_900s_btc,net_add_pressure_spot_10bps_900s,btc,S3,Pressure,s3_pressure,,900.0,Spot,3301.0,net_add_pressure_spot_10bps_900s,False,False,True,spec,net_add_pressure_10bps
net_add_pressure_spot_2bps_15s_btc,net_add_pressure_spot_2bps_15s,btc,S3,Pressure,s3_pressure,,15.0,Spot,3302.0,net_add_pressure_spot_2bps_15s,False,False,True,spec,net_add_pressure_2bps
net_add_pressure_spot_2bps_60s_btc,net_add_pressure_spot_2bps_60s,btc,S3,Pressure,s3_pressure,,60.0,Spot,3303.0,net_add_pressure_spot_2bps_60s,False,False,True,spec,net_add_pressure_2bps
net_add_pressure_spot_5bps_15s_btc,net_add_pressure_spot_5bps_15s,btc,S3,Pressure,s3_pressure,,15.0,Spot,3304.0,net_add_pressure_spot_5bps_15s,False,False,True,spec,net_add_pressure_5bps
net_add_pressure_spot_5bps_300s_btc,net_add_pressure_spot_5bps_300s,btc,S3,Pressure,s3_pressure,,300.0,Spot,3305.0,net_add_pressure_spot_5bps_300s,False,False,True,spec,net_add_pressure_5bps
net_add_pressure_spot_5bps_60s_btc,net_add_pressure_spot_5bps_60s,btc,S3,Pressure,s3_pressure,,60.0,Spot,3306.0,net_add_pressure_spot_5bps_60s,False,False,True,spec,net_add_pressure_5bps
net_add_spot_10bps_1s_btc,net_add_spot_10bps_1s,btc,S3,Pressure,s3_pressure,,1.0,Spot,3307.0,net_add_spot_10bps_1s,False,False,True,spec,net_add_10bps
net_add_spot_2bps_1s_btc,net_add_spot_2bps_1s,btc,S3,Pressure,s3_pressure,,1.0,Spot,3308.0,net_add_spot_2bps_1s,False,False,True,spec,net_add_2bps
net_add_spot_5bps_1s_btc,net_add_spot_5bps_1s,btc,S3,Pressure,s3_pressure,,1.0,Spot,3309.0,net_add_spot_5bps_1s,False,False,True,spec,net_add_5bps
net_add_spot_5bps_900s_btc,net_add_spot_5bps_900s,btc,S3,Pressure,s3_pressure,,900.0,Spot,3310.0,net_add_spot_5bps_900s,False,False,True,spec,net_add_5bps
net_cancel_fut_10bps_1s_btc,net_cancel_fut_10bps_1s,btc,S3,Pressure,s3_pressure,,1.0,Futures,3311.0,net_cancel_fut_10bps_1s,False,False,True,spec,net_cancel_10bps
net_cancel_fut_2bps_1s_btc,net_cancel_fut_2bps_1s,btc,S3,Pressure,s3_pressure,,1.0,Futures,3312.0,net_cancel_fut_2bps_1s,False,False,True,spec,net_cancel_2bps
net_cancel_fut_5bps_1s_btc,net_cancel_fut_5bps_1s,btc,S3,Pressure,s3_pressure,,1.0,Futures,3313.0,net_cancel_fut_5bps_1s,False,False,True,spec,net_cancel_5bps
net_cancel_fut_5bps_900s_btc,net_cancel_fut_5bps_900s,btc,S3,Pressure,s3_pressure,,900.0,Futures,3314.0,net_cancel_fut_5bps_900s,False,False,True,spec,net_cancel_5bps
net_cancel_pressure_fut_2bps_15s_btc,net_cancel_pressure_fut_2bps_15s,btc,S3,Pressure,s3_pressure,,15.0,Futures,3315.0,net_cancel_pressure_fut_2bps_15s,False,False,True,spec,net_cancel_pressure_2bps
net_cancel_pressure_fut_2bps_60s_btc,net_cancel_pressure_fut_2bps_60s,btc,S3,Pressure,s3_pressure,,60.0,Futures,3316.0,net_cancel_pressure_fut_2bps_60s,False,False,True,spec,net_cancel_pressure_2bps
net_cancel_pressure_fut_5bps_15s_btc,net_cancel_pressure_fut_5bps_15s,btc,S3,Pressure,s3_pressure,,15.0,Futures,3317.0,net_cancel_pressure_fut_5bps_15s,False,False,True,spec,net_cancel_pressure_5bps
net_cancel_pressure_fut_5bps_60s_btc,net_cancel_pressure_fut_5bps_60s,btc,S3,Pressure,s3_pressure,,60.0,Futures,3318.0,net_cancel_pressure_fut_5bps_60s,False,False,True,spec,net_cancel_pressure_5bps
net_cancel_pressure_spot_2bps_15s_btc,net_cancel_pressure_spot_2bps_15s,btc,S3,Pressure,s3_pressure,,15.0,Spot,3319.0,net_cancel_pressure_spot_2bps_15s,False,False,True,spec,net_cancel_pressure_2bps
net_cancel_pressure_spot_2bps_60s_btc,net_cancel_pressure_spot_2bps_60s,btc,S3,Pressure,s3_pressure,,60.0,Spot,3320.0,net_cancel_pressure_spot_2bps_60s,False,False,True,spec,net_cancel_pressure_2bps
net_cancel_pressure_spot_5bps_15s_btc,net_cancel_pressure_spot_5bps_15s,btc,S3,Pressure,s3_pressure,,15.0,Spot,3321.0,net_cancel_pressure_spot_5bps_15s,False,False,True,spec,net_cancel_pressure_5bps
net_cancel_pressure_spot_5bps_60s_btc,net_cancel_pressure_spot_5bps_60s,btc,S3,Pressure,s3_pressure,,60.0,Spot,3322.0,net_cancel_pressure_spot_5bps_60s,False,False,True,spec,net_cancel_pressure_5bps
net_cancel_spot_10bps_1s_btc,net_cancel_spot_10bps_1s,btc,S3,Pressure,s3_pressure,,1.0,Spot,3323.0,net_cancel_spot_10bps_1s,False,False,True,spec,net_cancel_10bps
net_cancel_spot_2bps_1s_btc,net_cancel_spot_2bps_1s,btc,S3,Pressure,s3_pressure,,1.0,Spot,3324.0,net_cancel_spot_2bps_1s,False,False,True,spec,net_cancel_2bps
net_cancel_spot_5bps_1s_btc,net_cancel_spot_5bps_1s,btc,S3,Pressure,s3_pressure,,1.0,Spot,3325.0,net_cancel_spot_5bps_1s,False,False,True,spec,net_cancel_5bps
net_cancel_spot_5bps_900s_btc,net_cancel_spot_5bps_900s,btc,S3,Pressure,s3_pressure,,900.0,Spot,3326.0,net_cancel_spot_5bps_900s,False,False,True,spec,net_cancel_5bps
net_pressure_fut_10bps_15s_btc,net_pressure_fut_10bps_15s,btc,S3,Pressure,s3_pressure,,15.0,Futures,3327.0,net_pressure_fut_10bps_15s,False,False,True,spec,net_pressure_10bps
net_pressure_fut_10bps_5s_btc,net_pressure_fut_10bps_5s,btc,S3,Pressure,s3_pressure,,5.0,Futures,3328.0,net_pressure_fut_10bps_5s,False,False,True,spec,net_pressure_10bps
net_pressure_fut_10bps_60s_btc,net_pressure_fut_10bps_60s,btc,S3,Pressure,s3_pressure,,60.0,Futures,3329.0,net_pressure_fut_10bps_60s,False,False,True,spec,net_pressure_10bps
net_pressure_fut_2bps_15s_btc,net_pressure_fut_2bps_15s,btc,S3,Pressure,s3_pressure,,15.0,Futures,3330.0,net_pressure_fut_2bps_15s,False,False,True,spec,net_pressure_2bps
net_pressure_fut_2bps_5s_btc,net_pressure_fut_2bps_5s,btc,S3,Pressure,s3_pressure,,5.0,Futures,3331.0,net_pressure_fut_2bps_5s,False,False,True,spec,net_pressure_2bps
net_pressure_fut_2bps_60s_btc,net_pressure_fut_2bps_60s,btc,S3,Pressure,s3_pressure,,60.0,Futures,3332.0,net_pressure_fut_2bps_60s,False,False,True,spec,net_pressure_2bps
net_pressure_fut_5bps_15s_btc,net_pressure_fut_5bps_15s,btc,S3,Pressure,s3_pressure,,15.0,Futures,3333.0,net_pressure_fut_5bps_15s,False,False,True,spec,net_pressure_5bps
net_pressure_fut_5bps_5s_btc,net_pressure_fut_5bps_5s,btc,S3,Pressure,s3_pressure,,5.0,Futures,3334.0,net_pressure_fut_5bps_5s,False,False,True,spec,net_pressure_5bps
net_pressure_fut_5bps_60s_btc,net_pressure_fut_5bps_60s,btc,S3,Pressure,s3_pressure,,60.0,Futures,3335.0,net_pressure_fut_5bps_60s,False,False,True,spec,net_pressure_5bps
net_pressure_logratio_2bps_5bps_fut_15s_btc,net_pressure_logratio_2bps_5bps_fut_15s,btc,S3,Pressure,s3_pressure,,15.0,Futures,3336.0,net_pressure_logratio_2bps_5bps_fut_15s,False,False,True,spec,net_pressure_logratio_2bps_5bps
net_pressure_logratio_2bps_5bps_fut_1s_btc,net_pressure_logratio_2bps_5bps_fut_1s,btc,S3,Pressure,s3_pressure,,1.0,Futures,3337.0,net_pressure_logratio_2bps_5bps_fut_1s,False,False,True,spec,net_pressure_logratio_2bps_5bps
net_pressure_logratio_2bps_5bps_fut_60s_btc,net_pressure_logratio_2bps_5bps_fut_60s,btc,S3,Pressure,s3_pressure,,60.0,Futures,3338.0,net_pressure_logratio_2bps_5bps_fut_60s,False,False,True,spec,net_pressure_logratio_2bps_5bps
net_pressure_logratio_2bps_5bps_spot_15s_btc,net_pressure_logratio_2bps_5bps_spot_15s,btc,S3,Pressure,s3_pressure,,15.0,Spot,3339.0,net_pressure_logratio_2bps_5bps_spot_15s,False,False,True,spec,net_pressure_logratio_2bps_5bps
net_pressure_logratio_2bps_5bps_spot_1s_btc,net_pressure_logratio_2bps_5bps_spot_1s,btc,S3,Pressure,s3_pressure,,1.0,Spot,3340.0,net_pressure_logratio_2bps_5bps_spot_1s,False,False,True,spec,net_pressure_logratio_2bps_5bps
net_pressure_logratio_2bps_5bps_spot_60s_btc,net_pressure_logratio_2bps_5bps_spot_60s,btc,S3,Pressure,s3_pressure,,60.0,Spot,3341.0,net_pressure_logratio_2bps_5bps_spot_60s,False,False,True,spec,net_pressure_logratio_2bps_5bps
net_pressure_logratio_5bps_10bps_fut_15s_btc,net_pressure_logratio_5bps_10bps_fut_15s,btc,S3,Pressure,s3_pressure,,15.0,Futures,3342.0,net_pressure_logratio_5bps_10bps_fut_15s,False,False,True,spec,net_pressure_logratio_5bps_10bps
net_pressure_logratio_5bps_10bps_fut_1s_btc,net_pressure_logratio_5bps_10bps_fut_1s,btc,S3,Pressure,s3_pressure,,1.0,Futures,3343.0,net_pressure_logratio_5bps_10bps_fut_1s,False,False,True,spec,net_pressure_logratio_5bps_10bps
net_pressure_logratio_5bps_10bps_fut_60s_btc,net_pressure_logratio_5bps_10bps_fut_60s,btc,S3,Pressure,s3_pressure,,60.0,Futures,3344.0,net_pressure_logratio_5bps_10bps_fut_60s,False,False,True,spec,net_pressure_logratio_5bps_10bps
net_pressure_logratio_5bps_10bps_spot_15s_btc,net_pressure_logratio_5bps_10bps_spot_15s,btc,S3,Pressure,s3_pressure,,15.0,Spot,3345.0,net_pressure_logratio_5bps_10bps_spot_15s,False,False,True,spec,net_pressure_logratio_5bps_10bps
net_pressure_logratio_5bps_10bps_spot_1s_btc,net_pressure_logratio_5bps_10bps_spot_1s,btc,S3,Pressure,s3_pressure,,1.0,Spot,3346.0,net_pressure_logratio_5bps_10bps_spot_1s,False,False,True,spec,net_pressure_logratio_5bps_10bps
net_pressure_logratio_5bps_10bps_spot_60s_btc,net_pressure_logratio_5bps_10bps_spot_60s,btc,S3,Pressure,s3_pressure,,60.0,Spot,3347.0,net_pressure_logratio_5bps_10bps_spot_60s,False,False,True,spec,net_pressure_logratio_5bps_10bps
net_pressure_spot_10bps_15s_btc,net_pressure_spot_10bps_15s,btc,S3,Pressure,s3_pressure,,15.0,Spot,3348.0,net_pressure_spot_10bps_15s,False,False,True,spec,net_pressure_10bps
net_pressure_spot_10bps_5s_btc,net_pressure_spot_10bps_5s,btc,S3,Pressure,s3_pressure,,5.0,Spot,3349.0,net_pressure_spot_10bps_5s,False,False,True,spec,net_pressure_10bps
net_pressure_spot_10bps_60s_btc,net_pressure_spot_10bps_60s,btc,S3,Pressure,s3_pressure,,60.0,Spot,3350.0,net_pressure_spot_10bps_60s,False,False,True,spec,net_pressure_10bps
net_pressure_spot_2bps_15s_btc,net_pressure_spot_2bps_15s,btc,S3,Pressure,s3_pressure,,15.0,Spot,3351.0,net_pressure_spot_2bps_15s,False,False,True,spec,net_pressure_2bps
net_pressure_spot_2bps_5s_btc,net_pressure_spot_2bps_5s,btc,S3,Pressure,s3_pressure,,5.0,Spot,3352.0,net_pressure_spot_2bps_5s,False,False,True,spec,net_pressure_2bps
net_pressure_spot_2bps_60s_btc,net_pressure_spot_2bps_60s,btc,S3,Pressure,s3_pressure,,60.0,Spot,3353.0,net_pressure_spot_2bps_60s,False,False,True,spec,net_pressure_2bps
net_pressure_spot_5bps_15s_btc,net_pressure_spot_5bps_15s,btc,S3,Pressure,s3_pressure,,15.0,Spot,3354.0,net_pressure_spot_5bps_15s,False,False,True,spec,net_pressure_5bps
net_pressure_spot_5bps_5s_btc,net_pressure_spot_5bps_5s,btc,S3,Pressure,s3_pressure,,5.0,Spot,3355.0,net_pressure_spot_5bps_5s,False,False,True,spec,net_pressure_5bps
net_pressure_spot_5bps_60s_btc,net_pressure_spot_5bps_60s,btc,S3,Pressure,s3_pressure,,60.0,Spot,3356.0,net_pressure_spot_5bps_60s,False,False,True,spec,net_pressure_5bps
ret_15s_btc,ret_15s,btc,S3,Returns,s3_returns,,15.0,Futures,3357.0,ret_15s,False,True,False,spec,ret
ret_60s_btc,ret_60s,btc,S3,Returns,s3_returns,,60.0,Futures,3358.0,ret_60s,False,True,False,spec,ret
depth_gradient_div_fut_minus_spot_struct100_300s_btc,depth_gradient_div_fut_minus_spot_struct100_300s,btc,S4,Cross-Market,s4_cross_market,,,Spot|Futures,4000.0,depth_gradient_div_fut_minus_spot_struct100_300s,False,False,True,spec,depth_gradient_div_minus_struct100
depth_gradient_div_fut_minus_spot_struct100_60s_btc,depth_gradient_div_fut_minus_spot_struct100_60s,btc,S4,Cross-Market,s4_cross_market,,,Spot|Futures,4001.0,depth_gradient_div_fut_minus_spot_struct100_60s,False,False,True,spec,depth_gradient_div_minus_struct100
depth_gradient_div_fut_minus_spot_struct100_900s_btc,depth_gradient_div_fut_minus_spot_struct100_900s,btc,S4,Cross-Market,s4_cross_market,,,Spot|Futures,4002.0,depth_gradient_div_fut_minus_spot_struct100_900s,False,False,True,spec,depth_gradient_div_minus_struct100
depth_gradient_div_fut_minus_spot_struct50_300s_btc,depth_gradient_div_fut_minus_spot_struct50_300s,btc,S4,Cross-Market,s4_cross_market,,,Spot|Futures,4003.0,depth_gradient_div_fut_minus_spot_struct50_300s,False,False,True,spec,depth_gradient_div_minus_struct50
depth_gradient_div_fut_minus_spot_struct50_60s_btc,depth_gradient_div_fut_minus_spot_struct50_60s,btc,S4,Cross-Market,s4_cross_market,,,Spot|Futures,4004.0,depth_gradient_div_fut_minus_spot_struct50_60s,False,False,True,spec,depth_gradient_div_minus_struct50
depth_gradient_div_fut_minus_spot_struct50_900s_btc,depth_gradient_div_fut_minus_spot_struct50_900s,btc,S4,Cross-Market,s4_cross_market,,,Spot|Futures,4005.0,depth_gradient_div_fut_minus_spot_struct50_900s,False,False,True,spec,depth_gradient_div_minus_struct50
liq_concentration_div_fut_minus_spot_struct100_300s_btc,liq_concentration_div_fut_minus_spot_struct100_300s,btc,S4,Cross-Market,s4_cross_market,,,Spot|Futures,4006.0,liq_concentration_div_fut_minus_spot_struct100_300s,False,False,True,spec,liq_concentration_div_minus_struct100
liq_concentration_div_fut_minus_spot_struct100_60s_btc,liq_concentration_div_fut_minus_spot_struct100_60s,btc,S4,Cross-Market,s4_cross_market,,,Spot|Futures,4007.0,liq_concentration_div_fut_minus_spot_struct100_60s,False,False,True,spec,liq_concentration_div_minus_struct100
liq_concentration_div_fut_minus_spot_struct100_900s_btc,liq_concentration_div_fut_minus_spot_struct100_900s,btc,S4,Cross-Market,s4_cross_market,,,Spot|Futures,4008.0,liq_concentration_div_fut_minus_spot_struct100_900s,False,False,True,spec,liq_concentration_div_minus_struct100
liq_concentration_div_fut_minus_spot_struct50_300s_btc,liq_concentration_div_fut_minus_spot_struct50_300s,btc,S4,Cross-Market,s4_cross_market,,,Spot|Futures,4009.0,liq_concentration_div_fut_minus_spot_struct50_300s,False,False,True,spec,liq_concentration_div_minus_struct50
liq_concentration_div_fut_minus_spot_struct50_60s_btc,liq_concentration_div_fut_minus_spot_struct50_60s,btc,S4,Cross-Market,s4_cross_market,,,Spot|Futures,4010.0,liq_concentration_div_fut_minus_spot_struct50_60s,False,False,True,spec,liq_concentration_div_minus_struct50
liq_concentration_div_fut_minus_spot_struct50_900s_btc,liq_concentration_div_fut_minus_spot_struct50_900s,btc,S4,Cross-Market,s4_cross_market,,,Spot|Futures,4011.0,liq_concentration_div_fut_minus_spot_struct50_900s,False,False,True,spec,liq_concentration_div_minus_struct50
net_add_sf_5bps_900s_btc,net_add_sf_5bps_900s,btc,S4,Cross-Market,s4_cross_market,,,Spot|Futures,4012.0,net_add_sf_5bps_900s,False,False,True,spec,net_add_sf_5bps
net_cancel_sf_5bps_900s_btc,net_cancel_sf_5bps_900s,btc,S4,Cross-Market,s4_cross_market,,,Spot|Futures,4013.0,net_cancel_sf_5bps_900s,False,False,True,spec,net_cancel_sf_5bps
d1_net_pressure_fut_10bps_15s_btc,d1_net_pressure_fut_10bps_15s,btc,S4,Dynamics,s4_dynamics,,,Futures,4016.0,d1_net_pressure_fut_10bps_15s,False,False,True,spec,d1_net_pressure_10bps
d1_net_pressure_fut_10bps_5s_btc,d1_net_pressure_fut_10bps_5s,btc,S4,Dynamics,s4_dynamics,,,Futures,4017.0,d1_net_pressure_fut_10bps_5s,False,False,True,spec,d1_net_pressure_10bps
d1_net_pressure_fut_2bps_15s_btc,d1_net_pressure_fut_2bps_15s,btc,S4,Dynamics,s4_dynamics,,,Futures,4018.0,d1_net_pressure_fut_2bps_15s,False,False,True,spec,d1_net_pressure_2bps
d1_net_pressure_fut_2bps_5s_btc,d1_net_pressure_fut_2bps_5s,btc,S4,Dynamics,s4_dynamics,,,Futures,4019.0,d1_net_pressure_fut_2bps_5s,False,False,True,spec,d1_net_pressure_2bps
d1_net_pressure_fut_5bps_15s_btc,d1_net_pressure_fut_5bps_15s,btc,S4,Dynamics,s4_dynamics,,,Futures,4020.0,d1_net_pressure_fut_5bps_15s,False,False,True,spec,d1_net_pressure_5bps
d1_net_pressure_fut_5bps_5s_btc,d1_net_pressure_fut_5bps_5s,btc,S4,Dynamics,s4_dynamics,,,Futures,4021.0,d1_net_pressure_fut_5bps_5s,False,False,True,spec,d1_net_pressure_5bps
d1_net_pressure_spot_10bps_15s_btc,d1_net_pressure_spot_10bps_15s,btc,S4,Dynamics,s4_dynamics,,,Spot,4022.0,d1_net_pressure_spot_10bps_15s,False,False,True,spec,d1_net_pressure_10bps
d1_net_pressure_spot_10bps_5s_btc,d1_net_pressure_spot_10bps_5s,btc,S4,Dynamics,s4_dynamics,,,Spot,4023.0,d1_net_pressure_spot_10bps_5s,False,False,True,spec,d1_net_pressure_10bps
d1_net_pressure_spot_2bps_15s_btc,d1_net_pressure_spot_2bps_15s,btc,S4,Dynamics,s4_dynamics,,,Spot,4024.0,d1_net_pressure_spot_2bps_15s,False,False,True,spec,d1_net_pressure_2bps
d1_net_pressure_spot_2bps_5s_btc,d1_net_pressure_spot_2bps_5s,btc,S4,Dynamics,s4_dynamics,,,Spot,4025.0,d1_net_pressure_spot_2bps_5s,False,False,True,spec,d1_net_pressure_2bps
d1_net_pressure_spot_5bps_15s_btc,d1_net_pressure_spot_5bps_15s,btc,S4,Dynamics,s4_dynamics,,,Spot,4026.0,d1_net_pressure_spot_5bps_15s,False,False,True,spec,d1_net_pressure_5bps
d1_net_pressure_spot_5bps_5s_btc,d1_net_pressure_spot_5bps_5s,btc,S4,Dynamics,s4_dynamics,,,Spot,4027.0,d1_net_pressure_spot_5bps_5s,False,False,True,spec,d1_net_pressure_5bps
d2_net_pressure_fut_10bps_15s_btc,d2_net_pressure_fut_10bps_15s,btc,S4,Dynamics,s4_dynamics,,,Futures,4028.0,d2_net_pressure_fut_10bps_15s,False,False,True,spec,d2_net_pressure_10bps
d2_net_pressure_fut_10bps_5s_btc,d2_net_pressure_fut_10bps_5s,btc,S4,Dynamics,s4_dynamics,,,Futures,4029.0,d2_net_pressure_fut_10bps_5s,False,False,True,spec,d2_net_pressure_10bps
d2_net_pressure_fut_2bps_15s_btc,d2_net_pressure_fut_2bps_15s,btc,S4,Dynamics,s4_dynamics,,,Futures,4030.0,d2_net_pressure_fut_2bps_15s,False,False,True,spec,d2_net_pressure_2bps
d2_net_pressure_fut_2bps_5s_btc,d2_net_pressure_fut_2bps_5s,btc,S4,Dynamics,s4_dynamics,,,Futures,4031.0,d2_net_pressure_fut_2bps_5s,False,False,True,spec,d2_net_pressure_2bps
d2_net_pressure_fut_5bps_15s_btc,d2_net_pressure_fut_5bps_15s,btc,S4,Dynamics,s4_dynamics,,,Futures,4032.0,d2_net_pressure_fut_5bps_15s,False,False,True,spec,d2_net_pressure_5bps
d2_net_pressure_fut_5bps_5s_btc,d2_net_pressure_fut_5bps_5s,btc,S4,Dynamics,s4_dynamics,,,Futures,4033.0,d2_net_pressure_fut_5bps_5s,False,False,True,spec,d2_net_pressure_5bps
d2_net_pressure_spot_10bps_15s_btc,d2_net_pressure_spot_10bps_15s,btc,S4,Dynamics,s4_dynamics,,,Spot,4034.0,d2_net_pressure_spot_10bps_15s,False,False,True,spec,d2_net_pressure_10bps
d2_net_pressure_spot_10bps_5s_btc,d2_net_pressure_spot_10bps_5s,btc,S4,Dynamics,s4_dynamics,,,Spot,4035.0,d2_net_pressure_spot_10bps_5s,False,False,True,spec,d2_net_pressure_10bps
d2_net_pressure_spot_2bps_15s_btc,d2_net_pressure_spot_2bps_15s,btc,S4,Dynamics,s4_dynamics,,,Spot,4036.0,d2_net_pressure_spot_2bps_15s,False,False,True,spec,d2_net_pressure_2bps
d2_net_pressure_spot_2bps_5s_btc,d2_net_pressure_spot_2bps_5s,btc,S4,Dynamics,s4_dynamics,,,Spot,4037.0,d2_net_pressure_spot_2bps_5s,False,False,True,spec,d2_net_pressure_2bps
d2_net_pressure_spot_5bps_15s_btc,d2_net_pressure_spot_5bps_15s,btc,S4,Dynamics,s4_dynamics,,,Spot,4038.0,d2_net_pressure_spot_5bps_15s,False,False,True,spec,d2_net_pressure_5bps
d2_net_pressure_spot_5bps_5s_btc,d2_net_pressure_spot_5bps_5s,btc,S4,Dynamics,s4_dynamics,,,Spot,4039.0,d2_net_pressure_spot_5bps_5s,False,False,True,spec,d2_net_pressure_5bps
median_absorption_break_fut_60s_btc,median_absorption_break_fut_60s,btc,S4,Dynamics,s4_dynamics,,60.0,Futures,4072.0,median_absorption_break_fut_60s,False,False,True,spec,median_absorption_break
mad_absorption_break_fut_60s_btc,mad_absorption_break_fut_60s,btc,S4,Dynamics,s4_dynamics,,60.0,Futures,4040.0,mad_absorption_break_fut_60s,False,False,True,spec,mad_absorption_break
absorption_break_shock_fut_60s_btc,absorption_break_shock_fut_60s,btc,S4,Dynamics,s4_dynamics,,,Futures,4014.0,absorption_break_shock_fut_60s,False,False,True,spec,absorption_break_shock
median_absorption_break_spot_60s_btc,median_absorption_break_spot_60s,btc,S4,Dynamics,s4_dynamics,,60.0,Spot,4073.0,median_absorption_break_spot_60s,False,False,True,spec,median_absorption_break
mad_absorption_break_spot_60s_btc,mad_absorption_break_spot_60s,btc,S4,Dynamics,s4_dynamics,,60.0,Spot,4041.0,mad_absorption_break_spot_60s,False,False,True,spec,mad_absorption_break
absorption_break_shock_spot_60s_btc,absorption_break_shock_spot_60s,btc,S4,Dynamics,s4_dynamics,,,Spot,4015.0,absorption_break_shock_spot_60s,False,False,True,spec,absorption_break_shock
median_net_pressure_fut_10bps_15s_btc,median_net_pressure_fut_10bps_15s,btc,S4,Dynamics,s4_dynamics,,15.0,Futures,4074.0,median_net_pressure_fut_10bps_15s,False,False,True,spec,median_net_pressure_10bps
mad_net_pressure_fut_10bps_15s_btc,mad_net_pressure_fut_10bps_15s,btc,S4,Dynamics,s4_dynamics,,15.0,Futures,4042.0,mad_net_pressure_fut_10bps_15s,False,False,True,spec,mad_net_pressure_10bps
median_net_pressure_fut_10bps_5s_btc,median_net_pressure_fut_10bps_5s,btc,S4,Dynamics,s4_dynamics,,5.0,Futures,4075.0,median_net_pressure_fut_10bps_5s,False,False,True,spec,median_net_pressure_10bps
mad_net_pressure_fut_10bps_5s_btc,mad_net_pressure_fut_10bps_5s,btc,S4,Dynamics,s4_dynamics,,5.0,Futures,4043.0,mad_net_pressure_fut_10bps_5s,False,False,True,spec,mad_net_pressure_10bps
median_net_pressure_fut_10bps_60s_btc,median_net_pressure_fut_10bps_60s,btc,S4,Dynamics,s4_dynamics,,60.0,Futures,4076.0,median_net_pressure_fut_10bps_60s,False,False,True,spec,median_net_pressure_10bps
mad_net_pressure_fut_10bps_60s_btc,mad_net_pressure_fut_10bps_60s,btc,S4,Dynamics,s4_dynamics,,60.0,Futures,4044.0,mad_net_pressure_fut_10bps_60s,False,False,True,spec,mad_net_pressure_10bps
median_net_pressure_fut_2bps_15s_btc,median_net_pressure_fut_2bps_15s,btc,S4,Dynamics,s4_dynamics,,15.0,Futures,4077.0,median_net_pressure_fut_2bps_15s,False,False,True,spec,median_net_pressure_2bps
mad_net_pressure_fut_2bps_15s_btc,mad_net_pressure_fut_2bps_15s,btc,S4,Dynamics,s4_dynamics,,15.0,Futures,4045.0,mad_net_pressure_fut_2bps_15s,False,False,True,spec,mad_net_pressure_2bps
median_net_pressure_fut_2bps_5s_btc,median_net_pressure_fut_2bps_5s,btc,S4,Dynamics,s4_dynamics,,5.0,Futures,4078.0,median_net_pressure_fut_2bps_5s,False,False,True,spec,median_net_pressure_2bps
mad_net_pressure_fut_2bps_5s_btc,mad_net_pressure_fut_2bps_5s,btc,S4,Dynamics,s4_dynamics,,5.0,Futures,4046.0,mad_net_pressure_fut_2bps_5s,False,False,True,spec,mad_net_pressure_2bps
median_net_pressure_fut_2bps_60s_btc,median_net_pressure_fut_2bps_60s,btc,S4,Dynamics,s4_dynamics,,60.0,Futures,4079.0,median_net_pressure_fut_2bps_60s,False,False,True,spec,median_net_pressure_2bps
mad_net_pressure_fut_2bps_60s_btc,mad_net_pressure_fut_2bps_60s,btc,S4,Dynamics,s4_dynamics,,60.0,Futures,4047.0,mad_net_pressure_fut_2bps_60s,False,False,True,spec,mad_net_pressure_2bps
median_net_pressure_fut_5bps_15s_btc,median_net_pressure_fut_5bps_15s,btc,S4,Dynamics,s4_dynamics,,15.0,Futures,4080.0,median_net_pressure_fut_5bps_15s,False,False,True,spec,median_net_pressure_5bps
mad_net_pressure_fut_5bps_15s_btc,mad_net_pressure_fut_5bps_15s,btc,S4,Dynamics,s4_dynamics,,15.0,Futures,4048.0,mad_net_pressure_fut_5bps_15s,False,False,True,spec,mad_net_pressure_5bps
median_net_pressure_fut_5bps_5s_btc,median_net_pressure_fut_5bps_5s,btc,S4,Dynamics,s4_dynamics,,5.0,Futures,4081.0,median_net_pressure_fut_5bps_5s,False,False,True,spec,median_net_pressure_5bps
mad_net_pressure_fut_5bps_5s_btc,mad_net_pressure_fut_5bps_5s,btc,S4,Dynamics,s4_dynamics,,5.0,Futures,4049.0,mad_net_pressure_fut_5bps_5s,False,False,True,spec,mad_net_pressure_5bps
median_net_pressure_fut_5bps_60s_btc,median_net_pressure_fut_5bps_60s,btc,S4,Dynamics,s4_dynamics,,60.0,Futures,4082.0,median_net_pressure_fut_5bps_60s,False,False,True,spec,median_net_pressure_5bps
mad_net_pressure_fut_5bps_60s_btc,mad_net_pressure_fut_5bps_60s,btc,S4,Dynamics,s4_dynamics,,60.0,Futures,4050.0,mad_net_pressure_fut_5bps_60s,False,False,True,spec,mad_net_pressure_5bps
median_net_pressure_spot_10bps_15s_btc,median_net_pressure_spot_10bps_15s,btc,S4,Dynamics,s4_dynamics,,15.0,Spot,4083.0,median_net_pressure_spot_10bps_15s,False,False,True,spec,median_net_pressure_10bps
mad_net_pressure_spot_10bps_15s_btc,mad_net_pressure_spot_10bps_15s,btc,S4,Dynamics,s4_dynamics,,15.0,Spot,4051.0,mad_net_pressure_spot_10bps_15s,False,False,True,spec,mad_net_pressure_10bps
median_net_pressure_spot_10bps_5s_btc,median_net_pressure_spot_10bps_5s,btc,S4,Dynamics,s4_dynamics,,5.0,Spot,4084.0,median_net_pressure_spot_10bps_5s,False,False,True,spec,median_net_pressure_10bps
mad_net_pressure_spot_10bps_5s_btc,mad_net_pressure_spot_10bps_5s,btc,S4,Dynamics,s4_dynamics,,5.0,Spot,4052.0,mad_net_pressure_spot_10bps_5s,False,False,True,spec,mad_net_pressure_10bps
median_net_pressure_spot_10bps_60s_btc,median_net_pressure_spot_10bps_60s,btc,S4,Dynamics,s4_dynamics,,60.0,Spot,4085.0,median_net_pressure_spot_10bps_60s,False,False,True,spec,median_net_pressure_10bps
mad_net_pressure_spot_10bps_60s_btc,mad_net_pressure_spot_10bps_60s,btc,S4,Dynamics,s4_dynamics,,60.0,Spot,4053.0,mad_net_pressure_spot_10bps_60s,False,False,True,spec,mad_net_pressure_10bps
median_net_pressure_spot_2bps_15s_btc,median_net_pressure_spot_2bps_15s,btc,S4,Dynamics,s4_dynamics,,15.0,Spot,4086.0,median_net_pressure_spot_2bps_15s,False,False,True,spec,median_net_pressure_2bps
mad_net_pressure_spot_2bps_15s_btc,mad_net_pressure_spot_2bps_15s,btc,S4,Dynamics,s4_dynamics,,15.0,Spot,4054.0,mad_net_pressure_spot_2bps_15s,False,False,True,spec,mad_net_pressure_2bps
median_net_pressure_spot_2bps_5s_btc,median_net_pressure_spot_2bps_5s,btc,S4,Dynamics,s4_dynamics,,5.0,Spot,4087.0,median_net_pressure_spot_2bps_5s,False,False,True,spec,median_net_pressure_2bps
mad_net_pressure_spot_2bps_5s_btc,mad_net_pressure_spot_2bps_5s,btc,S4,Dynamics,s4_dynamics,,5.0,Spot,4055.0,mad_net_pressure_spot_2bps_5s,False,False,True,spec,mad_net_pressure_2bps
median_net_pressure_spot_2bps_60s_btc,median_net_pressure_spot_2bps_60s,btc,S4,Dynamics,s4_dynamics,,60.0,Spot,4088.0,median_net_pressure_spot_2bps_60s,False,False,True,spec,median_net_pressure_2bps
mad_net_pressure_spot_2bps_60s_btc,mad_net_pressure_spot_2bps_60s,btc,S4,Dynamics,s4_dynamics,,60.0,Spot,4056.0,mad_net_pressure_spot_2bps_60s,False,False,True,spec,mad_net_pressure_2bps
median_net_pressure_spot_5bps_15s_btc,median_net_pressure_spot_5bps_15s,btc,S4,Dynamics,s4_dynamics,,15.0,Spot,4089.0,median_net_pressure_spot_5bps_15s,False,False,True,spec,median_net_pressure_5bps
mad_net_pressure_spot_5bps_15s_btc,mad_net_pressure_spot_5bps_15s,btc,S4,Dynamics,s4_dynamics,,15.0,Spot,4057.0,mad_net_pressure_spot_5bps_15s,False,False,True,spec,mad_net_pressure_5bps
median_net_pressure_spot_5bps_5s_btc,median_net_pressure_spot_5bps_5s,btc,S4,Dynamics,s4_dynamics,,5.0,Spot,4090.0,median_net_pressure_spot_5bps_5s,False,False,True,spec,median_net_pressure_5bps
mad_net_pressure_spot_5bps_5s_btc,mad_net_pressure_spot_5bps_5s,btc,S4,Dynamics,s4_dynamics,,5.0,Spot,4058.0,mad_net_pressure_spot_5bps_5s,False,False,True,spec,mad_net_pressure_5bps
median_net_pressure_spot_5bps_60s_btc,median_net_pressure_spot_5bps_60s,btc,S4,Dynamics,s4_dynamics,,60.0,Spot,4091.0,median_net_pressure_spot_5bps_60s,False,False,True,spec,median_net_pressure_5bps
mad_net_pressure_spot_5bps_60s_btc,mad_net_pressure_spot_5bps_60s,btc,S4,Dynamics,s4_dynamics,,60.0,Spot,4059.0,mad_net_pressure_spot_5bps_60s,False,False,True,spec,mad_net_pressure_5bps
median_vacuum_score_fut_10bps_15s_btc,median_vacuum_score_fut_10bps_15s,btc,S4,Dynamics,s4_dynamics,,15.0,Futures,4092.0,median_vacuum_score_fut_10bps_15s,False,False,True,spec,median_vacuum_score_10bps
mad_vacuum_score_fut_10bps_15s_btc,mad_vacuum_score_fut_10bps_15s,btc,S4,Dynamics,s4_dynamics,,15.0,Futures,4060.0,mad_vacuum_score_fut_10bps_15s,False,False,True,spec,mad_vacuum_score_10bps
median_vacuum_score_fut_10bps_5s_btc,median_vacuum_score_fut_10bps_5s,btc,S4,Dynamics,s4_dynamics,,5.0,Futures,4093.0,median_vacuum_score_fut_10bps_5s,False,False,True,spec,median_vacuum_score_10bps
mad_vacuum_score_fut_10bps_5s_btc,mad_vacuum_score_fut_10bps_5s,btc,S4,Dynamics,s4_dynamics,,5.0,Futures,4061.0,mad_vacuum_score_fut_10bps_5s,False,False,True,spec,mad_vacuum_score_10bps
median_vacuum_score_fut_10bps_60s_btc,median_vacuum_score_fut_10bps_60s,btc,S4,Dynamics,s4_dynamics,,60.0,Futures,4094.0,median_vacuum_score_fut_10bps_60s,False,False,True,spec,median_vacuum_score_10bps
mad_vacuum_score_fut_10bps_60s_btc,mad_vacuum_score_fut_10bps_60s,btc,S4,Dynamics,s4_dynamics,,60.0,Futures,4062.0,mad_vacuum_score_fut_10bps_60s,False,False,True,spec,mad_vacuum_score_10bps
median_vacuum_score_fut_5bps_15s_btc,median_vacuum_score_fut_5bps_15s,btc,S4,Dynamics,s4_dynamics,,15.0,Futures,4095.0,median_vacuum_score_fut_5bps_15s,False,False,True,spec,median_vacuum_score_5bps
mad_vacuum_score_fut_5bps_15s_btc,mad_vacuum_score_fut_5bps_15s,btc,S4,Dynamics,s4_dynamics,,15.0,Futures,4063.0,mad_vacuum_score_fut_5bps_15s,False,False,True,spec,mad_vacuum_score_5bps
median_vacuum_score_fut_5bps_5s_btc,median_vacuum_score_fut_5bps_5s,btc,S4,Dynamics,s4_dynamics,,5.0,Futures,4096.0,median_vacuum_score_fut_5bps_5s,False,False,True,spec,median_vacuum_score_5bps
mad_vacuum_score_fut_5bps_5s_btc,mad_vacuum_score_fut_5bps_5s,btc,S4,Dynamics,s4_dynamics,,5.0,Futures,4064.0,mad_vacuum_score_fut_5bps_5s,False,False,True,spec,mad_vacuum_score_5bps
median_vacuum_score_fut_5bps_60s_btc,median_vacuum_score_fut_5bps_60s,btc,S4,Dynamics,s4_dynamics,,60.0,Futures,4097.0,median_vacuum_score_fut_5bps_60s,False,False,True,spec,median_vacuum_score_5bps
mad_vacuum_score_fut_5bps_60s_btc,mad_vacuum_score_fut_5bps_60s,btc,S4,Dynamics,s4_dynamics,,60.0,Futures,4065.0,mad_vacuum_score_fut_5bps_60s,False,False,True,spec,mad_vacuum_score_5bps
median_vacuum_score_spot_10bps_15s_btc,median_vacuum_score_spot_10bps_15s,btc,S4,Dynamics,s4_dynamics,,15.0,Spot,4098.0,median_vacuum_score_spot_10bps_15s,False,False,True,spec,median_vacuum_score_10bps
mad_vacuum_score_spot_10bps_15s_btc,mad_vacuum_score_spot_10bps_15s,btc,S4,Dynamics,s4_dynamics,,15.0,Spot,4066.0,mad_vacuum_score_spot_10bps_15s,False,False,True,spec,mad_vacuum_score_10bps
median_vacuum_score_spot_10bps_5s_btc,median_vacuum_score_spot_10bps_5s,btc,S4,Dynamics,s4_dynamics,,5.0,Spot,4099.0,median_vacuum_score_spot_10bps_5s,False,False,True,spec,median_vacuum_score_10bps
mad_vacuum_score_spot_10bps_5s_btc,mad_vacuum_score_spot_10bps_5s,btc,S4,Dynamics,s4_dynamics,,5.0,Spot,4067.0,mad_vacuum_score_spot_10bps_5s,False,False,True,spec,mad_vacuum_score_10bps
median_vacuum_score_spot_10bps_60s_btc,median_vacuum_score_spot_10bps_60s,btc,S4,Dynamics,s4_dynamics,,60.0,Spot,4100.0,median_vacuum_score_spot_10bps_60s,False,False,True,spec,median_vacuum_score_10bps
mad_vacuum_score_spot_10bps_60s_btc,mad_vacuum_score_spot_10bps_60s,btc,S4,Dynamics,s4_dynamics,,60.0,Spot,4068.0,mad_vacuum_score_spot_10bps_60s,False,False,True,spec,mad_vacuum_score_10bps
median_vacuum_score_spot_5bps_15s_btc,median_vacuum_score_spot_5bps_15s,btc,S4,Dynamics,s4_dynamics,,15.0,Spot,4101.0,median_vacuum_score_spot_5bps_15s,False,False,True,spec,median_vacuum_score_5bps
mad_vacuum_score_spot_5bps_15s_btc,mad_vacuum_score_spot_5bps_15s,btc,S4,Dynamics,s4_dynamics,,15.0,Spot,4069.0,mad_vacuum_score_spot_5bps_15s,False,False,True,spec,mad_vacuum_score_5bps
median_vacuum_score_spot_5bps_5s_btc,median_vacuum_score_spot_5bps_5s,btc,S4,Dynamics,s4_dynamics,,5.0,Spot,4102.0,median_vacuum_score_spot_5bps_5s,False,False,True,spec,median_vacuum_score_5bps
mad_vacuum_score_spot_5bps_5s_btc,mad_vacuum_score_spot_5bps_5s,btc,S4,Dynamics,s4_dynamics,,5.0,Spot,4070.0,mad_vacuum_score_spot_5bps_5s,False,False,True,spec,mad_vacuum_score_5bps
median_vacuum_score_spot_5bps_60s_btc,median_vacuum_score_spot_5bps_60s,btc,S4,Dynamics,s4_dynamics,,60.0,Spot,4103.0,median_vacuum_score_spot_5bps_60s,False,False,True,spec,median_vacuum_score_5bps
mad_vacuum_score_spot_5bps_60s_btc,mad_vacuum_score_spot_5bps_60s,btc,S4,Dynamics,s4_dynamics,,60.0,Spot,4071.0,mad_vacuum_score_spot_5bps_60s,False,False,True,spec,mad_vacuum_score_5bps
net_pressure_flip_rate_fut_10bps_60s_btc,net_pressure_flip_rate_fut_10bps_60s,btc,S4,Dynamics,s4_dynamics,,60.0,Futures,4104.0,net_pressure_flip_rate_fut_10bps_60s,False,False,True,spec,net_pressure_flip_rate_10bps
net_pressure_flip_rate_fut_5bps_60s_btc,net_pressure_flip_rate_fut_5bps_60s,btc,S4,Dynamics,s4_dynamics,,60.0,Futures,4105.0,net_pressure_flip_rate_fut_5bps_60s,False,False,True,spec,net_pressure_flip_rate_5bps
net_pressure_flip_rate_spot_10bps_60s_btc,net_pressure_flip_rate_spot_10bps_60s,btc,S4,Dynamics,s4_dynamics,,60.0,Spot,4106.0,net_pressure_flip_rate_spot_10bps_60s,False,False,True,spec,net_pressure_flip_rate_10bps
net_pressure_flip_rate_spot_5bps_60s_btc,net_pressure_flip_rate_spot_5bps_60s,btc,S4,Dynamics,s4_dynamics,,60.0,Spot,4107.0,net_pressure_flip_rate_spot_5bps_60s,False,False,True,spec,net_pressure_flip_rate_5bps
net_pressure_persist_fut_10bps_60s_btc,net_pressure_persist_fut_10bps_60s,btc,S4,Dynamics,s4_dynamics,,60.0,Futures,4108.0,net_pressure_persist_fut_10bps_60s,False,False,True,spec,net_pressure_persist_10bps
net_pressure_persist_fut_5bps_60s_btc,net_pressure_persist_fut_5bps_60s,btc,S4,Dynamics,s4_dynamics,,60.0,Futures,4109.0,net_pressure_persist_fut_5bps_60s,False,False,True,spec,net_pressure_persist_5bps
net_pressure_persist_spot_10bps_60s_btc,net_pressure_persist_spot_10bps_60s,btc,S4,Dynamics,s4_dynamics,,60.0,Spot,4110.0,net_pressure_persist_spot_10bps_60s,False,False,True,spec,net_pressure_persist_10bps
net_pressure_persist_spot_5bps_60s_btc,net_pressure_persist_spot_5bps_60s,btc,S4,Dynamics,s4_dynamics,,60.0,Spot,4111.0,net_pressure_persist_spot_5bps_60s,False,False,True,spec,net_pressure_persist_5bps
net_pressure_shock_fut_10bps_15s_btc,net_pressure_shock_fut_10bps_15s,btc,S4,Dynamics,s4_dynamics,,,Futures,4112.0,net_pressure_shock_fut_10bps_15s,False,False,True,spec,net_pressure_shock_10bps
net_pressure_shock_fut_10bps_5s_btc,net_pressure_shock_fut_10bps_5s,btc,S4,Dynamics,s4_dynamics,,,Futures,4113.0,net_pressure_shock_fut_10bps_5s,False,False,True,spec,net_pressure_shock_10bps
net_pressure_shock_fut_10bps_60s_btc,net_pressure_shock_fut_10bps_60s,btc,S4,Dynamics,s4_dynamics,,,Futures,4114.0,net_pressure_shock_fut_10bps_60s,False,False,True,spec,net_pressure_shock_10bps
net_pressure_shock_fut_2bps_15s_btc,net_pressure_shock_fut_2bps_15s,btc,S4,Dynamics,s4_dynamics,,,Futures,4115.0,net_pressure_shock_fut_2bps_15s,False,False,True,spec,net_pressure_shock_2bps
net_pressure_shock_fut_2bps_5s_btc,net_pressure_shock_fut_2bps_5s,btc,S4,Dynamics,s4_dynamics,,,Futures,4116.0,net_pressure_shock_fut_2bps_5s,False,False,True,spec,net_pressure_shock_2bps
net_pressure_shock_fut_2bps_60s_btc,net_pressure_shock_fut_2bps_60s,btc,S4,Dynamics,s4_dynamics,,,Futures,4117.0,net_pressure_shock_fut_2bps_60s,False,False,True,spec,net_pressure_shock_2bps
net_pressure_shock_fut_5bps_15s_btc,net_pressure_shock_fut_5bps_15s,btc,S4,Dynamics,s4_dynamics,,,Futures,4118.0,net_pressure_shock_fut_5bps_15s,False,False,True,spec,net_pressure_shock_5bps
net_pressure_shock_fut_5bps_5s_btc,net_pressure_shock_fut_5bps_5s,btc,S4,Dynamics,s4_dynamics,,,Futures,4119.0,net_pressure_shock_fut_5bps_5s,False,False,True,spec,net_pressure_shock_5bps
net_pressure_shock_fut_5bps_60s_btc,net_pressure_shock_fut_5bps_60s,btc,S4,Dynamics,s4_dynamics,,,Futures,4120.0,net_pressure_shock_fut_5bps_60s,False,False,True,spec,net_pressure_shock_5bps
net_pressure_shock_spot_10bps_15s_btc,net_pressure_shock_spot_10bps_15s,btc,S4,Dynamics,s4_dynamics,,,Spot,4121.0,net_pressure_shock_spot_10bps_15s,False,False,True,spec,net_pressure_shock_10bps
net_pressure_shock_spot_10bps_5s_btc,net_pressure_shock_spot_10bps_5s,btc,S4,Dynamics,s4_dynamics,,,Spot,4122.0,net_pressure_shock_spot_10bps_5s,False,False,True,spec,net_pressure_shock_10bps
net_pressure_shock_spot_10bps_60s_btc,net_pressure_shock_spot_10bps_60s,btc,S4,Dynamics,s4_dynamics,,,Spot,4123.0,net_pressure_shock_spot_10bps_60s,False,False,True,spec,net_pressure_shock_10bps
net_pressure_shock_spot_2bps_15s_btc,net_pressure_shock_spot_2bps_15s,btc,S4,Dynamics,s4_dynamics,,,Spot,4124.0,net_pressure_shock_spot_2bps_15s,False,False,True,spec,net_pressure_shock_2bps
net_pressure_shock_spot_2bps_5s_btc,net_pressure_shock_spot_2bps_5s,btc,S4,Dynamics,s4_dynamics,,,Spot,4125.0,net_pressure_shock_spot_2bps_5s,False,False,True,spec,net_pressure_shock_2bps
net_pressure_shock_spot_2bps_60s_btc,net_pressure_shock_spot_2bps_60s,btc,S4,Dynamics,s4_dynamics,,,Spot,4126.0,net_pressure_shock_spot_2bps_60s,False,False,True,spec,net_pressure_shock_2bps
net_pressure_shock_spot_5bps_15s_btc,net_pressure_shock_spot_5bps_15s,btc,S4,Dynamics,s4_dynamics,,,Spot,4127.0,net_pressure_shock_spot_5bps_15s,False,False,True,spec,net_pressure_shock_5bps
net_pressure_shock_spot_5bps_5s_btc,net_pressure_shock_spot_5bps_5s,btc,S4,Dynamics,s4_dynamics,,,Spot,4128.0,net_pressure_shock_spot_5bps_5s,False,False,True,spec,net_pressure_shock_5bps
net_pressure_shock_spot_5bps_60s_btc,net_pressure_shock_spot_5bps_60s,btc,S4,Dynamics,s4_dynamics,,,Spot,4129.0,net_pressure_shock_spot_5bps_60s,False,False,True,spec,net_pressure_shock_5bps
ret_shock_15s_btc,ret_shock_15s,btc,S4,Dynamics,s4_dynamics,,300.0,,4130.0,ret_shock_15s,False,False,True,spec,ret_shock
ret_shock_60s_btc,ret_shock_60s,btc,S4,Dynamics,s4_dynamics,,900.0,,4131.0,ret_shock_60s,False,False,True,spec,ret_shock
trade_absorption_ratio_fut_persist_60s_btc,trade_absorption_ratio_fut_persist_60s,btc,S4,Dynamics,s4_dynamics,,60.0,Futures,4132.0,trade_absorption_ratio_fut_persist_60s,False,False,True,spec,trade_absorption_ratio_persist
trade_absorption_ratio_fut_persist_900s_btc,trade_absorption_ratio_fut_persist_900s,btc,S4,Dynamics,s4_dynamics,,900.0,Futures,4133.0,trade_absorption_ratio_fut_persist_900s,False,False,True,spec,trade_absorption_ratio_persist
trade_absorption_ratio_spot_persist_60s_btc,trade_absorption_ratio_spot_persist_60s,btc,S4,Dynamics,s4_dynamics,,60.0,Spot,4134.0,trade_absorption_ratio_spot_persist_60s,False,False,True,spec,trade_absorption_ratio_persist
trade_absorption_ratio_spot_persist_900s_btc,trade_absorption_ratio_spot_persist_900s,btc,S4,Dynamics,s4_dynamics,,900.0,Spot,4135.0,trade_absorption_ratio_spot_persist_900s,False,False,True,spec,trade_absorption_ratio_persist
vacuum_score_shock_fut_10bps_15s_btc,vacuum_score_shock_fut_10bps_15s,btc,S4,Dynamics,s4_dynamics,,,Futures,4136.0,vacuum_score_shock_fut_10bps_15s,False,False,True,spec,vacuum_score_shock_10bps
vacuum_score_shock_fut_10bps_5s_btc,vacuum_score_shock_fut_10bps_5s,btc,S4,Dynamics,s4_dynamics,,,Futures,4137.0,vacuum_score_shock_fut_10bps_5s,False,False,True,spec,vacuum_score_shock_10bps
vacuum_score_shock_fut_10bps_60s_btc,vacuum_score_shock_fut_10bps_60s,btc,S4,Dynamics,s4_dynamics,,,Futures,4138.0,vacuum_score_shock_fut_10bps_60s,False,False,True,spec,vacuum_score_shock_10bps
vacuum_score_shock_fut_5bps_15s_btc,vacuum_score_shock_fut_5bps_15s,btc,S4,Dynamics,s4_dynamics,,,Futures,4139.0,vacuum_score_shock_fut_5bps_15s,False,False,True,spec,vacuum_score_shock_5bps
vacuum_score_shock_fut_5bps_5s_btc,vacuum_score_shock_fut_5bps_5s,btc,S4,Dynamics,s4_dynamics,,,Futures,4140.0,vacuum_score_shock_fut_5bps_5s,False,False,True,spec,vacuum_score_shock_5bps
vacuum_score_shock_fut_5bps_60s_btc,vacuum_score_shock_fut_5bps_60s,btc,S4,Dynamics,s4_dynamics,,,Futures,4141.0,vacuum_score_shock_fut_5bps_60s,False,False,True,spec,vacuum_score_shock_5bps
vacuum_score_shock_spot_10bps_15s_btc,vacuum_score_shock_spot_10bps_15s,btc,S4,Dynamics,s4_dynamics,,,Spot,4142.0,vacuum_score_shock_spot_10bps_15s,False,False,True,spec,vacuum_score_shock_10bps
vacuum_score_shock_spot_10bps_5s_btc,vacuum_score_shock_spot_10bps_5s,btc,S4,Dynamics,s4_dynamics,,,Spot,4143.0,vacuum_score_shock_spot_10bps_5s,False,False,True,spec,vacuum_score_shock_10bps
vacuum_score_shock_spot_10bps_60s_btc,vacuum_score_shock_spot_10bps_60s,btc,S4,Dynamics,s4_dynamics,,,Spot,4144.0,vacuum_score_shock_spot_10bps_60s,False,False,True,spec,vacuum_score_shock_10bps
vacuum_score_shock_spot_5bps_15s_btc,vacuum_score_shock_spot_5bps_15s,btc,S4,Dynamics,s4_dynamics,,,Spot,4145.0,vacuum_score_shock_spot_5bps_15s,False,False,True,spec,vacuum_score_shock_5bps
vacuum_score_shock_spot_5bps_5s_btc,vacuum_score_shock_spot_5bps_5s,btc,S4,Dynamics,s4_dynamics,,,Spot,4146.0,vacuum_score_shock_spot_5bps_5s,False,False,True,spec,vacuum_score_shock_5bps
vacuum_score_shock_spot_5bps_60s_btc,vacuum_score_shock_spot_5bps_60s,btc,S4,Dynamics,s4_dynamics,,,Spot,4147.0,vacuum_score_shock_spot_5bps_60s,False,False,True,spec,vacuum_score_shock_5bps
net_pressure_depth_coherence_fut_15s_btc,net_pressure_depth_coherence_fut_15s,btc,S4,Meta,s4_meta,,,Futures,4148.0,net_pressure_depth_coherence_fut_15s,True,False,False,spec,net_pressure_depth_coherence
net_pressure_depth_coherence_fut_5s_btc,net_pressure_depth_coherence_fut_5s,btc,S4,Meta,s4_meta,,,Futures,4149.0,net_pressure_depth_coherence_fut_5s,True,False,False,spec,net_pressure_depth_coherence
net_pressure_depth_coherence_fut_60s_btc,net_pressure_depth_coherence_fut_60s,btc,S4,Meta,s4_meta,,,Futures,4150.0,net_pressure_depth_coherence_fut_60s,True,False,False,spec,net_pressure_depth_coherence
net_pressure_depth_coherence_spot_15s_btc,net_pressure_depth_coherence_spot_15s,btc,S4,Meta,s4_meta,,,Spot,4151.0,net_pressure_depth_coherence_spot_15s,True,False,False,spec,net_pressure_depth_coherence
net_pressure_depth_coherence_spot_5s_btc,net_pressure_depth_coherence_spot_5s,btc,S4,Meta,s4_meta,,,Spot,4152.0,net_pressure_depth_coherence_spot_5s,True,False,False,spec,net_pressure_depth_coherence
net_pressure_depth_coherence_spot_60s_btc,net_pressure_depth_coherence_spot_60s,btc,S4,Meta,s4_meta,,,Spot,4153.0,net_pressure_depth_coherence_spot_60s,True,False,False,spec,net_pressure_depth_coherence
net_pressure_depth_curvature_fut_15s_btc,net_pressure_depth_curvature_fut_15s,btc,S4,Meta,s4_meta,,,Futures,4154.0,net_pressure_depth_curvature_fut_15s,True,False,False,spec,net_pressure_depth_curvature
net_pressure_depth_curvature_fut_5s_btc,net_pressure_depth_curvature_fut_5s,btc,S4,Meta,s4_meta,,,Futures,4155.0,net_pressure_depth_curvature_fut_5s,True,False,False,spec,net_pressure_depth_curvature
net_pressure_depth_curvature_fut_60s_btc,net_pressure_depth_curvature_fut_60s,btc,S4,Meta,s4_meta,,,Futures,4156.0,net_pressure_depth_curvature_fut_60s,True,False,False,spec,net_pressure_depth_curvature
net_pressure_depth_curvature_spot_15s_btc,net_pressure_depth_curvature_spot_15s,btc,S4,Meta,s4_meta,,,Spot,4157.0,net_pressure_depth_curvature_spot_15s,True,False,False,spec,net_pressure_depth_curvature
net_pressure_depth_curvature_spot_5s_btc,net_pressure_depth_curvature_spot_5s,btc,S4,Meta,s4_meta,,,Spot,4158.0,net_pressure_depth_curvature_spot_5s,True,False,False,spec,net_pressure_depth_curvature
net_pressure_depth_curvature_spot_60s_btc,net_pressure_depth_curvature_spot_60s,btc,S4,Meta,s4_meta,,,Spot,4159.0,net_pressure_depth_curvature_spot_60s,True,False,False,spec,net_pressure_depth_curvature
net_pressure_depth_slope_fut_15s_btc,net_pressure_depth_slope_fut_15s,btc,S4,Meta,s4_meta,,,Futures,4160.0,net_pressure_depth_slope_fut_15s,True,False,False,spec,net_pressure_depth_slope
net_pressure_depth_slope_fut_5s_btc,net_pressure_depth_slope_fut_5s,btc,S4,Meta,s4_meta,,,Futures,4161.0,net_pressure_depth_slope_fut_5s,True,False,False,spec,net_pressure_depth_slope
net_pressure_depth_slope_fut_60s_btc,net_pressure_depth_slope_fut_60s,btc,S4,Meta,s4_meta,,,Futures,4162.0,net_pressure_depth_slope_fut_60s,True,False,False,spec,net_pressure_depth_slope
net_pressure_depth_slope_spot_15s_btc,net_pressure_depth_slope_spot_15s,btc,S4,Meta,s4_meta,,,Spot,4163.0,net_pressure_depth_slope_spot_15s,True,False,False,spec,net_pressure_depth_slope
net_pressure_depth_slope_spot_5s_btc,net_pressure_depth_slope_spot_5s,btc,S4,Meta,s4_meta,,,Spot,4164.0,net_pressure_depth_slope_spot_5s,True,False,False,spec,net_pressure_depth_slope
net_pressure_depth_slope_spot_60s_btc,net_pressure_depth_slope_spot_60s,btc,S4,Meta,s4_meta,,,Spot,4165.0,net_pressure_depth_slope_spot_60s,True,False,False,spec,net_pressure_depth_slope
z_absorb_refill_mid_fut_2bps_60s_btc,z_absorb_refill_mid_fut_2bps_60s,btc,S4,Normalization,s4_normalization,,60.0,Futures,4166.0,z_absorb_refill_mid_fut_2bps_60s,False,False,True,spec,z_absorb_refill_mid_2bps
z_absorb_refill_mid_fut_5bps_60s_btc,z_absorb_refill_mid_fut_5bps_60s,btc,S4,Normalization,s4_normalization,,60.0,Futures,4167.0,z_absorb_refill_mid_fut_5bps_60s,False,False,True,spec,z_absorb_refill_mid_5bps
z_depth_gradient_fut_struct100_300s_btc,z_depth_gradient_fut_struct100_300s,btc,S4,Normalization,s4_normalization,,300.0,Futures,4168.0,z_depth_gradient_fut_struct100_300s,False,False,True,spec,z_depth_gradient_struct100
z_depth_gradient_fut_struct100_60s_btc,z_depth_gradient_fut_struct100_60s,btc,S4,Normalization,s4_normalization,,60.0,Futures,4169.0,z_depth_gradient_fut_struct100_60s,False,False,True,spec,z_depth_gradient_struct100
z_depth_gradient_fut_struct100_900s_btc,z_depth_gradient_fut_struct100_900s,btc,S4,Normalization,s4_normalization,,900.0,Futures,4170.0,z_depth_gradient_fut_struct100_900s,False,False,True,spec,z_depth_gradient_struct100
z_depth_gradient_fut_struct50_300s_btc,z_depth_gradient_fut_struct50_300s,btc,S4,Normalization,s4_normalization,,300.0,Futures,4171.0,z_depth_gradient_fut_struct50_300s,False,False,True,spec,z_depth_gradient_struct50
z_depth_gradient_fut_struct50_60s_btc,z_depth_gradient_fut_struct50_60s,btc,S4,Normalization,s4_normalization,,60.0,Futures,4172.0,z_depth_gradient_fut_struct50_60s,False,False,True,spec,z_depth_gradient_struct50
z_depth_gradient_fut_struct50_900s_btc,z_depth_gradient_fut_struct50_900s,btc,S4,Normalization,s4_normalization,,900.0,Futures,4173.0,z_depth_gradient_fut_struct50_900s,False,False,True,spec,z_depth_gradient_struct50
z_depth_gradient_spot_struct100_300s_btc,z_depth_gradient_spot_struct100_300s,btc,S4,Normalization,s4_normalization,,300.0,Spot,4174.0,z_depth_gradient_spot_struct100_300s,False,False,True,spec,z_depth_gradient_struct100
z_depth_gradient_spot_struct100_60s_btc,z_depth_gradient_spot_struct100_60s,btc,S4,Normalization,s4_normalization,,60.0,Spot,4175.0,z_depth_gradient_spot_struct100_60s,False,False,True,spec,z_depth_gradient_struct100
z_depth_gradient_spot_struct100_900s_btc,z_depth_gradient_spot_struct100_900s,btc,S4,Normalization,s4_normalization,,900.0,Spot,4176.0,z_depth_gradient_spot_struct100_900s,False,False,True,spec,z_depth_gradient_struct100
z_depth_gradient_spot_struct50_300s_btc,z_depth_gradient_spot_struct50_300s,btc,S4,Normalization,s4_normalization,,300.0,Spot,4177.0,z_depth_gradient_spot_struct50_300s,False,False,True,spec,z_depth_gradient_struct50
z_depth_gradient_spot_struct50_60s_btc,z_depth_gradient_spot_struct50_60s,btc,S4,Normalization,s4_normalization,,60.0,Spot,4178.0,z_depth_gradient_spot_struct50_60s,False,False,True,spec,z_depth_gradient_struct50
z_depth_gradient_spot_struct50_900s_btc,z_depth_gradient_spot_struct50_900s,btc,S4,Normalization,s4_normalization,,900.0,Spot,4179.0,z_depth_gradient_spot_struct50_900s,False,False,True,spec,z_depth_gradient_struct50
z_liq_concentration_fut_struct100_300s_btc,z_liq_concentration_fut_struct100_300s,btc,S4,Normalization,s4_normalization,,300.0,Futures,4180.0,z_liq_concentration_fut_struct100_300s,False,False,True,spec,z_liq_concentration_struct100
z_liq_concentration_fut_struct100_60s_btc,z_liq_concentration_fut_struct100_60s,btc,S4,Normalization,s4_normalization,,60.0,Futures,4181.0,z_liq_concentration_fut_struct100_60s,False,False,True,spec,z_liq_concentration_struct100
z_liq_concentration_fut_struct100_900s_btc,z_liq_concentration_fut_struct100_900s,btc,S4,Normalization,s4_normalization,,900.0,Futures,4182.0,z_liq_concentration_fut_struct100_900s,False,False,True,spec,z_liq_concentration_struct100
z_liq_concentration_fut_struct50_300s_btc,z_liq_concentration_fut_struct50_300s,btc,S4,Normalization,s4_normalization,,300.0,Futures,4183.0,z_liq_concentration_fut_struct50_300s,False,False,True,spec,z_liq_concentration_struct50
z_liq_concentration_fut_struct50_60s_btc,z_liq_concentration_fut_struct50_60s,btc,S4,Normalization,s4_normalization,,60.0,Futures,4184.0,z_liq_concentration_fut_struct50_60s,False,False,True,spec,z_liq_concentration_struct50
z_liq_concentration_fut_struct50_900s_btc,z_liq_concentration_fut_struct50_900s,btc,S4,Normalization,s4_normalization,,900.0,Futures,4185.0,z_liq_concentration_fut_struct50_900s,False,False,True,spec,z_liq_concentration_struct50
z_liq_concentration_spot_struct100_300s_btc,z_liq_concentration_spot_struct100_300s,btc,S4,Normalization,s4_normalization,,300.0,Spot,4186.0,z_liq_concentration_spot_struct100_300s,False,False,True,spec,z_liq_concentration_struct100
z_liq_concentration_spot_struct100_60s_btc,z_liq_concentration_spot_struct100_60s,btc,S4,Normalization,s4_normalization,,60.0,Spot,4187.0,z_liq_concentration_spot_struct100_60s,False,False,True,spec,z_liq_concentration_struct100
z_liq_concentration_spot_struct100_900s_btc,z_liq_concentration_spot_struct100_900s,btc,S4,Normalization,s4_normalization,,900.0,Spot,4188.0,z_liq_concentration_spot_struct100_900s,False,False,True,spec,z_liq_concentration_struct100
z_liq_concentration_spot_struct50_300s_btc,z_liq_concentration_spot_struct50_300s,btc,S4,Normalization,s4_normalization,,300.0,Spot,4189.0,z_liq_concentration_spot_struct50_300s,False,False,True,spec,z_liq_concentration_struct50
z_liq_concentration_spot_struct50_60s_btc,z_liq_concentration_spot_struct50_60s,btc,S4,Normalization,s4_normalization,,60.0,Spot,4190.0,z_liq_concentration_spot_struct50_60s,False,False,True,spec,z_liq_concentration_struct50
z_liq_concentration_spot_struct50_900s_btc,z_liq_concentration_spot_struct50_900s,btc,S4,Normalization,s4_normalization,,900.0,Spot,4191.0,z_liq_concentration_spot_struct50_900s,False,False,True,spec,z_liq_concentration_struct50
z_net_add_fut_5bps_900s_btc,z_net_add_fut_5bps_900s,btc,S4,Normalization,s4_normalization,,900.0,Futures,4192.0,z_net_add_fut_5bps_900s,False,False,True,spec,z_net_add_5bps
z_net_add_spot_5bps_900s_btc,z_net_add_spot_5bps_900s,btc,S4,Normalization,s4_normalization,,900.0,Spot,4193.0,z_net_add_spot_5bps_900s,False,False,True,spec,z_net_add_5bps
z_net_cancel_fut_5bps_900s_btc,z_net_cancel_fut_5bps_900s,btc,S4,Normalization,s4_normalization,,900.0,Futures,4194.0,z_net_cancel_fut_5bps_900s,False,False,True,spec,z_net_cancel_5bps
z_net_cancel_spot_5bps_900s_btc,z_net_cancel_spot_5bps_900s,btc,S4,Normalization,s4_normalization,,900.0,Spot,4195.0,z_net_cancel_spot_5bps_900s,False,False,True,spec,z_net_cancel_5bps
z_trade_absorption_ratio_fut_60s_btc,z_trade_absorption_ratio_fut_60s,btc,S4,Normalization,s4_normalization,,60.0,Futures,4196.0,z_trade_absorption_ratio_fut_60s,False,False,True,spec,z_trade_absorption_ratio
z_trade_absorption_ratio_fut_900s_btc,z_trade_absorption_ratio_fut_900s,btc,S4,Normalization,s4_normalization,,900.0,Futures,4197.0,z_trade_absorption_ratio_fut_900s,False,False,True,spec,z_trade_absorption_ratio
z_trade_absorption_ratio_spot_60s_btc,z_trade_absorption_ratio_spot_60s,btc,S4,Normalization,s4_normalization,,60.0,Spot,4198.0,z_trade_absorption_ratio_spot_60s,False,False,True,spec,z_trade_absorption_ratio
z_trade_absorption_ratio_spot_900s_btc,z_trade_absorption_ratio_spot_900s,btc,S4,Normalization,s4_normalization,,900.0,Spot,4199.0,z_trade_absorption_ratio_spot_900s,False,False,True,spec,z_trade_absorption_ratio
net_add_fut_10bps_15s_btc,net_add_fut_10bps_15s,btc,S4,Pressure,s4_pressure,,15.0,Futures,4200.0,net_add_fut_10bps_15s,False,False,True,spec,net_add_10bps
net_add_fut_10bps_5s_btc,net_add_fut_10bps_5s,btc,S4,Pressure,s4_pressure,,5.0,Futures,4201.0,net_add_fut_10bps_5s,False,False,True,spec,net_add_10bps
net_add_fut_10bps_60s_btc,net_add_fut_10bps_60s,btc,S4,Pressure,s4_pressure,,60.0,Futures,4202.0,net_add_fut_10bps_60s,False,False,True,spec,net_add_10bps
net_add_fut_2bps_15s_btc,net_add_fut_2bps_15s,btc,S4,Pressure,s4_pressure,,15.0,Futures,4203.0,net_add_fut_2bps_15s,False,False,True,spec,net_add_2bps
net_add_fut_2bps_5s_btc,net_add_fut_2bps_5s,btc,S4,Pressure,s4_pressure,,5.0,Futures,4204.0,net_add_fut_2bps_5s,False,False,True,spec,net_add_2bps
net_add_fut_2bps_60s_btc,net_add_fut_2bps_60s,btc,S4,Pressure,s4_pressure,,60.0,Futures,4205.0,net_add_fut_2bps_60s,False,False,True,spec,net_add_2bps
net_add_fut_5bps_15s_btc,net_add_fut_5bps_15s,btc,S4,Pressure,s4_pressure,,15.0,Futures,4206.0,net_add_fut_5bps_15s,False,False,True,spec,net_add_5bps
net_add_fut_5bps_5s_btc,net_add_fut_5bps_5s,btc,S4,Pressure,s4_pressure,,5.0,Futures,4207.0,net_add_fut_5bps_5s,False,False,True,spec,net_add_5bps
net_add_fut_5bps_60s_btc,net_add_fut_5bps_60s,btc,S4,Pressure,s4_pressure,,60.0,Futures,4208.0,net_add_fut_5bps_60s,False,False,True,spec,net_add_5bps
net_add_spot_10bps_15s_btc,net_add_spot_10bps_15s,btc,S4,Pressure,s4_pressure,,15.0,Spot,4209.0,net_add_spot_10bps_15s,False,False,True,spec,net_add_10bps
net_add_spot_10bps_5s_btc,net_add_spot_10bps_5s,btc,S4,Pressure,s4_pressure,,5.0,Spot,4210.0,net_add_spot_10bps_5s,False,False,True,spec,net_add_10bps
net_add_spot_10bps_60s_btc,net_add_spot_10bps_60s,btc,S4,Pressure,s4_pressure,,60.0,Spot,4211.0,net_add_spot_10bps_60s,False,False,True,spec,net_add_10bps
net_add_spot_2bps_15s_btc,net_add_spot_2bps_15s,btc,S4,Pressure,s4_pressure,,15.0,Spot,4212.0,net_add_spot_2bps_15s,False,False,True,spec,net_add_2bps
net_add_spot_2bps_5s_btc,net_add_spot_2bps_5s,btc,S4,Pressure,s4_pressure,,5.0,Spot,4213.0,net_add_spot_2bps_5s,False,False,True,spec,net_add_2bps
net_add_spot_2bps_60s_btc,net_add_spot_2bps_60s,btc,S4,Pressure,s4_pressure,,60.0,Spot,4214.0,net_add_spot_2bps_60s,False,False,True,spec,net_add_2bps
net_add_spot_5bps_15s_btc,net_add_spot_5bps_15s,btc,S4,Pressure,s4_pressure,,15.0,Spot,4215.0,net_add_spot_5bps_15s,False,False,True,spec,net_add_5bps
net_add_spot_5bps_5s_btc,net_add_spot_5bps_5s,btc,S4,Pressure,s4_pressure,,5.0,Spot,4216.0,net_add_spot_5bps_5s,False,False,True,spec,net_add_5bps
net_add_spot_5bps_60s_btc,net_add_spot_5bps_60s,btc,S4,Pressure,s4_pressure,,60.0,Spot,4217.0,net_add_spot_5bps_60s,False,False,True,spec,net_add_5bps
net_cancel_fut_10bps_15s_btc,net_cancel_fut_10bps_15s,btc,S4,Pressure,s4_pressure,,15.0,Futures,4218.0,net_cancel_fut_10bps_15s,False,False,True,spec,net_cancel_10bps
net_cancel_fut_10bps_5s_btc,net_cancel_fut_10bps_5s,btc,S4,Pressure,s4_pressure,,5.0,Futures,4219.0,net_cancel_fut_10bps_5s,False,False,True,spec,net_cancel_10bps
net_cancel_fut_10bps_60s_btc,net_cancel_fut_10bps_60s,btc,S4,Pressure,s4_pressure,,60.0,Futures,4220.0,net_cancel_fut_10bps_60s,False,False,True,spec,net_cancel_10bps
net_cancel_fut_2bps_15s_btc,net_cancel_fut_2bps_15s,btc,S4,Pressure,s4_pressure,,15.0,Futures,4221.0,net_cancel_fut_2bps_15s,False,False,True,spec,net_cancel_2bps
net_cancel_fut_2bps_5s_btc,net_cancel_fut_2bps_5s,btc,S4,Pressure,s4_pressure,,5.0,Futures,4222.0,net_cancel_fut_2bps_5s,False,False,True,spec,net_cancel_2bps
net_cancel_fut_2bps_60s_btc,net_cancel_fut_2bps_60s,btc,S4,Pressure,s4_pressure,,60.0,Futures,4223.0,net_cancel_fut_2bps_60s,False,False,True,spec,net_cancel_2bps
net_cancel_fut_5bps_15s_btc,net_cancel_fut_5bps_15s,btc,S4,Pressure,s4_pressure,,15.0,Futures,4224.0,net_cancel_fut_5bps_15s,False,False,True,spec,net_cancel_5bps
net_cancel_fut_5bps_5s_btc,net_cancel_fut_5bps_5s,btc,S4,Pressure,s4_pressure,,5.0,Futures,4225.0,net_cancel_fut_5bps_5s,False,False,True,spec,net_cancel_5bps
net_cancel_fut_5bps_60s_btc,net_cancel_fut_5bps_60s,btc,S4,Pressure,s4_pressure,,60.0,Futures,4226.0,net_cancel_fut_5bps_60s,False,False,True,spec,net_cancel_5bps
net_cancel_spot_10bps_15s_btc,net_cancel_spot_10bps_15s,btc,S4,Pressure,s4_pressure,,15.0,Spot,4227.0,net_cancel_spot_10bps_15s,False,False,True,spec,net_cancel_10bps
net_cancel_spot_10bps_5s_btc,net_cancel_spot_10bps_5s,btc,S4,Pressure,s4_pressure,,5.0,Spot,4228.0,net_cancel_spot_10bps_5s,False,False,True,spec,net_cancel_10bps
net_cancel_spot_10bps_60s_btc,net_cancel_spot_10bps_60s,btc,S4,Pressure,s4_pressure,,60.0,Spot,4229.0,net_cancel_spot_10bps_60s,False,False,True,spec,net_cancel_10bps
net_cancel_spot_2bps_15s_btc,net_cancel_spot_2bps_15s,btc,S4,Pressure,s4_pressure,,15.0,Spot,4230.0,net_cancel_spot_2bps_15s,False,False,True,spec,net_cancel_2bps
net_cancel_spot_2bps_5s_btc,net_cancel_spot_2bps_5s,btc,S4,Pressure,s4_pressure,,5.0,Spot,4231.0,net_cancel_spot_2bps_5s,False,False,True,spec,net_cancel_2bps
net_cancel_spot_2bps_60s_btc,net_cancel_spot_2bps_60s,btc,S4,Pressure,s4_pressure,,60.0,Spot,4232.0,net_cancel_spot_2bps_60s,False,False,True,spec,net_cancel_2bps
net_cancel_spot_5bps_15s_btc,net_cancel_spot_5bps_15s,btc,S4,Pressure,s4_pressure,,15.0,Spot,4233.0,net_cancel_spot_5bps_15s,False,False,True,spec,net_cancel_5bps
net_cancel_spot_5bps_5s_btc,net_cancel_spot_5bps_5s,btc,S4,Pressure,s4_pressure,,5.0,Spot,4234.0,net_cancel_spot_5bps_5s,False,False,True,spec,net_cancel_5bps
net_cancel_spot_5bps_60s_btc,net_cancel_spot_5bps_60s,btc,S4,Pressure,s4_pressure,,60.0,Spot,4235.0,net_cancel_spot_5bps_60s,False,False,True,spec,net_cancel_5bps
net_pressure_logratio_2bps_5bps_fut_5s_btc,net_pressure_logratio_2bps_5bps_fut_5s,btc,S4,Pressure,s4_pressure,,5.0,Futures,4236.0,net_pressure_logratio_2bps_5bps_fut_5s,False,False,True,spec,net_pressure_logratio_2bps_5bps
net_pressure_logratio_2bps_5bps_spot_5s_btc,net_pressure_logratio_2bps_5bps_spot_5s,btc,S4,Pressure,s4_pressure,,5.0,Spot,4237.0,net_pressure_logratio_2bps_5bps_spot_5s,False,False,True,spec,net_pressure_logratio_2bps_5bps
net_pressure_logratio_5bps_10bps_fut_5s_btc,net_pressure_logratio_5bps_10bps_fut_5s,btc,S4,Pressure,s4_pressure,,5.0,Futures,4238.0,net_pressure_logratio_5bps_10bps_fut_5s,False,False,True,spec,net_pressure_logratio_5bps_10bps
net_pressure_logratio_5bps_10bps_spot_5s_btc,net_pressure_logratio_5bps_10bps_spot_5s,btc,S4,Pressure,s4_pressure,,5.0,Spot,4239.0,net_pressure_logratio_5bps_10bps_spot_5s,False,False,True,spec,net_pressure_logratio_5bps_10bps
net_pressure_pct_rank_fut_2bps_15s_btc,net_pressure_pct_rank_fut_2bps_15s,btc,S4,Pressure,s4_pressure,,15.0,Futures,4240.0,net_pressure_pct_rank_fut_2bps_15s,False,False,True,spec,net_pressure_pct_rank_2bps
net_pressure_pct_rank_fut_2bps_5s_btc,net_pressure_pct_rank_fut_2bps_5s,btc,S4,Pressure,s4_pressure,,5.0,Futures,4241.0,net_pressure_pct_rank_fut_2bps_5s,False,False,True,spec,net_pressure_pct_rank_2bps
net_pressure_pct_rank_fut_2bps_60s_btc,net_pressure_pct_rank_fut_2bps_60s,btc,S4,Pressure,s4_pressure,,60.0,Futures,4242.0,net_pressure_pct_rank_fut_2bps_60s,False,False,True,spec,net_pressure_pct_rank_2bps
net_pressure_pct_rank_fut_5bps_15s_btc,net_pressure_pct_rank_fut_5bps_15s,btc,S4,Pressure,s4_pressure,,15.0,Futures,4243.0,net_pressure_pct_rank_fut_5bps_15s,False,False,True,spec,net_pressure_pct_rank_5bps
net_pressure_pct_rank_fut_5bps_5s_btc,net_pressure_pct_rank_fut_5bps_5s,btc,S4,Pressure,s4_pressure,,5.0,Futures,4244.0,net_pressure_pct_rank_fut_5bps_5s,False,False,True,spec,net_pressure_pct_rank_5bps
net_pressure_pct_rank_fut_5bps_60s_btc,net_pressure_pct_rank_fut_5bps_60s,btc,S4,Pressure,s4_pressure,,60.0,Futures,4245.0,net_pressure_pct_rank_fut_5bps_60s,False,False,True,spec,net_pressure_pct_rank_5bps
net_pressure_robust_z_fut_10bps_300s_btc,net_pressure_robust_z_fut_10bps_300s,btc,S4,Pressure,s4_pressure,,300.0,Futures,4246.0,net_pressure_robust_z_fut_10bps_300s,False,False,True,spec,net_pressure_robust_z_10bps
net_pressure_robust_z_fut_10bps_60s_btc,net_pressure_robust_z_fut_10bps_60s,btc,S4,Pressure,s4_pressure,,60.0,Futures,4247.0,net_pressure_robust_z_fut_10bps_60s,False,False,True,spec,net_pressure_robust_z_10bps
net_pressure_robust_z_fut_5bps_300s_btc,net_pressure_robust_z_fut_5bps_300s,btc,S4,Pressure,s4_pressure,,300.0,Futures,4248.0,net_pressure_robust_z_fut_5bps_300s,False,False,True,spec,net_pressure_robust_z_5bps
net_pressure_robust_z_fut_5bps_60s_btc,net_pressure_robust_z_fut_5bps_60s,btc,S4,Pressure,s4_pressure,,60.0,Futures,4249.0,net_pressure_robust_z_fut_5bps_60s,False,False,True,spec,net_pressure_robust_z_5bps
net_pressure_robust_z_spot_10bps_300s_btc,net_pressure_robust_z_spot_10bps_300s,btc,S4,Pressure,s4_pressure,,300.0,Spot,4250.0,net_pressure_robust_z_spot_10bps_300s,False,False,True,spec,net_pressure_robust_z_10bps
net_pressure_robust_z_spot_10bps_60s_btc,net_pressure_robust_z_spot_10bps_60s,btc,S4,Pressure,s4_pressure,,60.0,Spot,4251.0,net_pressure_robust_z_spot_10bps_60s,False,False,True,spec,net_pressure_robust_z_10bps
net_pressure_robust_z_spot_5bps_300s_btc,net_pressure_robust_z_spot_5bps_300s,btc,S4,Pressure,s4_pressure,,300.0,Spot,4252.0,net_pressure_robust_z_spot_5bps_300s,False,False,True,spec,net_pressure_robust_z_5bps
net_pressure_robust_z_spot_5bps_60s_btc,net_pressure_robust_z_spot_5bps_60s,btc,S4,Pressure,s4_pressure,,60.0,Spot,4253.0,net_pressure_robust_z_spot_5bps_60s,False,False,True,spec,net_pressure_robust_z_5bps
net_add_persist_sf_5bps_900s_btc,net_add_persist_sf_5bps_900s,btc,S5,Cross-Market,s5_cross_market,,900.0,Spot|Futures,5000.0,net_add_persist_sf_5bps_900s,False,False,True,spec,net_add_persist_sf_5bps
net_cancel_persist_sf_5bps_900s_btc,net_cancel_persist_sf_5bps_900s,btc,S5,Cross-Market,s5_cross_market,,900.0,Spot|Futures,5001.0,net_cancel_persist_sf_5bps_900s,False,False,True,spec,net_cancel_persist_sf_5bps
z_net_add_sf_5bps_900s_btc,z_net_add_sf_5bps_900s,btc,S5,Cross-Market,s5_cross_market,,900.0,Spot|Futures,5002.0,z_net_add_sf_5bps_900s,False,False,True,spec,z_net_add_sf_5bps
z_net_cancel_sf_5bps_900s_btc,z_net_cancel_sf_5bps_900s,btc,S5,Cross-Market,s5_cross_market,,900.0,Spot|Futures,5003.0,z_net_cancel_sf_5bps_900s,False,False,True,spec,z_net_cancel_sf_5bps
median_absorption_break_fut_15s_btc,median_absorption_break_fut_15s,btc,S5,Dynamics,s5_dynamics,,15.0,Futures,5004.0,median_absorption_break_fut_15s,False,False,True,spec,median_absorption_break
median_absorption_break_spot_15s_btc,median_absorption_break_spot_15s,btc,S5,Dynamics,s5_dynamics,,15.0,Spot,5005.0,median_absorption_break_spot_15s,False,False,True,spec,median_absorption_break
mad_absorption_break_fut_15s_btc,mad_absorption_break_fut_15s,btc,S5,Dynamics,s5_dynamics,,15.0,Futures,5006.0,mad_absorption_break_fut_15s,False,False,True,spec,mad_absorption_break
mad_absorption_break_spot_15s_btc,mad_absorption_break_spot_15s,btc,S5,Dynamics,s5_dynamics,,15.0,Spot,5007.0,mad_absorption_break_spot_15s,False,False,True,spec,mad_absorption_break
absorption_break_shock_fut_15s_btc,absorption_break_shock_fut_15s,btc,S5,Dynamics,s5_dynamics,,,Futures,5008.0,absorption_break_shock_fut_15s,False,False,True,spec,absorption_break_shock
absorption_break_shock_spot_15s_btc,absorption_break_shock_spot_15s,btc,S5,Dynamics,s5_dynamics,,,Spot,5009.0,absorption_break_shock_spot_15s,False,False,True,spec,absorption_break_shock
net_add_persist_fut_2bps_15s_btc,net_add_persist_fut_2bps_15s,btc,S5,Dynamics,s5_dynamics,,15.0,Futures,5010.0,net_add_persist_fut_2bps_15s,False,False,True,spec,net_add_persist_2bps
net_add_persist_fut_2bps_60s_btc,net_add_persist_fut_2bps_60s,btc,S5,Dynamics,s5_dynamics,,60.0,Futures,5011.0,net_add_persist_fut_2bps_60s,False,False,True,spec,net_add_persist_2bps
net_add_persist_fut_5bps_15s_btc,net_add_persist_fut_5bps_15s,btc,S5,Dynamics,s5_dynamics,,15.0,Futures,5012.0,net_add_persist_fut_5bps_15s,False,False,True,spec,net_add_persist_5bps
net_add_persist_fut_5bps_60s_btc,net_add_persist_fut_5bps_60s,btc,S5,Dynamics,s5_dynamics,,60.0,Futures,5013.0,net_add_persist_fut_5bps_60s,False,False,True,spec,net_add_persist_5bps
net_add_persist_fut_10bps_15s_btc,net_add_persist_fut_10bps_15s,btc,S5,Dynamics,s5_dynamics,,15.0,Futures,5014.0,net_add_persist_fut_10bps_15s,False,False,True,spec,net_add_persist_10bps
net_add_persist_fut_10bps_60s_btc,net_add_persist_fut_10bps_60s,btc,S5,Dynamics,s5_dynamics,,60.0,Futures,5015.0,net_add_persist_fut_10bps_60s,False,False,True,spec,net_add_persist_10bps
net_add_persist_spot_2bps_15s_btc,net_add_persist_spot_2bps_15s,btc,S5,Dynamics,s5_dynamics,,15.0,Spot,5016.0,net_add_persist_spot_2bps_15s,False,False,True,spec,net_add_persist_2bps
net_add_persist_spot_2bps_60s_btc,net_add_persist_spot_2bps_60s,btc,S5,Dynamics,s5_dynamics,,60.0,Spot,5017.0,net_add_persist_spot_2bps_60s,False,False,True,spec,net_add_persist_2bps
net_add_persist_spot_5bps_15s_btc,net_add_persist_spot_5bps_15s,btc,S5,Dynamics,s5_dynamics,,15.0,Spot,5018.0,net_add_persist_spot_5bps_15s,False,False,True,spec,net_add_persist_5bps
net_add_persist_spot_5bps_60s_btc,net_add_persist_spot_5bps_60s,btc,S5,Dynamics,s5_dynamics,,60.0,Spot,5019.0,net_add_persist_spot_5bps_60s,False,False,True,spec,net_add_persist_5bps
net_add_persist_spot_10bps_15s_btc,net_add_persist_spot_10bps_15s,btc,S5,Dynamics,s5_dynamics,,15.0,Spot,5020.0,net_add_persist_spot_10bps_15s,False,False,True,spec,net_add_persist_10bps
net_add_persist_spot_10bps_60s_btc,net_add_persist_spot_10bps_60s,btc,S5,Dynamics,s5_dynamics,,60.0,Spot,5021.0,net_add_persist_spot_10bps_60s,False,False,True,spec,net_add_persist_10bps
net_cancel_persist_fut_2bps_15s_btc,net_cancel_persist_fut_2bps_15s,btc,S5,Dynamics,s5_dynamics,,15.0,Futures,5022.0,net_cancel_persist_fut_2bps_15s,False,False,True,spec,net_cancel_persist_2bps
net_cancel_persist_fut_2bps_60s_btc,net_cancel_persist_fut_2bps_60s,btc,S5,Dynamics,s5_dynamics,,60.0,Futures,5023.0,net_cancel_persist_fut_2bps_60s,False,False,True,spec,net_cancel_persist_2bps
net_cancel_persist_fut_5bps_15s_btc,net_cancel_persist_fut_5bps_15s,btc,S5,Dynamics,s5_dynamics,,15.0,Futures,5024.0,net_cancel_persist_fut_5bps_15s,False,False,True,spec,net_cancel_persist_5bps
net_cancel_persist_fut_5bps_60s_btc,net_cancel_persist_fut_5bps_60s,btc,S5,Dynamics,s5_dynamics,,60.0,Futures,5025.0,net_cancel_persist_fut_5bps_60s,False,False,True,spec,net_cancel_persist_5bps
net_cancel_persist_fut_10bps_15s_btc,net_cancel_persist_fut_10bps_15s,btc,S5,Dynamics,s5_dynamics,,15.0,Futures,5026.0,net_cancel_persist_fut_10bps_15s,False,False,True,spec,net_cancel_persist_10bps
net_cancel_persist_fut_10bps_60s_btc,net_cancel_persist_fut_10bps_60s,btc,S5,Dynamics,s5_dynamics,,60.0,Futures,5027.0,net_cancel_persist_fut_10bps_60s,False,False,True,spec,net_cancel_persist_10bps
net_cancel_persist_spot_2bps_15s_btc,net_cancel_persist_spot_2bps_15s,btc,S5,Dynamics,s5_dynamics,,15.0,Spot,5028.0,net_cancel_persist_spot_2bps_15s,False,False,True,spec,net_cancel_persist_2bps
net_cancel_persist_spot_2bps_60s_btc,net_cancel_persist_spot_2bps_60s,btc,S5,Dynamics,s5_dynamics,,60.0,Spot,5029.0,net_cancel_persist_spot_2bps_60s,False,False,True,spec,net_cancel_persist_2bps
net_cancel_persist_spot_5bps_15s_btc,net_cancel_persist_spot_5bps_15s,btc,S5,Dynamics,s5_dynamics,,15.0,Spot,5030.0,net_cancel_persist_spot_5bps_15s,False,False,True,spec,net_cancel_persist_5bps
net_cancel_persist_spot_5bps_60s_btc,net_cancel_persist_spot_5bps_60s,btc,S5,Dynamics,s5_dynamics,,60.0,Spot,5031.0,net_cancel_persist_spot_5bps_60s,False,False,True,spec,net_cancel_persist_5bps
net_cancel_persist_spot_10bps_15s_btc,net_cancel_persist_spot_10bps_15s,btc,S5,Dynamics,s5_dynamics,,15.0,Spot,5032.0,net_cancel_persist_spot_10bps_15s,False,False,True,spec,net_cancel_persist_10bps
net_cancel_persist_spot_10bps_60s_btc,net_cancel_persist_spot_10bps_60s,btc,S5,Dynamics,s5_dynamics,,60.0,Spot,5033.0,net_cancel_persist_spot_10bps_60s,False,False,True,spec,net_cancel_persist_10bps
net_add_robust_z_fut_2bps_15s_btc,net_add_robust_z_fut_2bps_15s,btc,S5,Pressure,s5_pressure,,15.0,Futures,5034.0,net_add_robust_z_fut_2bps_15s,False,False,True,spec,net_add_robust_z_2bps
net_add_robust_z_fut_2bps_60s_btc,net_add_robust_z_fut_2bps_60s,btc,S5,Pressure,s5_pressure,,60.0,Futures,5035.0,net_add_robust_z_fut_2bps_60s,False,False,True,spec,net_add_robust_z_2bps
net_add_robust_z_fut_5bps_15s_btc,net_add_robust_z_fut_5bps_15s,btc,S5,Pressure,s5_pressure,,15.0,Futures,5036.0,net_add_robust_z_fut_5bps_15s,False,False,True,spec,net_add_robust_z_5bps
net_add_robust_z_fut_5bps_60s_btc,net_add_robust_z_fut_5bps_60s,btc,S5,Pressure,s5_pressure,,60.0,Futures,5037.0,net_add_robust_z_fut_5bps_60s,False,False,True,spec,net_add_robust_z_5bps
net_add_robust_z_fut_10bps_15s_btc,net_add_robust_z_fut_10bps_15s,btc,S5,Pressure,s5_pressure,,15.0,Futures,5038.0,net_add_robust_z_fut_10bps_15s,False,False,True,spec,net_add_robust_z_10bps
net_add_robust_z_fut_10bps_60s_btc,net_add_robust_z_fut_10bps_60s,btc,S5,Pressure,s5_pressure,,60.0,Futures,5039.0,net_add_robust_z_fut_10bps_60s,False,False,True,spec,net_add_robust_z_10bps
net_add_robust_z_spot_2bps_15s_btc,net_add_robust_z_spot_2bps_15s,btc,S5,Pressure,s5_pressure,,15.0,Spot,5040.0,net_add_robust_z_spot_2bps_15s,False,False,True,spec,net_add_robust_z_2bps
net_add_robust_z_spot_2bps_60s_btc,net_add_robust_z_spot_2bps_60s,btc,S5,Pressure,s5_pressure,,60.0,Spot,5041.0,net_add_robust_z_spot_2bps_60s,False,False,True,spec,net_add_robust_z_2bps
net_add_robust_z_spot_5bps_15s_btc,net_add_robust_z_spot_5bps_15s,btc,S5,Pressure,s5_pressure,,15.0,Spot,5042.0,net_add_robust_z_spot_5bps_15s,False,False,True,spec,net_add_robust_z_5bps
net_add_robust_z_spot_5bps_60s_btc,net_add_robust_z_spot_5bps_60s,btc,S5,Pressure,s5_pressure,,60.0,Spot,5043.0,net_add_robust_z_spot_5bps_60s,False,False,True,spec,net_add_robust_z_5bps
net_add_robust_z_spot_10bps_15s_btc,net_add_robust_z_spot_10bps_15s,btc,S5,Pressure,s5_pressure,,15.0,Spot,5044.0,net_add_robust_z_spot_10bps_15s,False,False,True,spec,net_add_robust_z_10bps
net_add_robust_z_spot_10bps_60s_btc,net_add_robust_z_spot_10bps_60s,btc,S5,Pressure,s5_pressure,,60.0,Spot,5045.0,net_add_robust_z_spot_10bps_60s,False,False,True,spec,net_add_robust_z_10bps
net_cancel_robust_z_fut_2bps_15s_btc,net_cancel_robust_z_fut_2bps_15s,btc,S5,Pressure,s5_pressure,,15.0,Futures,5046.0,net_cancel_robust_z_fut_2bps_15s,False,False,True,spec,net_cancel_robust_z_2bps
net_cancel_robust_z_fut_2bps_60s_btc,net_cancel_robust_z_fut_2bps_60s,btc,S5,Pressure,s5_pressure,,60.0,Futures,5047.0,net_cancel_robust_z_fut_2bps_60s,False,False,True,spec,net_cancel_robust_z_2bps
net_cancel_robust_z_fut_5bps_15s_btc,net_cancel_robust_z_fut_5bps_15s,btc,S5,Pressure,s5_pressure,,15.0,Futures,5048.0,net_cancel_robust_z_fut_5bps_15s,False,False,True,spec,net_cancel_robust_z_5bps
net_cancel_robust_z_fut_5bps_60s_btc,net_cancel_robust_z_fut_5bps_60s,btc,S5,Pressure,s5_pressure,,60.0,Futures,5049.0,net_cancel_robust_z_fut_5bps_60s,False,False,True,spec,net_cancel_robust_z_5bps
net_cancel_robust_z_fut_10bps_15s_btc,net_cancel_robust_z_fut_10bps_15s,btc,S5,Pressure,s5_pressure,,15.0,Futures,5050.0,net_cancel_robust_z_fut_10bps_15s,False,False,True,spec,net_cancel_robust_z_10bps
net_cancel_robust_z_fut_10bps_60s_btc,net_cancel_robust_z_fut_10bps_60s,btc,S5,Pressure,s5_pressure,,60.0,Futures,5051.0,net_cancel_robust_z_fut_10bps_60s,False,False,True,spec,net_cancel_robust_z_10bps
net_cancel_robust_z_spot_2bps_15s_btc,net_cancel_robust_z_spot_2bps_15s,btc,S5,Pressure,s5_pressure,,15.0,Spot,5052.0,net_cancel_robust_z_spot_2bps_15s,False,False,True,spec,net_cancel_robust_z_2bps
net_cancel_robust_z_spot_2bps_60s_btc,net_cancel_robust_z_spot_2bps_60s,btc,S5,Pressure,s5_pressure,,60.0,Spot,5053.0,net_cancel_robust_z_spot_2bps_60s,False,False,True,spec,net_cancel_robust_z_2bps
net_cancel_robust_z_spot_5bps_15s_btc,net_cancel_robust_z_spot_5bps_15s,btc,S5,Pressure,s5_pressure,,15.0,Spot,5054.0,net_cancel_robust_z_spot_5bps_15s,False,False,True,spec,net_cancel_robust_z_5bps
net_cancel_robust_z_spot_5bps_60s_btc,net_cancel_robust_z_spot_5bps_60s,btc,S5,Pressure,s5_pressure,,60.0,Spot,5055.0,net_cancel_robust_z_spot_5bps_60s,False,False,True,spec,net_cancel_robust_z_5bps
net_cancel_robust_z_spot_10bps_15s_btc,net_cancel_robust_z_spot_10bps_15s,btc,S5,Pressure,s5_pressure,,15.0,Spot,5056.0,net_cancel_robust_z_spot_10bps_15s,False,False,True,spec,net_cancel_robust_z_10bps
net_cancel_robust_z_spot_10bps_60s_btc,net_cancel_robust_z_spot_10bps_60s,btc,S5,Pressure,s5_pressure,,60.0,Spot,5057.0,net_cancel_robust_z_spot_10bps_60s,False,False,True,spec,net_cancel_robust_z_10bps
bucket_dt_utc_eth,bucket_dt_utc,eth,S0,Data Health / Context,,,,,,,True,False,False,meta_pattern,bucket_dt_utc
data_health_flag_eth,data_health_flag,eth,S0,Data Health,s0_health_spec,,,,30.0,data_health_flag,True,False,False,spec,data_health_flag
data_health_flag_soft_eth,data_health_flag_soft,eth,S0,Data Health,s0_health_spec,,,,31.0,data_health_flag_soft,True,False,False,spec,data_health_flag_soft
depth_availability_eth,depth_availability,eth,S0,Data Health / Context,,,,,,,True,False,False,meta_pattern,depth_availability
depth_lobdeep_global_eth,depth_lobdeep_global,eth,S0,Data Health,s0_health_spec,,,,33.0,depth_lobdeep_global,True,False,False,spec,depth_lobdeep_global
health_reason_code_eth,health_reason_code,eth,S0,Data Health / Context,,,,,,,True,False,False,meta_pattern,health_reason_code
l2_bad_bitmask_eth,l2_bad_bitmask,eth,S0,Data Health / Context,,,,,,,True,False,False,meta_pattern,l2_bad_bitmask
l2_bad_combos_eth,l2_bad_combos,eth,S0,Data Health / Context,,,,,,,True,False,False,meta_pattern,l2_bad_combos
l2_coverage_flag_eth,l2_coverage_flag,eth,S0,Data Health,s0_health_spec,,,,32.0,l2_coverage_flag,True,False,False,spec,l2_coverage_flag
l2_crossed_combos_eth,l2_crossed_combos,eth,S0,Data Health / Context,,,,,,,True,False,False,meta_pattern,l2_crossed_combos
l2_gap_combos_eth,l2_gap_combos,eth,S0,Data Health / Context,,,,,,,True,False,False,meta_pattern,l2_gap_combos
l2_invalid_ts_combos_eth,l2_invalid_ts_combos,eth,S0,Data Health / Context,,,,,,,True,False,False,meta_pattern,l2_invalid_ts_combos
l2_missing_combos_eth,l2_missing_combos,eth,S0,Data Health / Context,,,,,,,True,False,False,meta_pattern,l2_missing_combos
l2_reconnect_combos_eth,l2_reconnect_combos,eth,S0,Data Health / Context,,,,,,,True,False,False,meta_pattern,l2_reconnect_combos
l2_total_combos_eth,l2_total_combos,eth,S0,Data Health / Context,,,,,,,True,False,False,meta_pattern,l2_total_combos
lob50_health_flag_eth,lob50_health_flag,eth,S0,Data Health,s0_health_spec,,,,34.0,lob50_health_flag,True,False,False,spec,lob50_health_flag
trades_coverage_flag_eth,trades_coverage_flag,eth,S0,Data Health,s0_health_spec,,,,35.0,trades_coverage_flag,True,False,False,spec,trades_coverage_flag
unusable_reason_code_eth,unusable_reason_code,eth,S0,Data Health / Context,,,,,,,True,False,False,meta_pattern,unusable_reason_code
usability_bad_count_win_eth,usability_bad_count_win,eth,S0,Data Health / Context,,,,,,,True,False,False,meta_pattern,usability_bad_count_win
usability_bad_ratio_win_eth,usability_bad_ratio_win,eth,S0,Data Health / Context,,,,,,,True,False,False,meta_pattern,usability_bad_ratio_win
usability_max_bad_streak_win_eth,usability_max_bad_streak_win,eth,S0,Data Health / Context,,,,,,,True,False,False,meta_pattern,usability_max_bad_streak_win
usability_warmup_flag_eth,usability_warmup_flag,eth,S0,Data Health / Context,,,,,,,True,False,False,meta_pattern,usability_warmup_flag
session_asia_eth,session_asia,eth,S0,Session,s0_calendar_spec,,1.0,,24.0,session_asia,True,False,False,spec,session_asia
session_london_eth,session_london,eth,S0,Session,s0_calendar_spec,,1.0,,25.0,session_london,True,False,False,spec,session_london
session_newyork_eth,session_newyork,eth,S0,Session,s0_calendar_spec,,1.0,,26.0,session_newyork,True,False,False,spec,session_newyork
session_overlap_flag_eth,session_overlap_flag,eth,S0,Session,s0_calendar_spec,,1.0,,27.0,session_overlap_flag,True,False,False,spec,session_overlap_flag
session_sydney_eth,session_sydney,eth,S0,Session,s0_calendar_spec,,1.0,,22.0,session_sydney,True,False,False,spec,session_sydney
session_tokyo_eth,session_tokyo,eth,S0,Session,s0_calendar_spec,,1.0,,23.0,session_tokyo,True,False,False,spec,session_tokyo
us_holiday_eth,us_holiday,eth,S0,Session,s0_calendar_spec,,1.0,,28.0,us_holiday,True,False,False,spec,us_holiday
us_rth_eth,us_rth,eth,S0,Session,s0_calendar_spec,,1.0,,29.0,us_rth,True,False,False,spec,us_rth
best_ask_fut_1s_eth,best_ask_fut_1s,eth,S0,Price,s0_price,,,Futures,40.0,best_ask_fut_1s,False,False,True,spec,best_ask
best_ask_spot_1s_eth,best_ask_spot_1s,eth,S0,Price,s0_price,,,Spot,41.0,best_ask_spot_1s,False,False,True,spec,best_ask
best_bid_fut_1s_eth,best_bid_fut_1s,eth,S0,Price,s0_price,,,Futures,42.0,best_bid_fut_1s,False,False,True,spec,best_bid
best_bid_spot_1s_eth,best_bid_spot_1s,eth,S0,Price,s0_price,,,Spot,43.0,best_bid_spot_1s,False,False,True,spec,best_bid
mid_fut_1s_eth,mid_fut_1s,eth,S0,Price,s0_price,,,Futures,44.0,mid_fut_1s,False,False,True,spec,mid
mid_spot_1s_eth,mid_spot_1s,eth,S0,Price,s0_price,,,Spot,45.0,mid_spot_1s,False,False,True,spec,mid
spread_fut_1s_eth,spread_fut_1s,eth,S0,Price,s0_price,,,Futures,46.0,spread_fut_1s,False,False,True,spec,spread
spread_spot_1s_eth,spread_spot_1s,eth,S0,Price,s0_price,,,Spot,47.0,spread_spot_1s,False,False,True,spec,spread
bps_sym_fut_1s_eth,bps_sym_fut_1s,eth,S0,Price,s0_price,,,Futures,48.0,bps_sym_fut_1s,False,False,True,spec,bps_sym
bps_sym_spot_1s_eth,bps_sym_spot_1s,eth,S0,Price,s0_price,,,Spot,49.0,bps_sym_spot_1s,False,False,True,spec,bps_sym
lwp_bid_1bps_fut_1s_eth,lwp_bid_1bps_fut_1s,eth,S0,Price,s0_price,,,Futures,500.0,lwp_bid_1bps_fut_1s,False,False,True,spec,lwp_bid_1bps
lwp_bid_1bps_spot_1s_eth,lwp_bid_1bps_spot_1s,eth,S0,Price,s0_price,,,Spot,501.0,lwp_bid_1bps_spot_1s,False,False,True,spec,lwp_bid_1bps
lwp_ask_1bps_fut_1s_eth,lwp_ask_1bps_fut_1s,eth,S0,Price,s0_price,,,Futures,502.0,lwp_ask_1bps_fut_1s,False,False,True,spec,lwp_ask_1bps
lwp_ask_1bps_spot_1s_eth,lwp_ask_1bps_spot_1s,eth,S0,Price,s0_price,,,Spot,503.0,lwp_ask_1bps_spot_1s,False,False,True,spec,lwp_ask_1bps
lwp_mid_1bps_fut_1s_eth,lwp_mid_1bps_fut_1s,eth,S0,Price,s0_price,,,Futures,504.0,lwp_mid_1bps_fut_1s,False,False,True,spec,lwp_mid_1bps
lwp_mid_1bps_spot_1s_eth,lwp_mid_1bps_spot_1s,eth,S0,Price,s0_price,,,Spot,505.0,lwp_mid_1bps_spot_1s,False,False,True,spec,lwp_mid_1bps
lwp_bid_2bps_fut_1s_eth,lwp_bid_2bps_fut_1s,eth,S0,Price,s0_price,,,Futures,506.0,lwp_bid_2bps_fut_1s,False,False,True,spec,lwp_bid_2bps
lwp_bid_2bps_spot_1s_eth,lwp_bid_2bps_spot_1s,eth,S0,Price,s0_price,,,Spot,507.0,lwp_bid_2bps_spot_1s,False,False,True,spec,lwp_bid_2bps
lwp_ask_2bps_fut_1s_eth,lwp_ask_2bps_fut_1s,eth,S0,Price,s0_price,,,Futures,508.0,lwp_ask_2bps_fut_1s,False,False,True,spec,lwp_ask_2bps
lwp_ask_2bps_spot_1s_eth,lwp_ask_2bps_spot_1s,eth,S0,Price,s0_price,,,Spot,509.0,lwp_ask_2bps_spot_1s,False,False,True,spec,lwp_ask_2bps
lwp_mid_2bps_fut_1s_eth,lwp_mid_2bps_fut_1s,eth,S0,Price,s0_price,,,Futures,510.0,lwp_mid_2bps_fut_1s,False,False,True,spec,lwp_mid_2bps
lwp_mid_2bps_spot_1s_eth,lwp_mid_2bps_spot_1s,eth,S0,Price,s0_price,,,Spot,511.0,lwp_mid_2bps_spot_1s,False,False,True,spec,lwp_mid_2bps
lwp_bid_5bps_fut_1s_eth,lwp_bid_5bps_fut_1s,eth,S0,Price,s0_price,,,Futures,512.0,lwp_bid_5bps_fut_1s,False,False,True,spec,lwp_bid_5bps
lwp_bid_5bps_spot_1s_eth,lwp_bid_5bps_spot_1s,eth,S0,Price,s0_price,,,Spot,513.0,lwp_bid_5bps_spot_1s,False,False,True,spec,lwp_bid_5bps
lwp_ask_5bps_fut_1s_eth,lwp_ask_5bps_fut_1s,eth,S0,Price,s0_price,,,Futures,514.0,lwp_ask_5bps_fut_1s,False,False,True,spec,lwp_ask_5bps
lwp_ask_5bps_spot_1s_eth,lwp_ask_5bps_spot_1s,eth,S0,Price,s0_price,,,Spot,515.0,lwp_ask_5bps_spot_1s,False,False,True,spec,lwp_ask_5bps
lwp_mid_5bps_fut_1s_eth,lwp_mid_5bps_fut_1s,eth,S0,Price,s0_price,,,Futures,516.0,lwp_mid_5bps_fut_1s,False,False,True,spec,lwp_mid_5bps
lwp_mid_5bps_spot_1s_eth,lwp_mid_5bps_spot_1s,eth,S0,Price,s0_price,,,Spot,517.0,lwp_mid_5bps_spot_1s,False,False,True,spec,lwp_mid_5bps
lwp_bid_10bps_fut_1s_eth,lwp_bid_10bps_fut_1s,eth,S0,Price,s0_price,,,Futures,518.0,lwp_bid_10bps_fut_1s,False,False,True,spec,lwp_bid_10bps
lwp_bid_10bps_spot_1s_eth,lwp_bid_10bps_spot_1s,eth,S0,Price,s0_price,,,Spot,519.0,lwp_bid_10bps_spot_1s,False,False,True,spec,lwp_bid_10bps
lwp_ask_10bps_fut_1s_eth,lwp_ask_10bps_fut_1s,eth,S0,Price,s0_price,,,Futures,520.0,lwp_ask_10bps_fut_1s,False,False,True,spec,lwp_ask_10bps
lwp_ask_10bps_spot_1s_eth,lwp_ask_10bps_spot_1s,eth,S0,Price,s0_price,,,Spot,521.0,lwp_ask_10bps_spot_1s,False,False,True,spec,lwp_ask_10bps
lwp_mid_10bps_fut_1s_eth,lwp_mid_10bps_fut_1s,eth,S0,Price,s0_price,,,Futures,522.0,lwp_mid_10bps_fut_1s,False,False,True,spec,lwp_mid_10bps
lwp_mid_10bps_spot_1s_eth,lwp_mid_10bps_spot_1s,eth,S0,Price,s0_price,,,Spot,523.0,lwp_mid_10bps_spot_1s,False,False,True,spec,lwp_mid_10bps
lwp_bid_struct50_fut_1s_eth,lwp_bid_struct50_fut_1s,eth,S0,Price,s0_price,,,Futures,600.0,lwp_bid_struct50_fut_1s,False,False,True,spec,lwp_bid_struct50
lwp_bid_struct50_spot_1s_eth,lwp_bid_struct50_spot_1s,eth,S0,Price,s0_price,,,Spot,601.0,lwp_bid_struct50_spot_1s,False,False,True,spec,lwp_bid_struct50
lwp_ask_struct50_fut_1s_eth,lwp_ask_struct50_fut_1s,eth,S0,Price,s0_price,,,Futures,602.0,lwp_ask_struct50_fut_1s,False,False,True,spec,lwp_ask_struct50
lwp_ask_struct50_spot_1s_eth,lwp_ask_struct50_spot_1s,eth,S0,Price,s0_price,,,Spot,603.0,lwp_ask_struct50_spot_1s,False,False,True,spec,lwp_ask_struct50
lwp_mid_struct50_fut_1s_eth,lwp_mid_struct50_fut_1s,eth,S0,Price,s0_price,,,Futures,604.0,lwp_mid_struct50_fut_1s,False,False,True,spec,lwp_mid_struct50
lwp_mid_struct50_spot_1s_eth,lwp_mid_struct50_spot_1s,eth,S0,Price,s0_price,,,Spot,605.0,lwp_mid_struct50_spot_1s,False,False,True,spec,lwp_mid_struct50
lwp_bid_struct100_fut_1s_eth,lwp_bid_struct100_fut_1s,eth,S0,Price,s0_price,,,Futures,606.0,lwp_bid_struct100_fut_1s,False,False,True,spec,lwp_bid_struct100
lwp_bid_struct100_spot_1s_eth,lwp_bid_struct100_spot_1s,eth,S0,Price,s0_price,,,Spot,607.0,lwp_bid_struct100_spot_1s,False,False,True,spec,lwp_bid_struct100
lwp_ask_struct100_fut_1s_eth,lwp_ask_struct100_fut_1s,eth,S0,Price,s0_price,,,Futures,608.0,lwp_ask_struct100_fut_1s,False,False,True,spec,lwp_ask_struct100
lwp_ask_struct100_spot_1s_eth,lwp_ask_struct100_spot_1s,eth,S0,Price,s0_price,,,Spot,609.0,lwp_ask_struct100_spot_1s,False,False,True,spec,lwp_ask_struct100
lwp_mid_struct100_fut_1s_eth,lwp_mid_struct100_fut_1s,eth,S0,Price,s0_price,,,Futures,610.0,lwp_mid_struct100_fut_1s,False,False,True,spec,lwp_mid_struct100
lwp_mid_struct100_spot_1s_eth,lwp_mid_struct100_spot_1s,eth,S0,Price,s0_price,,,Spot,611.0,lwp_mid_struct100_spot_1s,False,False,True,spec,lwp_mid_struct100
trade_count_fut_1s_eth,trade_count_fut_1s,eth,S0,Activity,s0_activity,,,Futures,0.0,trade_count_fut_1s,False,False,True,spec,trade_count
trade_count_spot_1s_eth,trade_count_spot_1s,eth,S0,Activity,s0_activity,,,Spot,1.0,trade_count_spot_1s,False,False,True,spec,trade_count
volume_fut_1s_eth,volume_fut_1s,eth,S0,Activity,s0_activity,,,Futures,2.0,volume_fut_1s,False,False,True,spec,volume
volume_spot_1s_eth,volume_spot_1s,eth,S0,Activity,s0_activity,,,Spot,3.0,volume_spot_1s,False,False,True,spec,volume
notional_fut_1s_eth,notional_fut_1s,eth,S0,Activity,s0_activity,,,Futures,4.0,notional_fut_1s,False,False,True,spec,notional
notional_spot_1s_eth,notional_spot_1s,eth,S0,Activity,s0_activity,,,Spot,5.0,notional_spot_1s,False,False,True,spec,notional
taker_buy_vol_fut_1s_eth,taker_buy_vol_fut_1s,eth,S0,Aggression,s0_aggression,,,Futures,6.0,taker_buy_vol_fut_1s,False,False,True,spec,taker_buy_vol
taker_buy_vol_spot_1s_eth,taker_buy_vol_spot_1s,eth,S0,Aggression,s0_aggression,,,Spot,7.0,taker_buy_vol_spot_1s,False,False,True,spec,taker_buy_vol
taker_buy_notional_fut_1s_eth,taker_buy_notional_fut_1s,eth,S0,Aggression,s0_aggression,,,Futures,8.0,taker_buy_notional_fut_1s,False,False,True,spec,taker_buy_notional
taker_buy_notional_spot_1s_eth,taker_buy_notional_spot_1s,eth,S0,Aggression,s0_aggression,,,Spot,9.0,taker_buy_notional_spot_1s,False,False,True,spec,taker_buy_notional
taker_sell_vol_fut_1s_eth,taker_sell_vol_fut_1s,eth,S0,Aggression,s0_aggression,,,Futures,10.0,taker_sell_vol_fut_1s,False,False,True,spec,taker_sell_vol
taker_sell_vol_spot_1s_eth,taker_sell_vol_spot_1s,eth,S0,Aggression,s0_aggression,,,Spot,11.0,taker_sell_vol_spot_1s,False,False,True,spec,taker_sell_vol
taker_sell_notional_fut_1s_eth,taker_sell_notional_fut_1s,eth,S0,Aggression,s0_aggression,,,Futures,12.0,taker_sell_notional_fut_1s,False,False,True,spec,taker_sell_notional
taker_sell_notional_spot_1s_eth,taker_sell_notional_spot_1s,eth,S0,Aggression,s0_aggression,,,Spot,13.0,taker_sell_notional_spot_1s,False,False,True,spec,taker_sell_notional
signed_vol_fut_1s_eth,signed_vol_fut_1s,eth,S0,Aggression,s0_aggression,,,Futures,14.0,signed_vol_fut_1s,False,False,True,spec,signed_vol
signed_vol_spot_1s_eth,signed_vol_spot_1s,eth,S0,Aggression,s0_aggression,,,Spot,15.0,signed_vol_spot_1s,False,False,True,spec,signed_vol
signed_notional_fut_1s_eth,signed_notional_fut_1s,eth,S0,Aggression,s0_aggression,,,Futures,16.0,signed_notional_fut_1s,False,False,True,spec,signed_notional
signed_notional_spot_1s_eth,signed_notional_spot_1s,eth,S0,Aggression,s0_aggression,,,Spot,17.0,signed_notional_spot_1s,False,False,True,spec,signed_notional
max_bps_bid_fut_1s_eth,max_bps_bid_fut_1s,eth,S0,Bookshape,s0_bookshape,,,Futures,18.0,max_bps_bid_fut_1s,False,False,True,spec,max_bps_bid
max_bps_bid_spot_1s_eth,max_bps_bid_spot_1s,eth,S0,Bookshape,s0_bookshape,,,Spot,19.0,max_bps_bid_spot_1s,False,False,True,spec,max_bps_bid
max_bps_ask_fut_1s_eth,max_bps_ask_fut_1s,eth,S0,Bookshape,s0_bookshape,,,Futures,20.0,max_bps_ask_fut_1s,False,False,True,spec,max_bps_ask
max_bps_ask_spot_1s_eth,max_bps_ask_spot_1s,eth,S0,Bookshape,s0_bookshape,,,Spot,21.0,max_bps_ask_spot_1s,False,False,True,spec,max_bps_ask
depth_notional_bid_1bps_fut_1s_eth,depth_notional_bid_1bps_fut_1s,eth,S0,Bookshape,s0_bookshape,,,Futures,100.0,depth_notional_bid_1bps_fut_1s,False,False,True,spec,depth_notional_bid_1bps
depth_notional_bid_1bps_spot_1s_eth,depth_notional_bid_1bps_spot_1s,eth,S0,Bookshape,s0_bookshape,,,Spot,101.0,depth_notional_bid_1bps_spot_1s,False,False,True,spec,depth_notional_bid_1bps
depth_notional_ask_1bps_fut_1s_eth,depth_notional_ask_1bps_fut_1s,eth,S0,Bookshape,s0_bookshape,,,Futures,102.0,depth_notional_ask_1bps_fut_1s,False,False,True,spec,depth_notional_ask_1bps
depth_notional_ask_1bps_spot_1s_eth,depth_notional_ask_1bps_spot_1s,eth,S0,Bookshape,s0_bookshape,,,Spot,103.0,depth_notional_ask_1bps_spot_1s,False,False,True,spec,depth_notional_ask_1bps
depth_notional_bid_2bps_fut_1s_eth,depth_notional_bid_2bps_fut_1s,eth,S0,Bookshape,s0_bookshape,,,Futures,104.0,depth_notional_bid_2bps_fut_1s,False,False,True,spec,depth_notional_bid_2bps
depth_notional_bid_2bps_spot_1s_eth,depth_notional_bid_2bps_spot_1s,eth,S0,Bookshape,s0_bookshape,,,Spot,105.0,depth_notional_bid_2bps_spot_1s,False,False,True,spec,depth_notional_bid_2bps
depth_notional_ask_2bps_fut_1s_eth,depth_notional_ask_2bps_fut_1s,eth,S0,Bookshape,s0_bookshape,,,Futures,106.0,depth_notional_ask_2bps_fut_1s,False,False,True,spec,depth_notional_ask_2bps
depth_notional_ask_2bps_spot_1s_eth,depth_notional_ask_2bps_spot_1s,eth,S0,Bookshape,s0_bookshape,,,Spot,107.0,depth_notional_ask_2bps_spot_1s,False,False,True,spec,depth_notional_ask_2bps
depth_notional_bid_5bps_fut_1s_eth,depth_notional_bid_5bps_fut_1s,eth,S0,Bookshape,s0_bookshape,,,Futures,108.0,depth_notional_bid_5bps_fut_1s,False,False,True,spec,depth_notional_bid_5bps
depth_notional_bid_5bps_spot_1s_eth,depth_notional_bid_5bps_spot_1s,eth,S0,Bookshape,s0_bookshape,,,Spot,109.0,depth_notional_bid_5bps_spot_1s,False,False,True,spec,depth_notional_bid_5bps
depth_notional_ask_5bps_fut_1s_eth,depth_notional_ask_5bps_fut_1s,eth,S0,Bookshape,s0_bookshape,,,Futures,110.0,depth_notional_ask_5bps_fut_1s,False,False,True,spec,depth_notional_ask_5bps
depth_notional_ask_5bps_spot_1s_eth,depth_notional_ask_5bps_spot_1s,eth,S0,Bookshape,s0_bookshape,,,Spot,111.0,depth_notional_ask_5bps_spot_1s,False,False,True,spec,depth_notional_ask_5bps
depth_notional_bid_10bps_fut_1s_eth,depth_notional_bid_10bps_fut_1s,eth,S0,Bookshape,s0_bookshape,,,Futures,112.0,depth_notional_bid_10bps_fut_1s,False,False,True,spec,depth_notional_bid_10bps
depth_notional_bid_10bps_spot_1s_eth,depth_notional_bid_10bps_spot_1s,eth,S0,Bookshape,s0_bookshape,,,Spot,113.0,depth_notional_bid_10bps_spot_1s,False,False,True,spec,depth_notional_bid_10bps
depth_notional_ask_10bps_fut_1s_eth,depth_notional_ask_10bps_fut_1s,eth,S0,Bookshape,s0_bookshape,,,Futures,114.0,depth_notional_ask_10bps_fut_1s,False,False,True,spec,depth_notional_ask_10bps
depth_notional_ask_10bps_spot_1s_eth,depth_notional_ask_10bps_spot_1s,eth,S0,Bookshape,s0_bookshape,,,Spot,115.0,depth_notional_ask_10bps_spot_1s,False,False,True,spec,depth_notional_ask_10bps
depth_notional_bid_struct50_fut_1s_eth,depth_notional_bid_struct50_fut_1s,eth,S0,Bookshape,s0_bookshape,,,Futures,300.0,depth_notional_bid_struct50_fut_1s,False,False,True,spec,depth_notional_bid_struct50
depth_notional_bid_struct50_spot_1s_eth,depth_notional_bid_struct50_spot_1s,eth,S0,Bookshape,s0_bookshape,,,Spot,301.0,depth_notional_bid_struct50_spot_1s,False,False,True,spec,depth_notional_bid_struct50
depth_notional_ask_struct50_fut_1s_eth,depth_notional_ask_struct50_fut_1s,eth,S0,Bookshape,s0_bookshape,,,Futures,302.0,depth_notional_ask_struct50_fut_1s,False,False,True,spec,depth_notional_ask_struct50
depth_notional_ask_struct50_spot_1s_eth,depth_notional_ask_struct50_spot_1s,eth,S0,Bookshape,s0_bookshape,,,Spot,303.0,depth_notional_ask_struct50_spot_1s,False,False,True,spec,depth_notional_ask_struct50
depth_notional_bid_struct100_fut_1s_eth,depth_notional_bid_struct100_fut_1s,eth,S0,Bookshape,s0_bookshape,,,Futures,304.0,depth_notional_bid_struct100_fut_1s,False,False,True,spec,depth_notional_bid_struct100
depth_notional_bid_struct100_spot_1s_eth,depth_notional_bid_struct100_spot_1s,eth,S0,Bookshape,s0_bookshape,,,Spot,305.0,depth_notional_bid_struct100_spot_1s,False,False,True,spec,depth_notional_bid_struct100
depth_notional_ask_struct100_fut_1s_eth,depth_notional_ask_struct100_fut_1s,eth,S0,Bookshape,s0_bookshape,,,Futures,306.0,depth_notional_ask_struct100_fut_1s,False,False,True,spec,depth_notional_ask_struct100
depth_notional_ask_struct100_spot_1s_eth,depth_notional_ask_struct100_spot_1s,eth,S0,Bookshape,s0_bookshape,,,Spot,307.0,depth_notional_ask_struct100_spot_1s,False,False,True,spec,depth_notional_ask_struct100
max_liq_distance_bid_5bps_fut_1s_eth,max_liq_distance_bid_5bps_fut_1s,eth,S0,Bookshape,s0_bookshape,,,Futures,704.0,max_liq_distance_bid_5bps_fut_1s,False,False,True,spec,max_liq_distance_bid_5bps
max_liq_distance_bid_5bps_spot_1s_eth,max_liq_distance_bid_5bps_spot_1s,eth,S0,Bookshape,s0_bookshape,,,Spot,705.0,max_liq_distance_bid_5bps_spot_1s,False,False,True,spec,max_liq_distance_bid_5bps
max_liq_distance_ask_5bps_fut_1s_eth,max_liq_distance_ask_5bps_fut_1s,eth,S0,Bookshape,s0_bookshape,,,Futures,706.0,max_liq_distance_ask_5bps_fut_1s,False,False,True,spec,max_liq_distance_ask_5bps
max_liq_distance_ask_5bps_spot_1s_eth,max_liq_distance_ask_5bps_spot_1s,eth,S0,Bookshape,s0_bookshape,,,Spot,707.0,max_liq_distance_ask_5bps_spot_1s,False,False,True,spec,max_liq_distance_ask_5bps
max_liq_distance_bid_10bps_fut_1s_eth,max_liq_distance_bid_10bps_fut_1s,eth,S0,Bookshape,s0_bookshape,,,Futures,700.0,max_liq_distance_bid_10bps_fut_1s,False,False,True,spec,max_liq_distance_bid_10bps
max_liq_distance_bid_10bps_spot_1s_eth,max_liq_distance_bid_10bps_spot_1s,eth,S0,Bookshape,s0_bookshape,,,Spot,701.0,max_liq_distance_bid_10bps_spot_1s,False,False,True,spec,max_liq_distance_bid_10bps
max_liq_distance_ask_10bps_fut_1s_eth,max_liq_distance_ask_10bps_fut_1s,eth,S0,Bookshape,s0_bookshape,,,Futures,702.0,max_liq_distance_ask_10bps_fut_1s,False,False,True,spec,max_liq_distance_ask_10bps
max_liq_distance_ask_10bps_spot_1s_eth,max_liq_distance_ask_10bps_spot_1s,eth,S0,Bookshape,s0_bookshape,,,Spot,703.0,max_liq_distance_ask_10bps_spot_1s,False,False,True,spec,max_liq_distance_ask_10bps
max_liq_distance_bid_struct50_fut_1s_eth,max_liq_distance_bid_struct50_fut_1s,eth,S0,Bookshape,s0_bookshape,,,Futures,710.0,max_liq_distance_bid_struct50_fut_1s,False,False,True,spec,max_liq_distance_bid_struct50
max_liq_distance_bid_struct50_spot_1s_eth,max_liq_distance_bid_struct50_spot_1s,eth,S0,Bookshape,s0_bookshape,,,Spot,711.0,max_liq_distance_bid_struct50_spot_1s,False,False,True,spec,max_liq_distance_bid_struct50
max_liq_distance_ask_struct50_fut_1s_eth,max_liq_distance_ask_struct50_fut_1s,eth,S0,Bookshape,s0_bookshape,,,Futures,712.0,max_liq_distance_ask_struct50_fut_1s,False,False,True,spec,max_liq_distance_ask_struct50
max_liq_distance_ask_struct50_spot_1s_eth,max_liq_distance_ask_struct50_spot_1s,eth,S0,Bookshape,s0_bookshape,,,Spot,713.0,max_liq_distance_ask_struct50_spot_1s,False,False,True,spec,max_liq_distance_ask_struct50
max_liq_distance_bid_struct100_fut_1s_eth,max_liq_distance_bid_struct100_fut_1s,eth,S0,Bookshape,s0_bookshape,,,Futures,714.0,max_liq_distance_bid_struct100_fut_1s,False,False,True,spec,max_liq_distance_bid_struct100
max_liq_distance_bid_struct100_spot_1s_eth,max_liq_distance_bid_struct100_spot_1s,eth,S0,Bookshape,s0_bookshape,,,Spot,715.0,max_liq_distance_bid_struct100_spot_1s,False,False,True,spec,max_liq_distance_bid_struct100
max_liq_distance_ask_struct100_fut_1s_eth,max_liq_distance_ask_struct100_fut_1s,eth,S0,Bookshape,s0_bookshape,,,Futures,716.0,max_liq_distance_ask_struct100_fut_1s,False,False,True,spec,max_liq_distance_ask_struct100
max_liq_distance_ask_struct100_spot_1s_eth,max_liq_distance_ask_struct100_spot_1s,eth,S0,Bookshape,s0_bookshape,,,Spot,717.0,max_liq_distance_ask_struct100_spot_1s,False,False,True,spec,max_liq_distance_ask_struct100
depth_imbalance_struct50_fut_1s_eth,depth_imbalance_struct50_fut_1s,eth,S0,Imbalance,s0_imbalance,,,Futures,36.0,depth_imbalance_struct50_fut_1s,False,False,True,spec,depth_imbalance_struct50
depth_imbalance_struct50_spot_1s_eth,depth_imbalance_struct50_spot_1s,eth,S0,Imbalance,s0_imbalance,,,Spot,37.0,depth_imbalance_struct50_spot_1s,False,False,True,spec,depth_imbalance_struct50
depth_imbalance_struct100_fut_1s_eth,depth_imbalance_struct100_fut_1s,eth,S0,Imbalance,s0_imbalance,,,Futures,38.0,depth_imbalance_struct100_fut_1s,False,False,True,spec,depth_imbalance_struct100
depth_imbalance_struct100_spot_1s_eth,depth_imbalance_struct100_spot_1s,eth,S0,Imbalance,s0_imbalance,,,Spot,39.0,depth_imbalance_struct100_spot_1s,False,False,True,spec,depth_imbalance_struct100
day_high_spot_eth,day_high_spot,eth,S0,Level Artefact,,,,Spot,,,False,False,True,precomputation_pattern,day_high
day_low_spot_eth,day_low_spot,eth,S0,Level Artefact,,,,Spot,,,False,False,True,precomputation_pattern,day_low
day_open_spot_eth,day_open_spot,eth,S0,Level Artefact,,,,Spot,,,False,False,True,precomputation_pattern,day_open
day_high_fut_eth,day_high_fut,eth,S0,Level Artefact,,,,Futures,,,False,False,True,precomputation_pattern,day_high
day_low_fut_eth,day_low_fut,eth,S0,Level Artefact,,,,Futures,,,False,False,True,precomputation_pattern,day_low
day_open_fut_eth,day_open_fut,eth,S0,Level Artefact,,,,Futures,,,False,False,True,precomputation_pattern,day_open
prev_day_high_spot_eth,prev_day_high_spot,eth,S0,Level Artefact,,,,Spot,,,False,False,True,precomputation_pattern,prev_day_high
prev_day_low_spot_eth,prev_day_low_spot,eth,S0,Level Artefact,,,,Spot,,,False,False,True,precomputation_pattern,prev_day_low
prev_day_high_fut_eth,prev_day_high_fut,eth,S0,Level Artefact,,,,Futures,,,False,False,True,precomputation_pattern,prev_day_high
prev_day_low_fut_eth,prev_day_low_fut,eth,S0,Level Artefact,,,,Futures,,,False,False,True,precomputation_pattern,prev_day_low
week_open_fut_eth,week_open_fut,eth,S0,Level Artefact,,,,Futures,,,False,False,True,precomputation_pattern,week_open
week_high_fut_eth,week_high_fut,eth,S0,Level Artefact,,,,Futures,,,False,False,True,precomputation_pattern,week_high
week_low_fut_eth,week_low_fut,eth,S0,Level Artefact,,,,Futures,,,False,False,True,precomputation_pattern,week_low
monday_high_fut_eth,monday_high_fut,eth,S0,Level Artefact,,,,Futures,,,False,False,True,precomputation_pattern,monday_high
monday_low_fut_eth,monday_low_fut,eth,S0,Level Artefact,,,,Futures,,,False,False,True,precomputation_pattern,monday_low
prev_week_high_fut_eth,prev_week_high_fut,eth,S0,Level Artefact,,,,Futures,,,False,False,True,precomputation_pattern,prev_week_high
prev_week_low_fut_eth,prev_week_low_fut,eth,S0,Level Artefact,,,,Futures,,,False,False,True,precomputation_pattern,prev_week_low
month_open_fut_eth,month_open_fut,eth,S0,Level Artefact,,,,Futures,,,False,False,True,precomputation_pattern,month_open
month_high_fut_eth,month_high_fut,eth,S0,Level Artefact,,,,Futures,,,False,False,True,precomputation_pattern,month_high
month_low_fut_eth,month_low_fut,eth,S0,Level Artefact,,,,Futures,,,False,False,True,precomputation_pattern,month_low
prev_month_high_fut_eth,prev_month_high_fut,eth,S0,Level Artefact,,,,Futures,,,False,False,True,precomputation_pattern,prev_month_high
prev_month_low_fut_eth,prev_month_low_fut,eth,S0,Level Artefact,,,,Futures,,,False,False,True,precomputation_pattern,prev_month_low
poc_60m_fut_eth,poc_60m_fut,eth,S0,Volume Profile Artefact,,,,Futures,,,False,False,True,precomputation_pattern,poc
poc_240m_fut_eth,poc_240m_fut,eth,S0,Volume Profile Artefact,,,,Futures,,,False,False,True,precomputation_pattern,poc
poc_1d_fut_eth,poc_1d_fut,eth,S0,Volume Profile Artefact,,,,Futures,,,False,False,True,precomputation_pattern,poc
vah_60m_fut_eth,vah_60m_fut,eth,S0,Volume Profile Artefact,,,,Futures,,,False,False,True,precomputation_pattern,vah
vah_240m_fut_eth,vah_240m_fut,eth,S0,Volume Profile Artefact,,,,Futures,,,False,False,True,precomputation_pattern,vah
vah_1d_fut_eth,vah_1d_fut,eth,S0,Volume Profile Artefact,,,,Futures,,,False,False,True,precomputation_pattern,vah
val_60m_fut_eth,val_60m_fut,eth,S0,Volume Profile Artefact,,,,Futures,,,False,False,True,precomputation_pattern,val
val_240m_fut_eth,val_240m_fut,eth,S0,Volume Profile Artefact,,,,Futures,,,False,False,True,precomputation_pattern,val
val_1d_fut_eth,val_1d_fut,eth,S0,Volume Profile Artefact,,,,Futures,,,False,False,True,precomputation_pattern,val
poc_migration_60m_bps_fut_eth,poc_migration_60m_bps_fut,eth,S0,Volume Profile Artefact,,,,Futures,,,False,False,True,precomputation_pattern,poc_migration_bps
poc_migration_240m_bps_fut_eth,poc_migration_240m_bps_fut,eth,S0,Volume Profile Artefact,,,,Futures,,,False,False,True,precomputation_pattern,poc_migration_bps
poc_migration_1d_bps_fut_eth,poc_migration_1d_bps_fut,eth,S0,Volume Profile Artefact,,,,Futures,,,False,False,True,precomputation_pattern,poc_migration_bps
absorption_volume_ask_fut_1bps_1s_eth,absorption_volume_ask_fut_1bps_1s,eth,S1,Absorption,s1_absorption,,,Futures,1001.0,absorption_volume_ask_fut_1bps_1s,False,False,True,spec,absorption_volume_ask_1bps
absorption_volume_ask_fut_1bps_15s_eth,absorption_volume_ask_fut_1bps_15s,eth,S1,Absorption,s1_absorption,,15.0,Futures,1000.0,absorption_volume_ask_fut_1bps_15s,False,False,True,spec,absorption_volume_ask_1bps
absorption_volume_ask_spot_1bps_1s_eth,absorption_volume_ask_spot_1bps_1s,eth,S1,Absorption,s1_absorption,,,Spot,1003.0,absorption_volume_ask_spot_1bps_1s,False,False,True,spec,absorption_volume_ask_1bps
absorption_volume_ask_spot_1bps_15s_eth,absorption_volume_ask_spot_1bps_15s,eth,S1,Absorption,s1_absorption,,15.0,Spot,1002.0,absorption_volume_ask_spot_1bps_15s,False,False,True,spec,absorption_volume_ask_1bps
absorption_volume_bid_fut_1bps_1s_eth,absorption_volume_bid_fut_1bps_1s,eth,S1,Absorption,s1_absorption,,,Futures,1005.0,absorption_volume_bid_fut_1bps_1s,False,False,True,spec,absorption_volume_bid_1bps
absorption_volume_bid_fut_1bps_15s_eth,absorption_volume_bid_fut_1bps_15s,eth,S1,Absorption,s1_absorption,,15.0,Futures,1004.0,absorption_volume_bid_fut_1bps_15s,False,False,True,spec,absorption_volume_bid_1bps
absorption_volume_bid_spot_1bps_1s_eth,absorption_volume_bid_spot_1bps_1s,eth,S1,Absorption,s1_absorption,,,Spot,1007.0,absorption_volume_bid_spot_1bps_1s,False,False,True,spec,absorption_volume_bid_1bps
absorption_volume_bid_spot_1bps_15s_eth,absorption_volume_bid_spot_1bps_15s,eth,S1,Absorption,s1_absorption,,15.0,Spot,1006.0,absorption_volume_bid_spot_1bps_15s,False,False,True,spec,absorption_volume_bid_1bps
aggr_absorp_ratio_ask_fut_10bps_1s_eth,aggr_absorp_ratio_ask_fut_10bps_1s,eth,S1,Absorption,s1_absorption,,,Futures,1008.0,aggr_absorp_ratio_ask_fut_10bps_1s,False,False,True,spec,aggr_absorp_ratio_ask_10bps
aggr_absorp_ratio_ask_fut_2bps_1s_eth,aggr_absorp_ratio_ask_fut_2bps_1s,eth,S1,Absorption,s1_absorption,,,Futures,1009.0,aggr_absorp_ratio_ask_fut_2bps_1s,False,False,True,spec,aggr_absorp_ratio_ask_2bps
aggr_absorp_ratio_ask_fut_5bps_1s_eth,aggr_absorp_ratio_ask_fut_5bps_1s,eth,S1,Absorption,s1_absorption,,,Futures,1010.0,aggr_absorp_ratio_ask_fut_5bps_1s,False,False,True,spec,aggr_absorp_ratio_ask_5bps
aggr_absorp_ratio_ask_spot_10bps_1s_eth,aggr_absorp_ratio_ask_spot_10bps_1s,eth,S1,Absorption,s1_absorption,,,Spot,1011.0,aggr_absorp_ratio_ask_spot_10bps_1s,False,False,True,spec,aggr_absorp_ratio_ask_10bps
aggr_absorp_ratio_ask_spot_2bps_1s_eth,aggr_absorp_ratio_ask_spot_2bps_1s,eth,S1,Absorption,s1_absorption,,,Spot,1012.0,aggr_absorp_ratio_ask_spot_2bps_1s,False,False,True,spec,aggr_absorp_ratio_ask_2bps
aggr_absorp_ratio_ask_spot_5bps_1s_eth,aggr_absorp_ratio_ask_spot_5bps_1s,eth,S1,Absorption,s1_absorption,,,Spot,1013.0,aggr_absorp_ratio_ask_spot_5bps_1s,False,False,True,spec,aggr_absorp_ratio_ask_5bps
aggr_absorp_ratio_bid_fut_10bps_1s_eth,aggr_absorp_ratio_bid_fut_10bps_1s,eth,S1,Absorption,s1_absorption,,,Futures,1014.0,aggr_absorp_ratio_bid_fut_10bps_1s,False,False,True,spec,aggr_absorp_ratio_bid_10bps
aggr_absorp_ratio_bid_fut_2bps_1s_eth,aggr_absorp_ratio_bid_fut_2bps_1s,eth,S1,Absorption,s1_absorption,,,Futures,1015.0,aggr_absorp_ratio_bid_fut_2bps_1s,False,False,True,spec,aggr_absorp_ratio_bid_2bps
aggr_absorp_ratio_bid_fut_5bps_1s_eth,aggr_absorp_ratio_bid_fut_5bps_1s,eth,S1,Absorption,s1_absorption,,,Futures,1016.0,aggr_absorp_ratio_bid_fut_5bps_1s,False,False,True,spec,aggr_absorp_ratio_bid_5bps
aggr_absorp_ratio_bid_spot_10bps_1s_eth,aggr_absorp_ratio_bid_spot_10bps_1s,eth,S1,Absorption,s1_absorption,,,Spot,1017.0,aggr_absorp_ratio_bid_spot_10bps_1s,False,False,True,spec,aggr_absorp_ratio_bid_10bps
aggr_absorp_ratio_bid_spot_2bps_1s_eth,aggr_absorp_ratio_bid_spot_2bps_1s,eth,S1,Absorption,s1_absorption,,,Spot,1018.0,aggr_absorp_ratio_bid_spot_2bps_1s,False,False,True,spec,aggr_absorp_ratio_bid_2bps
aggr_absorp_ratio_bid_spot_5bps_1s_eth,aggr_absorp_ratio_bid_spot_5bps_1s,eth,S1,Absorption,s1_absorption,,,Spot,1019.0,aggr_absorp_ratio_bid_spot_5bps_1s,False,False,True,spec,aggr_absorp_ratio_bid_5bps
avg_trade_size_fut_1s_eth,avg_trade_size_fut_1s,eth,S1,Activity,s1_activity,,,Futures,1020.0,avg_trade_size_fut_1s,False,False,True,spec,avg_trade_size
avg_trade_size_spot_1s_eth,avg_trade_size_spot_1s,eth,S1,Activity,s1_activity,,,Spot,1021.0,avg_trade_size_spot_1s,False,False,True,spec,avg_trade_size
l2_update_count_fut_5bps_1s_eth,l2_update_count_fut_5bps_1s,eth,S1,Activity,s1_activity,,,Futures,1022.0,l2_update_count_fut_5bps_1s,False,False,True,spec,l2_update_count_5bps
l2_update_count_spot_5bps_1s_eth,l2_update_count_spot_5bps_1s,eth,S1,Activity,s1_activity,,,Spot,1023.0,l2_update_count_spot_5bps_1s,False,False,True,spec,l2_update_count_5bps
participation_rate_fut_1s_eth,participation_rate_fut_1s,eth,S1,Activity,s1_activity,,,Futures,1024.0,participation_rate_fut_1s,False,False,True,spec,participation_rate
participation_rate_spot_1s_eth,participation_rate_spot_1s,eth,S1,Activity,s1_activity,,,Spot,1025.0,participation_rate_spot_1s,False,False,True,spec,participation_rate
trade_count_fut_300s_eth,trade_count_fut_300s,eth,S1,Activity,s1_activity,,300.0,Futures,1026.0,trade_count_fut_300s,False,False,True,spec,trade_count
trade_count_fut_60s_eth,trade_count_fut_60s,eth,S1,Activity,s1_activity,,60.0,Futures,1027.0,trade_count_fut_60s,False,False,True,spec,trade_count
trade_count_fut_900s_eth,trade_count_fut_900s,eth,S1,Activity,s1_activity,,900.0,Futures,1028.0,trade_count_fut_900s,False,False,True,spec,trade_count
trade_count_spot_300s_eth,trade_count_spot_300s,eth,S1,Activity,s1_activity,,300.0,Spot,1029.0,trade_count_spot_300s,False,False,True,spec,trade_count
trade_count_spot_60s_eth,trade_count_spot_60s,eth,S1,Activity,s1_activity,,60.0,Spot,1030.0,trade_count_spot_60s,False,False,True,spec,trade_count
trade_count_spot_900s_eth,trade_count_spot_900s,eth,S1,Activity,s1_activity,,900.0,Spot,1031.0,trade_count_spot_900s,False,False,True,spec,trade_count
volume_fut_300s_eth,volume_fut_300s,eth,S1,Activity,s1_activity,,300.0,Futures,1032.0,volume_fut_300s,False,False,True,spec,volume
volume_fut_60s_eth,volume_fut_60s,eth,S1,Activity,s1_activity,,60.0,Futures,1033.0,volume_fut_60s,False,False,True,spec,volume
volume_fut_900s_eth,volume_fut_900s,eth,S1,Activity,s1_activity,,900.0,Futures,1034.0,volume_fut_900s,False,False,True,spec,volume
volume_spot_300s_eth,volume_spot_300s,eth,S1,Activity,s1_activity,,300.0,Spot,1035.0,volume_spot_300s,False,False,True,spec,volume
volume_spot_60s_eth,volume_spot_60s,eth,S1,Activity,s1_activity,,60.0,Spot,1036.0,volume_spot_60s,False,False,True,spec,volume
volume_spot_900s_eth,volume_spot_900s,eth,S1,Activity,s1_activity,,900.0,Spot,1037.0,volume_spot_900s,False,False,True,spec,volume
taker_imbalance_fut_1s_eth,taker_imbalance_fut_1s,eth,S1,Aggression,s1_aggression,,,Futures,1038.0,taker_imbalance_fut_1s,False,False,True,spec,taker_imbalance
taker_imbalance_spot_1s_eth,taker_imbalance_spot_1s,eth,S1,Aggression,s1_aggression,,,Spot,1039.0,taker_imbalance_spot_1s,False,False,True,spec,taker_imbalance
book_asymmetry_fut_struct100_1s_eth,book_asymmetry_fut_struct100_1s,eth,S1,Bookshape,s1_bookshape,,,Futures,1040.0,book_asymmetry_fut_struct100_1s,False,False,True,spec,book_asymmetry_struct100
book_asymmetry_fut_struct50_1s_eth,book_asymmetry_fut_struct50_1s,eth,S1,Bookshape,s1_bookshape,,,Futures,1041.0,book_asymmetry_fut_struct50_1s,False,False,True,spec,book_asymmetry_struct50
book_asymmetry_spot_struct100_1s_eth,book_asymmetry_spot_struct100_1s,eth,S1,Bookshape,s1_bookshape,,,Spot,1042.0,book_asymmetry_spot_struct100_1s,False,False,True,spec,book_asymmetry_struct100
book_asymmetry_spot_struct50_1s_eth,book_asymmetry_spot_struct50_1s,eth,S1,Bookshape,s1_bookshape,,,Spot,1043.0,book_asymmetry_spot_struct50_1s,False,False,True,spec,book_asymmetry_struct50
depth_gradient_ask_fut_struct100_1s_eth,depth_gradient_ask_fut_struct100_1s,eth,S1,Bookshape,s1_bookshape,,,Futures,1044.0,depth_gradient_ask_fut_struct100_1s,False,False,True,spec,depth_gradient_ask_struct100
depth_gradient_ask_fut_struct50_1s_eth,depth_gradient_ask_fut_struct50_1s,eth,S1,Bookshape,s1_bookshape,,,Futures,1045.0,depth_gradient_ask_fut_struct50_1s,False,False,True,spec,depth_gradient_ask_struct50
depth_gradient_ask_spot_struct100_1s_eth,depth_gradient_ask_spot_struct100_1s,eth,S1,Bookshape,s1_bookshape,,,Spot,1046.0,depth_gradient_ask_spot_struct100_1s,False,False,True,spec,depth_gradient_ask_struct100
depth_gradient_ask_spot_struct50_1s_eth,depth_gradient_ask_spot_struct50_1s,eth,S1,Bookshape,s1_bookshape,,,Spot,1047.0,depth_gradient_ask_spot_struct50_1s,False,False,True,spec,depth_gradient_ask_struct50
depth_gradient_bid_fut_struct100_1s_eth,depth_gradient_bid_fut_struct100_1s,eth,S1,Bookshape,s1_bookshape,,,Futures,1048.0,depth_gradient_bid_fut_struct100_1s,False,False,True,spec,depth_gradient_bid_struct100
depth_gradient_bid_fut_struct50_1s_eth,depth_gradient_bid_fut_struct50_1s,eth,S1,Bookshape,s1_bookshape,,,Futures,1049.0,depth_gradient_bid_fut_struct50_1s,False,False,True,spec,depth_gradient_bid_struct50
depth_gradient_bid_spot_struct100_1s_eth,depth_gradient_bid_spot_struct100_1s,eth,S1,Bookshape,s1_bookshape,,,Spot,1050.0,depth_gradient_bid_spot_struct100_1s,False,False,True,spec,depth_gradient_bid_struct100
depth_gradient_bid_spot_struct50_1s_eth,depth_gradient_bid_spot_struct50_1s,eth,S1,Bookshape,s1_bookshape,,,Spot,1051.0,depth_gradient_bid_spot_struct50_1s,False,False,True,spec,depth_gradient_bid_struct50
depth_notional_ask_struct100_fut_300s_eth,depth_notional_ask_struct100_fut_300s,eth,S1,Bookshape,s1_bookshape,,300.0,Futures,1052.0,depth_notional_ask_struct100_fut_300s,False,False,True,spec,depth_notional_ask_struct100
depth_notional_ask_struct100_fut_60s_eth,depth_notional_ask_struct100_fut_60s,eth,S1,Bookshape,s1_bookshape,,60.0,Futures,1053.0,depth_notional_ask_struct100_fut_60s,False,False,True,spec,depth_notional_ask_struct100
depth_notional_ask_struct100_fut_900s_eth,depth_notional_ask_struct100_fut_900s,eth,S1,Bookshape,s1_bookshape,,900.0,Futures,1054.0,depth_notional_ask_struct100_fut_900s,False,False,True,spec,depth_notional_ask_struct100
depth_notional_ask_struct100_spot_300s_eth,depth_notional_ask_struct100_spot_300s,eth,S1,Bookshape,s1_bookshape,,300.0,Spot,1055.0,depth_notional_ask_struct100_spot_300s,False,False,True,spec,depth_notional_ask_struct100
depth_notional_ask_struct100_spot_60s_eth,depth_notional_ask_struct100_spot_60s,eth,S1,Bookshape,s1_bookshape,,60.0,Spot,1056.0,depth_notional_ask_struct100_spot_60s,False,False,True,spec,depth_notional_ask_struct100
depth_notional_ask_struct100_spot_900s_eth,depth_notional_ask_struct100_spot_900s,eth,S1,Bookshape,s1_bookshape,,900.0,Spot,1057.0,depth_notional_ask_struct100_spot_900s,False,False,True,spec,depth_notional_ask_struct100
depth_notional_ask_struct50_fut_300s_eth,depth_notional_ask_struct50_fut_300s,eth,S1,Bookshape,s1_bookshape,,300.0,Futures,1058.0,depth_notional_ask_struct50_fut_300s,False,False,True,spec,depth_notional_ask_struct50
depth_notional_ask_struct50_fut_60s_eth,depth_notional_ask_struct50_fut_60s,eth,S1,Bookshape,s1_bookshape,,60.0,Futures,1059.0,depth_notional_ask_struct50_fut_60s,False,False,True,spec,depth_notional_ask_struct50
depth_notional_ask_struct50_fut_900s_eth,depth_notional_ask_struct50_fut_900s,eth,S1,Bookshape,s1_bookshape,,900.0,Futures,1060.0,depth_notional_ask_struct50_fut_900s,False,False,True,spec,depth_notional_ask_struct50
depth_notional_ask_struct50_spot_300s_eth,depth_notional_ask_struct50_spot_300s,eth,S1,Bookshape,s1_bookshape,,300.0,Spot,1061.0,depth_notional_ask_struct50_spot_300s,False,False,True,spec,depth_notional_ask_struct50
depth_notional_ask_struct50_spot_60s_eth,depth_notional_ask_struct50_spot_60s,eth,S1,Bookshape,s1_bookshape,,60.0,Spot,1062.0,depth_notional_ask_struct50_spot_60s,False,False,True,spec,depth_notional_ask_struct50
depth_notional_ask_struct50_spot_900s_eth,depth_notional_ask_struct50_spot_900s,eth,S1,Bookshape,s1_bookshape,,900.0,Spot,1063.0,depth_notional_ask_struct50_spot_900s,False,False,True,spec,depth_notional_ask_struct50
depth_notional_bid_struct100_fut_300s_eth,depth_notional_bid_struct100_fut_300s,eth,S1,Bookshape,s1_bookshape,,300.0,Futures,1064.0,depth_notional_bid_struct100_fut_300s,False,False,True,spec,depth_notional_bid_struct100
depth_notional_bid_struct100_fut_60s_eth,depth_notional_bid_struct100_fut_60s,eth,S1,Bookshape,s1_bookshape,,60.0,Futures,1065.0,depth_notional_bid_struct100_fut_60s,False,False,True,spec,depth_notional_bid_struct100
depth_notional_bid_struct100_fut_900s_eth,depth_notional_bid_struct100_fut_900s,eth,S1,Bookshape,s1_bookshape,,900.0,Futures,1066.0,depth_notional_bid_struct100_fut_900s,False,False,True,spec,depth_notional_bid_struct100
depth_notional_bid_struct100_spot_300s_eth,depth_notional_bid_struct100_spot_300s,eth,S1,Bookshape,s1_bookshape,,300.0,Spot,1067.0,depth_notional_bid_struct100_spot_300s,False,False,True,spec,depth_notional_bid_struct100
depth_notional_bid_struct100_spot_60s_eth,depth_notional_bid_struct100_spot_60s,eth,S1,Bookshape,s1_bookshape,,60.0,Spot,1068.0,depth_notional_bid_struct100_spot_60s,False,False,True,spec,depth_notional_bid_struct100
depth_notional_bid_struct100_spot_900s_eth,depth_notional_bid_struct100_spot_900s,eth,S1,Bookshape,s1_bookshape,,900.0,Spot,1069.0,depth_notional_bid_struct100_spot_900s,False,False,True,spec,depth_notional_bid_struct100
depth_notional_bid_struct50_fut_300s_eth,depth_notional_bid_struct50_fut_300s,eth,S1,Bookshape,s1_bookshape,,300.0,Futures,1070.0,depth_notional_bid_struct50_fut_300s,False,False,True,spec,depth_notional_bid_struct50
depth_notional_bid_struct50_fut_60s_eth,depth_notional_bid_struct50_fut_60s,eth,S1,Bookshape,s1_bookshape,,60.0,Futures,1071.0,depth_notional_bid_struct50_fut_60s,False,False,True,spec,depth_notional_bid_struct50
depth_notional_bid_struct50_fut_900s_eth,depth_notional_bid_struct50_fut_900s,eth,S1,Bookshape,s1_bookshape,,900.0,Futures,1072.0,depth_notional_bid_struct50_fut_900s,False,False,True,spec,depth_notional_bid_struct50
depth_notional_bid_struct50_spot_300s_eth,depth_notional_bid_struct50_spot_300s,eth,S1,Bookshape,s1_bookshape,,300.0,Spot,1073.0,depth_notional_bid_struct50_spot_300s,False,False,True,spec,depth_notional_bid_struct50
depth_notional_bid_struct50_spot_60s_eth,depth_notional_bid_struct50_spot_60s,eth,S1,Bookshape,s1_bookshape,,60.0,Spot,1074.0,depth_notional_bid_struct50_spot_60s,False,False,True,spec,depth_notional_bid_struct50
depth_notional_bid_struct50_spot_900s_eth,depth_notional_bid_struct50_spot_900s,eth,S1,Bookshape,s1_bookshape,,900.0,Spot,1075.0,depth_notional_bid_struct50_spot_900s,False,False,True,spec,depth_notional_bid_struct50
liq_cluster_asymmetry_fut_struct100_300s_eth,liq_cluster_asymmetry_fut_struct100_300s,eth,S1,Bookshape,s1_bookshape,,300.0,Futures,1076.0,liq_cluster_asymmetry_fut_struct100_300s,False,False,True,spec,liq_cluster_asymmetry_struct100
liq_cluster_asymmetry_fut_struct100_60s_eth,liq_cluster_asymmetry_fut_struct100_60s,eth,S1,Bookshape,s1_bookshape,,60.0,Futures,1077.0,liq_cluster_asymmetry_fut_struct100_60s,False,False,True,spec,liq_cluster_asymmetry_struct100
liq_cluster_asymmetry_fut_struct50_300s_eth,liq_cluster_asymmetry_fut_struct50_300s,eth,S1,Bookshape,s1_bookshape,,300.0,Futures,1078.0,liq_cluster_asymmetry_fut_struct50_300s,False,False,True,spec,liq_cluster_asymmetry_struct50
liq_cluster_asymmetry_fut_struct50_60s_eth,liq_cluster_asymmetry_fut_struct50_60s,eth,S1,Bookshape,s1_bookshape,,60.0,Futures,1079.0,liq_cluster_asymmetry_fut_struct50_60s,False,False,True,spec,liq_cluster_asymmetry_struct50
liq_cluster_asymmetry_spot_struct100_300s_eth,liq_cluster_asymmetry_spot_struct100_300s,eth,S1,Bookshape,s1_bookshape,,300.0,Spot,1080.0,liq_cluster_asymmetry_spot_struct100_300s,False,False,True,spec,liq_cluster_asymmetry_struct100
liq_cluster_asymmetry_spot_struct100_60s_eth,liq_cluster_asymmetry_spot_struct100_60s,eth,S1,Bookshape,s1_bookshape,,60.0,Spot,1081.0,liq_cluster_asymmetry_spot_struct100_60s,False,False,True,spec,liq_cluster_asymmetry_struct100
liq_cluster_asymmetry_spot_struct50_300s_eth,liq_cluster_asymmetry_spot_struct50_300s,eth,S1,Bookshape,s1_bookshape,,300.0,Spot,1082.0,liq_cluster_asymmetry_spot_struct50_300s,False,False,True,spec,liq_cluster_asymmetry_struct50
liq_cluster_asymmetry_spot_struct50_60s_eth,liq_cluster_asymmetry_spot_struct50_60s,eth,S1,Bookshape,s1_bookshape,,60.0,Spot,1083.0,liq_cluster_asymmetry_spot_struct50_60s,False,False,True,spec,liq_cluster_asymmetry_struct50
liq_concentration_ask_fut_struct100_1s_eth,liq_concentration_ask_fut_struct100_1s,eth,S1,Bookshape,s1_bookshape,,,Futures,1084.0,liq_concentration_ask_fut_struct100_1s,False,False,True,spec,liq_concentration_ask_struct100
liq_concentration_ask_fut_struct50_1s_eth,liq_concentration_ask_fut_struct50_1s,eth,S1,Bookshape,s1_bookshape,,,Futures,1085.0,liq_concentration_ask_fut_struct50_1s,False,False,True,spec,liq_concentration_ask_struct50
liq_concentration_ask_spot_struct100_1s_eth,liq_concentration_ask_spot_struct100_1s,eth,S1,Bookshape,s1_bookshape,,,Spot,1086.0,liq_concentration_ask_spot_struct100_1s,False,False,True,spec,liq_concentration_ask_struct100
liq_concentration_ask_spot_struct50_1s_eth,liq_concentration_ask_spot_struct50_1s,eth,S1,Bookshape,s1_bookshape,,,Spot,1087.0,liq_concentration_ask_spot_struct50_1s,False,False,True,spec,liq_concentration_ask_struct50
liq_concentration_bid_fut_struct100_1s_eth,liq_concentration_bid_fut_struct100_1s,eth,S1,Bookshape,s1_bookshape,,,Futures,1088.0,liq_concentration_bid_fut_struct100_1s,False,False,True,spec,liq_concentration_bid_struct100
liq_concentration_bid_fut_struct50_1s_eth,liq_concentration_bid_fut_struct50_1s,eth,S1,Bookshape,s1_bookshape,,,Futures,1089.0,liq_concentration_bid_fut_struct50_1s,False,False,True,spec,liq_concentration_bid_struct50
liq_concentration_bid_spot_struct100_1s_eth,liq_concentration_bid_spot_struct100_1s,eth,S1,Bookshape,s1_bookshape,,,Spot,1090.0,liq_concentration_bid_spot_struct100_1s,False,False,True,spec,liq_concentration_bid_struct100
liq_concentration_bid_spot_struct50_1s_eth,liq_concentration_bid_spot_struct50_1s,eth,S1,Bookshape,s1_bookshape,,,Spot,1091.0,liq_concentration_bid_spot_struct50_1s,False,False,True,spec,liq_concentration_bid_struct50
liq_sum_fut_10bps_1s_eth,liq_sum_fut_10bps_1s,eth,S1,Bookshape,s1_bookshape,,,Futures,1092.0,liq_sum_fut_10bps_1s,False,False,True,spec,liq_sum_10bps
liq_sum_fut_1s_eth,liq_sum_fut_1s,eth,S1,Bookshape,s1_bookshape,,,Futures,1093.0,liq_sum_fut_1s,False,False,True,spec,liq_sum
liq_sum_spot_10bps_1s_eth,liq_sum_spot_10bps_1s,eth,S1,Bookshape,s1_bookshape,,,Spot,1094.0,liq_sum_spot_10bps_1s,False,False,True,spec,liq_sum_10bps
liq_sum_spot_1s_eth,liq_sum_spot_1s,eth,S1,Bookshape,s1_bookshape,,,Spot,1095.0,liq_sum_spot_1s,False,False,True,spec,liq_sum
max_bps_ask_fut_300s_eth,max_bps_ask_fut_300s,eth,S1,Bookshape,s1_bookshape,,300.0,Futures,1096.0,max_bps_ask_fut_300s,False,False,True,spec,max_bps_ask
max_bps_ask_fut_60s_eth,max_bps_ask_fut_60s,eth,S1,Bookshape,s1_bookshape,,60.0,Futures,1097.0,max_bps_ask_fut_60s,False,False,True,spec,max_bps_ask
max_bps_ask_fut_900s_eth,max_bps_ask_fut_900s,eth,S1,Bookshape,s1_bookshape,,900.0,Futures,1098.0,max_bps_ask_fut_900s,False,False,True,spec,max_bps_ask
max_bps_ask_spot_300s_eth,max_bps_ask_spot_300s,eth,S1,Bookshape,s1_bookshape,,300.0,Spot,1099.0,max_bps_ask_spot_300s,False,False,True,spec,max_bps_ask
max_bps_ask_spot_60s_eth,max_bps_ask_spot_60s,eth,S1,Bookshape,s1_bookshape,,60.0,Spot,1100.0,max_bps_ask_spot_60s,False,False,True,spec,max_bps_ask
max_bps_ask_spot_900s_eth,max_bps_ask_spot_900s,eth,S1,Bookshape,s1_bookshape,,900.0,Spot,1101.0,max_bps_ask_spot_900s,False,False,True,spec,max_bps_ask
max_bps_bid_fut_300s_eth,max_bps_bid_fut_300s,eth,S1,Bookshape,s1_bookshape,,300.0,Futures,1102.0,max_bps_bid_fut_300s,False,False,True,spec,max_bps_bid
max_bps_bid_fut_60s_eth,max_bps_bid_fut_60s,eth,S1,Bookshape,s1_bookshape,,60.0,Futures,1103.0,max_bps_bid_fut_60s,False,False,True,spec,max_bps_bid
max_bps_bid_fut_900s_eth,max_bps_bid_fut_900s,eth,S1,Bookshape,s1_bookshape,,900.0,Futures,1104.0,max_bps_bid_fut_900s,False,False,True,spec,max_bps_bid
max_bps_bid_spot_300s_eth,max_bps_bid_spot_300s,eth,S1,Bookshape,s1_bookshape,,300.0,Spot,1105.0,max_bps_bid_spot_300s,False,False,True,spec,max_bps_bid
max_bps_bid_spot_60s_eth,max_bps_bid_spot_60s,eth,S1,Bookshape,s1_bookshape,,60.0,Spot,1106.0,max_bps_bid_spot_60s,False,False,True,spec,max_bps_bid
max_bps_bid_spot_900s_eth,max_bps_bid_spot_900s,eth,S1,Bookshape,s1_bookshape,,900.0,Spot,1107.0,max_bps_bid_spot_900s,False,False,True,spec,max_bps_bid
basis_sf_mid_60s_eth,basis_sf_mid_60s,eth,S1,Cross-Market,s1_cross_market,,60.0,,1108.0,basis_sf_mid_60s,False,False,True,spec,basis_sf_mid
liq_imb_div_fut_minus_spot_struct100_1s_eth,liq_imb_div_fut_minus_spot_struct100_1s,eth,S1,Cross-Market,s1_cross_market,,,Futures,1109.0,liq_imb_div_fut_minus_spot_struct100_1s,False,False,True,spec,liq_imb_div_minus_struct100
liq_imb_div_fut_minus_spot_struct50_1s_eth,liq_imb_div_fut_minus_spot_struct50_1s,eth,S1,Cross-Market,s1_cross_market,,,Futures,1110.0,liq_imb_div_fut_minus_spot_struct50_1s,False,False,True,spec,liq_imb_div_minus_struct50
taker_activity_share_sf_1s_eth,taker_activity_share_sf_1s,eth,S1,Cross-Market,s1_cross_market,,,,1111.0,taker_activity_share_sf_1s,False,False,True,spec,taker_activity_share_sf
trade_count_fut_div_1s_eth,trade_count_fut_div_1s,eth,S1,Cross-Market,s1_cross_market,,,Futures,1112.0,trade_count_fut_div_1s,False,False,True,spec,trade_count_div
trade_count_fut_share_1s_eth,trade_count_fut_share_1s,eth,S1,Cross-Market,s1_cross_market,,,Futures,1113.0,trade_count_fut_share_1s,False,False,True,spec,trade_count_share
trade_count_spot_div_1s_eth,trade_count_spot_div_1s,eth,S1,Cross-Market,s1_cross_market,,,Spot,1114.0,trade_count_spot_div_1s,False,False,True,spec,trade_count_div
trade_count_spot_share_1s_eth,trade_count_spot_share_1s,eth,S1,Cross-Market,s1_cross_market,,,Spot,1115.0,trade_count_spot_share_1s,False,False,True,spec,trade_count_share
volume_fut_div_delta_1s_eth,volume_fut_div_delta_1s,eth,S1,Cross-Market,s1_cross_market,,,Futures,1116.0,volume_fut_div_delta_1s,False,False,True,spec,volume_div_delta
volume_spot_div_delta_1s_eth,volume_spot_div_delta_1s,eth,S1,Cross-Market,s1_cross_market,,,Spot,1117.0,volume_spot_div_delta_1s,False,False,True,spec,volume_div_delta
liq_imb_fut_struct100_60s_eth,liq_imb_fut_struct100_60s,eth,S1,Imbalance,s1_imbalance,,60.0,Futures,1118.0,liq_imb_fut_struct100_60s,False,False,True,spec,liq_imb_struct100
liq_imb_fut_struct100_300s_eth,liq_imb_fut_struct100_300s,eth,S1,Imbalance,s1_imbalance,,300.0,Futures,1119.0,liq_imb_fut_struct100_300s,False,False,True,spec,liq_imb_struct100
liq_imb_fut_struct100_900s_eth,liq_imb_fut_struct100_900s,eth,S1,Imbalance,s1_imbalance,,900.0,Futures,1120.0,liq_imb_fut_struct100_900s,False,False,True,spec,liq_imb_struct100
liq_imb_fut_struct50_60s_eth,liq_imb_fut_struct50_60s,eth,S1,Imbalance,s1_imbalance,,60.0,Futures,1121.0,liq_imb_fut_struct50_60s,False,False,True,spec,liq_imb_struct50
liq_imb_fut_struct50_300s_eth,liq_imb_fut_struct50_300s,eth,S1,Imbalance,s1_imbalance,,300.0,Futures,1122.0,liq_imb_fut_struct50_300s,False,False,True,spec,liq_imb_struct50
liq_imb_fut_struct50_900s_eth,liq_imb_fut_struct50_900s,eth,S1,Imbalance,s1_imbalance,,900.0,Futures,1123.0,liq_imb_fut_struct50_900s,False,False,True,spec,liq_imb_struct50
liq_imb_spot_struct100_60s_eth,liq_imb_spot_struct100_60s,eth,S1,Imbalance,s1_imbalance,,60.0,Spot,1124.0,liq_imb_spot_struct100_60s,False,False,True,spec,liq_imb_struct100
liq_imb_spot_struct100_300s_eth,liq_imb_spot_struct100_300s,eth,S1,Imbalance,s1_imbalance,,300.0,Spot,1125.0,liq_imb_spot_struct100_300s,False,False,True,spec,liq_imb_struct100
liq_imb_spot_struct100_900s_eth,liq_imb_spot_struct100_900s,eth,S1,Imbalance,s1_imbalance,,900.0,Spot,1126.0,liq_imb_spot_struct100_900s,False,False,True,spec,liq_imb_struct100
liq_imb_spot_struct50_60s_eth,liq_imb_spot_struct50_60s,eth,S1,Imbalance,s1_imbalance,,60.0,Spot,1127.0,liq_imb_spot_struct50_60s,False,False,True,spec,liq_imb_struct50
liq_imb_spot_struct50_300s_eth,liq_imb_spot_struct50_300s,eth,S1,Imbalance,s1_imbalance,,300.0,Spot,1128.0,liq_imb_spot_struct50_300s,False,False,True,spec,liq_imb_struct50
liq_imb_spot_struct50_900s_eth,liq_imb_spot_struct50_900s,eth,S1,Imbalance,s1_imbalance,,900.0,Spot,1129.0,liq_imb_spot_struct50_900s,False,False,True,spec,liq_imb_struct50
add_rate_ask_fut_10bps_1s_eth,add_rate_ask_fut_10bps_1s,eth,S1,Liquidity Events,s1_liquidity_events,,,Futures,1130.0,add_rate_ask_fut_10bps_1s,False,False,True,spec,add_rate_ask_10bps
add_rate_ask_fut_1bps_1s_eth,add_rate_ask_fut_1bps_1s,eth,S1,Liquidity Events,s1_liquidity_events,,,Futures,1131.0,add_rate_ask_fut_1bps_1s,False,False,True,spec,add_rate_ask_1bps
add_rate_ask_fut_2bps_1s_eth,add_rate_ask_fut_2bps_1s,eth,S1,Liquidity Events,s1_liquidity_events,,,Futures,1132.0,add_rate_ask_fut_2bps_1s,False,False,True,spec,add_rate_ask_2bps
add_rate_ask_fut_5bps_1s_eth,add_rate_ask_fut_5bps_1s,eth,S1,Liquidity Events,s1_liquidity_events,,,Futures,1133.0,add_rate_ask_fut_5bps_1s,False,False,True,spec,add_rate_ask_5bps
add_rate_ask_spot_10bps_1s_eth,add_rate_ask_spot_10bps_1s,eth,S1,Liquidity Events,s1_liquidity_events,,,Spot,1134.0,add_rate_ask_spot_10bps_1s,False,False,True,spec,add_rate_ask_10bps
add_rate_ask_spot_1bps_1s_eth,add_rate_ask_spot_1bps_1s,eth,S1,Liquidity Events,s1_liquidity_events,,,Spot,1135.0,add_rate_ask_spot_1bps_1s,False,False,True,spec,add_rate_ask_1bps
add_rate_ask_spot_2bps_1s_eth,add_rate_ask_spot_2bps_1s,eth,S1,Liquidity Events,s1_liquidity_events,,,Spot,1136.0,add_rate_ask_spot_2bps_1s,False,False,True,spec,add_rate_ask_2bps
add_rate_ask_spot_5bps_1s_eth,add_rate_ask_spot_5bps_1s,eth,S1,Liquidity Events,s1_liquidity_events,,,Spot,1137.0,add_rate_ask_spot_5bps_1s,False,False,True,spec,add_rate_ask_5bps
add_rate_bid_fut_10bps_1s_eth,add_rate_bid_fut_10bps_1s,eth,S1,Liquidity Events,s1_liquidity_events,,,Futures,1138.0,add_rate_bid_fut_10bps_1s,False,False,True,spec,add_rate_bid_10bps
add_rate_bid_fut_1bps_1s_eth,add_rate_bid_fut_1bps_1s,eth,S1,Liquidity Events,s1_liquidity_events,,,Futures,1139.0,add_rate_bid_fut_1bps_1s,False,False,True,spec,add_rate_bid_1bps
add_rate_bid_fut_2bps_1s_eth,add_rate_bid_fut_2bps_1s,eth,S1,Liquidity Events,s1_liquidity_events,,,Futures,1140.0,add_rate_bid_fut_2bps_1s,False,False,True,spec,add_rate_bid_2bps
add_rate_bid_fut_5bps_1s_eth,add_rate_bid_fut_5bps_1s,eth,S1,Liquidity Events,s1_liquidity_events,,,Futures,1141.0,add_rate_bid_fut_5bps_1s,False,False,True,spec,add_rate_bid_5bps
add_rate_bid_spot_10bps_1s_eth,add_rate_bid_spot_10bps_1s,eth,S1,Liquidity Events,s1_liquidity_events,,,Spot,1142.0,add_rate_bid_spot_10bps_1s,False,False,True,spec,add_rate_bid_10bps
add_rate_bid_spot_1bps_1s_eth,add_rate_bid_spot_1bps_1s,eth,S1,Liquidity Events,s1_liquidity_events,,,Spot,1143.0,add_rate_bid_spot_1bps_1s,False,False,True,spec,add_rate_bid_1bps
add_rate_bid_spot_2bps_1s_eth,add_rate_bid_spot_2bps_1s,eth,S1,Liquidity Events,s1_liquidity_events,,,Spot,1144.0,add_rate_bid_spot_2bps_1s,False,False,True,spec,add_rate_bid_2bps
add_rate_bid_spot_5bps_1s_eth,add_rate_bid_spot_5bps_1s,eth,S1,Liquidity Events,s1_liquidity_events,,,Spot,1145.0,add_rate_bid_spot_5bps_1s,False,False,True,spec,add_rate_bid_5bps
cancel_rate_ask_fut_10bps_1s_eth,cancel_rate_ask_fut_10bps_1s,eth,S1,Liquidity Events,s1_liquidity_events,,,Futures,1146.0,cancel_rate_ask_fut_10bps_1s,False,False,True,spec,cancel_rate_ask_10bps
cancel_rate_ask_fut_1bps_1s_eth,cancel_rate_ask_fut_1bps_1s,eth,S1,Liquidity Events,s1_liquidity_events,,,Futures,1147.0,cancel_rate_ask_fut_1bps_1s,False,False,True,spec,cancel_rate_ask_1bps
cancel_rate_ask_fut_2bps_1s_eth,cancel_rate_ask_fut_2bps_1s,eth,S1,Liquidity Events,s1_liquidity_events,,,Futures,1148.0,cancel_rate_ask_fut_2bps_1s,False,False,True,spec,cancel_rate_ask_2bps
cancel_rate_ask_fut_5bps_1s_eth,cancel_rate_ask_fut_5bps_1s,eth,S1,Liquidity Events,s1_liquidity_events,,,Futures,1149.0,cancel_rate_ask_fut_5bps_1s,False,False,True,spec,cancel_rate_ask_5bps
cancel_rate_ask_spot_10bps_1s_eth,cancel_rate_ask_spot_10bps_1s,eth,S1,Liquidity Events,s1_liquidity_events,,,Spot,1150.0,cancel_rate_ask_spot_10bps_1s,False,False,True,spec,cancel_rate_ask_10bps
cancel_rate_ask_spot_1bps_1s_eth,cancel_rate_ask_spot_1bps_1s,eth,S1,Liquidity Events,s1_liquidity_events,,,Spot,1151.0,cancel_rate_ask_spot_1bps_1s,False,False,True,spec,cancel_rate_ask_1bps
cancel_rate_ask_spot_2bps_1s_eth,cancel_rate_ask_spot_2bps_1s,eth,S1,Liquidity Events,s1_liquidity_events,,,Spot,1152.0,cancel_rate_ask_spot_2bps_1s,False,False,True,spec,cancel_rate_ask_2bps
cancel_rate_ask_spot_5bps_1s_eth,cancel_rate_ask_spot_5bps_1s,eth,S1,Liquidity Events,s1_liquidity_events,,,Spot,1153.0,cancel_rate_ask_spot_5bps_1s,False,False,True,spec,cancel_rate_ask_5bps
cancel_rate_bid_fut_10bps_1s_eth,cancel_rate_bid_fut_10bps_1s,eth,S1,Liquidity Events,s1_liquidity_events,,,Futures,1154.0,cancel_rate_bid_fut_10bps_1s,False,False,True,spec,cancel_rate_bid_10bps
cancel_rate_bid_fut_1bps_1s_eth,cancel_rate_bid_fut_1bps_1s,eth,S1,Liquidity Events,s1_liquidity_events,,,Futures,1155.0,cancel_rate_bid_fut_1bps_1s,False,False,True,spec,cancel_rate_bid_1bps
cancel_rate_bid_fut_2bps_1s_eth,cancel_rate_bid_fut_2bps_1s,eth,S1,Liquidity Events,s1_liquidity_events,,,Futures,1156.0,cancel_rate_bid_fut_2bps_1s,False,False,True,spec,cancel_rate_bid_2bps
cancel_rate_bid_fut_5bps_1s_eth,cancel_rate_bid_fut_5bps_1s,eth,S1,Liquidity Events,s1_liquidity_events,,,Futures,1157.0,cancel_rate_bid_fut_5bps_1s,False,False,True,spec,cancel_rate_bid_5bps
cancel_rate_bid_spot_10bps_1s_eth,cancel_rate_bid_spot_10bps_1s,eth,S1,Liquidity Events,s1_liquidity_events,,,Spot,1158.0,cancel_rate_bid_spot_10bps_1s,False,False,True,spec,cancel_rate_bid_10bps
cancel_rate_bid_spot_1bps_1s_eth,cancel_rate_bid_spot_1bps_1s,eth,S1,Liquidity Events,s1_liquidity_events,,,Spot,1159.0,cancel_rate_bid_spot_1bps_1s,False,False,True,spec,cancel_rate_bid_1bps
cancel_rate_bid_spot_2bps_1s_eth,cancel_rate_bid_spot_2bps_1s,eth,S1,Liquidity Events,s1_liquidity_events,,,Spot,1160.0,cancel_rate_bid_spot_2bps_1s,False,False,True,spec,cancel_rate_bid_2bps
cancel_rate_bid_spot_5bps_1s_eth,cancel_rate_bid_spot_5bps_1s,eth,S1,Liquidity Events,s1_liquidity_events,,,Spot,1161.0,cancel_rate_bid_spot_5bps_1s,False,False,True,spec,cancel_rate_bid_5bps
fill_rate_ahead_fut_1bps_15s_eth,fill_rate_ahead_fut_1bps_15s,eth,S1,Liquidity Events,s1_liquidity_events,,15.0,Futures,1162.0,fill_rate_ahead_fut_1bps_15s,False,False,True,spec,fill_rate_ahead_1bps
fill_rate_ahead_spot_1bps_15s_eth,fill_rate_ahead_spot_1bps_15s,eth,S1,Liquidity Events,s1_liquidity_events,,15.0,Spot,1163.0,fill_rate_ahead_spot_1bps_15s,False,False,True,spec,fill_rate_ahead_1bps
pull_rate_fut_10bps_15s_eth,pull_rate_fut_10bps_15s,eth,S1,Liquidity Events,s1_liquidity_events,,15.0,Futures,1164.0,pull_rate_fut_10bps_15s,False,False,True,spec,pull_rate_10bps
pull_rate_fut_10bps_5s_eth,pull_rate_fut_10bps_5s,eth,S1,Liquidity Events,s1_liquidity_events,,5.0,Futures,1165.0,pull_rate_fut_10bps_5s,False,False,True,spec,pull_rate_10bps
pull_rate_fut_10bps_60s_eth,pull_rate_fut_10bps_60s,eth,S1,Liquidity Events,s1_liquidity_events,,60.0,Futures,1166.0,pull_rate_fut_10bps_60s,False,False,True,spec,pull_rate_10bps
pull_rate_fut_1bps_5s_eth,pull_rate_fut_1bps_5s,eth,S1,Liquidity Events,s1_liquidity_events,,5.0,Futures,1167.0,pull_rate_fut_1bps_5s,False,False,True,spec,pull_rate_1bps
pull_rate_fut_1bps_60s_eth,pull_rate_fut_1bps_60s,eth,S1,Liquidity Events,s1_liquidity_events,,60.0,Futures,1168.0,pull_rate_fut_1bps_60s,False,False,True,spec,pull_rate_1bps
pull_rate_fut_2bps_5s_eth,pull_rate_fut_2bps_5s,eth,S1,Liquidity Events,s1_liquidity_events,,5.0,Futures,1169.0,pull_rate_fut_2bps_5s,False,False,True,spec,pull_rate_2bps
pull_rate_fut_5bps_15s_eth,pull_rate_fut_5bps_15s,eth,S1,Liquidity Events,s1_liquidity_events,,15.0,Futures,1170.0,pull_rate_fut_5bps_15s,False,False,True,spec,pull_rate_5bps
pull_rate_fut_5bps_5s_eth,pull_rate_fut_5bps_5s,eth,S1,Liquidity Events,s1_liquidity_events,,5.0,Futures,1171.0,pull_rate_fut_5bps_5s,False,False,True,spec,pull_rate_5bps
pull_rate_fut_5bps_60s_eth,pull_rate_fut_5bps_60s,eth,S1,Liquidity Events,s1_liquidity_events,,60.0,Futures,1172.0,pull_rate_fut_5bps_60s,False,False,True,spec,pull_rate_5bps
pull_rate_spot_10bps_15s_eth,pull_rate_spot_10bps_15s,eth,S1,Liquidity Events,s1_liquidity_events,,15.0,Spot,1173.0,pull_rate_spot_10bps_15s,False,False,True,spec,pull_rate_10bps
pull_rate_spot_10bps_5s_eth,pull_rate_spot_10bps_5s,eth,S1,Liquidity Events,s1_liquidity_events,,5.0,Spot,1174.0,pull_rate_spot_10bps_5s,False,False,True,spec,pull_rate_10bps
pull_rate_spot_10bps_60s_eth,pull_rate_spot_10bps_60s,eth,S1,Liquidity Events,s1_liquidity_events,,60.0,Spot,1175.0,pull_rate_spot_10bps_60s,False,False,True,spec,pull_rate_10bps
pull_rate_spot_1bps_5s_eth,pull_rate_spot_1bps_5s,eth,S1,Liquidity Events,s1_liquidity_events,,5.0,Spot,1176.0,pull_rate_spot_1bps_5s,False,False,True,spec,pull_rate_1bps
pull_rate_spot_1bps_60s_eth,pull_rate_spot_1bps_60s,eth,S1,Liquidity Events,s1_liquidity_events,,60.0,Spot,1177.0,pull_rate_spot_1bps_60s,False,False,True,spec,pull_rate_1bps
pull_rate_spot_2bps_5s_eth,pull_rate_spot_2bps_5s,eth,S1,Liquidity Events,s1_liquidity_events,,5.0,Spot,1178.0,pull_rate_spot_2bps_5s,False,False,True,spec,pull_rate_2bps
pull_rate_spot_5bps_15s_eth,pull_rate_spot_5bps_15s,eth,S1,Liquidity Events,s1_liquidity_events,,15.0,Spot,1179.0,pull_rate_spot_5bps_15s,False,False,True,spec,pull_rate_5bps
pull_rate_spot_5bps_5s_eth,pull_rate_spot_5bps_5s,eth,S1,Liquidity Events,s1_liquidity_events,,5.0,Spot,1180.0,pull_rate_spot_5bps_5s,False,False,True,spec,pull_rate_5bps
pull_rate_spot_5bps_60s_eth,pull_rate_spot_5bps_60s,eth,S1,Liquidity Events,s1_liquidity_events,,60.0,Spot,1181.0,pull_rate_spot_5bps_60s,False,False,True,spec,pull_rate_5bps
refill_rate_fut_10bps_15s_eth,refill_rate_fut_10bps_15s,eth,S1,Liquidity Events,s1_liquidity_events,,15.0,Futures,1182.0,refill_rate_fut_10bps_15s,False,False,True,spec,refill_rate_10bps
refill_rate_fut_10bps_5s_eth,refill_rate_fut_10bps_5s,eth,S1,Liquidity Events,s1_liquidity_events,,5.0,Futures,1183.0,refill_rate_fut_10bps_5s,False,False,True,spec,refill_rate_10bps
refill_rate_fut_10bps_60s_eth,refill_rate_fut_10bps_60s,eth,S1,Liquidity Events,s1_liquidity_events,,60.0,Futures,1184.0,refill_rate_fut_10bps_60s,False,False,True,spec,refill_rate_10bps
refill_rate_fut_1bps_60s_eth,refill_rate_fut_1bps_60s,eth,S1,Liquidity Events,s1_liquidity_events,,60.0,Futures,1185.0,refill_rate_fut_1bps_60s,False,False,True,spec,refill_rate_1bps
refill_rate_fut_2bps_5s_eth,refill_rate_fut_2bps_5s,eth,S1,Liquidity Events,s1_liquidity_events,,5.0,Futures,1186.0,refill_rate_fut_2bps_5s,False,False,True,spec,refill_rate_2bps
refill_rate_fut_5bps_15s_eth,refill_rate_fut_5bps_15s,eth,S1,Liquidity Events,s1_liquidity_events,,15.0,Futures,1187.0,refill_rate_fut_5bps_15s,False,False,True,spec,refill_rate_5bps
refill_rate_fut_5bps_5s_eth,refill_rate_fut_5bps_5s,eth,S1,Liquidity Events,s1_liquidity_events,,5.0,Futures,1188.0,refill_rate_fut_5bps_5s,False,False,True,spec,refill_rate_5bps
refill_rate_fut_5bps_60s_eth,refill_rate_fut_5bps_60s,eth,S1,Liquidity Events,s1_liquidity_events,,60.0,Futures,1189.0,refill_rate_fut_5bps_60s,False,False,True,spec,refill_rate_5bps
refill_rate_spot_10bps_15s_eth,refill_rate_spot_10bps_15s,eth,S1,Liquidity Events,s1_liquidity_events,,15.0,Spot,1190.0,refill_rate_spot_10bps_15s,False,False,True,spec,refill_rate_10bps
refill_rate_spot_10bps_5s_eth,refill_rate_spot_10bps_5s,eth,S1,Liquidity Events,s1_liquidity_events,,5.0,Spot,1191.0,refill_rate_spot_10bps_5s,False,False,True,spec,refill_rate_10bps
refill_rate_spot_10bps_60s_eth,refill_rate_spot_10bps_60s,eth,S1,Liquidity Events,s1_liquidity_events,,60.0,Spot,1192.0,refill_rate_spot_10bps_60s,False,False,True,spec,refill_rate_10bps
refill_rate_spot_1bps_60s_eth,refill_rate_spot_1bps_60s,eth,S1,Liquidity Events,s1_liquidity_events,,60.0,Spot,1193.0,refill_rate_spot_1bps_60s,False,False,True,spec,refill_rate_1bps
refill_rate_spot_2bps_5s_eth,refill_rate_spot_2bps_5s,eth,S1,Liquidity Events,s1_liquidity_events,,5.0,Spot,1194.0,refill_rate_spot_2bps_5s,False,False,True,spec,refill_rate_2bps
refill_rate_spot_5bps_15s_eth,refill_rate_spot_5bps_15s,eth,S1,Liquidity Events,s1_liquidity_events,,15.0,Spot,1195.0,refill_rate_spot_5bps_15s,False,False,True,spec,refill_rate_5bps
refill_rate_spot_5bps_5s_eth,refill_rate_spot_5bps_5s,eth,S1,Liquidity Events,s1_liquidity_events,,5.0,Spot,1196.0,refill_rate_spot_5bps_5s,False,False,True,spec,refill_rate_5bps
refill_rate_spot_5bps_60s_eth,refill_rate_spot_5bps_60s,eth,S1,Liquidity Events,s1_liquidity_events,,60.0,Spot,1197.0,refill_rate_spot_5bps_60s,False,False,True,spec,refill_rate_5bps
range_pct_spot_300s_eth,range_pct_spot_300s,eth,S1,Meta,s1_meta,,300.0,Spot,1198.0,range_pct_spot_300s,True,False,False,spec,range_pct
range_pct_spot_60s_eth,range_pct_spot_60s,eth,S1,Meta,s1_meta,,60.0,Spot,1199.0,range_pct_spot_60s,True,False,False,spec,range_pct
range_pct_spot_900s_eth,range_pct_spot_900s,eth,S1,Meta,s1_meta,,900.0,Spot,1200.0,range_pct_spot_900s,True,False,False,spec,range_pct
range_pos_spot_300s_eth,range_pos_spot_300s,eth,S1,Meta,s1_meta,,300.0,Spot,1201.0,range_pos_spot_300s,True,False,False,spec,range_pos
range_pos_spot_60s_eth,range_pos_spot_60s,eth,S1,Meta,s1_meta,,60.0,Spot,1202.0,range_pos_spot_60s,True,False,False,spec,range_pos
range_pos_spot_900s_eth,range_pos_spot_900s,eth,S1,Meta,s1_meta,,900.0,Spot,1203.0,range_pos_spot_900s,True,False,False,spec,range_pos
range_pct_fut_60s_eth,range_pct_fut_60s,eth,S1,Meta,s1_meta,,60.0,Fut,1204.0,range_pct_fut_60s,True,False,False,spec,range_pct
range_pct_fut_300s_eth,range_pct_fut_300s,eth,S1,Meta,s1_meta,,300.0,Fut,1205.0,range_pct_fut_300s,True,False,False,spec,range_pct
range_pct_fut_900s_eth,range_pct_fut_900s,eth,S1,Meta,s1_meta,,900.0,Fut,1206.0,range_pct_fut_900s,True,False,False,spec,range_pct
range_pos_fut_60s_eth,range_pos_fut_60s,eth,S1,Meta,s1_meta,,60.0,Fut,1207.0,range_pos_fut_60s,True,False,False,spec,range_pos
range_pos_fut_300s_eth,range_pos_fut_300s,eth,S1,Meta,s1_meta,,300.0,Fut,1208.0,range_pos_fut_300s,True,False,False,spec,range_pos
range_pos_fut_900s_eth,range_pos_fut_900s,eth,S1,Meta,s1_meta,,900.0,Fut,1209.0,range_pos_fut_900s,True,False,False,spec,range_pos
z_basis_900s_eth,z_basis_900s,eth,S1,Normalization,s1_normalization,,900.0,Futures,1210.0,z_basis_900s,False,False,True,spec,z_basis
z_liq_imb_fut_struct100_1s_eth,z_liq_imb_fut_struct100_1s,eth,S1,Normalization,s1_normalization,,5.0,Futures,1211.0,z_liq_imb_fut_struct100_1s,False,False,True,spec,z_liq_imb_struct100
z_liq_imb_fut_struct50_1s_eth,z_liq_imb_fut_struct50_1s,eth,S1,Normalization,s1_normalization,,5.0,Futures,1212.0,z_liq_imb_fut_struct50_1s,False,False,True,spec,z_liq_imb_struct50
z_liq_imb_spot_struct100_1s_eth,z_liq_imb_spot_struct100_1s,eth,S1,Normalization,s1_normalization,,5.0,Spot,1213.0,z_liq_imb_spot_struct100_1s,False,False,True,spec,z_liq_imb_struct100
z_liq_imb_spot_struct50_1s_eth,z_liq_imb_spot_struct50_1s,eth,S1,Normalization,s1_normalization,,5.0,Spot,1214.0,z_liq_imb_spot_struct50_1s,False,False,True,spec,z_liq_imb_struct50
z_lwp_minus_mid_2bps_300s_eth,z_lwp_minus_mid_2bps_300s,eth,S1,Normalization,s1_normalization,,300.0,Futures,1215.0,z_lwp_minus_mid_2bps_300s,False,False,True,spec,z_lwp_minus_mid_2bps
z_lwp_minus_mid_5bps_300s_eth,z_lwp_minus_mid_5bps_300s,eth,S1,Normalization,s1_normalization,,300.0,Futures,1216.0,z_lwp_minus_mid_5bps_300s,False,False,True,spec,z_lwp_minus_mid_5bps
z_lwp_minus_mid_5bps_900s_eth,z_lwp_minus_mid_5bps_900s,eth,S1,Normalization,s1_normalization,,900.0,Futures,1217.0,z_lwp_minus_mid_5bps_900s,False,False,True,spec,z_lwp_minus_mid_5bps
z_lwp_minus_mid_struct100_300s_eth,z_lwp_minus_mid_struct100_300s,eth,S1,Normalization,s1_normalization,,300.0,Futures,1218.0,z_lwp_minus_mid_struct100_300s,False,False,True,spec,z_lwp_minus_mid_struct100
z_lwp_minus_mid_struct100_900s_eth,z_lwp_minus_mid_struct100_900s,eth,S1,Normalization,s1_normalization,,900.0,Futures,1219.0,z_lwp_minus_mid_struct100_900s,False,False,True,spec,z_lwp_minus_mid_struct100
z_lwp_minus_mid_struct50_300s_eth,z_lwp_minus_mid_struct50_300s,eth,S1,Normalization,s1_normalization,,300.0,Futures,1220.0,z_lwp_minus_mid_struct50_300s,False,False,True,spec,z_lwp_minus_mid_struct50
z_lwp_minus_mid_struct50_900s_eth,z_lwp_minus_mid_struct50_900s,eth,S1,Normalization,s1_normalization,,900.0,Futures,1221.0,z_lwp_minus_mid_struct50_900s,False,False,True,spec,z_lwp_minus_mid_struct50
net_pressure_fut_1bps_15s_eth,net_pressure_fut_1bps_15s,eth,S1,Pressure,s1_pressure,,15.0,Futures,1222.0,net_pressure_fut_1bps_15s,False,False,True,spec,net_pressure_1bps
net_pressure_fut_1bps_5s_eth,net_pressure_fut_1bps_5s,eth,S1,Pressure,s1_pressure,,5.0,Futures,1223.0,net_pressure_fut_1bps_5s,False,False,True,spec,net_pressure_1bps
net_pressure_fut_1bps_60s_eth,net_pressure_fut_1bps_60s,eth,S1,Pressure,s1_pressure,,60.0,Futures,1224.0,net_pressure_fut_1bps_60s,False,False,True,spec,net_pressure_1bps
net_pressure_spot_1bps_15s_eth,net_pressure_spot_1bps_15s,eth,S1,Pressure,s1_pressure,,15.0,Spot,1225.0,net_pressure_spot_1bps_15s,False,False,True,spec,net_pressure_1bps
net_pressure_spot_1bps_5s_eth,net_pressure_spot_1bps_5s,eth,S1,Pressure,s1_pressure,,5.0,Spot,1226.0,net_pressure_spot_1bps_5s,False,False,True,spec,net_pressure_1bps
net_pressure_spot_1bps_60s_eth,net_pressure_spot_1bps_60s,eth,S1,Pressure,s1_pressure,,60.0,Spot,1227.0,net_pressure_spot_1bps_60s,False,False,True,spec,net_pressure_1bps
queue_imb_fut_1bps_1s_eth,queue_imb_fut_1bps_1s,eth,S1,Pressure,s1_pressure,,,Futures,1228.0,queue_imb_fut_1bps_1s,False,False,True,spec,queue_imb_1bps
queue_imb_fut_2bps_1s_eth,queue_imb_fut_2bps_1s,eth,S1,Pressure,s1_pressure,,,Futures,1229.0,queue_imb_fut_2bps_1s,False,False,True,spec,queue_imb_2bps
queue_imb_fut_5bps_1s_eth,queue_imb_fut_5bps_1s,eth,S1,Pressure,s1_pressure,,,Futures,1230.0,queue_imb_fut_5bps_1s,False,False,True,spec,queue_imb_5bps
queue_imb_spot_1bps_1s_eth,queue_imb_spot_1bps_1s,eth,S1,Pressure,s1_pressure,,,Spot,1231.0,queue_imb_spot_1bps_1s,False,False,True,spec,queue_imb_1bps
queue_imb_spot_2bps_1s_eth,queue_imb_spot_2bps_1s,eth,S1,Pressure,s1_pressure,,,Spot,1232.0,queue_imb_spot_2bps_1s,False,False,True,spec,queue_imb_2bps
queue_imb_spot_5bps_1s_eth,queue_imb_spot_5bps_1s,eth,S1,Pressure,s1_pressure,,,Spot,1233.0,queue_imb_spot_5bps_1s,False,False,True,spec,queue_imb_5bps
queue_pressure_fut_10bps_15s_eth,queue_pressure_fut_10bps_15s,eth,S1,Pressure,s1_pressure,,15.0,Futures,1234.0,queue_pressure_fut_10bps_15s,False,False,True,spec,queue_pressure_10bps
queue_pressure_fut_10bps_5s_eth,queue_pressure_fut_10bps_5s,eth,S1,Pressure,s1_pressure,,5.0,Futures,1235.0,queue_pressure_fut_10bps_5s,False,False,True,spec,queue_pressure_10bps
queue_pressure_fut_10bps_60s_eth,queue_pressure_fut_10bps_60s,eth,S1,Pressure,s1_pressure,,60.0,Futures,1236.0,queue_pressure_fut_10bps_60s,False,False,True,spec,queue_pressure_10bps
queue_pressure_fut_1bps_1s_eth,queue_pressure_fut_1bps_1s,eth,S1,Pressure,s1_pressure,,,Futures,1237.0,queue_pressure_fut_1bps_1s,False,False,True,spec,queue_pressure_1bps
queue_pressure_fut_1bps_5s_eth,queue_pressure_fut_1bps_5s,eth,S1,Pressure,s1_pressure,,5.0,Futures,1238.0,queue_pressure_fut_1bps_5s,False,False,True,spec,queue_pressure_1bps
queue_pressure_fut_2bps_15s_eth,queue_pressure_fut_2bps_15s,eth,S1,Pressure,s1_pressure,,15.0,Futures,1239.0,queue_pressure_fut_2bps_15s,False,False,True,spec,queue_pressure_2bps
queue_pressure_fut_2bps_1s_eth,queue_pressure_fut_2bps_1s,eth,S1,Pressure,s1_pressure,,,Futures,1240.0,queue_pressure_fut_2bps_1s,False,False,True,spec,queue_pressure_2bps
queue_pressure_fut_2bps_5s_eth,queue_pressure_fut_2bps_5s,eth,S1,Pressure,s1_pressure,,5.0,Futures,1241.0,queue_pressure_fut_2bps_5s,False,False,True,spec,queue_pressure_2bps
queue_pressure_fut_2bps_60s_eth,queue_pressure_fut_2bps_60s,eth,S1,Pressure,s1_pressure,,60.0,Futures,1242.0,queue_pressure_fut_2bps_60s,False,False,True,spec,queue_pressure_2bps
queue_pressure_fut_5bps_15s_eth,queue_pressure_fut_5bps_15s,eth,S1,Pressure,s1_pressure,,15.0,Futures,1243.0,queue_pressure_fut_5bps_15s,False,False,True,spec,queue_pressure_5bps
queue_pressure_fut_5bps_1s_eth,queue_pressure_fut_5bps_1s,eth,S1,Pressure,s1_pressure,,,Futures,1244.0,queue_pressure_fut_5bps_1s,False,False,True,spec,queue_pressure_5bps
queue_pressure_fut_5bps_5s_eth,queue_pressure_fut_5bps_5s,eth,S1,Pressure,s1_pressure,,5.0,Futures,1245.0,queue_pressure_fut_5bps_5s,False,False,True,spec,queue_pressure_5bps
queue_pressure_fut_5bps_60s_eth,queue_pressure_fut_5bps_60s,eth,S1,Pressure,s1_pressure,,60.0,Futures,1246.0,queue_pressure_fut_5bps_60s,False,False,True,spec,queue_pressure_5bps
queue_pressure_log_fut_1bps_1s_eth,queue_pressure_log_fut_1bps_1s,eth,S1,Pressure,s1_pressure,,,Futures,1247.0,queue_pressure_log_fut_1bps_1s,False,False,True,spec,queue_pressure_log_1bps
queue_pressure_log_fut_2bps_1s_eth,queue_pressure_log_fut_2bps_1s,eth,S1,Pressure,s1_pressure,,,Futures,1248.0,queue_pressure_log_fut_2bps_1s,False,False,True,spec,queue_pressure_log_2bps
queue_pressure_log_fut_5bps_1s_eth,queue_pressure_log_fut_5bps_1s,eth,S1,Pressure,s1_pressure,,,Futures,1249.0,queue_pressure_log_fut_5bps_1s,False,False,True,spec,queue_pressure_log_5bps
queue_pressure_log_spot_1bps_1s_eth,queue_pressure_log_spot_1bps_1s,eth,S1,Pressure,s1_pressure,,,Spot,1250.0,queue_pressure_log_spot_1bps_1s,False,False,True,spec,queue_pressure_log_1bps
queue_pressure_log_spot_2bps_1s_eth,queue_pressure_log_spot_2bps_1s,eth,S1,Pressure,s1_pressure,,,Spot,1251.0,queue_pressure_log_spot_2bps_1s,False,False,True,spec,queue_pressure_log_2bps
queue_pressure_log_spot_5bps_1s_eth,queue_pressure_log_spot_5bps_1s,eth,S1,Pressure,s1_pressure,,,Spot,1252.0,queue_pressure_log_spot_5bps_1s,False,False,True,spec,queue_pressure_log_5bps
queue_pressure_spot_10bps_15s_eth,queue_pressure_spot_10bps_15s,eth,S1,Pressure,s1_pressure,,15.0,Spot,1253.0,queue_pressure_spot_10bps_15s,False,False,True,spec,queue_pressure_10bps
queue_pressure_spot_10bps_5s_eth,queue_pressure_spot_10bps_5s,eth,S1,Pressure,s1_pressure,,5.0,Spot,1254.0,queue_pressure_spot_10bps_5s,False,False,True,spec,queue_pressure_10bps
queue_pressure_spot_10bps_60s_eth,queue_pressure_spot_10bps_60s,eth,S1,Pressure,s1_pressure,,60.0,Spot,1255.0,queue_pressure_spot_10bps_60s,False,False,True,spec,queue_pressure_10bps
queue_pressure_spot_1bps_1s_eth,queue_pressure_spot_1bps_1s,eth,S1,Pressure,s1_pressure,,,Spot,1256.0,queue_pressure_spot_1bps_1s,False,False,True,spec,queue_pressure_1bps
queue_pressure_spot_1bps_5s_eth,queue_pressure_spot_1bps_5s,eth,S1,Pressure,s1_pressure,,5.0,Spot,1257.0,queue_pressure_spot_1bps_5s,False,False,True,spec,queue_pressure_1bps
queue_pressure_spot_2bps_15s_eth,queue_pressure_spot_2bps_15s,eth,S1,Pressure,s1_pressure,,15.0,Spot,1258.0,queue_pressure_spot_2bps_15s,False,False,True,spec,queue_pressure_2bps
queue_pressure_spot_2bps_1s_eth,queue_pressure_spot_2bps_1s,eth,S1,Pressure,s1_pressure,,,Spot,1259.0,queue_pressure_spot_2bps_1s,False,False,True,spec,queue_pressure_2bps
queue_pressure_spot_2bps_5s_eth,queue_pressure_spot_2bps_5s,eth,S1,Pressure,s1_pressure,,5.0,Spot,1260.0,queue_pressure_spot_2bps_5s,False,False,True,spec,queue_pressure_2bps
queue_pressure_spot_2bps_60s_eth,queue_pressure_spot_2bps_60s,eth,S1,Pressure,s1_pressure,,60.0,Spot,1261.0,queue_pressure_spot_2bps_60s,False,False,True,spec,queue_pressure_2bps
queue_pressure_spot_5bps_15s_eth,queue_pressure_spot_5bps_15s,eth,S1,Pressure,s1_pressure,,15.0,Spot,1262.0,queue_pressure_spot_5bps_15s,False,False,True,spec,queue_pressure_5bps
queue_pressure_spot_5bps_1s_eth,queue_pressure_spot_5bps_1s,eth,S1,Pressure,s1_pressure,,,Spot,1263.0,queue_pressure_spot_5bps_1s,False,False,True,spec,queue_pressure_5bps
queue_pressure_spot_5bps_5s_eth,queue_pressure_spot_5bps_5s,eth,S1,Pressure,s1_pressure,,5.0,Spot,1264.0,queue_pressure_spot_5bps_5s,False,False,True,spec,queue_pressure_5bps
queue_pressure_spot_5bps_60s_eth,queue_pressure_spot_5bps_60s,eth,S1,Pressure,s1_pressure,,60.0,Spot,1265.0,queue_pressure_spot_5bps_60s,False,False,True,spec,queue_pressure_5bps
lwp_mid_5bps_fut_60s_eth,lwp_mid_5bps_fut_60s,eth,S1,Price,s1_price,,60.0,Futures,1266.0,lwp_mid_5bps_fut_60s,False,False,True,spec,lwp_mid_5bps
lwp_mid_5bps_fut_300s_eth,lwp_mid_5bps_fut_300s,eth,S1,Price,s1_price,,300.0,Futures,1267.0,lwp_mid_5bps_fut_300s,False,False,True,spec,lwp_mid_5bps
lwp_mid_5bps_fut_900s_eth,lwp_mid_5bps_fut_900s,eth,S1,Price,s1_price,,900.0,Futures,1268.0,lwp_mid_5bps_fut_900s,False,False,True,spec,lwp_mid_5bps
lwp_mid_5bps_spot_60s_eth,lwp_mid_5bps_spot_60s,eth,S1,Price,s1_price,,60.0,Spot,1269.0,lwp_mid_5bps_spot_60s,False,False,True,spec,lwp_mid_5bps
lwp_mid_5bps_spot_300s_eth,lwp_mid_5bps_spot_300s,eth,S1,Price,s1_price,,300.0,Spot,1270.0,lwp_mid_5bps_spot_300s,False,False,True,spec,lwp_mid_5bps
lwp_mid_5bps_spot_900s_eth,lwp_mid_5bps_spot_900s,eth,S1,Price,s1_price,,900.0,Spot,1271.0,lwp_mid_5bps_spot_900s,False,False,True,spec,lwp_mid_5bps
lwp_mid_10bps_fut_60s_eth,lwp_mid_10bps_fut_60s,eth,S1,Price,s1_price,,60.0,Futures,1272.0,lwp_mid_10bps_fut_60s,False,False,True,spec,lwp_mid_10bps
lwp_mid_10bps_fut_300s_eth,lwp_mid_10bps_fut_300s,eth,S1,Price,s1_price,,300.0,Futures,1273.0,lwp_mid_10bps_fut_300s,False,False,True,spec,lwp_mid_10bps
lwp_mid_10bps_fut_900s_eth,lwp_mid_10bps_fut_900s,eth,S1,Price,s1_price,,900.0,Futures,1274.0,lwp_mid_10bps_fut_900s,False,False,True,spec,lwp_mid_10bps
lwp_mid_10bps_spot_60s_eth,lwp_mid_10bps_spot_60s,eth,S1,Price,s1_price,,60.0,Spot,1275.0,lwp_mid_10bps_spot_60s,False,False,True,spec,lwp_mid_10bps
lwp_mid_10bps_spot_300s_eth,lwp_mid_10bps_spot_300s,eth,S1,Price,s1_price,,300.0,Spot,1276.0,lwp_mid_10bps_spot_300s,False,False,True,spec,lwp_mid_10bps
lwp_mid_10bps_spot_900s_eth,lwp_mid_10bps_spot_900s,eth,S1,Price,s1_price,,900.0,Spot,1277.0,lwp_mid_10bps_spot_900s,False,False,True,spec,lwp_mid_10bps
lwp_mid_struct50_fut_60s_eth,lwp_mid_struct50_fut_60s,eth,S1,Price,s1_price,,60.0,Futures,1278.0,lwp_mid_struct50_fut_60s,False,False,True,spec,lwp_mid_struct50
lwp_mid_struct50_fut_300s_eth,lwp_mid_struct50_fut_300s,eth,S1,Price,s1_price,,300.0,Futures,1279.0,lwp_mid_struct50_fut_300s,False,False,True,spec,lwp_mid_struct50
lwp_mid_struct50_fut_900s_eth,lwp_mid_struct50_fut_900s,eth,S1,Price,s1_price,,900.0,Futures,1280.0,lwp_mid_struct50_fut_900s,False,False,True,spec,lwp_mid_struct50
lwp_mid_struct50_spot_60s_eth,lwp_mid_struct50_spot_60s,eth,S1,Price,s1_price,,60.0,Spot,1281.0,lwp_mid_struct50_spot_60s,False,False,True,spec,lwp_mid_struct50
lwp_mid_struct50_spot_300s_eth,lwp_mid_struct50_spot_300s,eth,S1,Price,s1_price,,300.0,Spot,1282.0,lwp_mid_struct50_spot_300s,False,False,True,spec,lwp_mid_struct50
lwp_mid_struct50_spot_900s_eth,lwp_mid_struct50_spot_900s,eth,S1,Price,s1_price,,900.0,Spot,1283.0,lwp_mid_struct50_spot_900s,False,False,True,spec,lwp_mid_struct50
lwp_mid_struct100_fut_60s_eth,lwp_mid_struct100_fut_60s,eth,S1,Price,s1_price,,60.0,Futures,1284.0,lwp_mid_struct100_fut_60s,False,False,True,spec,lwp_mid_struct100
lwp_mid_struct100_fut_300s_eth,lwp_mid_struct100_fut_300s,eth,S1,Price,s1_price,,300.0,Futures,1285.0,lwp_mid_struct100_fut_300s,False,False,True,spec,lwp_mid_struct100
lwp_mid_struct100_fut_900s_eth,lwp_mid_struct100_fut_900s,eth,S1,Price,s1_price,,900.0,Futures,1286.0,lwp_mid_struct100_fut_900s,False,False,True,spec,lwp_mid_struct100
lwp_mid_struct100_spot_60s_eth,lwp_mid_struct100_spot_60s,eth,S1,Price,s1_price,,60.0,Spot,1287.0,lwp_mid_struct100_spot_60s,False,False,True,spec,lwp_mid_struct100
lwp_mid_struct100_spot_300s_eth,lwp_mid_struct100_spot_300s,eth,S1,Price,s1_price,,300.0,Spot,1288.0,lwp_mid_struct100_spot_300s,False,False,True,spec,lwp_mid_struct100
lwp_mid_struct100_spot_900s_eth,lwp_mid_struct100_spot_900s,eth,S1,Price,s1_price,,900.0,Spot,1289.0,lwp_mid_struct100_spot_900s,False,False,True,spec,lwp_mid_struct100
basis_1s_eth,basis_1s,eth,S1,Price,s1_price,,,Futures,1290.0,basis_1s,False,False,True,spec,basis
basis_300s_eth,basis_300s,eth,S1,Price,s1_price,,300.0,Futures,1291.0,basis_300s,False,False,True,spec,basis
basis_60s_eth,basis_60s,eth,S1,Price,s1_price,,60.0,Futures,1292.0,basis_60s,False,False,True,spec,basis
spread_fut_300s_eth,spread_fut_300s,eth,S1,Price,s1_price,,300.0,Futures,1293.0,spread_fut_300s,False,False,True,spec,spread
spread_fut_60s_eth,spread_fut_60s,eth,S1,Price,s1_price,,60.0,Futures,1294.0,spread_fut_60s,False,False,True,spec,spread
spread_fut_900s_eth,spread_fut_900s,eth,S1,Price,s1_price,,900.0,Futures,1295.0,spread_fut_900s,False,False,True,spec,spread
spread_spot_300s_eth,spread_spot_300s,eth,S1,Price,s1_price,,300.0,Spot,1296.0,spread_spot_300s,False,False,True,spec,spread
spread_spot_60s_eth,spread_spot_60s,eth,S1,Price,s1_price,,60.0,Spot,1297.0,spread_spot_60s,False,False,True,spec,spread
spread_spot_900s_eth,spread_spot_900s,eth,S1,Price,s1_price,,900.0,Spot,1298.0,spread_spot_900s,False,False,True,spec,spread
vwap_fut_1s_eth,vwap_fut_1s,eth,S1,Price,s1_price,,,Futures,1299.0,vwap_fut_1s,False,False,True,spec,vwap
vwap_spot_1s_eth,vwap_spot_1s,eth,S1,Price,s1_price,,,Spot,1300.0,vwap_spot_1s,False,False,True,spec,vwap
range_pct_spot_3600s_eth,range_pct_spot_3600s,eth,S1,Range,s1_range,,3600.0,Spot,1301.0,range_pct_spot_3600s,False,False,True,spec,range_pct
range_pos_spot_3600s_eth,range_pos_spot_3600s,eth,S1,Range,s1_range,,3600.0,Spot,1302.0,range_pos_spot_3600s,False,False,True,spec,range_pos
range_pct_fut_3600s_eth,range_pct_fut_3600s,eth,S1,Range,s1_range,,3600.0,Futures,1303.0,range_pct_fut_3600s,False,False,True,spec,range_pct
range_pos_fut_3600s_eth,range_pos_fut_3600s,eth,S1,Range,s1_range,,3600.0,Futures,1304.0,range_pos_fut_3600s,False,False,True,spec,range_pos
dist_to_day_high_bps_spot_eth,dist_to_day_high_bps_spot,eth,S1,Range,s1_range,,,Spot,1305.0,dist_to_day_high_bps_spot,False,False,True,spec,dist_to_day_high_bps
dist_to_day_low_bps_spot_eth,dist_to_day_low_bps_spot,eth,S1,Range,s1_range,,,Spot,1306.0,dist_to_day_low_bps_spot,False,False,True,spec,dist_to_day_low_bps
range_pos_day_spot_eth,range_pos_day_spot,eth,S1,Range,s1_range,,,Spot,1307.0,range_pos_day_spot,False,False,True,spec,range_pos_day
day_range_bps_spot_eth,day_range_bps_spot,eth,S1,Range,s1_range,,,Spot,1308.0,day_range_bps_spot,False,False,True,spec,day_range_bps
dist_to_day_high_bps_fut_eth,dist_to_day_high_bps_fut,eth,S1,Range,s1_range,,,Futures,1309.0,dist_to_day_high_bps_fut,False,False,True,spec,dist_to_day_high_bps
dist_to_day_low_bps_fut_eth,dist_to_day_low_bps_fut,eth,S1,Range,s1_range,,,Futures,1310.0,dist_to_day_low_bps_fut,False,False,True,spec,dist_to_day_low_bps
range_pos_day_fut_eth,range_pos_day_fut,eth,S1,Range,s1_range,,,Futures,1311.0,range_pos_day_fut,False,False,True,spec,range_pos_day
day_range_bps_fut_eth,day_range_bps_fut,eth,S1,Range,s1_range,,,Futures,1312.0,day_range_bps_fut,False,False,True,spec,day_range_bps
ret_fwd_15s_eth,ret_fwd_15s,eth,S1,Returns,s1_returns,,15.0,Futures,1313.0,ret_fwd_15s,False,True,False,spec,ret_fwd
ret_fwd_1s_eth,ret_fwd_1s,eth,S1,Returns,s1_returns,,1.0,Futures,1314.0,ret_fwd_1s,False,True,False,spec,ret_fwd
ret_fwd_300s_eth,ret_fwd_300s,eth,S1,Returns,s1_returns,,300.0,Futures,1315.0,ret_fwd_300s,False,True,False,spec,ret_fwd
ret_fwd_60s_eth,ret_fwd_60s,eth,S1,Returns,s1_returns,,60.0,Futures,1316.0,ret_fwd_60s,False,True,False,spec,ret_fwd
ret_fwd_900s_eth,ret_fwd_900s,eth,S1,Returns,s1_returns,,900.0,Futures,1317.0,ret_fwd_900s,False,True,False,spec,ret_fwd
ret_mid_fut_1s_eth,ret_mid_fut_1s,eth,S1,Returns,s1_returns,,,Futures,1318.0,ret_mid_fut_1s,False,True,False,spec,ret_mid
ret_mid_spot_1s_eth,ret_mid_spot_1s,eth,S1,Returns,s1_returns,,,Spot,1319.0,ret_mid_spot_1s,False,True,False,spec,ret_mid
ret_fwd_5s_eth,ret_fwd_5s,eth,S1,Returns,s1_returns,,5.0,Futures,1320.0,ret_fwd_5s,False,True,False,spec,ret_fwd
ret_fwd_30s_eth,ret_fwd_30s,eth,S1,Returns,s1_returns,,30.0,Futures,1321.0,ret_fwd_30s,False,True,False,spec,ret_fwd
ret_fwd_120s_eth,ret_fwd_120s,eth,S1,Returns,s1_returns,,120.0,Futures,1322.0,ret_fwd_120s,False,True,False,spec,ret_fwd
mae_fwd_15s_bps_eth,mae_fwd_15s_bps,eth,S1,Forward Excursion,s1_forward_excursion,,15.0,Futures,1323.0,mae_fwd_15s_bps,False,True,False,spec,mae_fwd_bps
mae_fwd_60s_bps_eth,mae_fwd_60s_bps,eth,S1,Forward Excursion,s1_forward_excursion,,60.0,Futures,1324.0,mae_fwd_60s_bps,False,True,False,spec,mae_fwd_bps
mae_fwd_300s_bps_eth,mae_fwd_300s_bps,eth,S1,Forward Excursion,s1_forward_excursion,,300.0,Futures,1325.0,mae_fwd_300s_bps,False,True,False,spec,mae_fwd_bps
mae_fwd_900s_bps_eth,mae_fwd_900s_bps,eth,S1,Forward Excursion,s1_forward_excursion,,900.0,Futures,1326.0,mae_fwd_900s_bps,False,True,False,spec,mae_fwd_bps
mfe_fwd_15s_bps_eth,mfe_fwd_15s_bps,eth,S1,Forward Excursion,s1_forward_excursion,,15.0,Futures,1327.0,mfe_fwd_15s_bps,False,True,False,spec,mfe_fwd_bps
mfe_fwd_60s_bps_eth,mfe_fwd_60s_bps,eth,S1,Forward Excursion,s1_forward_excursion,,60.0,Futures,1328.0,mfe_fwd_60s_bps,False,True,False,spec,mfe_fwd_bps
mfe_fwd_300s_bps_eth,mfe_fwd_300s_bps,eth,S1,Forward Excursion,s1_forward_excursion,,300.0,Futures,1329.0,mfe_fwd_300s_bps,False,True,False,spec,mfe_fwd_bps
mfe_fwd_900s_bps_eth,mfe_fwd_900s_bps,eth,S1,Forward Excursion,s1_forward_excursion,,900.0,Futures,1330.0,mfe_fwd_900s_bps,False,True,False,spec,mfe_fwd_bps
rv_fwd_60s_eth,rv_fwd_60s,eth,S1,Forward RV,s1_forward_rv,,60.0,Futures,1331.0,rv_fwd_60s,False,True,False,spec,rv_fwd
rv_fwd_300s_eth,rv_fwd_300s,eth,S1,Forward RV,s1_forward_rv,,300.0,Futures,1332.0,rv_fwd_300s,False,True,False,spec,rv_fwd
rv_fwd_900s_eth,rv_fwd_900s,eth,S1,Forward RV,s1_forward_rv,,900.0,Futures,1333.0,rv_fwd_900s,False,True,False,spec,rv_fwd
ema_50_5m_fut_eth,ema_50_5m_fut,eth,S1,Trend,s1_trend,,,Futures,1334.0,ema_50_5m_fut,False,False,True,spec,ema_50
ema_50_15m_fut_eth,ema_50_15m_fut,eth,S1,Trend,s1_trend,,,Futures,1335.0,ema_50_15m_fut,False,False,True,spec,ema_50
ema_50_60m_fut_eth,ema_50_60m_fut,eth,S1,Trend,s1_trend,,,Futures,1336.0,ema_50_60m_fut,False,False,True,spec,ema_50
ema_50_240m_fut_eth,ema_50_240m_fut,eth,S1,Trend,s1_trend,,,Futures,1337.0,ema_50_240m_fut,False,False,True,spec,ema_50
ema_200_5m_fut_eth,ema_200_5m_fut,eth,S1,Trend,s1_trend,,,Futures,1338.0,ema_200_5m_fut,False,False,True,spec,ema_200
ema_200_15m_fut_eth,ema_200_15m_fut,eth,S1,Trend,s1_trend,,,Futures,1339.0,ema_200_15m_fut,False,False,True,spec,ema_200
ema_200_60m_fut_eth,ema_200_60m_fut,eth,S1,Trend,s1_trend,,,Futures,1340.0,ema_200_60m_fut,False,False,True,spec,ema_200
ema_200_240m_fut_eth,ema_200_240m_fut,eth,S1,Trend,s1_trend,,,Futures,1341.0,ema_200_240m_fut,False,False,True,spec,ema_200
price_vs_ema_50_5m_bps_fut_eth,price_vs_ema_50_5m_bps_fut,eth,S1,Trend,s1_trend,,,Futures,1342.0,price_vs_ema_50_5m_bps_fut,False,False,True,spec,price_vs_ema_50_bps
price_vs_ema_50_15m_bps_fut_eth,price_vs_ema_50_15m_bps_fut,eth,S1,Trend,s1_trend,,,Futures,1343.0,price_vs_ema_50_15m_bps_fut,False,False,True,spec,price_vs_ema_50_bps
price_vs_ema_50_60m_bps_fut_eth,price_vs_ema_50_60m_bps_fut,eth,S1,Trend,s1_trend,,,Futures,1344.0,price_vs_ema_50_60m_bps_fut,False,False,True,spec,price_vs_ema_50_bps
price_vs_ema_50_240m_bps_fut_eth,price_vs_ema_50_240m_bps_fut,eth,S1,Trend,s1_trend,,,Futures,1345.0,price_vs_ema_50_240m_bps_fut,False,False,True,spec,price_vs_ema_50_bps
price_vs_ema_200_5m_bps_fut_eth,price_vs_ema_200_5m_bps_fut,eth,S1,Trend,s1_trend,,,Futures,1346.0,price_vs_ema_200_5m_bps_fut,False,False,True,spec,price_vs_ema_200_bps
price_vs_ema_200_15m_bps_fut_eth,price_vs_ema_200_15m_bps_fut,eth,S1,Trend,s1_trend,,,Futures,1347.0,price_vs_ema_200_15m_bps_fut,False,False,True,spec,price_vs_ema_200_bps
price_vs_ema_200_60m_bps_fut_eth,price_vs_ema_200_60m_bps_fut,eth,S1,Trend,s1_trend,,,Futures,1348.0,price_vs_ema_200_60m_bps_fut,False,False,True,spec,price_vs_ema_200_bps
price_vs_ema_200_240m_bps_fut_eth,price_vs_ema_200_240m_bps_fut,eth,S1,Trend,s1_trend,,,Futures,1349.0,price_vs_ema_200_240m_bps_fut,False,False,True,spec,price_vs_ema_200_bps
ema_slope_50_15m_bps_fut_eth,ema_slope_50_15m_bps_fut,eth,S1,Trend,s1_trend,,,Futures,1350.0,ema_slope_50_15m_bps_fut,False,False,True,spec,ema_slope_50_bps
ema_slope_50_60m_bps_fut_eth,ema_slope_50_60m_bps_fut,eth,S1,Trend,s1_trend,,,Futures,1351.0,ema_slope_50_60m_bps_fut,False,False,True,spec,ema_slope_50_bps
ema_slope_50_240m_bps_fut_eth,ema_slope_50_240m_bps_fut,eth,S1,Trend,s1_trend,,,Futures,1352.0,ema_slope_50_240m_bps_fut,False,False,True,spec,ema_slope_50_bps
ema_slope_200_15m_bps_fut_eth,ema_slope_200_15m_bps_fut,eth,S1,Trend,s1_trend,,,Futures,1353.0,ema_slope_200_15m_bps_fut,False,False,True,spec,ema_slope_200_bps
ema_slope_200_60m_bps_fut_eth,ema_slope_200_60m_bps_fut,eth,S1,Trend,s1_trend,,,Futures,1354.0,ema_slope_200_60m_bps_fut,False,False,True,spec,ema_slope_200_bps
ema_slope_200_240m_bps_fut_eth,ema_slope_200_240m_bps_fut,eth,S1,Trend,s1_trend,,,Futures,1355.0,ema_slope_200_240m_bps_fut,False,False,True,spec,ema_slope_200_bps
trend_aligned_15m_fut_eth,trend_aligned_15m_fut,eth,S1,Trend,s1_trend,,,Futures,1356.0,trend_aligned_15m_fut,False,False,True,spec,trend_aligned
trend_aligned_60m_fut_eth,trend_aligned_60m_fut,eth,S1,Trend,s1_trend,,,Futures,1357.0,trend_aligned_60m_fut,False,False,True,spec,trend_aligned
trend_aligned_240m_fut_eth,trend_aligned_240m_fut,eth,S1,Trend,s1_trend,,,Futures,1358.0,trend_aligned_240m_fut,False,False,True,spec,trend_aligned
dist_to_week_open_bps_fut_eth,dist_to_week_open_bps_fut,eth,S1,Session Levels,s1_session_levels,,,Futures,1359.0,dist_to_week_open_bps_fut,False,False,True,spec,dist_to_week_open_bps
dist_to_week_high_bps_fut_eth,dist_to_week_high_bps_fut,eth,S1,Session Levels,s1_session_levels,,,Futures,1360.0,dist_to_week_high_bps_fut,False,False,True,spec,dist_to_week_high_bps
dist_to_week_low_bps_fut_eth,dist_to_week_low_bps_fut,eth,S1,Session Levels,s1_session_levels,,,Futures,1361.0,dist_to_week_low_bps_fut,False,False,True,spec,dist_to_week_low_bps
dist_to_prev_week_high_bps_fut_eth,dist_to_prev_week_high_bps_fut,eth,S1,Session Levels,s1_session_levels,,,Futures,1362.0,dist_to_prev_week_high_bps_fut,False,False,True,spec,dist_to_prev_week_high_bps
dist_to_prev_week_low_bps_fut_eth,dist_to_prev_week_low_bps_fut,eth,S1,Session Levels,s1_session_levels,,,Futures,1363.0,dist_to_prev_week_low_bps_fut,False,False,True,spec,dist_to_prev_week_low_bps
dist_to_month_open_bps_fut_eth,dist_to_month_open_bps_fut,eth,S1,Session Levels,s1_session_levels,,,Futures,1364.0,dist_to_month_open_bps_fut,False,False,True,spec,dist_to_month_open_bps
dist_to_month_high_bps_fut_eth,dist_to_month_high_bps_fut,eth,S1,Session Levels,s1_session_levels,,,Futures,1365.0,dist_to_month_high_bps_fut,False,False,True,spec,dist_to_month_high_bps
dist_to_month_low_bps_fut_eth,dist_to_month_low_bps_fut,eth,S1,Session Levels,s1_session_levels,,,Futures,1366.0,dist_to_month_low_bps_fut,False,False,True,spec,dist_to_month_low_bps
dist_to_prev_month_high_bps_fut_eth,dist_to_prev_month_high_bps_fut,eth,S1,Session Levels,s1_session_levels,,,Futures,1367.0,dist_to_prev_month_high_bps_fut,False,False,True,spec,dist_to_prev_month_high_bps
dist_to_prev_month_low_bps_fut_eth,dist_to_prev_month_low_bps_fut,eth,S1,Session Levels,s1_session_levels,,,Futures,1368.0,dist_to_prev_month_low_bps_fut,False,False,True,spec,dist_to_prev_month_low_bps
dist_to_monday_high_bps_fut_eth,dist_to_monday_high_bps_fut,eth,S1,Session Levels,s1_session_levels,,,Futures,1369.0,dist_to_monday_high_bps_fut,False,False,True,spec,dist_to_monday_high_bps
dist_to_monday_low_bps_fut_eth,dist_to_monday_low_bps_fut,eth,S1,Session Levels,s1_session_levels,,,Futures,1370.0,dist_to_monday_low_bps_fut,False,False,True,spec,dist_to_monday_low_bps
dist_to_prev_day_high_bps_fut_eth,dist_to_prev_day_high_bps_fut,eth,S1,Session Levels,s1_session_levels,,,Futures,1371.0,dist_to_prev_day_high_bps_fut,False,False,True,spec,dist_to_prev_day_high_bps
dist_to_prev_day_low_bps_fut_eth,dist_to_prev_day_low_bps_fut,eth,S1,Session Levels,s1_session_levels,,,Futures,1372.0,dist_to_prev_day_low_bps_fut,False,False,True,spec,dist_to_prev_day_low_bps
range_pos_week_fut_eth,range_pos_week_fut,eth,S1,Session Levels,s1_session_levels,,,Futures,1373.0,range_pos_week_fut,False,False,True,spec,range_pos_week
range_pos_month_fut_eth,range_pos_month_fut,eth,S1,Session Levels,s1_session_levels,,,Futures,1374.0,range_pos_month_fut,False,False,True,spec,range_pos_month
week_range_bps_fut_eth,week_range_bps_fut,eth,S1,Session Levels,s1_session_levels,,,Futures,1375.0,week_range_bps_fut,False,False,True,spec,week_range_bps
month_range_bps_fut_eth,month_range_bps_fut,eth,S1,Session Levels,s1_session_levels,,,Futures,1376.0,month_range_bps_fut,False,False,True,spec,month_range_bps
above_week_open_fut_eth,above_week_open_fut,eth,S1,Level Events,s1_level_events,,,Futures,1391.0,above_week_open_fut,False,False,True,spec,above_week_open
above_prev_day_high_fut_eth,above_prev_day_high_fut,eth,S1,Level Events,s1_level_events,,,Futures,1392.0,above_prev_day_high_fut,False,False,True,spec,above_prev_day_high
below_prev_day_low_fut_eth,below_prev_day_low_fut,eth,S1,Level Events,s1_level_events,,,Futures,1393.0,below_prev_day_low_fut,False,False,True,spec,below_prev_day_low
above_prev_week_high_fut_eth,above_prev_week_high_fut,eth,S1,Level Events,s1_level_events,,,Futures,1394.0,above_prev_week_high_fut,False,False,True,spec,above_prev_week_high
below_prev_week_low_fut_eth,below_prev_week_low_fut,eth,S1,Level Events,s1_level_events,,,Futures,1395.0,below_prev_week_low_fut,False,False,True,spec,below_prev_week_low
reclaimed_week_open_300s_fut_eth,reclaimed_week_open_300s_fut,eth,S1,Level Events,s1_level_events,,300.0,Futures,1396.0,reclaimed_week_open_300s_fut,False,False,True,spec,reclaimed_week_open
reclaimed_week_open_900s_fut_eth,reclaimed_week_open_900s_fut,eth,S1,Level Events,s1_level_events,,900.0,Futures,1397.0,reclaimed_week_open_900s_fut,False,False,True,spec,reclaimed_week_open
broke_prev_day_high_60s_fut_eth,broke_prev_day_high_60s_fut,eth,S1,Level Events,s1_level_events,,60.0,Futures,1398.0,broke_prev_day_high_60s_fut,False,False,True,spec,broke_prev_day_high
broke_prev_day_high_300s_fut_eth,broke_prev_day_high_300s_fut,eth,S1,Level Events,s1_level_events,,300.0,Futures,1399.0,broke_prev_day_high_300s_fut,False,False,True,spec,broke_prev_day_high
broke_prev_day_high_900s_fut_eth,broke_prev_day_high_900s_fut,eth,S1,Level Events,s1_level_events,,900.0,Futures,1400.0,broke_prev_day_high_900s_fut,False,False,True,spec,broke_prev_day_high
broke_prev_week_high_300s_fut_eth,broke_prev_week_high_300s_fut,eth,S1,Level Events,s1_level_events,,300.0,Futures,1401.0,broke_prev_week_high_300s_fut,False,False,True,spec,broke_prev_week_high
broke_prev_week_high_900s_fut_eth,broke_prev_week_high_900s_fut,eth,S1,Level Events,s1_level_events,,900.0,Futures,1402.0,broke_prev_week_high_900s_fut,False,False,True,spec,broke_prev_week_high
broke_prev_day_low_60s_fut_eth,broke_prev_day_low_60s_fut,eth,S1,Level Events,s1_level_events,,60.0,Futures,1403.0,broke_prev_day_low_60s_fut,False,False,True,spec,broke_prev_day_low
broke_prev_day_low_300s_fut_eth,broke_prev_day_low_300s_fut,eth,S1,Level Events,s1_level_events,,300.0,Futures,1404.0,broke_prev_day_low_300s_fut,False,False,True,spec,broke_prev_day_low
broke_prev_day_low_900s_fut_eth,broke_prev_day_low_900s_fut,eth,S1,Level Events,s1_level_events,,900.0,Futures,1405.0,broke_prev_day_low_900s_fut,False,False,True,spec,broke_prev_day_low
broke_prev_week_low_300s_fut_eth,broke_prev_week_low_300s_fut,eth,S1,Level Events,s1_level_events,,300.0,Futures,1406.0,broke_prev_week_low_300s_fut,False,False,True,spec,broke_prev_week_low
broke_prev_week_low_900s_fut_eth,broke_prev_week_low_900s_fut,eth,S1,Level Events,s1_level_events,,900.0,Futures,1407.0,broke_prev_week_low_900s_fut,False,False,True,spec,broke_prev_week_low
dist_to_fib_382_week_bps_fut_eth,dist_to_fib_382_week_bps_fut,eth,S1,Range,s1_range,,,Futures,1408.0,dist_to_fib_382_week_bps_fut,False,False,True,spec,dist_to_fib_382_week_bps
dist_to_fib_500_week_bps_fut_eth,dist_to_fib_500_week_bps_fut,eth,S1,Range,s1_range,,,Futures,1409.0,dist_to_fib_500_week_bps_fut,False,False,True,spec,dist_to_fib_500_week_bps
dist_to_fib_618_week_bps_fut_eth,dist_to_fib_618_week_bps_fut,eth,S1,Range,s1_range,,,Futures,1410.0,dist_to_fib_618_week_bps_fut,False,False,True,spec,dist_to_fib_618_week_bps
dist_to_fib_786_week_bps_fut_eth,dist_to_fib_786_week_bps_fut,eth,S1,Range,s1_range,,,Futures,1411.0,dist_to_fib_786_week_bps_fut,False,False,True,spec,dist_to_fib_786_week_bps
dist_to_fib_382_month_bps_fut_eth,dist_to_fib_382_month_bps_fut,eth,S1,Range,s1_range,,,Futures,1412.0,dist_to_fib_382_month_bps_fut,False,False,True,spec,dist_to_fib_382_month_bps
dist_to_fib_618_month_bps_fut_eth,dist_to_fib_618_month_bps_fut,eth,S1,Range,s1_range,,,Futures,1413.0,dist_to_fib_618_month_bps_fut,False,False,True,spec,dist_to_fib_618_month_bps
dist_to_poc_60m_bps_fut_eth,dist_to_poc_60m_bps_fut,eth,S1,Volume Profile,s1_volume_profile,,,Futures,1414.0,dist_to_poc_60m_bps_fut,False,False,True,spec,dist_to_poc_bps
dist_to_poc_240m_bps_fut_eth,dist_to_poc_240m_bps_fut,eth,S1,Volume Profile,s1_volume_profile,,,Futures,1415.0,dist_to_poc_240m_bps_fut,False,False,True,spec,dist_to_poc_bps
dist_to_poc_1d_bps_fut_eth,dist_to_poc_1d_bps_fut,eth,S1,Volume Profile,s1_volume_profile,,,Futures,1416.0,dist_to_poc_1d_bps_fut,False,False,True,spec,dist_to_poc_bps
dist_to_vah_60m_bps_fut_eth,dist_to_vah_60m_bps_fut,eth,S1,Volume Profile,s1_volume_profile,,,Futures,1417.0,dist_to_vah_60m_bps_fut,False,False,True,spec,dist_to_vah_bps
dist_to_vah_240m_bps_fut_eth,dist_to_vah_240m_bps_fut,eth,S1,Volume Profile,s1_volume_profile,,,Futures,1418.0,dist_to_vah_240m_bps_fut,False,False,True,spec,dist_to_vah_bps
dist_to_vah_1d_bps_fut_eth,dist_to_vah_1d_bps_fut,eth,S1,Volume Profile,s1_volume_profile,,,Futures,1419.0,dist_to_vah_1d_bps_fut,False,False,True,spec,dist_to_vah_bps
dist_to_val_60m_bps_fut_eth,dist_to_val_60m_bps_fut,eth,S1,Volume Profile,s1_volume_profile,,,Futures,1420.0,dist_to_val_60m_bps_fut,False,False,True,spec,dist_to_val_bps
dist_to_val_240m_bps_fut_eth,dist_to_val_240m_bps_fut,eth,S1,Volume Profile,s1_volume_profile,,,Futures,1421.0,dist_to_val_240m_bps_fut,False,False,True,spec,dist_to_val_bps
dist_to_val_1d_bps_fut_eth,dist_to_val_1d_bps_fut,eth,S1,Volume Profile,s1_volume_profile,,,Futures,1422.0,dist_to_val_1d_bps_fut,False,False,True,spec,dist_to_val_bps
price_vs_va_60m_fut_eth,price_vs_va_60m_fut,eth,S1,Volume Profile,s1_volume_profile,,,Futures,1423.0,price_vs_va_60m_fut,False,False,True,spec,price_vs_va
price_vs_va_240m_fut_eth,price_vs_va_240m_fut,eth,S1,Volume Profile,s1_volume_profile,,,Futures,1424.0,price_vs_va_240m_fut,False,False,True,spec,price_vs_va
price_vs_va_1d_fut_eth,price_vs_va_1d_fut,eth,S1,Volume Profile,s1_volume_profile,,,Futures,1425.0,price_vs_va_1d_fut,False,False,True,spec,price_vs_va
absorption_asymmetry_fut_1bps_15s_eth,absorption_asymmetry_fut_1bps_15s,eth,S2,Absorption,s2_absorption,,15.0,Futures,2000.0,absorption_asymmetry_fut_1bps_15s,False,False,True,spec,absorption_asymmetry_1bps
absorption_asymmetry_spot_1bps_15s_eth,absorption_asymmetry_spot_1bps_15s,eth,S2,Absorption,s2_absorption,,15.0,Spot,2001.0,absorption_asymmetry_spot_1bps_15s,False,False,True,spec,absorption_asymmetry_1bps
aggressor_absorption_ratio_fut_2bps_60s_eth,aggressor_absorption_ratio_fut_2bps_60s,eth,S2,Absorption,s2_absorption,,60.0,Futures,2002.0,aggressor_absorption_ratio_fut_2bps_60s,False,False,True,spec,aggressor_absorption_ratio_2bps
aggressor_absorption_ratio_fut_5bps_60s_eth,aggressor_absorption_ratio_fut_5bps_60s,eth,S2,Absorption,s2_absorption,,60.0,Futures,2003.0,aggressor_absorption_ratio_fut_5bps_60s,False,False,True,spec,aggressor_absorption_ratio_5bps
aggressor_absorption_ratio_spot_2bps_60s_eth,aggressor_absorption_ratio_spot_2bps_60s,eth,S2,Absorption,s2_absorption,,60.0,Spot,2004.0,aggressor_absorption_ratio_spot_2bps_60s,False,False,True,spec,aggressor_absorption_ratio_2bps
aggressor_absorption_ratio_spot_5bps_60s_eth,aggressor_absorption_ratio_spot_5bps_60s,eth,S2,Absorption,s2_absorption,,60.0,Spot,2005.0,aggressor_absorption_ratio_spot_5bps_60s,False,False,True,spec,aggressor_absorption_ratio_5bps
absorption_volume_ask_fut_1bps_60s_eth,absorption_volume_ask_fut_1bps_60s,eth,S2,Absorption,s2_absorption,,60.0,Futures,2006.0,absorption_volume_ask_fut_1bps_60s,False,False,True,spec,absorption_volume_ask_1bps
absorption_volume_ask_spot_1bps_60s_eth,absorption_volume_ask_spot_1bps_60s,eth,S2,Absorption,s2_absorption,,60.0,Spot,2007.0,absorption_volume_ask_spot_1bps_60s,False,False,True,spec,absorption_volume_ask_1bps
absorption_volume_bid_fut_1bps_60s_eth,absorption_volume_bid_fut_1bps_60s,eth,S2,Absorption,s2_absorption,,60.0,Futures,2008.0,absorption_volume_bid_fut_1bps_60s,False,False,True,spec,absorption_volume_bid_1bps
absorption_volume_bid_spot_1bps_60s_eth,absorption_volume_bid_spot_1bps_60s,eth,S2,Absorption,s2_absorption,,60.0,Spot,2009.0,absorption_volume_bid_spot_1bps_60s,False,False,True,spec,absorption_volume_bid_1bps
absorb_refill_ask_fut_10bps_1s_eth,absorb_refill_ask_fut_10bps_1s,eth,S2,Absorption,s2_absorption,,1.0,Futures,2010.0,absorb_refill_ask_fut_10bps_1s,False,False,True,spec,absorb_refill_ask_10bps
absorb_refill_ask_fut_2bps_1s_eth,absorb_refill_ask_fut_2bps_1s,eth,S2,Absorption,s2_absorption,,1.0,Futures,2011.0,absorb_refill_ask_fut_2bps_1s,False,False,True,spec,absorb_refill_ask_2bps
absorb_refill_ask_fut_5bps_1s_eth,absorb_refill_ask_fut_5bps_1s,eth,S2,Absorption,s2_absorption,,1.0,Futures,2012.0,absorb_refill_ask_fut_5bps_1s,False,False,True,spec,absorb_refill_ask_5bps
absorb_refill_ask_spot_10bps_1s_eth,absorb_refill_ask_spot_10bps_1s,eth,S2,Absorption,s2_absorption,,1.0,Spot,2013.0,absorb_refill_ask_spot_10bps_1s,False,False,True,spec,absorb_refill_ask_10bps
absorb_refill_ask_spot_2bps_1s_eth,absorb_refill_ask_spot_2bps_1s,eth,S2,Absorption,s2_absorption,,1.0,Spot,2014.0,absorb_refill_ask_spot_2bps_1s,False,False,True,spec,absorb_refill_ask_2bps
absorb_refill_ask_spot_5bps_1s_eth,absorb_refill_ask_spot_5bps_1s,eth,S2,Absorption,s2_absorption,,1.0,Spot,2015.0,absorb_refill_ask_spot_5bps_1s,False,False,True,spec,absorb_refill_ask_5bps
absorb_refill_bid_fut_10bps_1s_eth,absorb_refill_bid_fut_10bps_1s,eth,S2,Absorption,s2_absorption,,1.0,Futures,2016.0,absorb_refill_bid_fut_10bps_1s,False,False,True,spec,absorb_refill_bid_10bps
absorb_refill_bid_fut_2bps_1s_eth,absorb_refill_bid_fut_2bps_1s,eth,S2,Absorption,s2_absorption,,1.0,Futures,2017.0,absorb_refill_bid_fut_2bps_1s,False,False,True,spec,absorb_refill_bid_2bps
absorb_refill_bid_fut_5bps_1s_eth,absorb_refill_bid_fut_5bps_1s,eth,S2,Absorption,s2_absorption,,1.0,Futures,2018.0,absorb_refill_bid_fut_5bps_1s,False,False,True,spec,absorb_refill_bid_5bps
absorb_refill_bid_spot_10bps_1s_eth,absorb_refill_bid_spot_10bps_1s,eth,S2,Absorption,s2_absorption,,1.0,Spot,2019.0,absorb_refill_bid_spot_10bps_1s,False,False,True,spec,absorb_refill_bid_10bps
absorb_refill_bid_spot_2bps_1s_eth,absorb_refill_bid_spot_2bps_1s,eth,S2,Absorption,s2_absorption,,1.0,Spot,2020.0,absorb_refill_bid_spot_2bps_1s,False,False,True,spec,absorb_refill_bid_2bps
absorb_refill_bid_spot_5bps_1s_eth,absorb_refill_bid_spot_5bps_1s,eth,S2,Absorption,s2_absorption,,1.0,Spot,2021.0,absorb_refill_bid_spot_5bps_1s,False,False,True,spec,absorb_refill_bid_5bps
trade_absorption_ratio_fut_1s_eth,trade_absorption_ratio_fut_1s,eth,S2,Absorption,s2_absorption,,1.0,Futures,2022.0,trade_absorption_ratio_fut_1s,False,False,True,spec,trade_absorption_ratio
trade_absorption_ratio_spot_1s_eth,trade_absorption_ratio_spot_1s,eth,S2,Absorption,s2_absorption,,1.0,Spot,2023.0,trade_absorption_ratio_spot_1s,False,False,True,spec,trade_absorption_ratio
avg_trade_size_fut_300s_eth,avg_trade_size_fut_300s,eth,S2,Activity,s2_activity,,300.0,Futures,2024.0,avg_trade_size_fut_300s,False,False,True,spec,avg_trade_size
avg_trade_size_fut_60s_eth,avg_trade_size_fut_60s,eth,S2,Activity,s2_activity,,60.0,Futures,2025.0,avg_trade_size_fut_60s,False,False,True,spec,avg_trade_size
avg_trade_size_fut_900s_eth,avg_trade_size_fut_900s,eth,S2,Activity,s2_activity,,900.0,Futures,2026.0,avg_trade_size_fut_900s,False,False,True,spec,avg_trade_size
avg_trade_size_spot_300s_eth,avg_trade_size_spot_300s,eth,S2,Activity,s2_activity,,300.0,Spot,2027.0,avg_trade_size_spot_300s,False,False,True,spec,avg_trade_size
avg_trade_size_spot_60s_eth,avg_trade_size_spot_60s,eth,S2,Activity,s2_activity,,60.0,Spot,2028.0,avg_trade_size_spot_60s,False,False,True,spec,avg_trade_size
avg_trade_size_spot_900s_eth,avg_trade_size_spot_900s,eth,S2,Activity,s2_activity,,900.0,Spot,2029.0,avg_trade_size_spot_900s,False,False,True,spec,avg_trade_size
l2_update_count_fut_5bps_5s_eth,l2_update_count_fut_5bps_5s,eth,S2,Activity,s2_activity,,5.0,Futures,2030.0,l2_update_count_fut_5bps_5s,False,False,True,spec,l2_update_count_5bps
l2_update_count_spot_5bps_5s_eth,l2_update_count_spot_5bps_5s,eth,S2,Activity,s2_activity,,5.0,Spot,2031.0,l2_update_count_spot_5bps_5s,False,False,True,spec,l2_update_count_5bps
taker_imbalance_fut_15s_eth,taker_imbalance_fut_15s,eth,S2,Aggression,s2_aggression,,15.0,Futures,2032.0,taker_imbalance_fut_15s,False,False,True,spec,taker_imbalance
taker_imbalance_fut_300s_eth,taker_imbalance_fut_300s,eth,S2,Aggression,s2_aggression,,300.0,Futures,2033.0,taker_imbalance_fut_300s,False,False,True,spec,taker_imbalance
taker_imbalance_fut_5s_eth,taker_imbalance_fut_5s,eth,S2,Aggression,s2_aggression,,5.0,Futures,2034.0,taker_imbalance_fut_5s,False,False,True,spec,taker_imbalance
taker_imbalance_fut_900s_eth,taker_imbalance_fut_900s,eth,S2,Aggression,s2_aggression,,900.0,Futures,2035.0,taker_imbalance_fut_900s,False,False,True,spec,taker_imbalance
taker_imbalance_spot_15s_eth,taker_imbalance_spot_15s,eth,S2,Aggression,s2_aggression,,15.0,Spot,2036.0,taker_imbalance_spot_15s,False,False,True,spec,taker_imbalance
taker_imbalance_spot_300s_eth,taker_imbalance_spot_300s,eth,S2,Aggression,s2_aggression,,300.0,Spot,2037.0,taker_imbalance_spot_300s,False,False,True,spec,taker_imbalance
taker_imbalance_spot_5s_eth,taker_imbalance_spot_5s,eth,S2,Aggression,s2_aggression,,5.0,Spot,2038.0,taker_imbalance_spot_5s,False,False,True,spec,taker_imbalance
taker_imbalance_spot_900s_eth,taker_imbalance_spot_900s,eth,S2,Aggression,s2_aggression,,900.0,Spot,2039.0,taker_imbalance_spot_900s,False,False,True,spec,taker_imbalance
taker_imbalance_fut_60s_eth,taker_imbalance_fut_60s,eth,S2,Aggression,s2_aggression,,60.0,Futures,2040.0,taker_imbalance_fut_60s,False,False,True,spec,taker_imbalance
taker_imbalance_spot_60s_eth,taker_imbalance_spot_60s,eth,S2,Aggression,s2_aggression,,60.0,Spot,2041.0,taker_imbalance_spot_60s,False,False,True,spec,taker_imbalance
depth_gradient_fut_struct100_1s_eth,depth_gradient_fut_struct100_1s,eth,S2,Bookshape,s2_bookshape,,1.0,Futures,2042.0,depth_gradient_fut_struct100_1s,False,False,True,spec,depth_gradient_struct100
depth_gradient_fut_struct50_1s_eth,depth_gradient_fut_struct50_1s,eth,S2,Bookshape,s2_bookshape,,1.0,Futures,2043.0,depth_gradient_fut_struct50_1s,False,False,True,spec,depth_gradient_struct50
depth_gradient_spot_struct100_1s_eth,depth_gradient_spot_struct100_1s,eth,S2,Bookshape,s2_bookshape,,1.0,Spot,2044.0,depth_gradient_spot_struct100_1s,False,False,True,spec,depth_gradient_struct100
depth_gradient_spot_struct50_1s_eth,depth_gradient_spot_struct50_1s,eth,S2,Bookshape,s2_bookshape,,1.0,Spot,2045.0,depth_gradient_spot_struct50_1s,False,False,True,spec,depth_gradient_struct50
liq_concentration_fut_struct100_1s_eth,liq_concentration_fut_struct100_1s,eth,S2,Bookshape,s2_bookshape,,1.0,Futures,2046.0,liq_concentration_fut_struct100_1s,False,False,True,spec,liq_concentration_struct100
liq_concentration_fut_struct50_1s_eth,liq_concentration_fut_struct50_1s,eth,S2,Bookshape,s2_bookshape,,1.0,Futures,2047.0,liq_concentration_fut_struct50_1s,False,False,True,spec,liq_concentration_struct50
liq_concentration_spot_struct100_1s_eth,liq_concentration_spot_struct100_1s,eth,S2,Bookshape,s2_bookshape,,1.0,Spot,2048.0,liq_concentration_spot_struct100_1s,False,False,True,spec,liq_concentration_struct100
liq_concentration_spot_struct50_1s_eth,liq_concentration_spot_struct50_1s,eth,S2,Bookshape,s2_bookshape,,1.0,Spot,2049.0,liq_concentration_spot_struct50_1s,False,False,True,spec,liq_concentration_struct50
book_asymmetry_fut_struct100_300s_eth,book_asymmetry_fut_struct100_300s,eth,S2,Bookshape,s2_bookshape,,300.0,Futures,2050.0,book_asymmetry_fut_struct100_300s,False,False,True,spec,book_asymmetry_struct100
book_asymmetry_fut_struct100_60s_eth,book_asymmetry_fut_struct100_60s,eth,S2,Bookshape,s2_bookshape,,60.0,Futures,2051.0,book_asymmetry_fut_struct100_60s,False,False,True,spec,book_asymmetry_struct100
book_asymmetry_fut_struct100_900s_eth,book_asymmetry_fut_struct100_900s,eth,S2,Bookshape,s2_bookshape,,900.0,Futures,2052.0,book_asymmetry_fut_struct100_900s,False,False,True,spec,book_asymmetry_struct100
book_asymmetry_fut_struct50_300s_eth,book_asymmetry_fut_struct50_300s,eth,S2,Bookshape,s2_bookshape,,300.0,Futures,2053.0,book_asymmetry_fut_struct50_300s,False,False,True,spec,book_asymmetry_struct50
book_asymmetry_fut_struct50_60s_eth,book_asymmetry_fut_struct50_60s,eth,S2,Bookshape,s2_bookshape,,60.0,Futures,2054.0,book_asymmetry_fut_struct50_60s,False,False,True,spec,book_asymmetry_struct50
book_asymmetry_fut_struct50_900s_eth,book_asymmetry_fut_struct50_900s,eth,S2,Bookshape,s2_bookshape,,900.0,Futures,2055.0,book_asymmetry_fut_struct50_900s,False,False,True,spec,book_asymmetry_struct50
book_asymmetry_spot_struct100_300s_eth,book_asymmetry_spot_struct100_300s,eth,S2,Bookshape,s2_bookshape,,300.0,Spot,2056.0,book_asymmetry_spot_struct100_300s,False,False,True,spec,book_asymmetry_struct100
book_asymmetry_spot_struct100_60s_eth,book_asymmetry_spot_struct100_60s,eth,S2,Bookshape,s2_bookshape,,60.0,Spot,2057.0,book_asymmetry_spot_struct100_60s,False,False,True,spec,book_asymmetry_struct100
book_asymmetry_spot_struct100_900s_eth,book_asymmetry_spot_struct100_900s,eth,S2,Bookshape,s2_bookshape,,900.0,Spot,2058.0,book_asymmetry_spot_struct100_900s,False,False,True,spec,book_asymmetry_struct100
book_asymmetry_spot_struct50_300s_eth,book_asymmetry_spot_struct50_300s,eth,S2,Bookshape,s2_bookshape,,300.0,Spot,2059.0,book_asymmetry_spot_struct50_300s,False,False,True,spec,book_asymmetry_struct50
book_asymmetry_spot_struct50_60s_eth,book_asymmetry_spot_struct50_60s,eth,S2,Bookshape,s2_bookshape,,60.0,Spot,2060.0,book_asymmetry_spot_struct50_60s,False,False,True,spec,book_asymmetry_struct50
book_asymmetry_spot_struct50_900s_eth,book_asymmetry_spot_struct50_900s,eth,S2,Bookshape,s2_bookshape,,900.0,Spot,2061.0,book_asymmetry_spot_struct50_900s,False,False,True,spec,book_asymmetry_struct50
liq_sum_fut_300s_eth,liq_sum_fut_300s,eth,S2,Bookshape,s2_bookshape,,300.0,Futures,2062.0,liq_sum_fut_300s,False,False,True,spec,liq_sum
liq_sum_fut_60s_eth,liq_sum_fut_60s,eth,S2,Bookshape,s2_bookshape,,60.0,Futures,2063.0,liq_sum_fut_60s,False,False,True,spec,liq_sum
liq_sum_fut_900s_eth,liq_sum_fut_900s,eth,S2,Bookshape,s2_bookshape,,900.0,Futures,2064.0,liq_sum_fut_900s,False,False,True,spec,liq_sum
liq_sum_spot_300s_eth,liq_sum_spot_300s,eth,S2,Bookshape,s2_bookshape,,300.0,Spot,2065.0,liq_sum_spot_300s,False,False,True,spec,liq_sum
liq_sum_spot_60s_eth,liq_sum_spot_60s,eth,S2,Bookshape,s2_bookshape,,60.0,Spot,2066.0,liq_sum_spot_60s,False,False,True,spec,liq_sum
liq_sum_spot_900s_eth,liq_sum_spot_900s,eth,S2,Bookshape,s2_bookshape,,900.0,Spot,2067.0,liq_sum_spot_900s,False,False,True,spec,liq_sum
max_liq_distance_ask_fut_5bps_300s_eth,max_liq_distance_ask_fut_5bps_300s,eth,S2,Bookshape,s2_bookshape,,300.0,Futures,2068.0,max_liq_distance_ask_fut_5bps_300s,False,False,True,spec,max_liq_distance_ask_5bps
max_liq_distance_ask_fut_5bps_60s_eth,max_liq_distance_ask_fut_5bps_60s,eth,S2,Bookshape,s2_bookshape,,60.0,Futures,2069.0,max_liq_distance_ask_fut_5bps_60s,False,False,True,spec,max_liq_distance_ask_5bps
max_liq_distance_ask_spot_5bps_300s_eth,max_liq_distance_ask_spot_5bps_300s,eth,S2,Bookshape,s2_bookshape,,300.0,Spot,2070.0,max_liq_distance_ask_spot_5bps_300s,False,False,True,spec,max_liq_distance_ask_5bps
max_liq_distance_ask_spot_5bps_60s_eth,max_liq_distance_ask_spot_5bps_60s,eth,S2,Bookshape,s2_bookshape,,60.0,Spot,2071.0,max_liq_distance_ask_spot_5bps_60s,False,False,True,spec,max_liq_distance_ask_5bps
max_liq_distance_bid_fut_5bps_300s_eth,max_liq_distance_bid_fut_5bps_300s,eth,S2,Bookshape,s2_bookshape,,300.0,Futures,2072.0,max_liq_distance_bid_fut_5bps_300s,False,False,True,spec,max_liq_distance_bid_5bps
max_liq_distance_bid_fut_5bps_60s_eth,max_liq_distance_bid_fut_5bps_60s,eth,S2,Bookshape,s2_bookshape,,60.0,Futures,2073.0,max_liq_distance_bid_fut_5bps_60s,False,False,True,spec,max_liq_distance_bid_5bps
max_liq_distance_bid_spot_5bps_300s_eth,max_liq_distance_bid_spot_5bps_300s,eth,S2,Bookshape,s2_bookshape,,300.0,Spot,2074.0,max_liq_distance_bid_spot_5bps_300s,False,False,True,spec,max_liq_distance_bid_5bps
max_liq_distance_bid_spot_5bps_60s_eth,max_liq_distance_bid_spot_5bps_60s,eth,S2,Bookshape,s2_bookshape,,60.0,Spot,2075.0,max_liq_distance_bid_spot_5bps_60s,False,False,True,spec,max_liq_distance_bid_5bps
depth_gradient_ask_fut_struct100_300s_eth,depth_gradient_ask_fut_struct100_300s,eth,S2,Bookshape,s2_bookshape,,300.0,Futures,2076.0,depth_gradient_ask_fut_struct100_300s,False,False,True,spec,depth_gradient_ask_struct100
depth_gradient_ask_fut_struct100_60s_eth,depth_gradient_ask_fut_struct100_60s,eth,S2,Bookshape,s2_bookshape,,60.0,Futures,2077.0,depth_gradient_ask_fut_struct100_60s,False,False,True,spec,depth_gradient_ask_struct100
depth_gradient_ask_fut_struct100_900s_eth,depth_gradient_ask_fut_struct100_900s,eth,S2,Bookshape,s2_bookshape,,900.0,Futures,2078.0,depth_gradient_ask_fut_struct100_900s,False,False,True,spec,depth_gradient_ask_struct100
depth_gradient_ask_fut_struct50_300s_eth,depth_gradient_ask_fut_struct50_300s,eth,S2,Bookshape,s2_bookshape,,300.0,Futures,2079.0,depth_gradient_ask_fut_struct50_300s,False,False,True,spec,depth_gradient_ask_struct50
depth_gradient_ask_fut_struct50_60s_eth,depth_gradient_ask_fut_struct50_60s,eth,S2,Bookshape,s2_bookshape,,60.0,Futures,2080.0,depth_gradient_ask_fut_struct50_60s,False,False,True,spec,depth_gradient_ask_struct50
depth_gradient_ask_fut_struct50_900s_eth,depth_gradient_ask_fut_struct50_900s,eth,S2,Bookshape,s2_bookshape,,900.0,Futures,2081.0,depth_gradient_ask_fut_struct50_900s,False,False,True,spec,depth_gradient_ask_struct50
depth_gradient_ask_spot_struct100_300s_eth,depth_gradient_ask_spot_struct100_300s,eth,S2,Bookshape,s2_bookshape,,300.0,Spot,2082.0,depth_gradient_ask_spot_struct100_300s,False,False,True,spec,depth_gradient_ask_struct100
depth_gradient_ask_spot_struct100_60s_eth,depth_gradient_ask_spot_struct100_60s,eth,S2,Bookshape,s2_bookshape,,60.0,Spot,2083.0,depth_gradient_ask_spot_struct100_60s,False,False,True,spec,depth_gradient_ask_struct100
depth_gradient_ask_spot_struct100_900s_eth,depth_gradient_ask_spot_struct100_900s,eth,S2,Bookshape,s2_bookshape,,900.0,Spot,2084.0,depth_gradient_ask_spot_struct100_900s,False,False,True,spec,depth_gradient_ask_struct100
depth_gradient_ask_spot_struct50_300s_eth,depth_gradient_ask_spot_struct50_300s,eth,S2,Bookshape,s2_bookshape,,300.0,Spot,2085.0,depth_gradient_ask_spot_struct50_300s,False,False,True,spec,depth_gradient_ask_struct50
depth_gradient_ask_spot_struct50_60s_eth,depth_gradient_ask_spot_struct50_60s,eth,S2,Bookshape,s2_bookshape,,60.0,Spot,2086.0,depth_gradient_ask_spot_struct50_60s,False,False,True,spec,depth_gradient_ask_struct50
depth_gradient_ask_spot_struct50_900s_eth,depth_gradient_ask_spot_struct50_900s,eth,S2,Bookshape,s2_bookshape,,900.0,Spot,2087.0,depth_gradient_ask_spot_struct50_900s,False,False,True,spec,depth_gradient_ask_struct50
depth_gradient_bid_fut_struct100_300s_eth,depth_gradient_bid_fut_struct100_300s,eth,S2,Bookshape,s2_bookshape,,300.0,Futures,2088.0,depth_gradient_bid_fut_struct100_300s,False,False,True,spec,depth_gradient_bid_struct100
depth_gradient_bid_fut_struct100_60s_eth,depth_gradient_bid_fut_struct100_60s,eth,S2,Bookshape,s2_bookshape,,60.0,Futures,2089.0,depth_gradient_bid_fut_struct100_60s,False,False,True,spec,depth_gradient_bid_struct100
depth_gradient_bid_fut_struct100_900s_eth,depth_gradient_bid_fut_struct100_900s,eth,S2,Bookshape,s2_bookshape,,900.0,Futures,2090.0,depth_gradient_bid_fut_struct100_900s,False,False,True,spec,depth_gradient_bid_struct100
depth_gradient_bid_fut_struct50_300s_eth,depth_gradient_bid_fut_struct50_300s,eth,S2,Bookshape,s2_bookshape,,300.0,Futures,2091.0,depth_gradient_bid_fut_struct50_300s,False,False,True,spec,depth_gradient_bid_struct50
depth_gradient_bid_fut_struct50_60s_eth,depth_gradient_bid_fut_struct50_60s,eth,S2,Bookshape,s2_bookshape,,60.0,Futures,2092.0,depth_gradient_bid_fut_struct50_60s,False,False,True,spec,depth_gradient_bid_struct50
depth_gradient_bid_fut_struct50_900s_eth,depth_gradient_bid_fut_struct50_900s,eth,S2,Bookshape,s2_bookshape,,900.0,Futures,2093.0,depth_gradient_bid_fut_struct50_900s,False,False,True,spec,depth_gradient_bid_struct50
depth_gradient_bid_spot_struct100_300s_eth,depth_gradient_bid_spot_struct100_300s,eth,S2,Bookshape,s2_bookshape,,300.0,Spot,2094.0,depth_gradient_bid_spot_struct100_300s,False,False,True,spec,depth_gradient_bid_struct100
depth_gradient_bid_spot_struct100_60s_eth,depth_gradient_bid_spot_struct100_60s,eth,S2,Bookshape,s2_bookshape,,60.0,Spot,2095.0,depth_gradient_bid_spot_struct100_60s,False,False,True,spec,depth_gradient_bid_struct100
depth_gradient_bid_spot_struct100_900s_eth,depth_gradient_bid_spot_struct100_900s,eth,S2,Bookshape,s2_bookshape,,900.0,Spot,2096.0,depth_gradient_bid_spot_struct100_900s,False,False,True,spec,depth_gradient_bid_struct100
depth_gradient_bid_spot_struct50_300s_eth,depth_gradient_bid_spot_struct50_300s,eth,S2,Bookshape,s2_bookshape,,300.0,Spot,2097.0,depth_gradient_bid_spot_struct50_300s,False,False,True,spec,depth_gradient_bid_struct50
depth_gradient_bid_spot_struct50_60s_eth,depth_gradient_bid_spot_struct50_60s,eth,S2,Bookshape,s2_bookshape,,60.0,Spot,2098.0,depth_gradient_bid_spot_struct50_60s,False,False,True,spec,depth_gradient_bid_struct50
depth_gradient_bid_spot_struct50_900s_eth,depth_gradient_bid_spot_struct50_900s,eth,S2,Bookshape,s2_bookshape,,900.0,Spot,2099.0,depth_gradient_bid_spot_struct50_900s,False,False,True,spec,depth_gradient_bid_struct50
liq_concentration_ask_fut_struct100_300s_eth,liq_concentration_ask_fut_struct100_300s,eth,S2,Bookshape,s2_bookshape,,300.0,Futures,2100.0,liq_concentration_ask_fut_struct100_300s,False,False,True,spec,liq_concentration_ask_struct100
liq_concentration_ask_fut_struct100_60s_eth,liq_concentration_ask_fut_struct100_60s,eth,S2,Bookshape,s2_bookshape,,60.0,Futures,2101.0,liq_concentration_ask_fut_struct100_60s,False,False,True,spec,liq_concentration_ask_struct100
liq_concentration_ask_fut_struct100_900s_eth,liq_concentration_ask_fut_struct100_900s,eth,S2,Bookshape,s2_bookshape,,900.0,Futures,2102.0,liq_concentration_ask_fut_struct100_900s,False,False,True,spec,liq_concentration_ask_struct100
liq_concentration_ask_fut_struct50_300s_eth,liq_concentration_ask_fut_struct50_300s,eth,S2,Bookshape,s2_bookshape,,300.0,Futures,2103.0,liq_concentration_ask_fut_struct50_300s,False,False,True,spec,liq_concentration_ask_struct50
liq_concentration_ask_fut_struct50_60s_eth,liq_concentration_ask_fut_struct50_60s,eth,S2,Bookshape,s2_bookshape,,60.0,Futures,2104.0,liq_concentration_ask_fut_struct50_60s,False,False,True,spec,liq_concentration_ask_struct50
liq_concentration_ask_fut_struct50_900s_eth,liq_concentration_ask_fut_struct50_900s,eth,S2,Bookshape,s2_bookshape,,900.0,Futures,2105.0,liq_concentration_ask_fut_struct50_900s,False,False,True,spec,liq_concentration_ask_struct50
liq_concentration_ask_spot_struct100_300s_eth,liq_concentration_ask_spot_struct100_300s,eth,S2,Bookshape,s2_bookshape,,300.0,Spot,2106.0,liq_concentration_ask_spot_struct100_300s,False,False,True,spec,liq_concentration_ask_struct100
liq_concentration_ask_spot_struct100_60s_eth,liq_concentration_ask_spot_struct100_60s,eth,S2,Bookshape,s2_bookshape,,60.0,Spot,2107.0,liq_concentration_ask_spot_struct100_60s,False,False,True,spec,liq_concentration_ask_struct100
liq_concentration_ask_spot_struct100_900s_eth,liq_concentration_ask_spot_struct100_900s,eth,S2,Bookshape,s2_bookshape,,900.0,Spot,2108.0,liq_concentration_ask_spot_struct100_900s,False,False,True,spec,liq_concentration_ask_struct100
liq_concentration_ask_spot_struct50_300s_eth,liq_concentration_ask_spot_struct50_300s,eth,S2,Bookshape,s2_bookshape,,300.0,Spot,2109.0,liq_concentration_ask_spot_struct50_300s,False,False,True,spec,liq_concentration_ask_struct50
liq_concentration_ask_spot_struct50_60s_eth,liq_concentration_ask_spot_struct50_60s,eth,S2,Bookshape,s2_bookshape,,60.0,Spot,2110.0,liq_concentration_ask_spot_struct50_60s,False,False,True,spec,liq_concentration_ask_struct50
liq_concentration_ask_spot_struct50_900s_eth,liq_concentration_ask_spot_struct50_900s,eth,S2,Bookshape,s2_bookshape,,900.0,Spot,2111.0,liq_concentration_ask_spot_struct50_900s,False,False,True,spec,liq_concentration_ask_struct50
liq_concentration_bid_fut_struct100_300s_eth,liq_concentration_bid_fut_struct100_300s,eth,S2,Bookshape,s2_bookshape,,300.0,Futures,2112.0,liq_concentration_bid_fut_struct100_300s,False,False,True,spec,liq_concentration_bid_struct100
liq_concentration_bid_fut_struct100_60s_eth,liq_concentration_bid_fut_struct100_60s,eth,S2,Bookshape,s2_bookshape,,60.0,Futures,2113.0,liq_concentration_bid_fut_struct100_60s,False,False,True,spec,liq_concentration_bid_struct100
liq_concentration_bid_fut_struct100_900s_eth,liq_concentration_bid_fut_struct100_900s,eth,S2,Bookshape,s2_bookshape,,900.0,Futures,2114.0,liq_concentration_bid_fut_struct100_900s,False,False,True,spec,liq_concentration_bid_struct100
liq_concentration_bid_fut_struct50_300s_eth,liq_concentration_bid_fut_struct50_300s,eth,S2,Bookshape,s2_bookshape,,300.0,Futures,2115.0,liq_concentration_bid_fut_struct50_300s,False,False,True,spec,liq_concentration_bid_struct50
liq_concentration_bid_fut_struct50_60s_eth,liq_concentration_bid_fut_struct50_60s,eth,S2,Bookshape,s2_bookshape,,60.0,Futures,2116.0,liq_concentration_bid_fut_struct50_60s,False,False,True,spec,liq_concentration_bid_struct50
liq_concentration_bid_fut_struct50_900s_eth,liq_concentration_bid_fut_struct50_900s,eth,S2,Bookshape,s2_bookshape,,900.0,Futures,2117.0,liq_concentration_bid_fut_struct50_900s,False,False,True,spec,liq_concentration_bid_struct50
liq_concentration_bid_spot_struct100_300s_eth,liq_concentration_bid_spot_struct100_300s,eth,S2,Bookshape,s2_bookshape,,300.0,Spot,2118.0,liq_concentration_bid_spot_struct100_300s,False,False,True,spec,liq_concentration_bid_struct100
liq_concentration_bid_spot_struct100_60s_eth,liq_concentration_bid_spot_struct100_60s,eth,S2,Bookshape,s2_bookshape,,60.0,Spot,2119.0,liq_concentration_bid_spot_struct100_60s,False,False,True,spec,liq_concentration_bid_struct100
liq_concentration_bid_spot_struct100_900s_eth,liq_concentration_bid_spot_struct100_900s,eth,S2,Bookshape,s2_bookshape,,900.0,Spot,2120.0,liq_concentration_bid_spot_struct100_900s,False,False,True,spec,liq_concentration_bid_struct100
liq_concentration_bid_spot_struct50_300s_eth,liq_concentration_bid_spot_struct50_300s,eth,S2,Bookshape,s2_bookshape,,300.0,Spot,2121.0,liq_concentration_bid_spot_struct50_300s,False,False,True,spec,liq_concentration_bid_struct50
liq_concentration_bid_spot_struct50_60s_eth,liq_concentration_bid_spot_struct50_60s,eth,S2,Bookshape,s2_bookshape,,60.0,Spot,2122.0,liq_concentration_bid_spot_struct50_60s,False,False,True,spec,liq_concentration_bid_struct50
liq_concentration_bid_spot_struct50_900s_eth,liq_concentration_bid_spot_struct50_900s,eth,S2,Bookshape,s2_bookshape,,900.0,Spot,2123.0,liq_concentration_bid_spot_struct50_900s,False,False,True,spec,liq_concentration_bid_struct50
basis_vwap_sf_1s_eth,basis_vwap_sf_1s,eth,S2,Cross-Market,s2_cross_market,,1.0,Cross,2125.0,basis_vwap_sf_1s,False,False,True,spec,basis_vwap_sf
liq_imb_sf_struct100_300s_eth,liq_imb_sf_struct100_300s,eth,S2,Cross-Market,s2_cross_market,,300.0,Cross,2126.0,liq_imb_sf_struct100_300s,False,False,True,spec,liq_imb_sf_struct100
liq_imb_sf_struct100_900s_eth,liq_imb_sf_struct100_900s,eth,S2,Cross-Market,s2_cross_market,,900.0,Cross,2127.0,liq_imb_sf_struct100_900s,False,False,True,spec,liq_imb_sf_struct100
liq_imb_sf_struct50_300s_eth,liq_imb_sf_struct50_300s,eth,S2,Cross-Market,s2_cross_market,,300.0,Cross,2128.0,liq_imb_sf_struct50_300s,False,False,True,spec,liq_imb_sf_struct50
liq_imb_sf_struct50_900s_eth,liq_imb_sf_struct50_900s,eth,S2,Cross-Market,s2_cross_market,,900.0,Cross,2129.0,liq_imb_sf_struct50_900s,False,False,True,spec,liq_imb_sf_struct50
trade_count_fut_div_300s_eth,trade_count_fut_div_300s,eth,S2,Cross-Market,s2_cross_market,,300.0,Futures,2130.0,trade_count_fut_div_300s,False,False,True,spec,trade_count_div
trade_count_fut_div_60s_eth,trade_count_fut_div_60s,eth,S2,Cross-Market,s2_cross_market,,60.0,Futures,2131.0,trade_count_fut_div_60s,False,False,True,spec,trade_count_div
trade_count_fut_div_900s_eth,trade_count_fut_div_900s,eth,S2,Cross-Market,s2_cross_market,,900.0,Futures,2132.0,trade_count_fut_div_900s,False,False,True,spec,trade_count_div
trade_count_fut_share_300s_eth,trade_count_fut_share_300s,eth,S2,Cross-Market,s2_cross_market,,300.0,Futures,2133.0,trade_count_fut_share_300s,False,False,True,spec,trade_count_share
trade_count_fut_share_60s_eth,trade_count_fut_share_60s,eth,S2,Cross-Market,s2_cross_market,,60.0,Futures,2134.0,trade_count_fut_share_60s,False,False,True,spec,trade_count_share
trade_count_fut_share_900s_eth,trade_count_fut_share_900s,eth,S2,Cross-Market,s2_cross_market,,900.0,Futures,2135.0,trade_count_fut_share_900s,False,False,True,spec,trade_count_share
trade_count_spot_div_300s_eth,trade_count_spot_div_300s,eth,S2,Cross-Market,s2_cross_market,,300.0,Spot,2136.0,trade_count_spot_div_300s,False,False,True,spec,trade_count_div
trade_count_spot_div_60s_eth,trade_count_spot_div_60s,eth,S2,Cross-Market,s2_cross_market,,60.0,Spot,2137.0,trade_count_spot_div_60s,False,False,True,spec,trade_count_div
trade_count_spot_div_900s_eth,trade_count_spot_div_900s,eth,S2,Cross-Market,s2_cross_market,,900.0,Spot,2138.0,trade_count_spot_div_900s,False,False,True,spec,trade_count_div
trade_count_spot_share_300s_eth,trade_count_spot_share_300s,eth,S2,Cross-Market,s2_cross_market,,300.0,Spot,2139.0,trade_count_spot_share_300s,False,False,True,spec,trade_count_share
trade_count_spot_share_60s_eth,trade_count_spot_share_60s,eth,S2,Cross-Market,s2_cross_market,,60.0,Spot,2140.0,trade_count_spot_share_60s,False,False,True,spec,trade_count_share
trade_count_spot_share_900s_eth,trade_count_spot_share_900s,eth,S2,Cross-Market,s2_cross_market,,900.0,Spot,2141.0,trade_count_spot_share_900s,False,False,True,spec,trade_count_share
volume_fut_div_delta_300s_eth,volume_fut_div_delta_300s,eth,S2,Cross-Market,s2_cross_market,,300.0,Futures,2142.0,volume_fut_div_delta_300s,False,False,True,spec,volume_div_delta
volume_fut_div_delta_900s_eth,volume_fut_div_delta_900s,eth,S2,Cross-Market,s2_cross_market,,900.0,Futures,2143.0,volume_fut_div_delta_900s,False,False,True,spec,volume_div_delta
volume_spot_div_delta_300s_eth,volume_spot_div_delta_300s,eth,S2,Cross-Market,s2_cross_market,,300.0,Spot,2144.0,volume_spot_div_delta_300s,False,False,True,spec,volume_div_delta
volume_spot_div_delta_900s_eth,volume_spot_div_delta_900s,eth,S2,Cross-Market,s2_cross_market,,900.0,Spot,2145.0,volume_spot_div_delta_900s,False,False,True,spec,volume_div_delta
z_volume_asym_fut_minus_spot_300s_eth,z_volume_asym_fut_minus_spot_300s,eth,S2,Cross-Market,s2_cross_market,,300.0,Futures,2146.0,z_volume_asym_fut_minus_spot_300s,False,False,True,spec,z_volume_asym_minus
z_volume_asym_fut_minus_spot_60s_eth,z_volume_asym_fut_minus_spot_60s,eth,S2,Cross-Market,s2_cross_market,,60.0,Futures,2147.0,z_volume_asym_fut_minus_spot_60s,False,False,True,spec,z_volume_asym_minus
z_volume_asym_fut_minus_spot_900s_eth,z_volume_asym_fut_minus_spot_900s,eth,S2,Cross-Market,s2_cross_market,,900.0,Futures,2148.0,z_volume_asym_fut_minus_spot_900s,False,False,True,spec,z_volume_asym_minus
spot_fut_taker_activity_share_300s_eth,spot_fut_taker_activity_share_300s,eth,S2,Cross-Market,s2_cross_market,,300.0,Futures,2149.0,spot_fut_taker_activity_share_300s,False,False,True,spec,spot_taker_activity_share
spot_fut_taker_activity_share_900s_eth,spot_fut_taker_activity_share_900s,eth,S2,Cross-Market,s2_cross_market,,900.0,Futures,2150.0,spot_fut_taker_activity_share_900s,False,False,True,spec,spot_taker_activity_share
book_asymmetry_div_fut_minus_spot_struct100_1s_eth,book_asymmetry_div_fut_minus_spot_struct100_1s,eth,S2,Cross-Market,s2_cross_market,,1.0,Futures,2151.0,book_asymmetry_div_fut_minus_spot_struct100_1s,False,False,True,spec,book_asymmetry_div_minus_struct100
book_asymmetry_div_fut_minus_spot_struct50_1s_eth,book_asymmetry_div_fut_minus_spot_struct50_1s,eth,S2,Cross-Market,s2_cross_market,,1.0,Futures,2152.0,book_asymmetry_div_fut_minus_spot_struct50_1s,False,False,True,spec,book_asymmetry_div_minus_struct50
liq_imb_div_fut_minus_spot_struct100_300s_eth,liq_imb_div_fut_minus_spot_struct100_300s,eth,S2,Cross-Market,s2_cross_market,,300.0,Futures,2153.0,liq_imb_div_fut_minus_spot_struct100_300s,False,False,True,spec,liq_imb_div_minus_struct100
liq_imb_div_fut_minus_spot_struct100_60s_eth,liq_imb_div_fut_minus_spot_struct100_60s,eth,S2,Cross-Market,s2_cross_market,,60.0,Futures,2154.0,liq_imb_div_fut_minus_spot_struct100_60s,False,False,True,spec,liq_imb_div_minus_struct100
liq_imb_div_fut_minus_spot_struct100_900s_eth,liq_imb_div_fut_minus_spot_struct100_900s,eth,S2,Cross-Market,s2_cross_market,,900.0,Futures,2155.0,liq_imb_div_fut_minus_spot_struct100_900s,False,False,True,spec,liq_imb_div_minus_struct100
liq_imb_div_fut_minus_spot_struct50_300s_eth,liq_imb_div_fut_minus_spot_struct50_300s,eth,S2,Cross-Market,s2_cross_market,,300.0,Futures,2156.0,liq_imb_div_fut_minus_spot_struct50_300s,False,False,True,spec,liq_imb_div_minus_struct50
liq_imb_div_fut_minus_spot_struct50_60s_eth,liq_imb_div_fut_minus_spot_struct50_60s,eth,S2,Cross-Market,s2_cross_market,,60.0,Futures,2157.0,liq_imb_div_fut_minus_spot_struct50_60s,False,False,True,spec,liq_imb_div_minus_struct50
liq_imb_div_fut_minus_spot_struct50_900s_eth,liq_imb_div_fut_minus_spot_struct50_900s,eth,S2,Cross-Market,s2_cross_market,,900.0,Futures,2158.0,liq_imb_div_fut_minus_spot_struct50_900s,False,False,True,spec,liq_imb_div_minus_struct50
spread_sf_div_1s_eth,spread_sf_div_1s,eth,S2,Cross-Market,s2_cross_market,,,Cross,2159.0,spread_sf_div_1s,False,False,True,spec,spread_sf_div
spread_sf_div_60s_eth,spread_sf_div_60s,eth,S2,Cross-Market,s2_cross_market,,60.0,Cross,2160.0,spread_sf_div_60s,False,False,True,spec,spread_sf_div
spread_sf_div_300s_eth,spread_sf_div_300s,eth,S2,Cross-Market,s2_cross_market,,300.0,Cross,2161.0,spread_sf_div_300s,False,False,True,spec,spread_sf_div
trade_size_sf_ratio_60s_eth,trade_size_sf_ratio_60s,eth,S2,Cross-Market,s2_cross_market,,,Cross,2162.0,trade_size_sf_ratio_60s,False,False,True,spec,trade_size_sf_ratio
trade_size_sf_ratio_300s_eth,trade_size_sf_ratio_300s,eth,S2,Cross-Market,s2_cross_market,,,Cross,2163.0,trade_size_sf_ratio_300s,False,False,True,spec,trade_size_sf_ratio
queue_imb_persist_fut_1bps_300s_eth,queue_imb_persist_fut_1bps_300s,eth,S2,Dynamics,s2_dynamics,,300.0,Futures,2164.0,queue_imb_persist_fut_1bps_300s,False,False,True,spec,queue_imb_persist_1bps
queue_imb_persist_fut_1bps_900s_eth,queue_imb_persist_fut_1bps_900s,eth,S2,Dynamics,s2_dynamics,,900.0,Futures,2165.0,queue_imb_persist_fut_1bps_900s,False,False,True,spec,queue_imb_persist_1bps
queue_imb_persist_spot_1bps_300s_eth,queue_imb_persist_spot_1bps_300s,eth,S2,Dynamics,s2_dynamics,,300.0,Spot,2166.0,queue_imb_persist_spot_1bps_300s,False,False,True,spec,queue_imb_persist_1bps
queue_imb_persist_spot_1bps_900s_eth,queue_imb_persist_spot_1bps_900s,eth,S2,Dynamics,s2_dynamics,,900.0,Spot,2167.0,queue_imb_persist_spot_1bps_900s,False,False,True,spec,queue_imb_persist_1bps
queue_pressure_persist_fut_1bps_300s_eth,queue_pressure_persist_fut_1bps_300s,eth,S2,Dynamics,s2_dynamics,,300.0,Futures,2168.0,queue_pressure_persist_fut_1bps_300s,False,False,True,spec,queue_pressure_persist_1bps
queue_pressure_persist_fut_1bps_900s_eth,queue_pressure_persist_fut_1bps_900s,eth,S2,Dynamics,s2_dynamics,,900.0,Futures,2169.0,queue_pressure_persist_fut_1bps_900s,False,False,True,spec,queue_pressure_persist_1bps
queue_pressure_persist_spot_1bps_300s_eth,queue_pressure_persist_spot_1bps_300s,eth,S2,Dynamics,s2_dynamics,,300.0,Spot,2170.0,queue_pressure_persist_spot_1bps_300s,False,False,True,spec,queue_pressure_persist_1bps
queue_pressure_persist_spot_1bps_900s_eth,queue_pressure_persist_spot_1bps_900s,eth,S2,Dynamics,s2_dynamics,,900.0,Spot,2171.0,queue_pressure_persist_spot_1bps_900s,False,False,True,spec,queue_pressure_persist_1bps
d1_net_pressure_fut_1bps_15s_eth,d1_net_pressure_fut_1bps_15s,eth,S2,Dynamics,s2_dynamics,,15.0,Futures,2172.0,d1_net_pressure_fut_1bps_15s,False,False,True,spec,d1_net_pressure_1bps
d1_net_pressure_fut_1bps_5s_eth,d1_net_pressure_fut_1bps_5s,eth,S2,Dynamics,s2_dynamics,,5.0,Futures,2173.0,d1_net_pressure_fut_1bps_5s,False,False,True,spec,d1_net_pressure_1bps
d1_net_pressure_spot_1bps_15s_eth,d1_net_pressure_spot_1bps_15s,eth,S2,Dynamics,s2_dynamics,,15.0,Spot,2174.0,d1_net_pressure_spot_1bps_15s,False,False,True,spec,d1_net_pressure_1bps
d1_net_pressure_spot_1bps_5s_eth,d1_net_pressure_spot_1bps_5s,eth,S2,Dynamics,s2_dynamics,,5.0,Spot,2175.0,d1_net_pressure_spot_1bps_5s,False,False,True,spec,d1_net_pressure_1bps
d1_pull_rate_fut_10bps_15s_eth,d1_pull_rate_fut_10bps_15s,eth,S2,Dynamics,s2_dynamics,,15.0,Futures,2176.0,d1_pull_rate_fut_10bps_15s,False,False,True,spec,d1_pull_rate_10bps
d1_pull_rate_fut_10bps_5s_eth,d1_pull_rate_fut_10bps_5s,eth,S2,Dynamics,s2_dynamics,,5.0,Futures,2177.0,d1_pull_rate_fut_10bps_5s,False,False,True,spec,d1_pull_rate_10bps
d1_pull_rate_fut_1bps_5s_eth,d1_pull_rate_fut_1bps_5s,eth,S2,Dynamics,s2_dynamics,,5.0,Futures,2178.0,d1_pull_rate_fut_1bps_5s,False,False,True,spec,d1_pull_rate_1bps
d1_pull_rate_fut_2bps_5s_eth,d1_pull_rate_fut_2bps_5s,eth,S2,Dynamics,s2_dynamics,,5.0,Futures,2179.0,d1_pull_rate_fut_2bps_5s,False,False,True,spec,d1_pull_rate_2bps
d1_pull_rate_fut_5bps_15s_eth,d1_pull_rate_fut_5bps_15s,eth,S2,Dynamics,s2_dynamics,,15.0,Futures,2180.0,d1_pull_rate_fut_5bps_15s,False,False,True,spec,d1_pull_rate_5bps
d1_pull_rate_fut_5bps_5s_eth,d1_pull_rate_fut_5bps_5s,eth,S2,Dynamics,s2_dynamics,,5.0,Futures,2181.0,d1_pull_rate_fut_5bps_5s,False,False,True,spec,d1_pull_rate_5bps
d1_pull_rate_spot_10bps_15s_eth,d1_pull_rate_spot_10bps_15s,eth,S2,Dynamics,s2_dynamics,,15.0,Spot,2182.0,d1_pull_rate_spot_10bps_15s,False,False,True,spec,d1_pull_rate_10bps
d1_pull_rate_spot_10bps_5s_eth,d1_pull_rate_spot_10bps_5s,eth,S2,Dynamics,s2_dynamics,,5.0,Spot,2183.0,d1_pull_rate_spot_10bps_5s,False,False,True,spec,d1_pull_rate_10bps
d1_pull_rate_spot_1bps_5s_eth,d1_pull_rate_spot_1bps_5s,eth,S2,Dynamics,s2_dynamics,,5.0,Spot,2184.0,d1_pull_rate_spot_1bps_5s,False,False,True,spec,d1_pull_rate_1bps
d1_pull_rate_spot_2bps_5s_eth,d1_pull_rate_spot_2bps_5s,eth,S2,Dynamics,s2_dynamics,,5.0,Spot,2185.0,d1_pull_rate_spot_2bps_5s,False,False,True,spec,d1_pull_rate_2bps
d1_pull_rate_spot_5bps_15s_eth,d1_pull_rate_spot_5bps_15s,eth,S2,Dynamics,s2_dynamics,,15.0,Spot,2186.0,d1_pull_rate_spot_5bps_15s,False,False,True,spec,d1_pull_rate_5bps
d1_pull_rate_spot_5bps_5s_eth,d1_pull_rate_spot_5bps_5s,eth,S2,Dynamics,s2_dynamics,,5.0,Spot,2187.0,d1_pull_rate_spot_5bps_5s,False,False,True,spec,d1_pull_rate_5bps
d1_queue_pressure_fut_10bps_15s_eth,d1_queue_pressure_fut_10bps_15s,eth,S2,Dynamics,s2_dynamics,,15.0,Futures,2188.0,d1_queue_pressure_fut_10bps_15s,False,False,True,spec,d1_queue_pressure_10bps
d1_queue_pressure_fut_10bps_5s_eth,d1_queue_pressure_fut_10bps_5s,eth,S2,Dynamics,s2_dynamics,,5.0,Futures,2189.0,d1_queue_pressure_fut_10bps_5s,False,False,True,spec,d1_queue_pressure_10bps
d1_queue_pressure_fut_1bps_5s_eth,d1_queue_pressure_fut_1bps_5s,eth,S2,Dynamics,s2_dynamics,,5.0,Futures,2190.0,d1_queue_pressure_fut_1bps_5s,False,False,True,spec,d1_queue_pressure_1bps
d1_queue_pressure_fut_2bps_15s_eth,d1_queue_pressure_fut_2bps_15s,eth,S2,Dynamics,s2_dynamics,,15.0,Futures,2191.0,d1_queue_pressure_fut_2bps_15s,False,False,True,spec,d1_queue_pressure_2bps
d1_queue_pressure_fut_2bps_5s_eth,d1_queue_pressure_fut_2bps_5s,eth,S2,Dynamics,s2_dynamics,,5.0,Futures,2192.0,d1_queue_pressure_fut_2bps_5s,False,False,True,spec,d1_queue_pressure_2bps
d1_queue_pressure_fut_5bps_15s_eth,d1_queue_pressure_fut_5bps_15s,eth,S2,Dynamics,s2_dynamics,,15.0,Futures,2193.0,d1_queue_pressure_fut_5bps_15s,False,False,True,spec,d1_queue_pressure_5bps
d1_queue_pressure_fut_5bps_5s_eth,d1_queue_pressure_fut_5bps_5s,eth,S2,Dynamics,s2_dynamics,,5.0,Futures,2194.0,d1_queue_pressure_fut_5bps_5s,False,False,True,spec,d1_queue_pressure_5bps
d1_queue_pressure_spot_10bps_15s_eth,d1_queue_pressure_spot_10bps_15s,eth,S2,Dynamics,s2_dynamics,,15.0,Spot,2195.0,d1_queue_pressure_spot_10bps_15s,False,False,True,spec,d1_queue_pressure_10bps
d1_queue_pressure_spot_10bps_5s_eth,d1_queue_pressure_spot_10bps_5s,eth,S2,Dynamics,s2_dynamics,,5.0,Spot,2196.0,d1_queue_pressure_spot_10bps_5s,False,False,True,spec,d1_queue_pressure_10bps
d1_queue_pressure_spot_1bps_5s_eth,d1_queue_pressure_spot_1bps_5s,eth,S2,Dynamics,s2_dynamics,,5.0,Spot,2197.0,d1_queue_pressure_spot_1bps_5s,False,False,True,spec,d1_queue_pressure_1bps
d1_queue_pressure_spot_2bps_15s_eth,d1_queue_pressure_spot_2bps_15s,eth,S2,Dynamics,s2_dynamics,,15.0,Spot,2198.0,d1_queue_pressure_spot_2bps_15s,False,False,True,spec,d1_queue_pressure_2bps
d1_queue_pressure_spot_2bps_5s_eth,d1_queue_pressure_spot_2bps_5s,eth,S2,Dynamics,s2_dynamics,,5.0,Spot,2199.0,d1_queue_pressure_spot_2bps_5s,False,False,True,spec,d1_queue_pressure_2bps
d1_queue_pressure_spot_5bps_15s_eth,d1_queue_pressure_spot_5bps_15s,eth,S2,Dynamics,s2_dynamics,,15.0,Spot,2200.0,d1_queue_pressure_spot_5bps_15s,False,False,True,spec,d1_queue_pressure_5bps
d1_queue_pressure_spot_5bps_5s_eth,d1_queue_pressure_spot_5bps_5s,eth,S2,Dynamics,s2_dynamics,,5.0,Spot,2201.0,d1_queue_pressure_spot_5bps_5s,False,False,True,spec,d1_queue_pressure_5bps
d1_refill_rate_fut_10bps_15s_eth,d1_refill_rate_fut_10bps_15s,eth,S2,Dynamics,s2_dynamics,,15.0,Futures,2202.0,d1_refill_rate_fut_10bps_15s,False,False,True,spec,d1_refill_rate_10bps
d1_refill_rate_fut_10bps_5s_eth,d1_refill_rate_fut_10bps_5s,eth,S2,Dynamics,s2_dynamics,,5.0,Futures,2203.0,d1_refill_rate_fut_10bps_5s,False,False,True,spec,d1_refill_rate_10bps
d1_refill_rate_fut_2bps_5s_eth,d1_refill_rate_fut_2bps_5s,eth,S2,Dynamics,s2_dynamics,,5.0,Futures,2204.0,d1_refill_rate_fut_2bps_5s,False,False,True,spec,d1_refill_rate_2bps
d1_refill_rate_fut_5bps_15s_eth,d1_refill_rate_fut_5bps_15s,eth,S2,Dynamics,s2_dynamics,,15.0,Futures,2205.0,d1_refill_rate_fut_5bps_15s,False,False,True,spec,d1_refill_rate_5bps
d1_refill_rate_fut_5bps_5s_eth,d1_refill_rate_fut_5bps_5s,eth,S2,Dynamics,s2_dynamics,,5.0,Futures,2206.0,d1_refill_rate_fut_5bps_5s,False,False,True,spec,d1_refill_rate_5bps
d1_refill_rate_spot_10bps_15s_eth,d1_refill_rate_spot_10bps_15s,eth,S2,Dynamics,s2_dynamics,,15.0,Spot,2207.0,d1_refill_rate_spot_10bps_15s,False,False,True,spec,d1_refill_rate_10bps
d1_refill_rate_spot_10bps_5s_eth,d1_refill_rate_spot_10bps_5s,eth,S2,Dynamics,s2_dynamics,,5.0,Spot,2208.0,d1_refill_rate_spot_10bps_5s,False,False,True,spec,d1_refill_rate_10bps
d1_refill_rate_spot_2bps_5s_eth,d1_refill_rate_spot_2bps_5s,eth,S2,Dynamics,s2_dynamics,,5.0,Spot,2209.0,d1_refill_rate_spot_2bps_5s,False,False,True,spec,d1_refill_rate_2bps
d1_refill_rate_spot_5bps_15s_eth,d1_refill_rate_spot_5bps_15s,eth,S2,Dynamics,s2_dynamics,,15.0,Spot,2210.0,d1_refill_rate_spot_5bps_15s,False,False,True,spec,d1_refill_rate_5bps
d1_refill_rate_spot_5bps_5s_eth,d1_refill_rate_spot_5bps_5s,eth,S2,Dynamics,s2_dynamics,,5.0,Spot,2211.0,d1_refill_rate_spot_5bps_5s,False,False,True,spec,d1_refill_rate_5bps
d2_net_pressure_fut_1bps_15s_eth,d2_net_pressure_fut_1bps_15s,eth,S2,Dynamics,s2_dynamics,,15.0,Futures,2212.0,d2_net_pressure_fut_1bps_15s,False,False,True,spec,d2_net_pressure_1bps
d2_net_pressure_fut_1bps_5s_eth,d2_net_pressure_fut_1bps_5s,eth,S2,Dynamics,s2_dynamics,,5.0,Futures,2213.0,d2_net_pressure_fut_1bps_5s,False,False,True,spec,d2_net_pressure_1bps
d2_net_pressure_spot_1bps_15s_eth,d2_net_pressure_spot_1bps_15s,eth,S2,Dynamics,s2_dynamics,,15.0,Spot,2214.0,d2_net_pressure_spot_1bps_15s,False,False,True,spec,d2_net_pressure_1bps
d2_net_pressure_spot_1bps_5s_eth,d2_net_pressure_spot_1bps_5s,eth,S2,Dynamics,s2_dynamics,,5.0,Spot,2215.0,d2_net_pressure_spot_1bps_5s,False,False,True,spec,d2_net_pressure_1bps
d2_pull_rate_fut_10bps_15s_eth,d2_pull_rate_fut_10bps_15s,eth,S2,Dynamics,s2_dynamics,,15.0,Futures,2216.0,d2_pull_rate_fut_10bps_15s,False,False,True,spec,d2_pull_rate_10bps
d2_pull_rate_fut_10bps_5s_eth,d2_pull_rate_fut_10bps_5s,eth,S2,Dynamics,s2_dynamics,,5.0,Futures,2217.0,d2_pull_rate_fut_10bps_5s,False,False,True,spec,d2_pull_rate_10bps
d2_pull_rate_fut_1bps_5s_eth,d2_pull_rate_fut_1bps_5s,eth,S2,Dynamics,s2_dynamics,,5.0,Futures,2218.0,d2_pull_rate_fut_1bps_5s,False,False,True,spec,d2_pull_rate_1bps
d2_pull_rate_fut_2bps_5s_eth,d2_pull_rate_fut_2bps_5s,eth,S2,Dynamics,s2_dynamics,,5.0,Futures,2219.0,d2_pull_rate_fut_2bps_5s,False,False,True,spec,d2_pull_rate_2bps
d2_pull_rate_fut_5bps_15s_eth,d2_pull_rate_fut_5bps_15s,eth,S2,Dynamics,s2_dynamics,,15.0,Futures,2220.0,d2_pull_rate_fut_5bps_15s,False,False,True,spec,d2_pull_rate_5bps
d2_pull_rate_fut_5bps_5s_eth,d2_pull_rate_fut_5bps_5s,eth,S2,Dynamics,s2_dynamics,,5.0,Futures,2221.0,d2_pull_rate_fut_5bps_5s,False,False,True,spec,d2_pull_rate_5bps
d2_pull_rate_spot_10bps_15s_eth,d2_pull_rate_spot_10bps_15s,eth,S2,Dynamics,s2_dynamics,,15.0,Spot,2222.0,d2_pull_rate_spot_10bps_15s,False,False,True,spec,d2_pull_rate_10bps
d2_pull_rate_spot_10bps_5s_eth,d2_pull_rate_spot_10bps_5s,eth,S2,Dynamics,s2_dynamics,,5.0,Spot,2223.0,d2_pull_rate_spot_10bps_5s,False,False,True,spec,d2_pull_rate_10bps
d2_pull_rate_spot_1bps_5s_eth,d2_pull_rate_spot_1bps_5s,eth,S2,Dynamics,s2_dynamics,,5.0,Spot,2224.0,d2_pull_rate_spot_1bps_5s,False,False,True,spec,d2_pull_rate_1bps
d2_pull_rate_spot_2bps_5s_eth,d2_pull_rate_spot_2bps_5s,eth,S2,Dynamics,s2_dynamics,,5.0,Spot,2225.0,d2_pull_rate_spot_2bps_5s,False,False,True,spec,d2_pull_rate_2bps
d2_pull_rate_spot_5bps_15s_eth,d2_pull_rate_spot_5bps_15s,eth,S2,Dynamics,s2_dynamics,,15.0,Spot,2226.0,d2_pull_rate_spot_5bps_15s,False,False,True,spec,d2_pull_rate_5bps
d2_pull_rate_spot_5bps_5s_eth,d2_pull_rate_spot_5bps_5s,eth,S2,Dynamics,s2_dynamics,,5.0,Spot,2227.0,d2_pull_rate_spot_5bps_5s,False,False,True,spec,d2_pull_rate_5bps
d2_queue_pressure_fut_10bps_15s_eth,d2_queue_pressure_fut_10bps_15s,eth,S2,Dynamics,s2_dynamics,,15.0,Futures,2228.0,d2_queue_pressure_fut_10bps_15s,False,False,True,spec,d2_queue_pressure_10bps
d2_queue_pressure_fut_10bps_5s_eth,d2_queue_pressure_fut_10bps_5s,eth,S2,Dynamics,s2_dynamics,,5.0,Futures,2229.0,d2_queue_pressure_fut_10bps_5s,False,False,True,spec,d2_queue_pressure_10bps
d2_queue_pressure_fut_1bps_5s_eth,d2_queue_pressure_fut_1bps_5s,eth,S2,Dynamics,s2_dynamics,,5.0,Futures,2230.0,d2_queue_pressure_fut_1bps_5s,False,False,True,spec,d2_queue_pressure_1bps
d2_queue_pressure_fut_2bps_15s_eth,d2_queue_pressure_fut_2bps_15s,eth,S2,Dynamics,s2_dynamics,,15.0,Futures,2231.0,d2_queue_pressure_fut_2bps_15s,False,False,True,spec,d2_queue_pressure_2bps
d2_queue_pressure_fut_2bps_5s_eth,d2_queue_pressure_fut_2bps_5s,eth,S2,Dynamics,s2_dynamics,,5.0,Futures,2232.0,d2_queue_pressure_fut_2bps_5s,False,False,True,spec,d2_queue_pressure_2bps
d2_queue_pressure_fut_5bps_15s_eth,d2_queue_pressure_fut_5bps_15s,eth,S2,Dynamics,s2_dynamics,,15.0,Futures,2233.0,d2_queue_pressure_fut_5bps_15s,False,False,True,spec,d2_queue_pressure_5bps
d2_queue_pressure_fut_5bps_5s_eth,d2_queue_pressure_fut_5bps_5s,eth,S2,Dynamics,s2_dynamics,,5.0,Futures,2234.0,d2_queue_pressure_fut_5bps_5s,False,False,True,spec,d2_queue_pressure_5bps
d2_queue_pressure_spot_10bps_15s_eth,d2_queue_pressure_spot_10bps_15s,eth,S2,Dynamics,s2_dynamics,,15.0,Spot,2235.0,d2_queue_pressure_spot_10bps_15s,False,False,True,spec,d2_queue_pressure_10bps
d2_queue_pressure_spot_10bps_5s_eth,d2_queue_pressure_spot_10bps_5s,eth,S2,Dynamics,s2_dynamics,,5.0,Spot,2236.0,d2_queue_pressure_spot_10bps_5s,False,False,True,spec,d2_queue_pressure_10bps
d2_queue_pressure_spot_1bps_5s_eth,d2_queue_pressure_spot_1bps_5s,eth,S2,Dynamics,s2_dynamics,,5.0,Spot,2237.0,d2_queue_pressure_spot_1bps_5s,False,False,True,spec,d2_queue_pressure_1bps
d2_queue_pressure_spot_2bps_15s_eth,d2_queue_pressure_spot_2bps_15s,eth,S2,Dynamics,s2_dynamics,,15.0,Spot,2238.0,d2_queue_pressure_spot_2bps_15s,False,False,True,spec,d2_queue_pressure_2bps
d2_queue_pressure_spot_2bps_5s_eth,d2_queue_pressure_spot_2bps_5s,eth,S2,Dynamics,s2_dynamics,,5.0,Spot,2239.0,d2_queue_pressure_spot_2bps_5s,False,False,True,spec,d2_queue_pressure_2bps
d2_queue_pressure_spot_5bps_15s_eth,d2_queue_pressure_spot_5bps_15s,eth,S2,Dynamics,s2_dynamics,,15.0,Spot,2240.0,d2_queue_pressure_spot_5bps_15s,False,False,True,spec,d2_queue_pressure_5bps
d2_queue_pressure_spot_5bps_5s_eth,d2_queue_pressure_spot_5bps_5s,eth,S2,Dynamics,s2_dynamics,,5.0,Spot,2241.0,d2_queue_pressure_spot_5bps_5s,False,False,True,spec,d2_queue_pressure_5bps
d2_refill_rate_fut_10bps_15s_eth,d2_refill_rate_fut_10bps_15s,eth,S2,Dynamics,s2_dynamics,,15.0,Futures,2242.0,d2_refill_rate_fut_10bps_15s,False,False,True,spec,d2_refill_rate_10bps
d2_refill_rate_fut_10bps_5s_eth,d2_refill_rate_fut_10bps_5s,eth,S2,Dynamics,s2_dynamics,,5.0,Futures,2243.0,d2_refill_rate_fut_10bps_5s,False,False,True,spec,d2_refill_rate_10bps
d2_refill_rate_fut_2bps_5s_eth,d2_refill_rate_fut_2bps_5s,eth,S2,Dynamics,s2_dynamics,,5.0,Futures,2244.0,d2_refill_rate_fut_2bps_5s,False,False,True,spec,d2_refill_rate_2bps
d2_refill_rate_fut_5bps_15s_eth,d2_refill_rate_fut_5bps_15s,eth,S2,Dynamics,s2_dynamics,,15.0,Futures,2245.0,d2_refill_rate_fut_5bps_15s,False,False,True,spec,d2_refill_rate_5bps
d2_refill_rate_fut_5bps_5s_eth,d2_refill_rate_fut_5bps_5s,eth,S2,Dynamics,s2_dynamics,,5.0,Futures,2246.0,d2_refill_rate_fut_5bps_5s,False,False,True,spec,d2_refill_rate_5bps
d2_refill_rate_spot_10bps_15s_eth,d2_refill_rate_spot_10bps_15s,eth,S2,Dynamics,s2_dynamics,,15.0,Spot,2247.0,d2_refill_rate_spot_10bps_15s,False,False,True,spec,d2_refill_rate_10bps
d2_refill_rate_spot_10bps_5s_eth,d2_refill_rate_spot_10bps_5s,eth,S2,Dynamics,s2_dynamics,,5.0,Spot,2248.0,d2_refill_rate_spot_10bps_5s,False,False,True,spec,d2_refill_rate_10bps
d2_refill_rate_spot_2bps_5s_eth,d2_refill_rate_spot_2bps_5s,eth,S2,Dynamics,s2_dynamics,,5.0,Spot,2249.0,d2_refill_rate_spot_2bps_5s,False,False,True,spec,d2_refill_rate_2bps
d2_refill_rate_spot_5bps_15s_eth,d2_refill_rate_spot_5bps_15s,eth,S2,Dynamics,s2_dynamics,,15.0,Spot,2250.0,d2_refill_rate_spot_5bps_15s,False,False,True,spec,d2_refill_rate_5bps
d2_refill_rate_spot_5bps_5s_eth,d2_refill_rate_spot_5bps_5s,eth,S2,Dynamics,s2_dynamics,,5.0,Spot,2251.0,d2_refill_rate_spot_5bps_5s,False,False,True,spec,d2_refill_rate_5bps
median_net_pressure_fut_1bps_15s_eth,median_net_pressure_fut_1bps_15s,eth,S2,Dynamics,s2_dynamics,,15.0,Futures,2312.0,median_net_pressure_fut_1bps_15s,False,False,True,spec,median_net_pressure_1bps
mad_net_pressure_fut_1bps_15s_eth,mad_net_pressure_fut_1bps_15s,eth,S2,Dynamics,s2_dynamics,,15.0,Futures,2252.0,mad_net_pressure_fut_1bps_15s,False,False,True,spec,mad_net_pressure_1bps
median_net_pressure_fut_1bps_5s_eth,median_net_pressure_fut_1bps_5s,eth,S2,Dynamics,s2_dynamics,,5.0,Futures,2313.0,median_net_pressure_fut_1bps_5s,False,False,True,spec,median_net_pressure_1bps
mad_net_pressure_fut_1bps_5s_eth,mad_net_pressure_fut_1bps_5s,eth,S2,Dynamics,s2_dynamics,,5.0,Futures,2253.0,mad_net_pressure_fut_1bps_5s,False,False,True,spec,mad_net_pressure_1bps
median_net_pressure_fut_1bps_60s_eth,median_net_pressure_fut_1bps_60s,eth,S2,Dynamics,s2_dynamics,,60.0,Futures,2314.0,median_net_pressure_fut_1bps_60s,False,False,True,spec,median_net_pressure_1bps
mad_net_pressure_fut_1bps_60s_eth,mad_net_pressure_fut_1bps_60s,eth,S2,Dynamics,s2_dynamics,,60.0,Futures,2254.0,mad_net_pressure_fut_1bps_60s,False,False,True,spec,mad_net_pressure_1bps
median_net_pressure_spot_1bps_15s_eth,median_net_pressure_spot_1bps_15s,eth,S2,Dynamics,s2_dynamics,,15.0,Spot,2315.0,median_net_pressure_spot_1bps_15s,False,False,True,spec,median_net_pressure_1bps
mad_net_pressure_spot_1bps_15s_eth,mad_net_pressure_spot_1bps_15s,eth,S2,Dynamics,s2_dynamics,,15.0,Spot,2255.0,mad_net_pressure_spot_1bps_15s,False,False,True,spec,mad_net_pressure_1bps
median_net_pressure_spot_1bps_5s_eth,median_net_pressure_spot_1bps_5s,eth,S2,Dynamics,s2_dynamics,,5.0,Spot,2316.0,median_net_pressure_spot_1bps_5s,False,False,True,spec,median_net_pressure_1bps
mad_net_pressure_spot_1bps_5s_eth,mad_net_pressure_spot_1bps_5s,eth,S2,Dynamics,s2_dynamics,,5.0,Spot,2256.0,mad_net_pressure_spot_1bps_5s,False,False,True,spec,mad_net_pressure_1bps
median_net_pressure_spot_1bps_60s_eth,median_net_pressure_spot_1bps_60s,eth,S2,Dynamics,s2_dynamics,,60.0,Spot,2317.0,median_net_pressure_spot_1bps_60s,False,False,True,spec,median_net_pressure_1bps
mad_net_pressure_spot_1bps_60s_eth,mad_net_pressure_spot_1bps_60s,eth,S2,Dynamics,s2_dynamics,,60.0,Spot,2257.0,mad_net_pressure_spot_1bps_60s,False,False,True,spec,mad_net_pressure_1bps
median_pull_rate_fut_10bps_15s_eth,median_pull_rate_fut_10bps_15s,eth,S2,Dynamics,s2_dynamics,,15.0,Futures,2318.0,median_pull_rate_fut_10bps_15s,False,False,True,spec,median_pull_rate_10bps
mad_pull_rate_fut_10bps_15s_eth,mad_pull_rate_fut_10bps_15s,eth,S2,Dynamics,s2_dynamics,,15.0,Futures,2258.0,mad_pull_rate_fut_10bps_15s,False,False,True,spec,mad_pull_rate_10bps
median_pull_rate_fut_10bps_5s_eth,median_pull_rate_fut_10bps_5s,eth,S2,Dynamics,s2_dynamics,,5.0,Futures,2319.0,median_pull_rate_fut_10bps_5s,False,False,True,spec,median_pull_rate_10bps
mad_pull_rate_fut_10bps_5s_eth,mad_pull_rate_fut_10bps_5s,eth,S2,Dynamics,s2_dynamics,,5.0,Futures,2259.0,mad_pull_rate_fut_10bps_5s,False,False,True,spec,mad_pull_rate_10bps
median_pull_rate_fut_10bps_60s_eth,median_pull_rate_fut_10bps_60s,eth,S2,Dynamics,s2_dynamics,,60.0,Futures,2320.0,median_pull_rate_fut_10bps_60s,False,False,True,spec,median_pull_rate_10bps
mad_pull_rate_fut_10bps_60s_eth,mad_pull_rate_fut_10bps_60s,eth,S2,Dynamics,s2_dynamics,,60.0,Futures,2260.0,mad_pull_rate_fut_10bps_60s,False,False,True,spec,mad_pull_rate_10bps
median_pull_rate_fut_1bps_5s_eth,median_pull_rate_fut_1bps_5s,eth,S2,Dynamics,s2_dynamics,,5.0,Futures,2321.0,median_pull_rate_fut_1bps_5s,False,False,True,spec,median_pull_rate_1bps
mad_pull_rate_fut_1bps_5s_eth,mad_pull_rate_fut_1bps_5s,eth,S2,Dynamics,s2_dynamics,,5.0,Futures,2261.0,mad_pull_rate_fut_1bps_5s,False,False,True,spec,mad_pull_rate_1bps
median_pull_rate_fut_1bps_60s_eth,median_pull_rate_fut_1bps_60s,eth,S2,Dynamics,s2_dynamics,,60.0,Futures,2322.0,median_pull_rate_fut_1bps_60s,False,False,True,spec,median_pull_rate_1bps
mad_pull_rate_fut_1bps_60s_eth,mad_pull_rate_fut_1bps_60s,eth,S2,Dynamics,s2_dynamics,,60.0,Futures,2262.0,mad_pull_rate_fut_1bps_60s,False,False,True,spec,mad_pull_rate_1bps
median_pull_rate_fut_2bps_5s_eth,median_pull_rate_fut_2bps_5s,eth,S2,Dynamics,s2_dynamics,,5.0,Futures,2323.0,median_pull_rate_fut_2bps_5s,False,False,True,spec,median_pull_rate_2bps
mad_pull_rate_fut_2bps_5s_eth,mad_pull_rate_fut_2bps_5s,eth,S2,Dynamics,s2_dynamics,,5.0,Futures,2263.0,mad_pull_rate_fut_2bps_5s,False,False,True,spec,mad_pull_rate_2bps
median_pull_rate_fut_5bps_15s_eth,median_pull_rate_fut_5bps_15s,eth,S2,Dynamics,s2_dynamics,,15.0,Futures,2324.0,median_pull_rate_fut_5bps_15s,False,False,True,spec,median_pull_rate_5bps
mad_pull_rate_fut_5bps_15s_eth,mad_pull_rate_fut_5bps_15s,eth,S2,Dynamics,s2_dynamics,,15.0,Futures,2264.0,mad_pull_rate_fut_5bps_15s,False,False,True,spec,mad_pull_rate_5bps
median_pull_rate_fut_5bps_5s_eth,median_pull_rate_fut_5bps_5s,eth,S2,Dynamics,s2_dynamics,,5.0,Futures,2325.0,median_pull_rate_fut_5bps_5s,False,False,True,spec,median_pull_rate_5bps
mad_pull_rate_fut_5bps_5s_eth,mad_pull_rate_fut_5bps_5s,eth,S2,Dynamics,s2_dynamics,,5.0,Futures,2265.0,mad_pull_rate_fut_5bps_5s,False,False,True,spec,mad_pull_rate_5bps
median_pull_rate_fut_5bps_60s_eth,median_pull_rate_fut_5bps_60s,eth,S2,Dynamics,s2_dynamics,,60.0,Futures,2326.0,median_pull_rate_fut_5bps_60s,False,False,True,spec,median_pull_rate_5bps
mad_pull_rate_fut_5bps_60s_eth,mad_pull_rate_fut_5bps_60s,eth,S2,Dynamics,s2_dynamics,,60.0,Futures,2266.0,mad_pull_rate_fut_5bps_60s,False,False,True,spec,mad_pull_rate_5bps
median_pull_rate_spot_10bps_15s_eth,median_pull_rate_spot_10bps_15s,eth,S2,Dynamics,s2_dynamics,,15.0,Spot,2327.0,median_pull_rate_spot_10bps_15s,False,False,True,spec,median_pull_rate_10bps
mad_pull_rate_spot_10bps_15s_eth,mad_pull_rate_spot_10bps_15s,eth,S2,Dynamics,s2_dynamics,,15.0,Spot,2267.0,mad_pull_rate_spot_10bps_15s,False,False,True,spec,mad_pull_rate_10bps
median_pull_rate_spot_10bps_5s_eth,median_pull_rate_spot_10bps_5s,eth,S2,Dynamics,s2_dynamics,,5.0,Spot,2328.0,median_pull_rate_spot_10bps_5s,False,False,True,spec,median_pull_rate_10bps
mad_pull_rate_spot_10bps_5s_eth,mad_pull_rate_spot_10bps_5s,eth,S2,Dynamics,s2_dynamics,,5.0,Spot,2268.0,mad_pull_rate_spot_10bps_5s,False,False,True,spec,mad_pull_rate_10bps
median_pull_rate_spot_10bps_60s_eth,median_pull_rate_spot_10bps_60s,eth,S2,Dynamics,s2_dynamics,,60.0,Spot,2329.0,median_pull_rate_spot_10bps_60s,False,False,True,spec,median_pull_rate_10bps
mad_pull_rate_spot_10bps_60s_eth,mad_pull_rate_spot_10bps_60s,eth,S2,Dynamics,s2_dynamics,,60.0,Spot,2269.0,mad_pull_rate_spot_10bps_60s,False,False,True,spec,mad_pull_rate_10bps
median_pull_rate_spot_1bps_5s_eth,median_pull_rate_spot_1bps_5s,eth,S2,Dynamics,s2_dynamics,,5.0,Spot,2330.0,median_pull_rate_spot_1bps_5s,False,False,True,spec,median_pull_rate_1bps
mad_pull_rate_spot_1bps_5s_eth,mad_pull_rate_spot_1bps_5s,eth,S2,Dynamics,s2_dynamics,,5.0,Spot,2270.0,mad_pull_rate_spot_1bps_5s,False,False,True,spec,mad_pull_rate_1bps
median_pull_rate_spot_1bps_60s_eth,median_pull_rate_spot_1bps_60s,eth,S2,Dynamics,s2_dynamics,,60.0,Spot,2331.0,median_pull_rate_spot_1bps_60s,False,False,True,spec,median_pull_rate_1bps
mad_pull_rate_spot_1bps_60s_eth,mad_pull_rate_spot_1bps_60s,eth,S2,Dynamics,s2_dynamics,,60.0,Spot,2271.0,mad_pull_rate_spot_1bps_60s,False,False,True,spec,mad_pull_rate_1bps
median_pull_rate_spot_2bps_5s_eth,median_pull_rate_spot_2bps_5s,eth,S2,Dynamics,s2_dynamics,,5.0,Spot,2332.0,median_pull_rate_spot_2bps_5s,False,False,True,spec,median_pull_rate_2bps
mad_pull_rate_spot_2bps_5s_eth,mad_pull_rate_spot_2bps_5s,eth,S2,Dynamics,s2_dynamics,,5.0,Spot,2272.0,mad_pull_rate_spot_2bps_5s,False,False,True,spec,mad_pull_rate_2bps
median_pull_rate_spot_5bps_15s_eth,median_pull_rate_spot_5bps_15s,eth,S2,Dynamics,s2_dynamics,,15.0,Spot,2333.0,median_pull_rate_spot_5bps_15s,False,False,True,spec,median_pull_rate_5bps
mad_pull_rate_spot_5bps_15s_eth,mad_pull_rate_spot_5bps_15s,eth,S2,Dynamics,s2_dynamics,,15.0,Spot,2273.0,mad_pull_rate_spot_5bps_15s,False,False,True,spec,mad_pull_rate_5bps
median_pull_rate_spot_5bps_5s_eth,median_pull_rate_spot_5bps_5s,eth,S2,Dynamics,s2_dynamics,,5.0,Spot,2334.0,median_pull_rate_spot_5bps_5s,False,False,True,spec,median_pull_rate_5bps
mad_pull_rate_spot_5bps_5s_eth,mad_pull_rate_spot_5bps_5s,eth,S2,Dynamics,s2_dynamics,,5.0,Spot,2274.0,mad_pull_rate_spot_5bps_5s,False,False,True,spec,mad_pull_rate_5bps
median_pull_rate_spot_5bps_60s_eth,median_pull_rate_spot_5bps_60s,eth,S2,Dynamics,s2_dynamics,,60.0,Spot,2335.0,median_pull_rate_spot_5bps_60s,False,False,True,spec,median_pull_rate_5bps
mad_pull_rate_spot_5bps_60s_eth,mad_pull_rate_spot_5bps_60s,eth,S2,Dynamics,s2_dynamics,,60.0,Spot,2275.0,mad_pull_rate_spot_5bps_60s,False,False,True,spec,mad_pull_rate_5bps
median_queue_pressure_fut_10bps_15s_eth,median_queue_pressure_fut_10bps_15s,eth,S2,Dynamics,s2_dynamics,,15.0,Futures,2336.0,median_queue_pressure_fut_10bps_15s,False,False,True,spec,median_queue_pressure_10bps
mad_queue_pressure_fut_10bps_15s_eth,mad_queue_pressure_fut_10bps_15s,eth,S2,Dynamics,s2_dynamics,,15.0,Futures,2276.0,mad_queue_pressure_fut_10bps_15s,False,False,True,spec,mad_queue_pressure_10bps
median_queue_pressure_fut_10bps_5s_eth,median_queue_pressure_fut_10bps_5s,eth,S2,Dynamics,s2_dynamics,,5.0,Futures,2337.0,median_queue_pressure_fut_10bps_5s,False,False,True,spec,median_queue_pressure_10bps
mad_queue_pressure_fut_10bps_5s_eth,mad_queue_pressure_fut_10bps_5s,eth,S2,Dynamics,s2_dynamics,,5.0,Futures,2277.0,mad_queue_pressure_fut_10bps_5s,False,False,True,spec,mad_queue_pressure_10bps
median_queue_pressure_fut_10bps_60s_eth,median_queue_pressure_fut_10bps_60s,eth,S2,Dynamics,s2_dynamics,,60.0,Futures,2338.0,median_queue_pressure_fut_10bps_60s,False,False,True,spec,median_queue_pressure_10bps
mad_queue_pressure_fut_10bps_60s_eth,mad_queue_pressure_fut_10bps_60s,eth,S2,Dynamics,s2_dynamics,,60.0,Futures,2278.0,mad_queue_pressure_fut_10bps_60s,False,False,True,spec,mad_queue_pressure_10bps
median_queue_pressure_fut_1bps_5s_eth,median_queue_pressure_fut_1bps_5s,eth,S2,Dynamics,s2_dynamics,,5.0,Futures,2339.0,median_queue_pressure_fut_1bps_5s,False,False,True,spec,median_queue_pressure_1bps
mad_queue_pressure_fut_1bps_5s_eth,mad_queue_pressure_fut_1bps_5s,eth,S2,Dynamics,s2_dynamics,,5.0,Futures,2279.0,mad_queue_pressure_fut_1bps_5s,False,False,True,spec,mad_queue_pressure_1bps
median_queue_pressure_fut_2bps_15s_eth,median_queue_pressure_fut_2bps_15s,eth,S2,Dynamics,s2_dynamics,,15.0,Futures,2340.0,median_queue_pressure_fut_2bps_15s,False,False,True,spec,median_queue_pressure_2bps
mad_queue_pressure_fut_2bps_15s_eth,mad_queue_pressure_fut_2bps_15s,eth,S2,Dynamics,s2_dynamics,,15.0,Futures,2280.0,mad_queue_pressure_fut_2bps_15s,False,False,True,spec,mad_queue_pressure_2bps
median_queue_pressure_fut_2bps_5s_eth,median_queue_pressure_fut_2bps_5s,eth,S2,Dynamics,s2_dynamics,,5.0,Futures,2341.0,median_queue_pressure_fut_2bps_5s,False,False,True,spec,median_queue_pressure_2bps
mad_queue_pressure_fut_2bps_5s_eth,mad_queue_pressure_fut_2bps_5s,eth,S2,Dynamics,s2_dynamics,,5.0,Futures,2281.0,mad_queue_pressure_fut_2bps_5s,False,False,True,spec,mad_queue_pressure_2bps
median_queue_pressure_fut_2bps_60s_eth,median_queue_pressure_fut_2bps_60s,eth,S2,Dynamics,s2_dynamics,,60.0,Futures,2342.0,median_queue_pressure_fut_2bps_60s,False,False,True,spec,median_queue_pressure_2bps
mad_queue_pressure_fut_2bps_60s_eth,mad_queue_pressure_fut_2bps_60s,eth,S2,Dynamics,s2_dynamics,,60.0,Futures,2282.0,mad_queue_pressure_fut_2bps_60s,False,False,True,spec,mad_queue_pressure_2bps
median_queue_pressure_fut_5bps_15s_eth,median_queue_pressure_fut_5bps_15s,eth,S2,Dynamics,s2_dynamics,,15.0,Futures,2343.0,median_queue_pressure_fut_5bps_15s,False,False,True,spec,median_queue_pressure_5bps
mad_queue_pressure_fut_5bps_15s_eth,mad_queue_pressure_fut_5bps_15s,eth,S2,Dynamics,s2_dynamics,,15.0,Futures,2283.0,mad_queue_pressure_fut_5bps_15s,False,False,True,spec,mad_queue_pressure_5bps
median_queue_pressure_fut_5bps_5s_eth,median_queue_pressure_fut_5bps_5s,eth,S2,Dynamics,s2_dynamics,,5.0,Futures,2344.0,median_queue_pressure_fut_5bps_5s,False,False,True,spec,median_queue_pressure_5bps
mad_queue_pressure_fut_5bps_5s_eth,mad_queue_pressure_fut_5bps_5s,eth,S2,Dynamics,s2_dynamics,,5.0,Futures,2284.0,mad_queue_pressure_fut_5bps_5s,False,False,True,spec,mad_queue_pressure_5bps
median_queue_pressure_fut_5bps_60s_eth,median_queue_pressure_fut_5bps_60s,eth,S2,Dynamics,s2_dynamics,,60.0,Futures,2345.0,median_queue_pressure_fut_5bps_60s,False,False,True,spec,median_queue_pressure_5bps
mad_queue_pressure_fut_5bps_60s_eth,mad_queue_pressure_fut_5bps_60s,eth,S2,Dynamics,s2_dynamics,,60.0,Futures,2285.0,mad_queue_pressure_fut_5bps_60s,False,False,True,spec,mad_queue_pressure_5bps
median_queue_pressure_spot_10bps_15s_eth,median_queue_pressure_spot_10bps_15s,eth,S2,Dynamics,s2_dynamics,,15.0,Spot,2346.0,median_queue_pressure_spot_10bps_15s,False,False,True,spec,median_queue_pressure_10bps
mad_queue_pressure_spot_10bps_15s_eth,mad_queue_pressure_spot_10bps_15s,eth,S2,Dynamics,s2_dynamics,,15.0,Spot,2286.0,mad_queue_pressure_spot_10bps_15s,False,False,True,spec,mad_queue_pressure_10bps
median_queue_pressure_spot_10bps_5s_eth,median_queue_pressure_spot_10bps_5s,eth,S2,Dynamics,s2_dynamics,,5.0,Spot,2347.0,median_queue_pressure_spot_10bps_5s,False,False,True,spec,median_queue_pressure_10bps
mad_queue_pressure_spot_10bps_5s_eth,mad_queue_pressure_spot_10bps_5s,eth,S2,Dynamics,s2_dynamics,,5.0,Spot,2287.0,mad_queue_pressure_spot_10bps_5s,False,False,True,spec,mad_queue_pressure_10bps
median_queue_pressure_spot_10bps_60s_eth,median_queue_pressure_spot_10bps_60s,eth,S2,Dynamics,s2_dynamics,,60.0,Spot,2348.0,median_queue_pressure_spot_10bps_60s,False,False,True,spec,median_queue_pressure_10bps
mad_queue_pressure_spot_10bps_60s_eth,mad_queue_pressure_spot_10bps_60s,eth,S2,Dynamics,s2_dynamics,,60.0,Spot,2288.0,mad_queue_pressure_spot_10bps_60s,False,False,True,spec,mad_queue_pressure_10bps
median_queue_pressure_spot_1bps_5s_eth,median_queue_pressure_spot_1bps_5s,eth,S2,Dynamics,s2_dynamics,,5.0,Spot,2349.0,median_queue_pressure_spot_1bps_5s,False,False,True,spec,median_queue_pressure_1bps
mad_queue_pressure_spot_1bps_5s_eth,mad_queue_pressure_spot_1bps_5s,eth,S2,Dynamics,s2_dynamics,,5.0,Spot,2289.0,mad_queue_pressure_spot_1bps_5s,False,False,True,spec,mad_queue_pressure_1bps
median_queue_pressure_spot_2bps_15s_eth,median_queue_pressure_spot_2bps_15s,eth,S2,Dynamics,s2_dynamics,,15.0,Spot,2350.0,median_queue_pressure_spot_2bps_15s,False,False,True,spec,median_queue_pressure_2bps
mad_queue_pressure_spot_2bps_15s_eth,mad_queue_pressure_spot_2bps_15s,eth,S2,Dynamics,s2_dynamics,,15.0,Spot,2290.0,mad_queue_pressure_spot_2bps_15s,False,False,True,spec,mad_queue_pressure_2bps
median_queue_pressure_spot_2bps_5s_eth,median_queue_pressure_spot_2bps_5s,eth,S2,Dynamics,s2_dynamics,,5.0,Spot,2351.0,median_queue_pressure_spot_2bps_5s,False,False,True,spec,median_queue_pressure_2bps
mad_queue_pressure_spot_2bps_5s_eth,mad_queue_pressure_spot_2bps_5s,eth,S2,Dynamics,s2_dynamics,,5.0,Spot,2291.0,mad_queue_pressure_spot_2bps_5s,False,False,True,spec,mad_queue_pressure_2bps
median_queue_pressure_spot_2bps_60s_eth,median_queue_pressure_spot_2bps_60s,eth,S2,Dynamics,s2_dynamics,,60.0,Spot,2352.0,median_queue_pressure_spot_2bps_60s,False,False,True,spec,median_queue_pressure_2bps
mad_queue_pressure_spot_2bps_60s_eth,mad_queue_pressure_spot_2bps_60s,eth,S2,Dynamics,s2_dynamics,,60.0,Spot,2292.0,mad_queue_pressure_spot_2bps_60s,False,False,True,spec,mad_queue_pressure_2bps
median_queue_pressure_spot_5bps_15s_eth,median_queue_pressure_spot_5bps_15s,eth,S2,Dynamics,s2_dynamics,,15.0,Spot,2353.0,median_queue_pressure_spot_5bps_15s,False,False,True,spec,median_queue_pressure_5bps
mad_queue_pressure_spot_5bps_15s_eth,mad_queue_pressure_spot_5bps_15s,eth,S2,Dynamics,s2_dynamics,,15.0,Spot,2293.0,mad_queue_pressure_spot_5bps_15s,False,False,True,spec,mad_queue_pressure_5bps
median_queue_pressure_spot_5bps_5s_eth,median_queue_pressure_spot_5bps_5s,eth,S2,Dynamics,s2_dynamics,,5.0,Spot,2354.0,median_queue_pressure_spot_5bps_5s,False,False,True,spec,median_queue_pressure_5bps
mad_queue_pressure_spot_5bps_5s_eth,mad_queue_pressure_spot_5bps_5s,eth,S2,Dynamics,s2_dynamics,,5.0,Spot,2294.0,mad_queue_pressure_spot_5bps_5s,False,False,True,spec,mad_queue_pressure_5bps
median_queue_pressure_spot_5bps_60s_eth,median_queue_pressure_spot_5bps_60s,eth,S2,Dynamics,s2_dynamics,,60.0,Spot,2355.0,median_queue_pressure_spot_5bps_60s,False,False,True,spec,median_queue_pressure_5bps
mad_queue_pressure_spot_5bps_60s_eth,mad_queue_pressure_spot_5bps_60s,eth,S2,Dynamics,s2_dynamics,,60.0,Spot,2295.0,mad_queue_pressure_spot_5bps_60s,False,False,True,spec,mad_queue_pressure_5bps
median_refill_rate_fut_10bps_15s_eth,median_refill_rate_fut_10bps_15s,eth,S2,Dynamics,s2_dynamics,,15.0,Futures,2356.0,median_refill_rate_fut_10bps_15s,False,False,True,spec,median_refill_rate_10bps
mad_refill_rate_fut_10bps_15s_eth,mad_refill_rate_fut_10bps_15s,eth,S2,Dynamics,s2_dynamics,,15.0,Futures,2296.0,mad_refill_rate_fut_10bps_15s,False,False,True,spec,mad_refill_rate_10bps
median_refill_rate_fut_10bps_5s_eth,median_refill_rate_fut_10bps_5s,eth,S2,Dynamics,s2_dynamics,,5.0,Futures,2357.0,median_refill_rate_fut_10bps_5s,False,False,True,spec,median_refill_rate_10bps
mad_refill_rate_fut_10bps_5s_eth,mad_refill_rate_fut_10bps_5s,eth,S2,Dynamics,s2_dynamics,,5.0,Futures,2297.0,mad_refill_rate_fut_10bps_5s,False,False,True,spec,mad_refill_rate_10bps
median_refill_rate_fut_10bps_60s_eth,median_refill_rate_fut_10bps_60s,eth,S2,Dynamics,s2_dynamics,,60.0,Futures,2358.0,median_refill_rate_fut_10bps_60s,False,False,True,spec,median_refill_rate_10bps
mad_refill_rate_fut_10bps_60s_eth,mad_refill_rate_fut_10bps_60s,eth,S2,Dynamics,s2_dynamics,,60.0,Futures,2298.0,mad_refill_rate_fut_10bps_60s,False,False,True,spec,mad_refill_rate_10bps
median_refill_rate_fut_1bps_60s_eth,median_refill_rate_fut_1bps_60s,eth,S2,Dynamics,s2_dynamics,,60.0,Futures,2359.0,median_refill_rate_fut_1bps_60s,False,False,True,spec,median_refill_rate_1bps
mad_refill_rate_fut_1bps_60s_eth,mad_refill_rate_fut_1bps_60s,eth,S2,Dynamics,s2_dynamics,,60.0,Futures,2299.0,mad_refill_rate_fut_1bps_60s,False,False,True,spec,mad_refill_rate_1bps
median_refill_rate_fut_2bps_5s_eth,median_refill_rate_fut_2bps_5s,eth,S2,Dynamics,s2_dynamics,,5.0,Futures,2360.0,median_refill_rate_fut_2bps_5s,False,False,True,spec,median_refill_rate_2bps
mad_refill_rate_fut_2bps_5s_eth,mad_refill_rate_fut_2bps_5s,eth,S2,Dynamics,s2_dynamics,,5.0,Futures,2300.0,mad_refill_rate_fut_2bps_5s,False,False,True,spec,mad_refill_rate_2bps
median_refill_rate_fut_5bps_15s_eth,median_refill_rate_fut_5bps_15s,eth,S2,Dynamics,s2_dynamics,,15.0,Futures,2361.0,median_refill_rate_fut_5bps_15s,False,False,True,spec,median_refill_rate_5bps
mad_refill_rate_fut_5bps_15s_eth,mad_refill_rate_fut_5bps_15s,eth,S2,Dynamics,s2_dynamics,,15.0,Futures,2301.0,mad_refill_rate_fut_5bps_15s,False,False,True,spec,mad_refill_rate_5bps
median_refill_rate_fut_5bps_5s_eth,median_refill_rate_fut_5bps_5s,eth,S2,Dynamics,s2_dynamics,,5.0,Futures,2362.0,median_refill_rate_fut_5bps_5s,False,False,True,spec,median_refill_rate_5bps
mad_refill_rate_fut_5bps_5s_eth,mad_refill_rate_fut_5bps_5s,eth,S2,Dynamics,s2_dynamics,,5.0,Futures,2302.0,mad_refill_rate_fut_5bps_5s,False,False,True,spec,mad_refill_rate_5bps
median_refill_rate_fut_5bps_60s_eth,median_refill_rate_fut_5bps_60s,eth,S2,Dynamics,s2_dynamics,,60.0,Futures,2363.0,median_refill_rate_fut_5bps_60s,False,False,True,spec,median_refill_rate_5bps
mad_refill_rate_fut_5bps_60s_eth,mad_refill_rate_fut_5bps_60s,eth,S2,Dynamics,s2_dynamics,,60.0,Futures,2303.0,mad_refill_rate_fut_5bps_60s,False,False,True,spec,mad_refill_rate_5bps
median_refill_rate_spot_10bps_15s_eth,median_refill_rate_spot_10bps_15s,eth,S2,Dynamics,s2_dynamics,,15.0,Spot,2364.0,median_refill_rate_spot_10bps_15s,False,False,True,spec,median_refill_rate_10bps
mad_refill_rate_spot_10bps_15s_eth,mad_refill_rate_spot_10bps_15s,eth,S2,Dynamics,s2_dynamics,,15.0,Spot,2304.0,mad_refill_rate_spot_10bps_15s,False,False,True,spec,mad_refill_rate_10bps
median_refill_rate_spot_10bps_5s_eth,median_refill_rate_spot_10bps_5s,eth,S2,Dynamics,s2_dynamics,,5.0,Spot,2365.0,median_refill_rate_spot_10bps_5s,False,False,True,spec,median_refill_rate_10bps
mad_refill_rate_spot_10bps_5s_eth,mad_refill_rate_spot_10bps_5s,eth,S2,Dynamics,s2_dynamics,,5.0,Spot,2305.0,mad_refill_rate_spot_10bps_5s,False,False,True,spec,mad_refill_rate_10bps
median_refill_rate_spot_10bps_60s_eth,median_refill_rate_spot_10bps_60s,eth,S2,Dynamics,s2_dynamics,,60.0,Spot,2366.0,median_refill_rate_spot_10bps_60s,False,False,True,spec,median_refill_rate_10bps
mad_refill_rate_spot_10bps_60s_eth,mad_refill_rate_spot_10bps_60s,eth,S2,Dynamics,s2_dynamics,,60.0,Spot,2306.0,mad_refill_rate_spot_10bps_60s,False,False,True,spec,mad_refill_rate_10bps
median_refill_rate_spot_1bps_60s_eth,median_refill_rate_spot_1bps_60s,eth,S2,Dynamics,s2_dynamics,,60.0,Spot,2367.0,median_refill_rate_spot_1bps_60s,False,False,True,spec,median_refill_rate_1bps
mad_refill_rate_spot_1bps_60s_eth,mad_refill_rate_spot_1bps_60s,eth,S2,Dynamics,s2_dynamics,,60.0,Spot,2307.0,mad_refill_rate_spot_1bps_60s,False,False,True,spec,mad_refill_rate_1bps
median_refill_rate_spot_2bps_5s_eth,median_refill_rate_spot_2bps_5s,eth,S2,Dynamics,s2_dynamics,,5.0,Spot,2368.0,median_refill_rate_spot_2bps_5s,False,False,True,spec,median_refill_rate_2bps
mad_refill_rate_spot_2bps_5s_eth,mad_refill_rate_spot_2bps_5s,eth,S2,Dynamics,s2_dynamics,,5.0,Spot,2308.0,mad_refill_rate_spot_2bps_5s,False,False,True,spec,mad_refill_rate_2bps
median_refill_rate_spot_5bps_15s_eth,median_refill_rate_spot_5bps_15s,eth,S2,Dynamics,s2_dynamics,,15.0,Spot,2369.0,median_refill_rate_spot_5bps_15s,False,False,True,spec,median_refill_rate_5bps
mad_refill_rate_spot_5bps_15s_eth,mad_refill_rate_spot_5bps_15s,eth,S2,Dynamics,s2_dynamics,,15.0,Spot,2309.0,mad_refill_rate_spot_5bps_15s,False,False,True,spec,mad_refill_rate_5bps
median_refill_rate_spot_5bps_5s_eth,median_refill_rate_spot_5bps_5s,eth,S2,Dynamics,s2_dynamics,,5.0,Spot,2370.0,median_refill_rate_spot_5bps_5s,False,False,True,spec,median_refill_rate_5bps
mad_refill_rate_spot_5bps_5s_eth,mad_refill_rate_spot_5bps_5s,eth,S2,Dynamics,s2_dynamics,,5.0,Spot,2310.0,mad_refill_rate_spot_5bps_5s,False,False,True,spec,mad_refill_rate_5bps
median_refill_rate_spot_5bps_60s_eth,median_refill_rate_spot_5bps_60s,eth,S2,Dynamics,s2_dynamics,,60.0,Spot,2371.0,median_refill_rate_spot_5bps_60s,False,False,True,spec,median_refill_rate_5bps
mad_refill_rate_spot_5bps_60s_eth,mad_refill_rate_spot_5bps_60s,eth,S2,Dynamics,s2_dynamics,,60.0,Spot,2311.0,mad_refill_rate_spot_5bps_60s,False,False,True,spec,mad_refill_rate_5bps
ret_shock_1s_eth,ret_shock_1s,eth,S2,Dynamics,s2_dynamics,,1.0,Cross,2372.0,ret_shock_1s,False,False,True,spec,ret_shock
net_pressure_shock_fut_1bps_15s_eth,net_pressure_shock_fut_1bps_15s,eth,S2,Dynamics,s2_dynamics,,15.0,Futures,2373.0,net_pressure_shock_fut_1bps_15s,False,False,True,spec,net_pressure_shock_1bps
net_pressure_shock_fut_1bps_5s_eth,net_pressure_shock_fut_1bps_5s,eth,S2,Dynamics,s2_dynamics,,5.0,Futures,2374.0,net_pressure_shock_fut_1bps_5s,False,False,True,spec,net_pressure_shock_1bps
net_pressure_shock_fut_1bps_60s_eth,net_pressure_shock_fut_1bps_60s,eth,S2,Dynamics,s2_dynamics,,60.0,Futures,2375.0,net_pressure_shock_fut_1bps_60s,False,False,True,spec,net_pressure_shock_1bps
net_pressure_shock_spot_1bps_15s_eth,net_pressure_shock_spot_1bps_15s,eth,S2,Dynamics,s2_dynamics,,15.0,Spot,2376.0,net_pressure_shock_spot_1bps_15s,False,False,True,spec,net_pressure_shock_1bps
net_pressure_shock_spot_1bps_5s_eth,net_pressure_shock_spot_1bps_5s,eth,S2,Dynamics,s2_dynamics,,5.0,Spot,2377.0,net_pressure_shock_spot_1bps_5s,False,False,True,spec,net_pressure_shock_1bps
net_pressure_shock_spot_1bps_60s_eth,net_pressure_shock_spot_1bps_60s,eth,S2,Dynamics,s2_dynamics,,60.0,Spot,2378.0,net_pressure_shock_spot_1bps_60s,False,False,True,spec,net_pressure_shock_1bps
pull_rate_shock_fut_10bps_15s_eth,pull_rate_shock_fut_10bps_15s,eth,S2,Dynamics,s2_dynamics,,15.0,Futures,2379.0,pull_rate_shock_fut_10bps_15s,False,False,True,spec,pull_rate_shock_10bps
pull_rate_shock_fut_10bps_5s_eth,pull_rate_shock_fut_10bps_5s,eth,S2,Dynamics,s2_dynamics,,5.0,Futures,2380.0,pull_rate_shock_fut_10bps_5s,False,False,True,spec,pull_rate_shock_10bps
pull_rate_shock_fut_10bps_60s_eth,pull_rate_shock_fut_10bps_60s,eth,S2,Dynamics,s2_dynamics,,60.0,Futures,2381.0,pull_rate_shock_fut_10bps_60s,False,False,True,spec,pull_rate_shock_10bps
pull_rate_shock_fut_1bps_5s_eth,pull_rate_shock_fut_1bps_5s,eth,S2,Dynamics,s2_dynamics,,5.0,Futures,2382.0,pull_rate_shock_fut_1bps_5s,False,False,True,spec,pull_rate_shock_1bps
pull_rate_shock_fut_1bps_60s_eth,pull_rate_shock_fut_1bps_60s,eth,S2,Dynamics,s2_dynamics,,60.0,Futures,2383.0,pull_rate_shock_fut_1bps_60s,False,False,True,spec,pull_rate_shock_1bps
pull_rate_shock_fut_2bps_5s_eth,pull_rate_shock_fut_2bps_5s,eth,S2,Dynamics,s2_dynamics,,5.0,Futures,2384.0,pull_rate_shock_fut_2bps_5s,False,False,True,spec,pull_rate_shock_2bps
pull_rate_shock_fut_5bps_15s_eth,pull_rate_shock_fut_5bps_15s,eth,S2,Dynamics,s2_dynamics,,15.0,Futures,2385.0,pull_rate_shock_fut_5bps_15s,False,False,True,spec,pull_rate_shock_5bps
pull_rate_shock_fut_5bps_5s_eth,pull_rate_shock_fut_5bps_5s,eth,S2,Dynamics,s2_dynamics,,5.0,Futures,2386.0,pull_rate_shock_fut_5bps_5s,False,False,True,spec,pull_rate_shock_5bps
pull_rate_shock_fut_5bps_60s_eth,pull_rate_shock_fut_5bps_60s,eth,S2,Dynamics,s2_dynamics,,60.0,Futures,2387.0,pull_rate_shock_fut_5bps_60s,False,False,True,spec,pull_rate_shock_5bps
pull_rate_shock_spot_10bps_15s_eth,pull_rate_shock_spot_10bps_15s,eth,S2,Dynamics,s2_dynamics,,15.0,Spot,2388.0,pull_rate_shock_spot_10bps_15s,False,False,True,spec,pull_rate_shock_10bps
pull_rate_shock_spot_10bps_5s_eth,pull_rate_shock_spot_10bps_5s,eth,S2,Dynamics,s2_dynamics,,5.0,Spot,2389.0,pull_rate_shock_spot_10bps_5s,False,False,True,spec,pull_rate_shock_10bps
pull_rate_shock_spot_10bps_60s_eth,pull_rate_shock_spot_10bps_60s,eth,S2,Dynamics,s2_dynamics,,60.0,Spot,2390.0,pull_rate_shock_spot_10bps_60s,False,False,True,spec,pull_rate_shock_10bps
pull_rate_shock_spot_1bps_5s_eth,pull_rate_shock_spot_1bps_5s,eth,S2,Dynamics,s2_dynamics,,5.0,Spot,2391.0,pull_rate_shock_spot_1bps_5s,False,False,True,spec,pull_rate_shock_1bps
pull_rate_shock_spot_1bps_60s_eth,pull_rate_shock_spot_1bps_60s,eth,S2,Dynamics,s2_dynamics,,60.0,Spot,2392.0,pull_rate_shock_spot_1bps_60s,False,False,True,spec,pull_rate_shock_1bps
pull_rate_shock_spot_2bps_5s_eth,pull_rate_shock_spot_2bps_5s,eth,S2,Dynamics,s2_dynamics,,5.0,Spot,2393.0,pull_rate_shock_spot_2bps_5s,False,False,True,spec,pull_rate_shock_2bps
pull_rate_shock_spot_5bps_15s_eth,pull_rate_shock_spot_5bps_15s,eth,S2,Dynamics,s2_dynamics,,15.0,Spot,2394.0,pull_rate_shock_spot_5bps_15s,False,False,True,spec,pull_rate_shock_5bps
pull_rate_shock_spot_5bps_5s_eth,pull_rate_shock_spot_5bps_5s,eth,S2,Dynamics,s2_dynamics,,5.0,Spot,2395.0,pull_rate_shock_spot_5bps_5s,False,False,True,spec,pull_rate_shock_5bps
pull_rate_shock_spot_5bps_60s_eth,pull_rate_shock_spot_5bps_60s,eth,S2,Dynamics,s2_dynamics,,60.0,Spot,2396.0,pull_rate_shock_spot_5bps_60s,False,False,True,spec,pull_rate_shock_5bps
queue_pressure_shock_fut_10bps_15s_eth,queue_pressure_shock_fut_10bps_15s,eth,S2,Dynamics,s2_dynamics,,15.0,Futures,2397.0,queue_pressure_shock_fut_10bps_15s,False,False,True,spec,queue_pressure_shock_10bps
queue_pressure_shock_fut_10bps_5s_eth,queue_pressure_shock_fut_10bps_5s,eth,S2,Dynamics,s2_dynamics,,5.0,Futures,2398.0,queue_pressure_shock_fut_10bps_5s,False,False,True,spec,queue_pressure_shock_10bps
queue_pressure_shock_fut_10bps_60s_eth,queue_pressure_shock_fut_10bps_60s,eth,S2,Dynamics,s2_dynamics,,60.0,Futures,2399.0,queue_pressure_shock_fut_10bps_60s,False,False,True,spec,queue_pressure_shock_10bps
queue_pressure_shock_fut_1bps_5s_eth,queue_pressure_shock_fut_1bps_5s,eth,S2,Dynamics,s2_dynamics,,5.0,Futures,2400.0,queue_pressure_shock_fut_1bps_5s,False,False,True,spec,queue_pressure_shock_1bps
queue_pressure_shock_fut_2bps_15s_eth,queue_pressure_shock_fut_2bps_15s,eth,S2,Dynamics,s2_dynamics,,15.0,Futures,2401.0,queue_pressure_shock_fut_2bps_15s,False,False,True,spec,queue_pressure_shock_2bps
queue_pressure_shock_fut_2bps_5s_eth,queue_pressure_shock_fut_2bps_5s,eth,S2,Dynamics,s2_dynamics,,5.0,Futures,2402.0,queue_pressure_shock_fut_2bps_5s,False,False,True,spec,queue_pressure_shock_2bps
queue_pressure_shock_fut_2bps_60s_eth,queue_pressure_shock_fut_2bps_60s,eth,S2,Dynamics,s2_dynamics,,60.0,Futures,2403.0,queue_pressure_shock_fut_2bps_60s,False,False,True,spec,queue_pressure_shock_2bps
queue_pressure_shock_fut_5bps_15s_eth,queue_pressure_shock_fut_5bps_15s,eth,S2,Dynamics,s2_dynamics,,15.0,Futures,2404.0,queue_pressure_shock_fut_5bps_15s,False,False,True,spec,queue_pressure_shock_5bps
queue_pressure_shock_fut_5bps_5s_eth,queue_pressure_shock_fut_5bps_5s,eth,S2,Dynamics,s2_dynamics,,5.0,Futures,2405.0,queue_pressure_shock_fut_5bps_5s,False,False,True,spec,queue_pressure_shock_5bps
queue_pressure_shock_fut_5bps_60s_eth,queue_pressure_shock_fut_5bps_60s,eth,S2,Dynamics,s2_dynamics,,60.0,Futures,2406.0,queue_pressure_shock_fut_5bps_60s,False,False,True,spec,queue_pressure_shock_5bps
queue_pressure_shock_spot_10bps_15s_eth,queue_pressure_shock_spot_10bps_15s,eth,S2,Dynamics,s2_dynamics,,15.0,Spot,2407.0,queue_pressure_shock_spot_10bps_15s,False,False,True,spec,queue_pressure_shock_10bps
queue_pressure_shock_spot_10bps_5s_eth,queue_pressure_shock_spot_10bps_5s,eth,S2,Dynamics,s2_dynamics,,5.0,Spot,2408.0,queue_pressure_shock_spot_10bps_5s,False,False,True,spec,queue_pressure_shock_10bps
queue_pressure_shock_spot_10bps_60s_eth,queue_pressure_shock_spot_10bps_60s,eth,S2,Dynamics,s2_dynamics,,60.0,Spot,2409.0,queue_pressure_shock_spot_10bps_60s,False,False,True,spec,queue_pressure_shock_10bps
queue_pressure_shock_spot_1bps_5s_eth,queue_pressure_shock_spot_1bps_5s,eth,S2,Dynamics,s2_dynamics,,5.0,Spot,2410.0,queue_pressure_shock_spot_1bps_5s,False,False,True,spec,queue_pressure_shock_1bps
queue_pressure_shock_spot_2bps_15s_eth,queue_pressure_shock_spot_2bps_15s,eth,S2,Dynamics,s2_dynamics,,15.0,Spot,2411.0,queue_pressure_shock_spot_2bps_15s,False,False,True,spec,queue_pressure_shock_2bps
queue_pressure_shock_spot_2bps_5s_eth,queue_pressure_shock_spot_2bps_5s,eth,S2,Dynamics,s2_dynamics,,5.0,Spot,2412.0,queue_pressure_shock_spot_2bps_5s,False,False,True,spec,queue_pressure_shock_2bps
queue_pressure_shock_spot_2bps_60s_eth,queue_pressure_shock_spot_2bps_60s,eth,S2,Dynamics,s2_dynamics,,60.0,Spot,2413.0,queue_pressure_shock_spot_2bps_60s,False,False,True,spec,queue_pressure_shock_2bps
queue_pressure_shock_spot_5bps_15s_eth,queue_pressure_shock_spot_5bps_15s,eth,S2,Dynamics,s2_dynamics,,15.0,Spot,2414.0,queue_pressure_shock_spot_5bps_15s,False,False,True,spec,queue_pressure_shock_5bps
queue_pressure_shock_spot_5bps_5s_eth,queue_pressure_shock_spot_5bps_5s,eth,S2,Dynamics,s2_dynamics,,5.0,Spot,2415.0,queue_pressure_shock_spot_5bps_5s,False,False,True,spec,queue_pressure_shock_5bps
queue_pressure_shock_spot_5bps_60s_eth,queue_pressure_shock_spot_5bps_60s,eth,S2,Dynamics,s2_dynamics,,60.0,Spot,2416.0,queue_pressure_shock_spot_5bps_60s,False,False,True,spec,queue_pressure_shock_5bps
refill_rate_shock_fut_10bps_15s_eth,refill_rate_shock_fut_10bps_15s,eth,S2,Dynamics,s2_dynamics,,15.0,Futures,2417.0,refill_rate_shock_fut_10bps_15s,False,False,True,spec,refill_rate_shock_10bps
refill_rate_shock_fut_10bps_5s_eth,refill_rate_shock_fut_10bps_5s,eth,S2,Dynamics,s2_dynamics,,5.0,Futures,2418.0,refill_rate_shock_fut_10bps_5s,False,False,True,spec,refill_rate_shock_10bps
refill_rate_shock_fut_10bps_60s_eth,refill_rate_shock_fut_10bps_60s,eth,S2,Dynamics,s2_dynamics,,60.0,Futures,2419.0,refill_rate_shock_fut_10bps_60s,False,False,True,spec,refill_rate_shock_10bps
refill_rate_shock_fut_1bps_60s_eth,refill_rate_shock_fut_1bps_60s,eth,S2,Dynamics,s2_dynamics,,60.0,Futures,2420.0,refill_rate_shock_fut_1bps_60s,False,False,True,spec,refill_rate_shock_1bps
refill_rate_shock_fut_2bps_5s_eth,refill_rate_shock_fut_2bps_5s,eth,S2,Dynamics,s2_dynamics,,5.0,Futures,2421.0,refill_rate_shock_fut_2bps_5s,False,False,True,spec,refill_rate_shock_2bps
refill_rate_shock_fut_5bps_15s_eth,refill_rate_shock_fut_5bps_15s,eth,S2,Dynamics,s2_dynamics,,15.0,Futures,2422.0,refill_rate_shock_fut_5bps_15s,False,False,True,spec,refill_rate_shock_5bps
refill_rate_shock_fut_5bps_5s_eth,refill_rate_shock_fut_5bps_5s,eth,S2,Dynamics,s2_dynamics,,5.0,Futures,2423.0,refill_rate_shock_fut_5bps_5s,False,False,True,spec,refill_rate_shock_5bps
refill_rate_shock_fut_5bps_60s_eth,refill_rate_shock_fut_5bps_60s,eth,S2,Dynamics,s2_dynamics,,60.0,Futures,2424.0,refill_rate_shock_fut_5bps_60s,False,False,True,spec,refill_rate_shock_5bps
refill_rate_shock_spot_10bps_15s_eth,refill_rate_shock_spot_10bps_15s,eth,S2,Dynamics,s2_dynamics,,15.0,Spot,2425.0,refill_rate_shock_spot_10bps_15s,False,False,True,spec,refill_rate_shock_10bps
refill_rate_shock_spot_10bps_5s_eth,refill_rate_shock_spot_10bps_5s,eth,S2,Dynamics,s2_dynamics,,5.0,Spot,2426.0,refill_rate_shock_spot_10bps_5s,False,False,True,spec,refill_rate_shock_10bps
refill_rate_shock_spot_10bps_60s_eth,refill_rate_shock_spot_10bps_60s,eth,S2,Dynamics,s2_dynamics,,60.0,Spot,2427.0,refill_rate_shock_spot_10bps_60s,False,False,True,spec,refill_rate_shock_10bps
refill_rate_shock_spot_1bps_60s_eth,refill_rate_shock_spot_1bps_60s,eth,S2,Dynamics,s2_dynamics,,60.0,Spot,2428.0,refill_rate_shock_spot_1bps_60s,False,False,True,spec,refill_rate_shock_1bps
refill_rate_shock_spot_2bps_5s_eth,refill_rate_shock_spot_2bps_5s,eth,S2,Dynamics,s2_dynamics,,5.0,Spot,2429.0,refill_rate_shock_spot_2bps_5s,False,False,True,spec,refill_rate_shock_2bps
refill_rate_shock_spot_5bps_15s_eth,refill_rate_shock_spot_5bps_15s,eth,S2,Dynamics,s2_dynamics,,15.0,Spot,2430.0,refill_rate_shock_spot_5bps_15s,False,False,True,spec,refill_rate_shock_5bps
refill_rate_shock_spot_5bps_5s_eth,refill_rate_shock_spot_5bps_5s,eth,S2,Dynamics,s2_dynamics,,5.0,Spot,2431.0,refill_rate_shock_spot_5bps_5s,False,False,True,spec,refill_rate_shock_5bps
refill_rate_shock_spot_5bps_60s_eth,refill_rate_shock_spot_5bps_60s,eth,S2,Dynamics,s2_dynamics,,60.0,Spot,2432.0,refill_rate_shock_spot_5bps_60s,False,False,True,spec,refill_rate_shock_5bps
flow_depth_align_fut_struct50_1s_eth,flow_depth_align_fut_struct50_1s,eth,S2,Dynamics,s2_dynamics,,,Futures,2433.0,flow_depth_align_fut_struct50_1s,False,False,True,spec,flow_depth_align_struct50
flow_depth_align_fut_struct100_1s_eth,flow_depth_align_fut_struct100_1s,eth,S2,Dynamics,s2_dynamics,,,Futures,2434.0,flow_depth_align_fut_struct100_1s,False,False,True,spec,flow_depth_align_struct100
flow_depth_align_spot_struct50_1s_eth,flow_depth_align_spot_struct50_1s,eth,S2,Dynamics,s2_dynamics,,,Spot,2435.0,flow_depth_align_spot_struct50_1s,False,False,True,spec,flow_depth_align_struct50
flow_depth_align_spot_struct100_1s_eth,flow_depth_align_spot_struct100_1s,eth,S2,Dynamics,s2_dynamics,,,Spot,2436.0,flow_depth_align_spot_struct100_1s,False,False,True,spec,flow_depth_align_struct100
flow_depth_align_fut_struct100_60s_eth,flow_depth_align_fut_struct100_60s,eth,S2,Dynamics,s2_dynamics,,60.0,Futures,2437.0,flow_depth_align_fut_struct100_60s,False,False,True,spec,flow_depth_align_struct100
flow_depth_align_fut_struct100_300s_eth,flow_depth_align_fut_struct100_300s,eth,S2,Dynamics,s2_dynamics,,300.0,Futures,2438.0,flow_depth_align_fut_struct100_300s,False,False,True,spec,flow_depth_align_struct100
flow_depth_align_spot_struct100_60s_eth,flow_depth_align_spot_struct100_60s,eth,S2,Dynamics,s2_dynamics,,60.0,Spot,2439.0,flow_depth_align_spot_struct100_60s,False,False,True,spec,flow_depth_align_struct100
flow_depth_align_spot_struct100_300s_eth,flow_depth_align_spot_struct100_300s,eth,S2,Dynamics,s2_dynamics,,300.0,Spot,2440.0,flow_depth_align_spot_struct100_300s,False,False,True,spec,flow_depth_align_struct100
impact_per_liquidity_fut_2bps_300s_eth,impact_per_liquidity_fut_2bps_300s,eth,S2,Impact,s2_impact,,300.0,Futures,2441.0,impact_per_liquidity_fut_2bps_300s,False,False,True,spec,impact_per_liquidity_2bps
impact_per_liquidity_fut_2bps_60s_eth,impact_per_liquidity_fut_2bps_60s,eth,S2,Impact,s2_impact,,60.0,Futures,2442.0,impact_per_liquidity_fut_2bps_60s,False,False,True,spec,impact_per_liquidity_2bps
impact_per_liquidity_fut_2bps_900s_eth,impact_per_liquidity_fut_2bps_900s,eth,S2,Impact,s2_impact,,900.0,Futures,2443.0,impact_per_liquidity_fut_2bps_900s,False,False,True,spec,impact_per_liquidity_2bps
impact_per_liquidity_fut_5bps_300s_eth,impact_per_liquidity_fut_5bps_300s,eth,S2,Impact,s2_impact,,300.0,Futures,2444.0,impact_per_liquidity_fut_5bps_300s,False,False,True,spec,impact_per_liquidity_5bps
impact_per_liquidity_fut_5bps_60s_eth,impact_per_liquidity_fut_5bps_60s,eth,S2,Impact,s2_impact,,60.0,Futures,2445.0,impact_per_liquidity_fut_5bps_60s,False,False,True,spec,impact_per_liquidity_5bps
impact_per_liquidity_fut_5bps_900s_eth,impact_per_liquidity_fut_5bps_900s,eth,S2,Impact,s2_impact,,900.0,Futures,2446.0,impact_per_liquidity_fut_5bps_900s,False,False,True,spec,impact_per_liquidity_5bps
impact_per_liquidity_spot_2bps_300s_eth,impact_per_liquidity_spot_2bps_300s,eth,S2,Impact,s2_impact,,300.0,Spot,2447.0,impact_per_liquidity_spot_2bps_300s,False,False,True,spec,impact_per_liquidity_2bps
impact_per_liquidity_spot_2bps_60s_eth,impact_per_liquidity_spot_2bps_60s,eth,S2,Impact,s2_impact,,60.0,Spot,2448.0,impact_per_liquidity_spot_2bps_60s,False,False,True,spec,impact_per_liquidity_2bps
impact_per_liquidity_spot_2bps_900s_eth,impact_per_liquidity_spot_2bps_900s,eth,S2,Impact,s2_impact,,900.0,Spot,2449.0,impact_per_liquidity_spot_2bps_900s,False,False,True,spec,impact_per_liquidity_2bps
impact_per_liquidity_spot_5bps_300s_eth,impact_per_liquidity_spot_5bps_300s,eth,S2,Impact,s2_impact,,300.0,Spot,2450.0,impact_per_liquidity_spot_5bps_300s,False,False,True,spec,impact_per_liquidity_5bps
impact_per_liquidity_spot_5bps_60s_eth,impact_per_liquidity_spot_5bps_60s,eth,S2,Impact,s2_impact,,60.0,Spot,2451.0,impact_per_liquidity_spot_5bps_60s,False,False,True,spec,impact_per_liquidity_5bps
impact_per_liquidity_spot_5bps_900s_eth,impact_per_liquidity_spot_5bps_900s,eth,S2,Impact,s2_impact,,900.0,Spot,2452.0,impact_per_liquidity_spot_5bps_900s,False,False,True,spec,impact_per_liquidity_5bps
impact_per_signed_fut_15s_eth,impact_per_signed_fut_15s,eth,S2,Impact,s2_impact,,15.0,Futures,2453.0,impact_per_signed_fut_15s,False,False,True,spec,impact_per_signed
impact_per_signed_fut_5s_eth,impact_per_signed_fut_5s,eth,S2,Impact,s2_impact,,5.0,Futures,2454.0,impact_per_signed_fut_5s,False,False,True,spec,impact_per_signed
impact_per_signed_fut_60s_eth,impact_per_signed_fut_60s,eth,S2,Impact,s2_impact,,60.0,Futures,2455.0,impact_per_signed_fut_60s,False,False,True,spec,impact_per_signed
impact_per_signed_fut_900s_eth,impact_per_signed_fut_900s,eth,S2,Impact,s2_impact,,900.0,Futures,2456.0,impact_per_signed_fut_900s,False,False,True,spec,impact_per_signed
impact_per_signed_spot_15s_eth,impact_per_signed_spot_15s,eth,S2,Impact,s2_impact,,15.0,Spot,2457.0,impact_per_signed_spot_15s,False,False,True,spec,impact_per_signed
impact_per_signed_spot_5s_eth,impact_per_signed_spot_5s,eth,S2,Impact,s2_impact,,5.0,Spot,2458.0,impact_per_signed_spot_5s,False,False,True,spec,impact_per_signed
impact_per_signed_spot_60s_eth,impact_per_signed_spot_60s,eth,S2,Impact,s2_impact,,60.0,Spot,2459.0,impact_per_signed_spot_60s,False,False,True,spec,impact_per_signed
impact_per_signed_spot_900s_eth,impact_per_signed_spot_900s,eth,S2,Impact,s2_impact,,900.0,Spot,2460.0,impact_per_signed_spot_900s,False,False,True,spec,impact_per_signed
refill_vs_pull_fut_1bps_15s_eth,refill_vs_pull_fut_1bps_15s,eth,S2,Liquidity Events,s2_liquidity_events,,15.0,Futures,2461.0,refill_vs_pull_fut_1bps_15s,False,False,True,spec,refill_vs_pull_1bps
refill_vs_pull_fut_1bps_5s_eth,refill_vs_pull_fut_1bps_5s,eth,S2,Liquidity Events,s2_liquidity_events,,5.0,Futures,2462.0,refill_vs_pull_fut_1bps_5s,False,False,True,spec,refill_vs_pull_1bps
refill_vs_pull_fut_2bps_5s_eth,refill_vs_pull_fut_2bps_5s,eth,S2,Liquidity Events,s2_liquidity_events,,5.0,Futures,2463.0,refill_vs_pull_fut_2bps_5s,False,False,True,spec,refill_vs_pull_2bps
refill_vs_pull_fut_2bps_60s_eth,refill_vs_pull_fut_2bps_60s,eth,S2,Liquidity Events,s2_liquidity_events,,60.0,Futures,2464.0,refill_vs_pull_fut_2bps_60s,False,False,True,spec,refill_vs_pull_2bps
refill_vs_pull_spot_1bps_15s_eth,refill_vs_pull_spot_1bps_15s,eth,S2,Liquidity Events,s2_liquidity_events,,15.0,Spot,2465.0,refill_vs_pull_spot_1bps_15s,False,False,True,spec,refill_vs_pull_1bps
refill_vs_pull_spot_1bps_5s_eth,refill_vs_pull_spot_1bps_5s,eth,S2,Liquidity Events,s2_liquidity_events,,5.0,Spot,2466.0,refill_vs_pull_spot_1bps_5s,False,False,True,spec,refill_vs_pull_1bps
refill_vs_pull_spot_2bps_5s_eth,refill_vs_pull_spot_2bps_5s,eth,S2,Liquidity Events,s2_liquidity_events,,5.0,Spot,2467.0,refill_vs_pull_spot_2bps_5s,False,False,True,spec,refill_vs_pull_2bps
refill_vs_pull_spot_2bps_60s_eth,refill_vs_pull_spot_2bps_60s,eth,S2,Liquidity Events,s2_liquidity_events,,60.0,Spot,2468.0,refill_vs_pull_spot_2bps_60s,False,False,True,spec,refill_vs_pull_2bps
ask_churn_fut_2bps_15s_eth,ask_churn_fut_2bps_15s,eth,S2,Liquidity Events,s2_liquidity_events,,15.0,Futures,2469.0,ask_churn_fut_2bps_15s,False,False,True,spec,ask_churn_2bps
ask_churn_fut_2bps_60s_eth,ask_churn_fut_2bps_60s,eth,S2,Liquidity Events,s2_liquidity_events,,60.0,Futures,2470.0,ask_churn_fut_2bps_60s,False,False,True,spec,ask_churn_2bps
ask_churn_spot_2bps_15s_eth,ask_churn_spot_2bps_15s,eth,S2,Liquidity Events,s2_liquidity_events,,15.0,Spot,2471.0,ask_churn_spot_2bps_15s,False,False,True,spec,ask_churn_2bps
ask_churn_spot_2bps_60s_eth,ask_churn_spot_2bps_60s,eth,S2,Liquidity Events,s2_liquidity_events,,60.0,Spot,2472.0,ask_churn_spot_2bps_60s,False,False,True,spec,ask_churn_2bps
bid_churn_fut_2bps_15s_eth,bid_churn_fut_2bps_15s,eth,S2,Liquidity Events,s2_liquidity_events,,15.0,Futures,2473.0,bid_churn_fut_2bps_15s,False,False,True,spec,bid_churn_2bps
bid_churn_fut_2bps_60s_eth,bid_churn_fut_2bps_60s,eth,S2,Liquidity Events,s2_liquidity_events,,60.0,Futures,2474.0,bid_churn_fut_2bps_60s,False,False,True,spec,bid_churn_2bps
bid_churn_spot_2bps_15s_eth,bid_churn_spot_2bps_15s,eth,S2,Liquidity Events,s2_liquidity_events,,15.0,Spot,2475.0,bid_churn_spot_2bps_15s,False,False,True,spec,bid_churn_2bps
bid_churn_spot_2bps_60s_eth,bid_churn_spot_2bps_60s,eth,S2,Liquidity Events,s2_liquidity_events,,60.0,Spot,2476.0,bid_churn_spot_2bps_60s,False,False,True,spec,bid_churn_2bps
cancel_rate_ahead_fut_1bps_15s_eth,cancel_rate_ahead_fut_1bps_15s,eth,S2,Liquidity Events,s2_liquidity_events,,15.0,Futures,2477.0,cancel_rate_ahead_fut_1bps_15s,False,False,True,spec,cancel_rate_ahead_1bps
cancel_rate_ahead_spot_1bps_15s_eth,cancel_rate_ahead_spot_1bps_15s,eth,S2,Liquidity Events,s2_liquidity_events,,15.0,Spot,2478.0,cancel_rate_ahead_spot_1bps_15s,False,False,True,spec,cancel_rate_ahead_1bps
cancel_rate_behind_fut_1bps_15s_eth,cancel_rate_behind_fut_1bps_15s,eth,S2,Liquidity Events,s2_liquidity_events,,15.0,Futures,2479.0,cancel_rate_behind_fut_1bps_15s,False,False,True,spec,cancel_rate_behind_1bps
cancel_rate_behind_spot_1bps_15s_eth,cancel_rate_behind_spot_1bps_15s,eth,S2,Liquidity Events,s2_liquidity_events,,15.0,Spot,2480.0,cancel_rate_behind_spot_1bps_15s,False,False,True,spec,cancel_rate_behind_1bps
ask_churn_fut_5bps_1s_eth,ask_churn_fut_5bps_1s,eth,S2,Liquidity Events,s2_liquidity_events,,1.0,Futures,2481.0,ask_churn_fut_5bps_1s,False,False,True,spec,ask_churn_5bps
ask_churn_spot_5bps_1s_eth,ask_churn_spot_5bps_1s,eth,S2,Liquidity Events,s2_liquidity_events,,1.0,Spot,2482.0,ask_churn_spot_5bps_1s,False,False,True,spec,ask_churn_5bps
bid_churn_fut_5bps_1s_eth,bid_churn_fut_5bps_1s,eth,S2,Liquidity Events,s2_liquidity_events,,1.0,Futures,2483.0,bid_churn_fut_5bps_1s,False,False,True,spec,bid_churn_5bps
bid_churn_spot_5bps_1s_eth,bid_churn_spot_5bps_1s,eth,S2,Liquidity Events,s2_liquidity_events,,1.0,Spot,2484.0,bid_churn_spot_5bps_1s,False,False,True,spec,bid_churn_5bps
pull_rate_fut_1bps_15s_eth,pull_rate_fut_1bps_15s,eth,S2,Liquidity Events,s2_liquidity_events,,15.0,Futures,2485.0,pull_rate_fut_1bps_15s,False,False,True,spec,pull_rate_1bps
pull_rate_fut_2bps_15s_eth,pull_rate_fut_2bps_15s,eth,S2,Liquidity Events,s2_liquidity_events,,15.0,Futures,2486.0,pull_rate_fut_2bps_15s,False,False,True,spec,pull_rate_2bps
pull_rate_fut_2bps_60s_eth,pull_rate_fut_2bps_60s,eth,S2,Liquidity Events,s2_liquidity_events,,60.0,Futures,2487.0,pull_rate_fut_2bps_60s,False,False,True,spec,pull_rate_2bps
pull_rate_spot_1bps_15s_eth,pull_rate_spot_1bps_15s,eth,S2,Liquidity Events,s2_liquidity_events,,15.0,Spot,2488.0,pull_rate_spot_1bps_15s,False,False,True,spec,pull_rate_1bps
pull_rate_spot_2bps_15s_eth,pull_rate_spot_2bps_15s,eth,S2,Liquidity Events,s2_liquidity_events,,15.0,Spot,2489.0,pull_rate_spot_2bps_15s,False,False,True,spec,pull_rate_2bps
pull_rate_spot_2bps_60s_eth,pull_rate_spot_2bps_60s,eth,S2,Liquidity Events,s2_liquidity_events,,60.0,Spot,2490.0,pull_rate_spot_2bps_60s,False,False,True,spec,pull_rate_2bps
refill_rate_fut_1bps_15s_eth,refill_rate_fut_1bps_15s,eth,S2,Liquidity Events,s2_liquidity_events,,15.0,Futures,2491.0,refill_rate_fut_1bps_15s,False,False,True,spec,refill_rate_1bps
refill_rate_fut_1bps_5s_eth,refill_rate_fut_1bps_5s,eth,S2,Liquidity Events,s2_liquidity_events,,5.0,Futures,2492.0,refill_rate_fut_1bps_5s,False,False,True,spec,refill_rate_1bps
refill_rate_fut_2bps_15s_eth,refill_rate_fut_2bps_15s,eth,S2,Liquidity Events,s2_liquidity_events,,15.0,Futures,2493.0,refill_rate_fut_2bps_15s,False,False,True,spec,refill_rate_2bps
refill_rate_fut_2bps_60s_eth,refill_rate_fut_2bps_60s,eth,S2,Liquidity Events,s2_liquidity_events,,60.0,Futures,2494.0,refill_rate_fut_2bps_60s,False,False,True,spec,refill_rate_2bps
refill_rate_spot_1bps_15s_eth,refill_rate_spot_1bps_15s,eth,S2,Liquidity Events,s2_liquidity_events,,15.0,Spot,2495.0,refill_rate_spot_1bps_15s,False,False,True,spec,refill_rate_1bps
refill_rate_spot_1bps_5s_eth,refill_rate_spot_1bps_5s,eth,S2,Liquidity Events,s2_liquidity_events,,5.0,Spot,2496.0,refill_rate_spot_1bps_5s,False,False,True,spec,refill_rate_1bps
refill_rate_spot_2bps_15s_eth,refill_rate_spot_2bps_15s,eth,S2,Liquidity Events,s2_liquidity_events,,15.0,Spot,2497.0,refill_rate_spot_2bps_15s,False,False,True,spec,refill_rate_2bps
refill_rate_spot_2bps_60s_eth,refill_rate_spot_2bps_60s,eth,S2,Liquidity Events,s2_liquidity_events,,60.0,Spot,2498.0,refill_rate_spot_2bps_60s,False,False,True,spec,refill_rate_2bps
refill_rate_behind_fut_1bps_15s_eth,refill_rate_behind_fut_1bps_15s,eth,S2,Liquidity Events,s2_liquidity_events,,15.0,Futures,2499.0,refill_rate_behind_fut_1bps_15s,False,False,True,spec,refill_rate_behind_1bps
refill_rate_behind_spot_1bps_15s_eth,refill_rate_behind_spot_1bps_15s,eth,S2,Liquidity Events,s2_liquidity_events,,15.0,Spot,2500.0,refill_rate_behind_spot_1bps_15s,False,False,True,spec,refill_rate_behind_1bps
breakout_regime_flag_300s_eth,breakout_regime_flag_300s,eth,S2,Meta,s2_meta,,300.0,Futures,2501.0,breakout_regime_flag_300s,True,False,False,spec,breakout_regime_flag
breakout_regime_flag_60s_eth,breakout_regime_flag_60s,eth,S2,Meta,s2_meta,,60.0,Futures,2502.0,breakout_regime_flag_60s,True,False,False,spec,breakout_regime_flag
queue_pressure_depth_coherence_fut_5s_eth,queue_pressure_depth_coherence_fut_5s,eth,S2,Meta,s2_meta,,5.0,Futures,2503.0,queue_pressure_depth_coherence_fut_5s,True,False,False,spec,queue_pressure_depth_coherence
queue_pressure_depth_coherence_spot_5s_eth,queue_pressure_depth_coherence_spot_5s,eth,S2,Meta,s2_meta,,5.0,Spot,2504.0,queue_pressure_depth_coherence_spot_5s,True,False,False,spec,queue_pressure_depth_coherence
queue_pressure_depth_curvature_fut_5s_eth,queue_pressure_depth_curvature_fut_5s,eth,S2,Meta,s2_meta,,5.0,Futures,2505.0,queue_pressure_depth_curvature_fut_5s,True,False,False,spec,queue_pressure_depth_curvature
queue_pressure_depth_curvature_spot_5s_eth,queue_pressure_depth_curvature_spot_5s,eth,S2,Meta,s2_meta,,5.0,Spot,2506.0,queue_pressure_depth_curvature_spot_5s,True,False,False,spec,queue_pressure_depth_curvature
queue_pressure_depth_slope_fut_5s_eth,queue_pressure_depth_slope_fut_5s,eth,S2,Meta,s2_meta,,5.0,Futures,2507.0,queue_pressure_depth_slope_fut_5s,True,False,False,spec,queue_pressure_depth_slope
queue_pressure_depth_slope_spot_5s_eth,queue_pressure_depth_slope_spot_5s,eth,S2,Meta,s2_meta,,5.0,Spot,2508.0,queue_pressure_depth_slope_spot_5s,True,False,False,spec,queue_pressure_depth_slope
dir_consistency_fut_300s_eth,dir_consistency_fut_300s,eth,S2,Meta,s2_meta,,300.0,Futures,2509.0,dir_consistency_fut_300s,True,False,False,spec,dir_consistency
dir_consistency_fut_60s_eth,dir_consistency_fut_60s,eth,S2,Meta,s2_meta,,60.0,Futures,2510.0,dir_consistency_fut_60s,True,False,False,spec,dir_consistency
dir_consistency_fut_900s_eth,dir_consistency_fut_900s,eth,S2,Meta,s2_meta,,900.0,Futures,2511.0,dir_consistency_fut_900s,True,False,False,spec,dir_consistency
dir_consistency_spot_300s_eth,dir_consistency_spot_300s,eth,S2,Meta,s2_meta,,300.0,Spot,2512.0,dir_consistency_spot_300s,True,False,False,spec,dir_consistency
dir_consistency_spot_60s_eth,dir_consistency_spot_60s,eth,S2,Meta,s2_meta,,60.0,Spot,2513.0,dir_consistency_spot_60s,True,False,False,spec,dir_consistency
dir_consistency_spot_900s_eth,dir_consistency_spot_900s,eth,S2,Meta,s2_meta,,900.0,Spot,2514.0,dir_consistency_spot_900s,True,False,False,spec,dir_consistency
unidir_ratio_spot_300s_eth,unidir_ratio_spot_300s,eth,S2,Meta,s2_meta,,300.0,Spot,2515.0,unidir_ratio_spot_300s,True,False,False,spec,unidir_ratio
unidir_ratio_spot_60s_eth,unidir_ratio_spot_60s,eth,S2,Meta,s2_meta,,60.0,Spot,2516.0,unidir_ratio_spot_60s,True,False,False,spec,unidir_ratio
z_basis_300s_eth,z_basis_300s,eth,S2,Normalization,s2_normalization,,300.0,,2517.0,z_basis_300s,False,False,True,spec,z_basis
z_basis_60s_eth,z_basis_60s,eth,S2,Normalization,s2_normalization,,60.0,,2518.0,z_basis_60s,False,False,True,spec,z_basis
z_book_asymmetry_fut_struct100_1s_eth,z_book_asymmetry_fut_struct100_1s,eth,S2,Normalization,s2_normalization,,5.0,Futures,2519.0,z_book_asymmetry_fut_struct100_1s,False,False,True,spec,z_book_asymmetry_struct100
z_book_asymmetry_fut_struct50_1s_eth,z_book_asymmetry_fut_struct50_1s,eth,S2,Normalization,s2_normalization,,5.0,Futures,2520.0,z_book_asymmetry_fut_struct50_1s,False,False,True,spec,z_book_asymmetry_struct50
z_book_asymmetry_spot_struct100_1s_eth,z_book_asymmetry_spot_struct100_1s,eth,S2,Normalization,s2_normalization,,5.0,Spot,2521.0,z_book_asymmetry_spot_struct100_1s,False,False,True,spec,z_book_asymmetry_struct100
z_book_asymmetry_spot_struct50_1s_eth,z_book_asymmetry_spot_struct50_1s,eth,S2,Normalization,s2_normalization,,5.0,Spot,2522.0,z_book_asymmetry_spot_struct50_1s,False,False,True,spec,z_book_asymmetry_struct50
z_liq_imb_fut_struct100_300s_eth,z_liq_imb_fut_struct100_300s,eth,S2,Normalization,s2_normalization,,300.0,Futures,2523.0,z_liq_imb_fut_struct100_300s,False,False,True,spec,z_liq_imb_struct100
z_liq_imb_fut_struct100_60s_eth,z_liq_imb_fut_struct100_60s,eth,S2,Normalization,s2_normalization,,60.0,Futures,2524.0,z_liq_imb_fut_struct100_60s,False,False,True,spec,z_liq_imb_struct100
z_liq_imb_fut_struct100_900s_eth,z_liq_imb_fut_struct100_900s,eth,S2,Normalization,s2_normalization,,900.0,Futures,2525.0,z_liq_imb_fut_struct100_900s,False,False,True,spec,z_liq_imb_struct100
z_liq_imb_fut_struct50_300s_eth,z_liq_imb_fut_struct50_300s,eth,S2,Normalization,s2_normalization,,300.0,Futures,2526.0,z_liq_imb_fut_struct50_300s,False,False,True,spec,z_liq_imb_struct50
z_liq_imb_fut_struct50_60s_eth,z_liq_imb_fut_struct50_60s,eth,S2,Normalization,s2_normalization,,60.0,Futures,2527.0,z_liq_imb_fut_struct50_60s,False,False,True,spec,z_liq_imb_struct50
z_liq_imb_fut_struct50_900s_eth,z_liq_imb_fut_struct50_900s,eth,S2,Normalization,s2_normalization,,900.0,Futures,2528.0,z_liq_imb_fut_struct50_900s,False,False,True,spec,z_liq_imb_struct50
z_liq_imb_spot_struct100_300s_eth,z_liq_imb_spot_struct100_300s,eth,S2,Normalization,s2_normalization,,300.0,Spot,2529.0,z_liq_imb_spot_struct100_300s,False,False,True,spec,z_liq_imb_struct100
z_liq_imb_spot_struct100_60s_eth,z_liq_imb_spot_struct100_60s,eth,S2,Normalization,s2_normalization,,60.0,Spot,2530.0,z_liq_imb_spot_struct100_60s,False,False,True,spec,z_liq_imb_struct100
z_liq_imb_spot_struct100_900s_eth,z_liq_imb_spot_struct100_900s,eth,S2,Normalization,s2_normalization,,900.0,Spot,2531.0,z_liq_imb_spot_struct100_900s,False,False,True,spec,z_liq_imb_struct100
z_liq_imb_spot_struct50_300s_eth,z_liq_imb_spot_struct50_300s,eth,S2,Normalization,s2_normalization,,300.0,Spot,2532.0,z_liq_imb_spot_struct50_300s,False,False,True,spec,z_liq_imb_struct50
z_liq_imb_spot_struct50_60s_eth,z_liq_imb_spot_struct50_60s,eth,S2,Normalization,s2_normalization,,60.0,Spot,2533.0,z_liq_imb_spot_struct50_60s,False,False,True,spec,z_liq_imb_struct50
z_liq_imb_spot_struct50_900s_eth,z_liq_imb_spot_struct50_900s,eth,S2,Normalization,s2_normalization,,900.0,Spot,2534.0,z_liq_imb_spot_struct50_900s,False,False,True,spec,z_liq_imb_struct50
z_participation_rate_300s_eth,z_participation_rate_300s,eth,S2,Normalization,s2_normalization,,300.0,Cross,2535.0,z_participation_rate_300s,False,False,True,spec,z_participation_rate
z_participation_rate_60s_eth,z_participation_rate_60s,eth,S2,Normalization,s2_normalization,,60.0,Cross,2536.0,z_participation_rate_60s,False,False,True,spec,z_participation_rate
z_participation_rate_900s_eth,z_participation_rate_900s,eth,S2,Normalization,s2_normalization,,900.0,Cross,2537.0,z_participation_rate_900s,False,False,True,spec,z_participation_rate
z_pull_rate_fut_10bps_15s_eth,z_pull_rate_fut_10bps_15s,eth,S2,Normalization,s2_normalization,,15.0,Futures,2538.0,z_pull_rate_fut_10bps_15s,False,False,True,spec,z_pull_rate_10bps
z_pull_rate_fut_10bps_5s_eth,z_pull_rate_fut_10bps_5s,eth,S2,Normalization,s2_normalization,,5.0,Futures,2539.0,z_pull_rate_fut_10bps_5s,False,False,True,spec,z_pull_rate_10bps
z_pull_rate_fut_10bps_60s_eth,z_pull_rate_fut_10bps_60s,eth,S2,Normalization,s2_normalization,,60.0,Futures,2540.0,z_pull_rate_fut_10bps_60s,False,False,True,spec,z_pull_rate_10bps
z_pull_rate_fut_1bps_5s_eth,z_pull_rate_fut_1bps_5s,eth,S2,Normalization,s2_normalization,,5.0,Futures,2541.0,z_pull_rate_fut_1bps_5s,False,False,True,spec,z_pull_rate_1bps
z_pull_rate_fut_1bps_60s_eth,z_pull_rate_fut_1bps_60s,eth,S2,Normalization,s2_normalization,,60.0,Futures,2542.0,z_pull_rate_fut_1bps_60s,False,False,True,spec,z_pull_rate_1bps
z_pull_rate_fut_2bps_5s_eth,z_pull_rate_fut_2bps_5s,eth,S2,Normalization,s2_normalization,,5.0,Futures,2543.0,z_pull_rate_fut_2bps_5s,False,False,True,spec,z_pull_rate_2bps
z_pull_rate_fut_5bps_15s_eth,z_pull_rate_fut_5bps_15s,eth,S2,Normalization,s2_normalization,,15.0,Futures,2544.0,z_pull_rate_fut_5bps_15s,False,False,True,spec,z_pull_rate_5bps
z_pull_rate_fut_5bps_5s_eth,z_pull_rate_fut_5bps_5s,eth,S2,Normalization,s2_normalization,,5.0,Futures,2545.0,z_pull_rate_fut_5bps_5s,False,False,True,spec,z_pull_rate_5bps
z_pull_rate_fut_5bps_60s_eth,z_pull_rate_fut_5bps_60s,eth,S2,Normalization,s2_normalization,,60.0,Futures,2546.0,z_pull_rate_fut_5bps_60s,False,False,True,spec,z_pull_rate_5bps
z_pull_rate_spot_10bps_15s_eth,z_pull_rate_spot_10bps_15s,eth,S2,Normalization,s2_normalization,,15.0,Spot,2547.0,z_pull_rate_spot_10bps_15s,False,False,True,spec,z_pull_rate_10bps
z_pull_rate_spot_10bps_5s_eth,z_pull_rate_spot_10bps_5s,eth,S2,Normalization,s2_normalization,,5.0,Spot,2548.0,z_pull_rate_spot_10bps_5s,False,False,True,spec,z_pull_rate_10bps
z_pull_rate_spot_10bps_60s_eth,z_pull_rate_spot_10bps_60s,eth,S2,Normalization,s2_normalization,,60.0,Spot,2549.0,z_pull_rate_spot_10bps_60s,False,False,True,spec,z_pull_rate_10bps
z_pull_rate_spot_1bps_5s_eth,z_pull_rate_spot_1bps_5s,eth,S2,Normalization,s2_normalization,,5.0,Spot,2550.0,z_pull_rate_spot_1bps_5s,False,False,True,spec,z_pull_rate_1bps
z_pull_rate_spot_1bps_60s_eth,z_pull_rate_spot_1bps_60s,eth,S2,Normalization,s2_normalization,,60.0,Spot,2551.0,z_pull_rate_spot_1bps_60s,False,False,True,spec,z_pull_rate_1bps
z_pull_rate_spot_2bps_5s_eth,z_pull_rate_spot_2bps_5s,eth,S2,Normalization,s2_normalization,,5.0,Spot,2552.0,z_pull_rate_spot_2bps_5s,False,False,True,spec,z_pull_rate_2bps
z_pull_rate_spot_5bps_15s_eth,z_pull_rate_spot_5bps_15s,eth,S2,Normalization,s2_normalization,,15.0,Spot,2553.0,z_pull_rate_spot_5bps_15s,False,False,True,spec,z_pull_rate_5bps
z_pull_rate_spot_5bps_5s_eth,z_pull_rate_spot_5bps_5s,eth,S2,Normalization,s2_normalization,,5.0,Spot,2554.0,z_pull_rate_spot_5bps_5s,False,False,True,spec,z_pull_rate_5bps
z_pull_rate_spot_5bps_60s_eth,z_pull_rate_spot_5bps_60s,eth,S2,Normalization,s2_normalization,,60.0,Spot,2555.0,z_pull_rate_spot_5bps_60s,False,False,True,spec,z_pull_rate_5bps
z_queue_pressure_fut_1bps_1s_eth,z_queue_pressure_fut_1bps_1s,eth,S2,Normalization,s2_normalization,,5.0,Futures,2556.0,z_queue_pressure_fut_1bps_1s,False,False,True,spec,z_queue_pressure_1bps
z_queue_pressure_fut_1bps_5s_eth,z_queue_pressure_fut_1bps_5s,eth,S2,Normalization,s2_normalization,,5.0,Futures,2557.0,z_queue_pressure_fut_1bps_5s,False,False,True,spec,z_queue_pressure_1bps
z_queue_pressure_fut_2bps_1s_eth,z_queue_pressure_fut_2bps_1s,eth,S2,Normalization,s2_normalization,,5.0,Futures,2558.0,z_queue_pressure_fut_2bps_1s,False,False,True,spec,z_queue_pressure_2bps
z_queue_pressure_fut_2bps_5s_eth,z_queue_pressure_fut_2bps_5s,eth,S2,Normalization,s2_normalization,,5.0,Futures,2559.0,z_queue_pressure_fut_2bps_5s,False,False,True,spec,z_queue_pressure_2bps
z_queue_pressure_fut_5bps_1s_eth,z_queue_pressure_fut_5bps_1s,eth,S2,Normalization,s2_normalization,,5.0,Futures,2560.0,z_queue_pressure_fut_5bps_1s,False,False,True,spec,z_queue_pressure_5bps
z_queue_pressure_fut_5bps_5s_eth,z_queue_pressure_fut_5bps_5s,eth,S2,Normalization,s2_normalization,,5.0,Futures,2561.0,z_queue_pressure_fut_5bps_5s,False,False,True,spec,z_queue_pressure_5bps
z_queue_pressure_spot_1bps_1s_eth,z_queue_pressure_spot_1bps_1s,eth,S2,Normalization,s2_normalization,,5.0,Spot,2562.0,z_queue_pressure_spot_1bps_1s,False,False,True,spec,z_queue_pressure_1bps
z_queue_pressure_spot_1bps_5s_eth,z_queue_pressure_spot_1bps_5s,eth,S2,Normalization,s2_normalization,,5.0,Spot,2563.0,z_queue_pressure_spot_1bps_5s,False,False,True,spec,z_queue_pressure_1bps
z_queue_pressure_spot_2bps_1s_eth,z_queue_pressure_spot_2bps_1s,eth,S2,Normalization,s2_normalization,,5.0,Spot,2564.0,z_queue_pressure_spot_2bps_1s,False,False,True,spec,z_queue_pressure_2bps
z_queue_pressure_spot_2bps_5s_eth,z_queue_pressure_spot_2bps_5s,eth,S2,Normalization,s2_normalization,,5.0,Spot,2565.0,z_queue_pressure_spot_2bps_5s,False,False,True,spec,z_queue_pressure_2bps
z_queue_pressure_spot_5bps_1s_eth,z_queue_pressure_spot_5bps_1s,eth,S2,Normalization,s2_normalization,,5.0,Spot,2566.0,z_queue_pressure_spot_5bps_1s,False,False,True,spec,z_queue_pressure_5bps
z_queue_pressure_spot_5bps_5s_eth,z_queue_pressure_spot_5bps_5s,eth,S2,Normalization,s2_normalization,,5.0,Spot,2567.0,z_queue_pressure_spot_5bps_5s,False,False,True,spec,z_queue_pressure_5bps
z_refill_rate_fut_10bps_15s_eth,z_refill_rate_fut_10bps_15s,eth,S2,Normalization,s2_normalization,,15.0,Futures,2568.0,z_refill_rate_fut_10bps_15s,False,False,True,spec,z_refill_rate_10bps
z_refill_rate_fut_10bps_5s_eth,z_refill_rate_fut_10bps_5s,eth,S2,Normalization,s2_normalization,,5.0,Futures,2569.0,z_refill_rate_fut_10bps_5s,False,False,True,spec,z_refill_rate_10bps
z_refill_rate_fut_10bps_60s_eth,z_refill_rate_fut_10bps_60s,eth,S2,Normalization,s2_normalization,,60.0,Futures,2570.0,z_refill_rate_fut_10bps_60s,False,False,True,spec,z_refill_rate_10bps
z_refill_rate_fut_1bps_60s_eth,z_refill_rate_fut_1bps_60s,eth,S2,Normalization,s2_normalization,,60.0,Futures,2571.0,z_refill_rate_fut_1bps_60s,False,False,True,spec,z_refill_rate_1bps
z_refill_rate_fut_2bps_5s_eth,z_refill_rate_fut_2bps_5s,eth,S2,Normalization,s2_normalization,,5.0,Futures,2572.0,z_refill_rate_fut_2bps_5s,False,False,True,spec,z_refill_rate_2bps
z_refill_rate_fut_5bps_15s_eth,z_refill_rate_fut_5bps_15s,eth,S2,Normalization,s2_normalization,,15.0,Futures,2573.0,z_refill_rate_fut_5bps_15s,False,False,True,spec,z_refill_rate_5bps
z_refill_rate_fut_5bps_5s_eth,z_refill_rate_fut_5bps_5s,eth,S2,Normalization,s2_normalization,,5.0,Futures,2574.0,z_refill_rate_fut_5bps_5s,False,False,True,spec,z_refill_rate_5bps
z_refill_rate_fut_5bps_60s_eth,z_refill_rate_fut_5bps_60s,eth,S2,Normalization,s2_normalization,,60.0,Futures,2575.0,z_refill_rate_fut_5bps_60s,False,False,True,spec,z_refill_rate_5bps
z_refill_rate_spot_10bps_15s_eth,z_refill_rate_spot_10bps_15s,eth,S2,Normalization,s2_normalization,,15.0,Spot,2576.0,z_refill_rate_spot_10bps_15s,False,False,True,spec,z_refill_rate_10bps
z_refill_rate_spot_10bps_5s_eth,z_refill_rate_spot_10bps_5s,eth,S2,Normalization,s2_normalization,,5.0,Spot,2577.0,z_refill_rate_spot_10bps_5s,False,False,True,spec,z_refill_rate_10bps
z_refill_rate_spot_10bps_60s_eth,z_refill_rate_spot_10bps_60s,eth,S2,Normalization,s2_normalization,,60.0,Spot,2578.0,z_refill_rate_spot_10bps_60s,False,False,True,spec,z_refill_rate_10bps
z_refill_rate_spot_1bps_60s_eth,z_refill_rate_spot_1bps_60s,eth,S2,Normalization,s2_normalization,,60.0,Spot,2579.0,z_refill_rate_spot_1bps_60s,False,False,True,spec,z_refill_rate_1bps
z_refill_rate_spot_2bps_5s_eth,z_refill_rate_spot_2bps_5s,eth,S2,Normalization,s2_normalization,,5.0,Spot,2580.0,z_refill_rate_spot_2bps_5s,False,False,True,spec,z_refill_rate_2bps
z_refill_rate_spot_5bps_15s_eth,z_refill_rate_spot_5bps_15s,eth,S2,Normalization,s2_normalization,,15.0,Spot,2581.0,z_refill_rate_spot_5bps_15s,False,False,True,spec,z_refill_rate_5bps
z_refill_rate_spot_5bps_5s_eth,z_refill_rate_spot_5bps_5s,eth,S2,Normalization,s2_normalization,,5.0,Spot,2582.0,z_refill_rate_spot_5bps_5s,False,False,True,spec,z_refill_rate_5bps
z_refill_rate_spot_5bps_60s_eth,z_refill_rate_spot_5bps_60s,eth,S2,Normalization,s2_normalization,,60.0,Spot,2583.0,z_refill_rate_spot_5bps_60s,False,False,True,spec,z_refill_rate_5bps
z_rv_300s_eth,z_rv_300s,eth,S2,Normalization,s2_normalization,,300.0,Spot,2584.0,z_rv_300s,False,False,True,spec,z_rv
z_rv_60s_eth,z_rv_60s,eth,S2,Normalization,s2_normalization,,60.0,Spot,2585.0,z_rv_60s,False,False,True,spec,z_rv
z_rv_900s_eth,z_rv_900s,eth,S2,Normalization,s2_normalization,,900.0,Spot,2586.0,z_rv_900s,False,False,True,spec,z_rv
z_taker_imbalance_fut_1s_eth,z_taker_imbalance_fut_1s,eth,S2,Normalization,s2_normalization,,5.0,Futures,2587.0,z_taker_imbalance_fut_1s,False,False,True,spec,z_taker_imbalance
z_taker_imbalance_spot_1s_eth,z_taker_imbalance_spot_1s,eth,S2,Normalization,s2_normalization,,5.0,Spot,2588.0,z_taker_imbalance_spot_1s,False,False,True,spec,z_taker_imbalance
z_spread_fut_60s_eth,z_spread_fut_60s,eth,S2,Normalization,s2_normalization,,60.0,Futures,2589.0,z_spread_fut_60s,False,False,True,spec,z_spread
z_spread_fut_300s_eth,z_spread_fut_300s,eth,S2,Normalization,s2_normalization,,300.0,Futures,2590.0,z_spread_fut_300s,False,False,True,spec,z_spread
z_spread_spot_60s_eth,z_spread_spot_60s,eth,S2,Normalization,s2_normalization,,60.0,Spot,2591.0,z_spread_spot_60s,False,False,True,spec,z_spread
z_spread_spot_300s_eth,z_spread_spot_300s,eth,S2,Normalization,s2_normalization,,300.0,Spot,2592.0,z_spread_spot_300s,False,False,True,spec,z_spread
z_avg_trade_size_fut_60s_eth,z_avg_trade_size_fut_60s,eth,S2,Normalization,s2_normalization,,60.0,Futures,2593.0,z_avg_trade_size_fut_60s,False,False,True,spec,z_avg_trade_size
z_avg_trade_size_fut_300s_eth,z_avg_trade_size_fut_300s,eth,S2,Normalization,s2_normalization,,300.0,Futures,2594.0,z_avg_trade_size_fut_300s,False,False,True,spec,z_avg_trade_size
z_avg_trade_size_spot_60s_eth,z_avg_trade_size_spot_60s,eth,S2,Normalization,s2_normalization,,60.0,Spot,2595.0,z_avg_trade_size_spot_60s,False,False,True,spec,z_avg_trade_size
z_avg_trade_size_spot_300s_eth,z_avg_trade_size_spot_300s,eth,S2,Normalization,s2_normalization,,300.0,Spot,2596.0,z_avg_trade_size_spot_300s,False,False,True,spec,z_avg_trade_size
queue_pressure_log_div_1bps_1s_eth,queue_pressure_log_div_1bps_1s,eth,S2,Pressure,s2_pressure,,1.0,Cross,2597.0,queue_pressure_log_div_1bps_1s,False,False,True,spec,queue_pressure_log_div_1bps
queue_pressure_log_div_2bps_1s_eth,queue_pressure_log_div_2bps_1s,eth,S2,Pressure,s2_pressure,,1.0,Cross,2598.0,queue_pressure_log_div_2bps_1s,False,False,True,spec,queue_pressure_log_div_2bps
queue_pressure_log_div_5bps_1s_eth,queue_pressure_log_div_5bps_1s,eth,S2,Pressure,s2_pressure,,1.0,Cross,2599.0,queue_pressure_log_div_5bps_1s,False,False,True,spec,queue_pressure_log_div_5bps
queue_pressure_ratio_fut_1bps_15s_eth,queue_pressure_ratio_fut_1bps_15s,eth,S2,Pressure,s2_pressure,,15.0,Futures,2600.0,queue_pressure_ratio_fut_1bps_15s,False,False,True,spec,queue_pressure_ratio_1bps
queue_pressure_ratio_fut_1bps_60s_eth,queue_pressure_ratio_fut_1bps_60s,eth,S2,Pressure,s2_pressure,,60.0,Futures,2601.0,queue_pressure_ratio_fut_1bps_60s,False,False,True,spec,queue_pressure_ratio_1bps
queue_pressure_ratio_spot_1bps_15s_eth,queue_pressure_ratio_spot_1bps_15s,eth,S2,Pressure,s2_pressure,,15.0,Spot,2602.0,queue_pressure_ratio_spot_1bps_15s,False,False,True,spec,queue_pressure_ratio_1bps
queue_pressure_ratio_spot_1bps_60s_eth,queue_pressure_ratio_spot_1bps_60s,eth,S2,Pressure,s2_pressure,,60.0,Spot,2603.0,queue_pressure_ratio_spot_1bps_60s,False,False,True,spec,queue_pressure_ratio_1bps
queue_imb_fut_1bps_15s_eth,queue_imb_fut_1bps_15s,eth,S2,Pressure,s2_pressure,,15.0,Futures,2604.0,queue_imb_fut_1bps_15s,False,False,True,spec,queue_imb_1bps
queue_imb_fut_1bps_5s_eth,queue_imb_fut_1bps_5s,eth,S2,Pressure,s2_pressure,,5.0,Futures,2605.0,queue_imb_fut_1bps_5s,False,False,True,spec,queue_imb_1bps
queue_imb_fut_1bps_60s_eth,queue_imb_fut_1bps_60s,eth,S2,Pressure,s2_pressure,,60.0,Futures,2606.0,queue_imb_fut_1bps_60s,False,False,True,spec,queue_imb_1bps
queue_imb_spot_1bps_15s_eth,queue_imb_spot_1bps_15s,eth,S2,Pressure,s2_pressure,,15.0,Spot,2607.0,queue_imb_spot_1bps_15s,False,False,True,spec,queue_imb_1bps
queue_imb_spot_1bps_5s_eth,queue_imb_spot_1bps_5s,eth,S2,Pressure,s2_pressure,,5.0,Spot,2608.0,queue_imb_spot_1bps_5s,False,False,True,spec,queue_imb_1bps
queue_imb_spot_1bps_60s_eth,queue_imb_spot_1bps_60s,eth,S2,Pressure,s2_pressure,,60.0,Spot,2609.0,queue_imb_spot_1bps_60s,False,False,True,spec,queue_imb_1bps
queue_pressure_fut_1bps_15s_eth,queue_pressure_fut_1bps_15s,eth,S2,Pressure,s2_pressure,,15.0,Futures,2610.0,queue_pressure_fut_1bps_15s,False,False,True,spec,queue_pressure_1bps
queue_pressure_fut_1bps_60s_eth,queue_pressure_fut_1bps_60s,eth,S2,Pressure,s2_pressure,,60.0,Futures,2611.0,queue_pressure_fut_1bps_60s,False,False,True,spec,queue_pressure_1bps
queue_pressure_spot_1bps_15s_eth,queue_pressure_spot_1bps_15s,eth,S2,Pressure,s2_pressure,,15.0,Spot,2612.0,queue_pressure_spot_1bps_15s,False,False,True,spec,queue_pressure_1bps
queue_pressure_spot_1bps_60s_eth,queue_pressure_spot_1bps_60s,eth,S2,Pressure,s2_pressure,,60.0,Spot,2613.0,queue_pressure_spot_1bps_60s,False,False,True,spec,queue_pressure_1bps
net_add_pressure_fut_10bps_1s_eth,net_add_pressure_fut_10bps_1s,eth,S2,Pressure,s2_pressure,,1.0,Futures,2614.0,net_add_pressure_fut_10bps_1s,False,False,True,spec,net_add_pressure_10bps
net_add_pressure_fut_2bps_1s_eth,net_add_pressure_fut_2bps_1s,eth,S2,Pressure,s2_pressure,,1.0,Futures,2615.0,net_add_pressure_fut_2bps_1s,False,False,True,spec,net_add_pressure_2bps
net_add_pressure_fut_5bps_1s_eth,net_add_pressure_fut_5bps_1s,eth,S2,Pressure,s2_pressure,,1.0,Futures,2616.0,net_add_pressure_fut_5bps_1s,False,False,True,spec,net_add_pressure_5bps
net_add_pressure_spot_10bps_1s_eth,net_add_pressure_spot_10bps_1s,eth,S2,Pressure,s2_pressure,,1.0,Spot,2617.0,net_add_pressure_spot_10bps_1s,False,False,True,spec,net_add_pressure_10bps
net_add_pressure_spot_2bps_1s_eth,net_add_pressure_spot_2bps_1s,eth,S2,Pressure,s2_pressure,,1.0,Spot,2618.0,net_add_pressure_spot_2bps_1s,False,False,True,spec,net_add_pressure_2bps
net_add_pressure_spot_5bps_1s_eth,net_add_pressure_spot_5bps_1s,eth,S2,Pressure,s2_pressure,,1.0,Spot,2619.0,net_add_pressure_spot_5bps_1s,False,False,True,spec,net_add_pressure_5bps
net_cancel_pressure_fut_10bps_1s_eth,net_cancel_pressure_fut_10bps_1s,eth,S2,Pressure,s2_pressure,,1.0,Futures,2620.0,net_cancel_pressure_fut_10bps_1s,False,False,True,spec,net_cancel_pressure_10bps
net_cancel_pressure_fut_2bps_1s_eth,net_cancel_pressure_fut_2bps_1s,eth,S2,Pressure,s2_pressure,,1.0,Futures,2621.0,net_cancel_pressure_fut_2bps_1s,False,False,True,spec,net_cancel_pressure_2bps
net_cancel_pressure_fut_5bps_1s_eth,net_cancel_pressure_fut_5bps_1s,eth,S2,Pressure,s2_pressure,,1.0,Futures,2622.0,net_cancel_pressure_fut_5bps_1s,False,False,True,spec,net_cancel_pressure_5bps
net_cancel_pressure_spot_10bps_1s_eth,net_cancel_pressure_spot_10bps_1s,eth,S2,Pressure,s2_pressure,,1.0,Spot,2623.0,net_cancel_pressure_spot_10bps_1s,False,False,True,spec,net_cancel_pressure_10bps
net_cancel_pressure_spot_2bps_1s_eth,net_cancel_pressure_spot_2bps_1s,eth,S2,Pressure,s2_pressure,,1.0,Spot,2624.0,net_cancel_pressure_spot_2bps_1s,False,False,True,spec,net_cancel_pressure_2bps
net_cancel_pressure_spot_5bps_1s_eth,net_cancel_pressure_spot_5bps_1s,eth,S2,Pressure,s2_pressure,,1.0,Spot,2625.0,net_cancel_pressure_spot_5bps_1s,False,False,True,spec,net_cancel_pressure_5bps
price_acceleration_spot_300s_eth,price_acceleration_spot_300s,eth,S2,Price,s2_price,,300.0,Spot,2626.0,price_acceleration_spot_300s,False,False,True,spec,price_acceleration
price_acceleration_spot_60s_eth,price_acceleration_spot_60s,eth,S2,Price,s2_price,,60.0,Spot,2627.0,price_acceleration_spot_60s,False,False,True,spec,price_acceleration
price_acceleration_spot_900s_eth,price_acceleration_spot_900s,eth,S2,Price,s2_price,,900.0,Spot,2628.0,price_acceleration_spot_900s,False,False,True,spec,price_acceleration
price_deviation_fut_1s_eth,price_deviation_fut_1s,eth,S2,Price,s2_price,,1.0,Futures,2629.0,price_deviation_fut_1s,False,False,True,spec,price_deviation
price_deviation_spot_1s_eth,price_deviation_spot_1s,eth,S2,Price,s2_price,,1.0,Spot,2630.0,price_deviation_spot_1s,False,False,True,spec,price_deviation
ret_vwap_fut_300s_eth,ret_vwap_fut_300s,eth,S2,Returns,s2_returns,,300.0,Futures,2631.0,ret_vwap_fut_300s,False,True,False,spec,ret_vwap
ret_vwap_fut_60s_eth,ret_vwap_fut_60s,eth,S2,Returns,s2_returns,,60.0,Futures,2632.0,ret_vwap_fut_60s,False,True,False,spec,ret_vwap
ret_vwap_fut_900s_eth,ret_vwap_fut_900s,eth,S2,Returns,s2_returns,,900.0,Futures,2633.0,ret_vwap_fut_900s,False,True,False,spec,ret_vwap
ret_vwap_spot_300s_eth,ret_vwap_spot_300s,eth,S2,Returns,s2_returns,,300.0,Spot,2634.0,ret_vwap_spot_300s,False,True,False,spec,ret_vwap
ret_vwap_spot_60s_eth,ret_vwap_spot_60s,eth,S2,Returns,s2_returns,,60.0,Spot,2635.0,ret_vwap_spot_60s,False,True,False,spec,ret_vwap
ret_vwap_spot_900s_eth,ret_vwap_spot_900s,eth,S2,Returns,s2_returns,,900.0,Spot,2636.0,ret_vwap_spot_900s,False,True,False,spec,ret_vwap
ret_mid_fut_15s_eth,ret_mid_fut_15s,eth,S2,Returns,s2_returns,,15.0,Futures,2637.0,ret_mid_fut_15s,False,True,False,spec,ret_mid
ret_mid_fut_60s_eth,ret_mid_fut_60s,eth,S2,Returns,s2_returns,,60.0,Futures,2638.0,ret_mid_fut_60s,False,True,False,spec,ret_mid
ret_mid_spot_15s_eth,ret_mid_spot_15s,eth,S2,Returns,s2_returns,,15.0,Spot,2639.0,ret_mid_spot_15s,False,True,False,spec,ret_mid
ret_mid_spot_60s_eth,ret_mid_spot_60s,eth,S2,Returns,s2_returns,,60.0,Spot,2640.0,ret_mid_spot_60s,False,True,False,spec,ret_mid
absorb_refill_mid_fut_2bps_1s_eth,absorb_refill_mid_fut_2bps_1s,eth,S3,Absorption,s3_absorption,,,Futures,3000.0,absorb_refill_mid_fut_2bps_1s,False,False,True,spec,absorb_refill_mid_2bps
absorb_refill_mid_fut_5bps_1s_eth,absorb_refill_mid_fut_5bps_1s,eth,S3,Absorption,s3_absorption,,,Futures,3001.0,absorb_refill_mid_fut_5bps_1s,False,False,True,spec,absorb_refill_mid_5bps
absorption_asymmetry_fut_1bps_60s_eth,absorption_asymmetry_fut_1bps_60s,eth,S3,Absorption,s3_absorption,,,Futures,3002.0,absorption_asymmetry_fut_1bps_60s,False,False,True,spec,absorption_asymmetry_1bps
absorption_asymmetry_spot_1bps_60s_eth,absorption_asymmetry_spot_1bps_60s,eth,S3,Absorption,s3_absorption,,,Spot,3003.0,absorption_asymmetry_spot_1bps_60s,False,False,True,spec,absorption_asymmetry_1bps
trade_absorption_ratio_fut_2bps_1s_eth,trade_absorption_ratio_fut_2bps_1s,eth,S3,Absorption,s3_absorption,,,Futures,3008.0,trade_absorption_ratio_fut_2bps_1s,False,False,True,spec,trade_absorption_ratio_2bps
trade_absorption_ratio_fut_5bps_1s_eth,trade_absorption_ratio_fut_5bps_1s,eth,S3,Absorption,s3_absorption,,,Futures,3009.0,trade_absorption_ratio_fut_5bps_1s,False,False,True,spec,trade_absorption_ratio_5bps
trade_absorption_ratio_fut_60s_eth,trade_absorption_ratio_fut_60s,eth,S3,Absorption,s3_absorption,,60.0,Futures,3010.0,trade_absorption_ratio_fut_60s,False,False,True,spec,trade_absorption_ratio
absorption_break_flag_fut_1bps_60s_eth,absorption_break_flag_fut_1bps_60s,eth,S3,Absorption,s3_absorption,,,Futures,3004.0,absorption_break_flag_fut_1bps_60s,False,False,True,spec,absorption_break_flag_1bps
absorption_break_fut_60s_eth,absorption_break_fut_60s,eth,S3,Absorption,s3_absorption,,,Futures,3006.0,absorption_break_fut_60s,False,False,True,spec,absorption_break
trade_absorption_ratio_fut_900s_eth,trade_absorption_ratio_fut_900s,eth,S3,Absorption,s3_absorption,,900.0,Futures,3011.0,trade_absorption_ratio_fut_900s,False,False,True,spec,trade_absorption_ratio
trade_absorption_ratio_spot_60s_eth,trade_absorption_ratio_spot_60s,eth,S3,Absorption,s3_absorption,,60.0,Spot,3012.0,trade_absorption_ratio_spot_60s,False,False,True,spec,trade_absorption_ratio
absorption_break_flag_spot_1bps_60s_eth,absorption_break_flag_spot_1bps_60s,eth,S3,Absorption,s3_absorption,,,Spot,3005.0,absorption_break_flag_spot_1bps_60s,False,False,True,spec,absorption_break_flag_1bps
absorption_break_spot_60s_eth,absorption_break_spot_60s,eth,S3,Absorption,s3_absorption,,,Spot,3007.0,absorption_break_spot_60s,False,False,True,spec,absorption_break
trade_absorption_ratio_spot_900s_eth,trade_absorption_ratio_spot_900s,eth,S3,Absorption,s3_absorption,,900.0,Spot,3013.0,trade_absorption_ratio_spot_900s,False,False,True,spec,trade_absorption_ratio
absorption_break_fut_15s_eth,absorption_break_fut_15s,eth,S3,Absorption,s3_absorption,,,Futures,3014.0,absorption_break_fut_15s,False,False,True,spec,absorption_break
absorption_break_spot_15s_eth,absorption_break_spot_15s,eth,S3,Absorption,s3_absorption,,,Spot,3015.0,absorption_break_spot_15s,False,False,True,spec,absorption_break
depth_gradient_fut_struct100_300s_eth,depth_gradient_fut_struct100_300s,eth,S3,Bookshape,s3_bookshape,,,Futures,3016.0,depth_gradient_fut_struct100_300s,False,False,True,spec,depth_gradient_struct100
depth_gradient_fut_struct100_60s_eth,depth_gradient_fut_struct100_60s,eth,S3,Bookshape,s3_bookshape,,,Futures,3017.0,depth_gradient_fut_struct100_60s,False,False,True,spec,depth_gradient_struct100
depth_gradient_fut_struct100_900s_eth,depth_gradient_fut_struct100_900s,eth,S3,Bookshape,s3_bookshape,,,Futures,3018.0,depth_gradient_fut_struct100_900s,False,False,True,spec,depth_gradient_struct100
depth_gradient_fut_struct50_300s_eth,depth_gradient_fut_struct50_300s,eth,S3,Bookshape,s3_bookshape,,,Futures,3019.0,depth_gradient_fut_struct50_300s,False,False,True,spec,depth_gradient_struct50
depth_gradient_fut_struct50_60s_eth,depth_gradient_fut_struct50_60s,eth,S3,Bookshape,s3_bookshape,,,Futures,3020.0,depth_gradient_fut_struct50_60s,False,False,True,spec,depth_gradient_struct50
depth_gradient_fut_struct50_900s_eth,depth_gradient_fut_struct50_900s,eth,S3,Bookshape,s3_bookshape,,,Futures,3021.0,depth_gradient_fut_struct50_900s,False,False,True,spec,depth_gradient_struct50
depth_gradient_spot_struct100_300s_eth,depth_gradient_spot_struct100_300s,eth,S3,Bookshape,s3_bookshape,,,Spot,3022.0,depth_gradient_spot_struct100_300s,False,False,True,spec,depth_gradient_struct100
depth_gradient_spot_struct100_60s_eth,depth_gradient_spot_struct100_60s,eth,S3,Bookshape,s3_bookshape,,,Spot,3023.0,depth_gradient_spot_struct100_60s,False,False,True,spec,depth_gradient_struct100
depth_gradient_spot_struct100_900s_eth,depth_gradient_spot_struct100_900s,eth,S3,Bookshape,s3_bookshape,,,Spot,3024.0,depth_gradient_spot_struct100_900s,False,False,True,spec,depth_gradient_struct100
depth_gradient_spot_struct50_300s_eth,depth_gradient_spot_struct50_300s,eth,S3,Bookshape,s3_bookshape,,,Spot,3025.0,depth_gradient_spot_struct50_300s,False,False,True,spec,depth_gradient_struct50
depth_gradient_spot_struct50_60s_eth,depth_gradient_spot_struct50_60s,eth,S3,Bookshape,s3_bookshape,,,Spot,3026.0,depth_gradient_spot_struct50_60s,False,False,True,spec,depth_gradient_struct50
depth_gradient_spot_struct50_900s_eth,depth_gradient_spot_struct50_900s,eth,S3,Bookshape,s3_bookshape,,,Spot,3027.0,depth_gradient_spot_struct50_900s,False,False,True,spec,depth_gradient_struct50
liq_concentration_fut_struct100_300s_eth,liq_concentration_fut_struct100_300s,eth,S3,Bookshape,s3_bookshape,,,Futures,3028.0,liq_concentration_fut_struct100_300s,False,False,True,spec,liq_concentration_struct100
liq_concentration_fut_struct100_60s_eth,liq_concentration_fut_struct100_60s,eth,S3,Bookshape,s3_bookshape,,,Futures,3029.0,liq_concentration_fut_struct100_60s,False,False,True,spec,liq_concentration_struct100
liq_concentration_fut_struct100_900s_eth,liq_concentration_fut_struct100_900s,eth,S3,Bookshape,s3_bookshape,,,Futures,3030.0,liq_concentration_fut_struct100_900s,False,False,True,spec,liq_concentration_struct100
liq_concentration_fut_struct50_300s_eth,liq_concentration_fut_struct50_300s,eth,S3,Bookshape,s3_bookshape,,,Futures,3031.0,liq_concentration_fut_struct50_300s,False,False,True,spec,liq_concentration_struct50
liq_concentration_fut_struct50_60s_eth,liq_concentration_fut_struct50_60s,eth,S3,Bookshape,s3_bookshape,,,Futures,3032.0,liq_concentration_fut_struct50_60s,False,False,True,spec,liq_concentration_struct50
liq_concentration_fut_struct50_900s_eth,liq_concentration_fut_struct50_900s,eth,S3,Bookshape,s3_bookshape,,,Futures,3033.0,liq_concentration_fut_struct50_900s,False,False,True,spec,liq_concentration_struct50
liq_concentration_spot_struct100_300s_eth,liq_concentration_spot_struct100_300s,eth,S3,Bookshape,s3_bookshape,,,Spot,3034.0,liq_concentration_spot_struct100_300s,False,False,True,spec,liq_concentration_struct100
liq_concentration_spot_struct100_60s_eth,liq_concentration_spot_struct100_60s,eth,S3,Bookshape,s3_bookshape,,,Spot,3035.0,liq_concentration_spot_struct100_60s,False,False,True,spec,liq_concentration_struct100
liq_concentration_spot_struct100_900s_eth,liq_concentration_spot_struct100_900s,eth,S3,Bookshape,s3_bookshape,,,Spot,3036.0,liq_concentration_spot_struct100_900s,False,False,True,spec,liq_concentration_struct100
liq_concentration_spot_struct50_300s_eth,liq_concentration_spot_struct50_300s,eth,S3,Bookshape,s3_bookshape,,,Spot,3037.0,liq_concentration_spot_struct50_300s,False,False,True,spec,liq_concentration_struct50
liq_concentration_spot_struct50_60s_eth,liq_concentration_spot_struct50_60s,eth,S3,Bookshape,s3_bookshape,,,Spot,3038.0,liq_concentration_spot_struct50_60s,False,False,True,spec,liq_concentration_struct50
liq_concentration_spot_struct50_900s_eth,liq_concentration_spot_struct50_900s,eth,S3,Bookshape,s3_bookshape,,,Spot,3039.0,liq_concentration_spot_struct50_900s,False,False,True,spec,liq_concentration_struct50
basis_vwap_sf_300s_eth,basis_vwap_sf_300s,eth,S3,Cross-Market,s3_cross_market,,300.0,Spot|Futures,3040.0,basis_vwap_sf_300s,False,False,True,spec,basis_vwap_sf
basis_vwap_sf_60s_eth,basis_vwap_sf_60s,eth,S3,Cross-Market,s3_cross_market,,60.0,Spot|Futures,3041.0,basis_vwap_sf_60s,False,False,True,spec,basis_vwap_sf
basis_vwap_sf_900s_eth,basis_vwap_sf_900s,eth,S3,Cross-Market,s3_cross_market,,900.0,Spot|Futures,3042.0,basis_vwap_sf_900s,False,False,True,spec,basis_vwap_sf
book_asymmetry_div_fut_minus_spot_struct100_300s_eth,book_asymmetry_div_fut_minus_spot_struct100_300s,eth,S3,Cross-Market,s3_cross_market,,,Futures,3043.0,book_asymmetry_div_fut_minus_spot_struct100_300s,False,False,True,spec,book_asymmetry_div_minus_struct100
book_asymmetry_div_fut_minus_spot_struct100_60s_eth,book_asymmetry_div_fut_minus_spot_struct100_60s,eth,S3,Cross-Market,s3_cross_market,,,Futures,3044.0,book_asymmetry_div_fut_minus_spot_struct100_60s,False,False,True,spec,book_asymmetry_div_minus_struct100
book_asymmetry_div_fut_minus_spot_struct100_900s_eth,book_asymmetry_div_fut_minus_spot_struct100_900s,eth,S3,Cross-Market,s3_cross_market,,,Futures,3045.0,book_asymmetry_div_fut_minus_spot_struct100_900s,False,False,True,spec,book_asymmetry_div_minus_struct100
book_asymmetry_div_fut_minus_spot_struct50_300s_eth,book_asymmetry_div_fut_minus_spot_struct50_300s,eth,S3,Cross-Market,s3_cross_market,,,Futures,3046.0,book_asymmetry_div_fut_minus_spot_struct50_300s,False,False,True,spec,book_asymmetry_div_minus_struct50
book_asymmetry_div_fut_minus_spot_struct50_60s_eth,book_asymmetry_div_fut_minus_spot_struct50_60s,eth,S3,Cross-Market,s3_cross_market,,,Futures,3047.0,book_asymmetry_div_fut_minus_spot_struct50_60s,False,False,True,spec,book_asymmetry_div_minus_struct50
book_asymmetry_div_fut_minus_spot_struct50_900s_eth,book_asymmetry_div_fut_minus_spot_struct50_900s,eth,S3,Cross-Market,s3_cross_market,,,Futures,3048.0,book_asymmetry_div_fut_minus_spot_struct50_900s,False,False,True,spec,book_asymmetry_div_minus_struct50
depth_gradient_div_fut_minus_spot_struct100_1s_eth,depth_gradient_div_fut_minus_spot_struct100_1s,eth,S3,Cross-Market,s3_cross_market,,,Futures,3049.0,depth_gradient_div_fut_minus_spot_struct100_1s,False,False,True,spec,depth_gradient_div_minus_struct100
depth_gradient_div_fut_minus_spot_struct50_1s_eth,depth_gradient_div_fut_minus_spot_struct50_1s,eth,S3,Cross-Market,s3_cross_market,,,Futures,3050.0,depth_gradient_div_fut_minus_spot_struct50_1s,False,False,True,spec,depth_gradient_div_minus_struct50
liq_concentration_div_fut_minus_spot_struct100_1s_eth,liq_concentration_div_fut_minus_spot_struct100_1s,eth,S3,Cross-Market,s3_cross_market,,,Futures,3051.0,liq_concentration_div_fut_minus_spot_struct100_1s,False,False,True,spec,liq_concentration_div_minus_struct100
liq_concentration_div_fut_minus_spot_struct50_1s_eth,liq_concentration_div_fut_minus_spot_struct50_1s,eth,S3,Cross-Market,s3_cross_market,,,Futures,3052.0,liq_concentration_div_fut_minus_spot_struct50_1s,False,False,True,spec,liq_concentration_div_minus_struct50
liq_imb_persist_sf_struct100_300s_eth,liq_imb_persist_sf_struct100_300s,eth,S3,Cross-Market,s3_cross_market,,,Spot|Futures,3053.0,liq_imb_persist_sf_struct100_300s,False,False,True,spec,liq_imb_persist_sf_struct100
liq_imb_persist_sf_struct100_900s_eth,liq_imb_persist_sf_struct100_900s,eth,S3,Cross-Market,s3_cross_market,,,Spot|Futures,3054.0,liq_imb_persist_sf_struct100_900s,False,False,True,spec,liq_imb_persist_sf_struct100
liq_imb_persist_sf_struct50_300s_eth,liq_imb_persist_sf_struct50_300s,eth,S3,Cross-Market,s3_cross_market,,,Spot|Futures,3055.0,liq_imb_persist_sf_struct50_300s,False,False,True,spec,liq_imb_persist_sf_struct50
liq_imb_persist_sf_struct50_900s_eth,liq_imb_persist_sf_struct50_900s,eth,S3,Cross-Market,s3_cross_market,,,Spot|Futures,3056.0,liq_imb_persist_sf_struct50_900s,False,False,True,spec,liq_imb_persist_sf_struct50
queue_pressure_div_fut_minus_spot_1bps_15s_eth,queue_pressure_div_fut_minus_spot_1bps_15s,eth,S3,Cross-Market,s3_cross_market,,,Futures,3057.0,queue_pressure_div_fut_minus_spot_1bps_15s,False,False,True,spec,queue_pressure_div_minus_1bps
queue_pressure_div_fut_minus_spot_1bps_60s_eth,queue_pressure_div_fut_minus_spot_1bps_60s,eth,S3,Cross-Market,s3_cross_market,,,Futures,3058.0,queue_pressure_div_fut_minus_spot_1bps_60s,False,False,True,spec,queue_pressure_div_minus_1bps
refill_vs_pull_div_fut_minus_spot_1bps_15s_eth,refill_vs_pull_div_fut_minus_spot_1bps_15s,eth,S3,Cross-Market,s3_cross_market,,,Futures,3059.0,refill_vs_pull_div_fut_minus_spot_1bps_15s,False,False,True,spec,refill_vs_pull_div_minus_1bps
refill_vs_pull_div_fut_minus_spot_2bps_60s_eth,refill_vs_pull_div_fut_minus_spot_2bps_60s,eth,S3,Cross-Market,s3_cross_market,,,Futures,3060.0,refill_vs_pull_div_fut_minus_spot_2bps_60s,False,False,True,spec,refill_vs_pull_div_minus_2bps
trade_count_sf_div_300s_eth,trade_count_sf_div_300s,eth,S3,Cross-Market,s3_cross_market,,,Spot|Futures,3061.0,trade_count_sf_div_300s,False,False,True,spec,trade_count_sf_div
trade_count_sf_div_60s_eth,trade_count_sf_div_60s,eth,S3,Cross-Market,s3_cross_market,,,Spot|Futures,3062.0,trade_count_sf_div_60s,False,False,True,spec,trade_count_sf_div
trade_count_sf_div_900s_eth,trade_count_sf_div_900s,eth,S3,Cross-Market,s3_cross_market,,,Spot|Futures,3063.0,trade_count_sf_div_900s,False,False,True,spec,trade_count_sf_div
trade_count_sf_share_300s_eth,trade_count_sf_share_300s,eth,S3,Cross-Market,s3_cross_market,,,Spot|Futures,3064.0,trade_count_sf_share_300s,False,False,True,spec,trade_count_sf_share
trade_count_sf_share_60s_eth,trade_count_sf_share_60s,eth,S3,Cross-Market,s3_cross_market,,,Spot|Futures,3065.0,trade_count_sf_share_60s,False,False,True,spec,trade_count_sf_share
trade_count_sf_share_900s_eth,trade_count_sf_share_900s,eth,S3,Cross-Market,s3_cross_market,,,Spot|Futures,3066.0,trade_count_sf_share_900s,False,False,True,spec,trade_count_sf_share
volume_sf_div_delta_300s_eth,volume_sf_div_delta_300s,eth,S3,Cross-Market,s3_cross_market,,,Spot|Futures,3067.0,volume_sf_div_delta_300s,False,False,True,spec,volume_sf_div_delta
volume_sf_div_delta_900s_eth,volume_sf_div_delta_900s,eth,S3,Cross-Market,s3_cross_market,,,Spot|Futures,3068.0,volume_sf_div_delta_900s,False,False,True,spec,volume_sf_div_delta
d1_pull_rate_fut_1bps_15s_eth,d1_pull_rate_fut_1bps_15s,eth,S3,Dynamics,s3_dynamics,,,Futures,3069.0,d1_pull_rate_fut_1bps_15s,False,False,True,spec,d1_pull_rate_1bps
d1_pull_rate_fut_2bps_15s_eth,d1_pull_rate_fut_2bps_15s,eth,S3,Dynamics,s3_dynamics,,,Futures,3070.0,d1_pull_rate_fut_2bps_15s,False,False,True,spec,d1_pull_rate_2bps
d1_pull_rate_spot_1bps_15s_eth,d1_pull_rate_spot_1bps_15s,eth,S3,Dynamics,s3_dynamics,,,Spot,3071.0,d1_pull_rate_spot_1bps_15s,False,False,True,spec,d1_pull_rate_1bps
d1_pull_rate_spot_2bps_15s_eth,d1_pull_rate_spot_2bps_15s,eth,S3,Dynamics,s3_dynamics,,,Spot,3072.0,d1_pull_rate_spot_2bps_15s,False,False,True,spec,d1_pull_rate_2bps
d1_queue_pressure_fut_1bps_15s_eth,d1_queue_pressure_fut_1bps_15s,eth,S3,Dynamics,s3_dynamics,,,Futures,3073.0,d1_queue_pressure_fut_1bps_15s,False,False,True,spec,d1_queue_pressure_1bps
d1_queue_pressure_spot_1bps_15s_eth,d1_queue_pressure_spot_1bps_15s,eth,S3,Dynamics,s3_dynamics,,,Spot,3074.0,d1_queue_pressure_spot_1bps_15s,False,False,True,spec,d1_queue_pressure_1bps
d1_refill_rate_fut_1bps_15s_eth,d1_refill_rate_fut_1bps_15s,eth,S3,Dynamics,s3_dynamics,,,Futures,3075.0,d1_refill_rate_fut_1bps_15s,False,False,True,spec,d1_refill_rate_1bps
d1_refill_rate_fut_1bps_5s_eth,d1_refill_rate_fut_1bps_5s,eth,S3,Dynamics,s3_dynamics,,,Futures,3076.0,d1_refill_rate_fut_1bps_5s,False,False,True,spec,d1_refill_rate_1bps
d1_refill_rate_fut_2bps_15s_eth,d1_refill_rate_fut_2bps_15s,eth,S3,Dynamics,s3_dynamics,,,Futures,3077.0,d1_refill_rate_fut_2bps_15s,False,False,True,spec,d1_refill_rate_2bps
d1_refill_rate_spot_1bps_15s_eth,d1_refill_rate_spot_1bps_15s,eth,S3,Dynamics,s3_dynamics,,,Spot,3078.0,d1_refill_rate_spot_1bps_15s,False,False,True,spec,d1_refill_rate_1bps
d1_refill_rate_spot_1bps_5s_eth,d1_refill_rate_spot_1bps_5s,eth,S3,Dynamics,s3_dynamics,,,Spot,3079.0,d1_refill_rate_spot_1bps_5s,False,False,True,spec,d1_refill_rate_1bps
d1_refill_rate_spot_2bps_15s_eth,d1_refill_rate_spot_2bps_15s,eth,S3,Dynamics,s3_dynamics,,,Spot,3080.0,d1_refill_rate_spot_2bps_15s,False,False,True,spec,d1_refill_rate_2bps
d1_taker_imbalance_fut_15s_eth,d1_taker_imbalance_fut_15s,eth,S3,Dynamics,s3_dynamics,,,Futures,3081.0,d1_taker_imbalance_fut_15s,False,False,True,spec,d1_taker_imbalance
d1_taker_imbalance_fut_5s_eth,d1_taker_imbalance_fut_5s,eth,S3,Dynamics,s3_dynamics,,,Futures,3082.0,d1_taker_imbalance_fut_5s,False,False,True,spec,d1_taker_imbalance
d1_taker_imbalance_spot_15s_eth,d1_taker_imbalance_spot_15s,eth,S3,Dynamics,s3_dynamics,,,Spot,3083.0,d1_taker_imbalance_spot_15s,False,False,True,spec,d1_taker_imbalance
d1_taker_imbalance_spot_5s_eth,d1_taker_imbalance_spot_5s,eth,S3,Dynamics,s3_dynamics,,,Spot,3084.0,d1_taker_imbalance_spot_5s,False,False,True,spec,d1_taker_imbalance
d2_pull_rate_fut_1bps_15s_eth,d2_pull_rate_fut_1bps_15s,eth,S3,Dynamics,s3_dynamics,,,Futures,3085.0,d2_pull_rate_fut_1bps_15s,False,False,True,spec,d2_pull_rate_1bps
d2_pull_rate_fut_2bps_15s_eth,d2_pull_rate_fut_2bps_15s,eth,S3,Dynamics,s3_dynamics,,,Futures,3086.0,d2_pull_rate_fut_2bps_15s,False,False,True,spec,d2_pull_rate_2bps
d2_pull_rate_spot_1bps_15s_eth,d2_pull_rate_spot_1bps_15s,eth,S3,Dynamics,s3_dynamics,,,Spot,3087.0,d2_pull_rate_spot_1bps_15s,False,False,True,spec,d2_pull_rate_1bps
d2_pull_rate_spot_2bps_15s_eth,d2_pull_rate_spot_2bps_15s,eth,S3,Dynamics,s3_dynamics,,,Spot,3088.0,d2_pull_rate_spot_2bps_15s,False,False,True,spec,d2_pull_rate_2bps
d2_queue_pressure_fut_1bps_15s_eth,d2_queue_pressure_fut_1bps_15s,eth,S3,Dynamics,s3_dynamics,,,Futures,3089.0,d2_queue_pressure_fut_1bps_15s,False,False,True,spec,d2_queue_pressure_1bps
d2_queue_pressure_spot_1bps_15s_eth,d2_queue_pressure_spot_1bps_15s,eth,S3,Dynamics,s3_dynamics,,,Spot,3090.0,d2_queue_pressure_spot_1bps_15s,False,False,True,spec,d2_queue_pressure_1bps
d2_refill_rate_fut_1bps_15s_eth,d2_refill_rate_fut_1bps_15s,eth,S3,Dynamics,s3_dynamics,,,Futures,3091.0,d2_refill_rate_fut_1bps_15s,False,False,True,spec,d2_refill_rate_1bps
d2_refill_rate_fut_1bps_5s_eth,d2_refill_rate_fut_1bps_5s,eth,S3,Dynamics,s3_dynamics,,,Futures,3092.0,d2_refill_rate_fut_1bps_5s,False,False,True,spec,d2_refill_rate_1bps
d2_refill_rate_fut_2bps_15s_eth,d2_refill_rate_fut_2bps_15s,eth,S3,Dynamics,s3_dynamics,,,Futures,3093.0,d2_refill_rate_fut_2bps_15s,False,False,True,spec,d2_refill_rate_2bps
d2_refill_rate_spot_1bps_15s_eth,d2_refill_rate_spot_1bps_15s,eth,S3,Dynamics,s3_dynamics,,,Spot,3094.0,d2_refill_rate_spot_1bps_15s,False,False,True,spec,d2_refill_rate_1bps
d2_refill_rate_spot_1bps_5s_eth,d2_refill_rate_spot_1bps_5s,eth,S3,Dynamics,s3_dynamics,,,Spot,3095.0,d2_refill_rate_spot_1bps_5s,False,False,True,spec,d2_refill_rate_1bps
d2_refill_rate_spot_2bps_15s_eth,d2_refill_rate_spot_2bps_15s,eth,S3,Dynamics,s3_dynamics,,,Spot,3096.0,d2_refill_rate_spot_2bps_15s,False,False,True,spec,d2_refill_rate_2bps
d2_taker_imbalance_fut_15s_eth,d2_taker_imbalance_fut_15s,eth,S3,Dynamics,s3_dynamics,,,Futures,3097.0,d2_taker_imbalance_fut_15s,False,False,True,spec,d2_taker_imbalance
d2_taker_imbalance_fut_5s_eth,d2_taker_imbalance_fut_5s,eth,S3,Dynamics,s3_dynamics,,,Futures,3098.0,d2_taker_imbalance_fut_5s,False,False,True,spec,d2_taker_imbalance
d2_taker_imbalance_spot_15s_eth,d2_taker_imbalance_spot_15s,eth,S3,Dynamics,s3_dynamics,,,Spot,3099.0,d2_taker_imbalance_spot_15s,False,False,True,spec,d2_taker_imbalance
d2_taker_imbalance_spot_5s_eth,d2_taker_imbalance_spot_5s,eth,S3,Dynamics,s3_dynamics,,,Spot,3100.0,d2_taker_imbalance_spot_5s,False,False,True,spec,d2_taker_imbalance
dir_consistency_persist_spot_60_over_900_eth,dir_consistency_persist_spot_60_over_900,eth,S3,Dynamics,s3_dynamics,,,Spot,3101.0,dir_consistency_persist_spot_60_over_900,False,False,True,spec,dir_consistency_persist_60_over_900
impact_per_signed_fut_persist_60s_eth,impact_per_signed_fut_persist_60s,eth,S3,Dynamics,s3_dynamics,,60.0,Futures,3102.0,impact_per_signed_fut_persist_60s,False,False,True,spec,impact_per_signed_persist
impact_per_signed_fut_persist_900s_eth,impact_per_signed_fut_persist_900s,eth,S3,Dynamics,s3_dynamics,,900.0,Futures,3103.0,impact_per_signed_fut_persist_900s,False,False,True,spec,impact_per_signed_persist
impact_per_signed_spot_persist_60s_eth,impact_per_signed_spot_persist_60s,eth,S3,Dynamics,s3_dynamics,,60.0,Spot,3110.0,impact_per_signed_spot_persist_60s,False,False,True,spec,impact_per_signed_persist
impact_per_signed_spot_persist_900s_eth,impact_per_signed_spot_persist_900s,eth,S3,Dynamics,s3_dynamics,,900.0,Spot,3111.0,impact_per_signed_spot_persist_900s,False,False,True,spec,impact_per_signed_persist
median_impact_per_signed_fut_15s_eth,median_impact_per_signed_fut_15s,eth,S3,Dynamics,s3_dynamics,,,Futures,3124.0,median_impact_per_signed_fut_15s,False,False,True,spec,median_impact_per_signed
mad_impact_per_signed_fut_15s_eth,mad_impact_per_signed_fut_15s,eth,S3,Dynamics,s3_dynamics,,,Futures,3112.0,mad_impact_per_signed_fut_15s,False,False,True,spec,mad_impact_per_signed
impact_per_signed_shock_fut_15s_eth,impact_per_signed_shock_fut_15s,eth,S3,Dynamics,s3_dynamics,,,Futures,3104.0,impact_per_signed_shock_fut_15s,False,False,True,spec,impact_per_signed_shock
median_impact_per_signed_fut_5s_eth,median_impact_per_signed_fut_5s,eth,S3,Dynamics,s3_dynamics,,,Futures,3125.0,median_impact_per_signed_fut_5s,False,False,True,spec,median_impact_per_signed
mad_impact_per_signed_fut_5s_eth,mad_impact_per_signed_fut_5s,eth,S3,Dynamics,s3_dynamics,,,Futures,3113.0,mad_impact_per_signed_fut_5s,False,False,True,spec,mad_impact_per_signed
impact_per_signed_shock_fut_5s_eth,impact_per_signed_shock_fut_5s,eth,S3,Dynamics,s3_dynamics,,,Futures,3105.0,impact_per_signed_shock_fut_5s,False,False,True,spec,impact_per_signed_shock
median_impact_per_signed_fut_60s_eth,median_impact_per_signed_fut_60s,eth,S3,Dynamics,s3_dynamics,,,Futures,3126.0,median_impact_per_signed_fut_60s,False,False,True,spec,median_impact_per_signed
mad_impact_per_signed_fut_60s_eth,mad_impact_per_signed_fut_60s,eth,S3,Dynamics,s3_dynamics,,,Futures,3114.0,mad_impact_per_signed_fut_60s,False,False,True,spec,mad_impact_per_signed
impact_per_signed_shock_fut_60s_eth,impact_per_signed_shock_fut_60s,eth,S3,Dynamics,s3_dynamics,,,Futures,3106.0,impact_per_signed_shock_fut_60s,False,False,True,spec,impact_per_signed_shock
median_impact_per_signed_spot_15s_eth,median_impact_per_signed_spot_15s,eth,S3,Dynamics,s3_dynamics,,,Spot,3127.0,median_impact_per_signed_spot_15s,False,False,True,spec,median_impact_per_signed
mad_impact_per_signed_spot_15s_eth,mad_impact_per_signed_spot_15s,eth,S3,Dynamics,s3_dynamics,,,Spot,3115.0,mad_impact_per_signed_spot_15s,False,False,True,spec,mad_impact_per_signed
impact_per_signed_shock_spot_15s_eth,impact_per_signed_shock_spot_15s,eth,S3,Dynamics,s3_dynamics,,,Spot,3107.0,impact_per_signed_shock_spot_15s,False,False,True,spec,impact_per_signed_shock
median_impact_per_signed_spot_5s_eth,median_impact_per_signed_spot_5s,eth,S3,Dynamics,s3_dynamics,,,Spot,3128.0,median_impact_per_signed_spot_5s,False,False,True,spec,median_impact_per_signed
mad_impact_per_signed_spot_5s_eth,mad_impact_per_signed_spot_5s,eth,S3,Dynamics,s3_dynamics,,,Spot,3116.0,mad_impact_per_signed_spot_5s,False,False,True,spec,mad_impact_per_signed
impact_per_signed_shock_spot_5s_eth,impact_per_signed_shock_spot_5s,eth,S3,Dynamics,s3_dynamics,,,Spot,3108.0,impact_per_signed_shock_spot_5s,False,False,True,spec,impact_per_signed_shock
median_impact_per_signed_spot_60s_eth,median_impact_per_signed_spot_60s,eth,S3,Dynamics,s3_dynamics,,,Spot,3129.0,median_impact_per_signed_spot_60s,False,False,True,spec,median_impact_per_signed
mad_impact_per_signed_spot_60s_eth,mad_impact_per_signed_spot_60s,eth,S3,Dynamics,s3_dynamics,,,Spot,3117.0,mad_impact_per_signed_spot_60s,False,False,True,spec,mad_impact_per_signed
impact_per_signed_shock_spot_60s_eth,impact_per_signed_shock_spot_60s,eth,S3,Dynamics,s3_dynamics,,,Spot,3109.0,impact_per_signed_shock_spot_60s,False,False,True,spec,impact_per_signed_shock
median_taker_imbalance_fut_15s_eth,median_taker_imbalance_fut_15s,eth,S3,Dynamics,s3_dynamics,,,Futures,3130.0,median_taker_imbalance_fut_15s,False,False,True,spec,median_taker_imbalance
mad_taker_imbalance_fut_15s_eth,mad_taker_imbalance_fut_15s,eth,S3,Dynamics,s3_dynamics,,,Futures,3118.0,mad_taker_imbalance_fut_15s,False,False,True,spec,mad_taker_imbalance
median_taker_imbalance_fut_5s_eth,median_taker_imbalance_fut_5s,eth,S3,Dynamics,s3_dynamics,,,Futures,3131.0,median_taker_imbalance_fut_5s,False,False,True,spec,median_taker_imbalance
mad_taker_imbalance_fut_5s_eth,mad_taker_imbalance_fut_5s,eth,S3,Dynamics,s3_dynamics,,,Futures,3119.0,mad_taker_imbalance_fut_5s,False,False,True,spec,mad_taker_imbalance
median_taker_imbalance_fut_60s_eth,median_taker_imbalance_fut_60s,eth,S3,Dynamics,s3_dynamics,,,Futures,3132.0,median_taker_imbalance_fut_60s,False,False,True,spec,median_taker_imbalance
mad_taker_imbalance_fut_60s_eth,mad_taker_imbalance_fut_60s,eth,S3,Dynamics,s3_dynamics,,,Futures,3120.0,mad_taker_imbalance_fut_60s,False,False,True,spec,mad_taker_imbalance
median_taker_imbalance_spot_15s_eth,median_taker_imbalance_spot_15s,eth,S3,Dynamics,s3_dynamics,,,Spot,3133.0,median_taker_imbalance_spot_15s,False,False,True,spec,median_taker_imbalance
mad_taker_imbalance_spot_15s_eth,mad_taker_imbalance_spot_15s,eth,S3,Dynamics,s3_dynamics,,,Spot,3121.0,mad_taker_imbalance_spot_15s,False,False,True,spec,mad_taker_imbalance
median_taker_imbalance_spot_5s_eth,median_taker_imbalance_spot_5s,eth,S3,Dynamics,s3_dynamics,,,Spot,3134.0,median_taker_imbalance_spot_5s,False,False,True,spec,median_taker_imbalance
mad_taker_imbalance_spot_5s_eth,mad_taker_imbalance_spot_5s,eth,S3,Dynamics,s3_dynamics,,,Spot,3122.0,mad_taker_imbalance_spot_5s,False,False,True,spec,mad_taker_imbalance
median_taker_imbalance_spot_60s_eth,median_taker_imbalance_spot_60s,eth,S3,Dynamics,s3_dynamics,,,Spot,3135.0,median_taker_imbalance_spot_60s,False,False,True,spec,median_taker_imbalance
mad_taker_imbalance_spot_60s_eth,mad_taker_imbalance_spot_60s,eth,S3,Dynamics,s3_dynamics,,,Spot,3123.0,mad_taker_imbalance_spot_60s,False,False,True,spec,mad_taker_imbalance
net_pressure_flip_rate_fut_10bps_300s_eth,net_pressure_flip_rate_fut_10bps_300s,eth,S3,Dynamics,s3_dynamics,,300.0,Futures,3136.0,net_pressure_flip_rate_fut_10bps_300s,False,False,True,spec,net_pressure_flip_rate_10bps
net_pressure_flip_rate_fut_5bps_300s_eth,net_pressure_flip_rate_fut_5bps_300s,eth,S3,Dynamics,s3_dynamics,,300.0,Futures,3137.0,net_pressure_flip_rate_fut_5bps_300s,False,False,True,spec,net_pressure_flip_rate_5bps
net_pressure_flip_rate_spot_10bps_300s_eth,net_pressure_flip_rate_spot_10bps_300s,eth,S3,Dynamics,s3_dynamics,,300.0,Spot,3138.0,net_pressure_flip_rate_spot_10bps_300s,False,False,True,spec,net_pressure_flip_rate_10bps
net_pressure_flip_rate_spot_5bps_300s_eth,net_pressure_flip_rate_spot_5bps_300s,eth,S3,Dynamics,s3_dynamics,,300.0,Spot,3139.0,net_pressure_flip_rate_spot_5bps_300s,False,False,True,spec,net_pressure_flip_rate_5bps
net_pressure_persist_fut_10bps_300s_eth,net_pressure_persist_fut_10bps_300s,eth,S3,Dynamics,s3_dynamics,,300.0,Futures,3140.0,net_pressure_persist_fut_10bps_300s,False,False,True,spec,net_pressure_persist_10bps
net_pressure_persist_fut_5bps_300s_eth,net_pressure_persist_fut_5bps_300s,eth,S3,Dynamics,s3_dynamics,,300.0,Futures,3141.0,net_pressure_persist_fut_5bps_300s,False,False,True,spec,net_pressure_persist_5bps
net_pressure_persist_spot_10bps_300s_eth,net_pressure_persist_spot_10bps_300s,eth,S3,Dynamics,s3_dynamics,,300.0,Spot,3142.0,net_pressure_persist_spot_10bps_300s,False,False,True,spec,net_pressure_persist_10bps
net_pressure_persist_spot_5bps_300s_eth,net_pressure_persist_spot_5bps_300s,eth,S3,Dynamics,s3_dynamics,,300.0,Spot,3143.0,net_pressure_persist_spot_5bps_300s,False,False,True,spec,net_pressure_persist_5bps
pull_rate_fut_1bps_persist_15s_eth,pull_rate_fut_1bps_persist_15s,eth,S3,Dynamics,s3_dynamics,,15.0,Futures,3144.0,pull_rate_fut_1bps_persist_15s,False,False,True,spec,pull_rate_1bps_persist
pull_rate_fut_2bps_persist_15s_eth,pull_rate_fut_2bps_persist_15s,eth,S3,Dynamics,s3_dynamics,,15.0,Futures,3145.0,pull_rate_fut_2bps_persist_15s,False,False,True,spec,pull_rate_2bps_persist
pull_rate_fut_2bps_persist_60s_eth,pull_rate_fut_2bps_persist_60s,eth,S3,Dynamics,s3_dynamics,,60.0,Futures,3146.0,pull_rate_fut_2bps_persist_60s,False,False,True,spec,pull_rate_2bps_persist
pull_rate_spot_1bps_persist_15s_eth,pull_rate_spot_1bps_persist_15s,eth,S3,Dynamics,s3_dynamics,,15.0,Spot,3147.0,pull_rate_spot_1bps_persist_15s,False,False,True,spec,pull_rate_1bps_persist
pull_rate_spot_2bps_persist_15s_eth,pull_rate_spot_2bps_persist_15s,eth,S3,Dynamics,s3_dynamics,,15.0,Spot,3148.0,pull_rate_spot_2bps_persist_15s,False,False,True,spec,pull_rate_2bps_persist
pull_rate_spot_2bps_persist_60s_eth,pull_rate_spot_2bps_persist_60s,eth,S3,Dynamics,s3_dynamics,,60.0,Spot,3149.0,pull_rate_spot_2bps_persist_60s,False,False,True,spec,pull_rate_2bps_persist
refill_rate_fut_1bps_persist_15s_eth,refill_rate_fut_1bps_persist_15s,eth,S3,Dynamics,s3_dynamics,,15.0,Futures,3150.0,refill_rate_fut_1bps_persist_15s,False,False,True,spec,refill_rate_1bps_persist
refill_rate_fut_2bps_persist_15s_eth,refill_rate_fut_2bps_persist_15s,eth,S3,Dynamics,s3_dynamics,,15.0,Futures,3151.0,refill_rate_fut_2bps_persist_15s,False,False,True,spec,refill_rate_2bps_persist
refill_rate_fut_2bps_persist_60s_eth,refill_rate_fut_2bps_persist_60s,eth,S3,Dynamics,s3_dynamics,,60.0,Futures,3152.0,refill_rate_fut_2bps_persist_60s,False,False,True,spec,refill_rate_2bps_persist
refill_rate_spot_1bps_persist_15s_eth,refill_rate_spot_1bps_persist_15s,eth,S3,Dynamics,s3_dynamics,,15.0,Spot,3153.0,refill_rate_spot_1bps_persist_15s,False,False,True,spec,refill_rate_1bps_persist
refill_rate_spot_2bps_persist_15s_eth,refill_rate_spot_2bps_persist_15s,eth,S3,Dynamics,s3_dynamics,,15.0,Spot,3154.0,refill_rate_spot_2bps_persist_15s,False,False,True,spec,refill_rate_2bps_persist
refill_rate_spot_2bps_persist_60s_eth,refill_rate_spot_2bps_persist_60s,eth,S3,Dynamics,s3_dynamics,,60.0,Spot,3155.0,refill_rate_spot_2bps_persist_60s,False,False,True,spec,refill_rate_2bps_persist
refill_vs_pull_fut_1bps_persist_15s_eth,refill_vs_pull_fut_1bps_persist_15s,eth,S3,Dynamics,s3_dynamics,,15.0,Futures,3156.0,refill_vs_pull_fut_1bps_persist_15s,False,False,True,spec,refill_vs_pull_1bps_persist
refill_vs_pull_fut_2bps_persist_60s_eth,refill_vs_pull_fut_2bps_persist_60s,eth,S3,Dynamics,s3_dynamics,,60.0,Futures,3157.0,refill_vs_pull_fut_2bps_persist_60s,False,False,True,spec,refill_vs_pull_2bps_persist
refill_vs_pull_spot_1bps_persist_15s_eth,refill_vs_pull_spot_1bps_persist_15s,eth,S3,Dynamics,s3_dynamics,,15.0,Spot,3158.0,refill_vs_pull_spot_1bps_persist_15s,False,False,True,spec,refill_vs_pull_1bps_persist
refill_vs_pull_spot_2bps_persist_60s_eth,refill_vs_pull_spot_2bps_persist_60s,eth,S3,Dynamics,s3_dynamics,,60.0,Spot,3159.0,refill_vs_pull_spot_2bps_persist_60s,False,False,True,spec,refill_vs_pull_2bps_persist
taker_imbalance_fut_persist_15s_eth,taker_imbalance_fut_persist_15s,eth,S3,Dynamics,s3_dynamics,,15.0,Futures,3160.0,taker_imbalance_fut_persist_15s,False,False,True,spec,taker_imbalance_persist
taker_imbalance_fut_persist_60s_eth,taker_imbalance_fut_persist_60s,eth,S3,Dynamics,s3_dynamics,,60.0,Futures,3161.0,taker_imbalance_fut_persist_60s,False,False,True,spec,taker_imbalance_persist
taker_imbalance_shock_fut_15s_eth,taker_imbalance_shock_fut_15s,eth,S3,Dynamics,s3_dynamics,,,Futures,3162.0,taker_imbalance_shock_fut_15s,False,False,True,spec,taker_imbalance_shock
taker_imbalance_shock_fut_5s_eth,taker_imbalance_shock_fut_5s,eth,S3,Dynamics,s3_dynamics,,,Futures,3163.0,taker_imbalance_shock_fut_5s,False,False,True,spec,taker_imbalance_shock
taker_imbalance_shock_fut_60s_eth,taker_imbalance_shock_fut_60s,eth,S3,Dynamics,s3_dynamics,,,Futures,3164.0,taker_imbalance_shock_fut_60s,False,False,True,spec,taker_imbalance_shock
taker_imbalance_shock_spot_15s_eth,taker_imbalance_shock_spot_15s,eth,S3,Dynamics,s3_dynamics,,,Spot,3165.0,taker_imbalance_shock_spot_15s,False,False,True,spec,taker_imbalance_shock
taker_imbalance_shock_spot_5s_eth,taker_imbalance_shock_spot_5s,eth,S3,Dynamics,s3_dynamics,,,Spot,3166.0,taker_imbalance_shock_spot_5s,False,False,True,spec,taker_imbalance_shock
taker_imbalance_shock_spot_60s_eth,taker_imbalance_shock_spot_60s,eth,S3,Dynamics,s3_dynamics,,,Spot,3167.0,taker_imbalance_shock_spot_60s,False,False,True,spec,taker_imbalance_shock
taker_imbalance_spot_persist_15s_eth,taker_imbalance_spot_persist_15s,eth,S3,Dynamics,s3_dynamics,,15.0,Spot,3168.0,taker_imbalance_spot_persist_15s,False,False,True,spec,taker_imbalance_persist
taker_imbalance_spot_persist_60s_eth,taker_imbalance_spot_persist_60s,eth,S3,Dynamics,s3_dynamics,,60.0,Spot,3169.0,taker_imbalance_spot_persist_60s,False,False,True,spec,taker_imbalance_persist
ask_churn_fut_5bps_15s_eth,ask_churn_fut_5bps_15s,eth,S3,Liquidity Events,s3_liquidity_events,,15.0,Futures,3170.0,ask_churn_fut_5bps_15s,False,False,True,spec,ask_churn_5bps
ask_churn_fut_5bps_60s_eth,ask_churn_fut_5bps_60s,eth,S3,Liquidity Events,s3_liquidity_events,,60.0,Futures,3171.0,ask_churn_fut_5bps_60s,False,False,True,spec,ask_churn_5bps
ask_churn_spot_5bps_15s_eth,ask_churn_spot_5bps_15s,eth,S3,Liquidity Events,s3_liquidity_events,,15.0,Spot,3172.0,ask_churn_spot_5bps_15s,False,False,True,spec,ask_churn_5bps
ask_churn_spot_5bps_60s_eth,ask_churn_spot_5bps_60s,eth,S3,Liquidity Events,s3_liquidity_events,,60.0,Spot,3173.0,ask_churn_spot_5bps_60s,False,False,True,spec,ask_churn_5bps
bid_churn_fut_5bps_15s_eth,bid_churn_fut_5bps_15s,eth,S3,Liquidity Events,s3_liquidity_events,,15.0,Futures,3174.0,bid_churn_fut_5bps_15s,False,False,True,spec,bid_churn_5bps
bid_churn_fut_5bps_60s_eth,bid_churn_fut_5bps_60s,eth,S3,Liquidity Events,s3_liquidity_events,,60.0,Futures,3175.0,bid_churn_fut_5bps_60s,False,False,True,spec,bid_churn_5bps
bid_churn_spot_5bps_15s_eth,bid_churn_spot_5bps_15s,eth,S3,Liquidity Events,s3_liquidity_events,,15.0,Spot,3176.0,bid_churn_spot_5bps_15s,False,False,True,spec,bid_churn_5bps
bid_churn_spot_5bps_60s_eth,bid_churn_spot_5bps_60s,eth,S3,Liquidity Events,s3_liquidity_events,,60.0,Spot,3177.0,bid_churn_spot_5bps_60s,False,False,True,spec,bid_churn_5bps
dir_consistency_asym_spot_60_over_900_eth,dir_consistency_asym_spot_60_over_900,eth,S3,Meta,s3_meta,,,Spot,3178.0,dir_consistency_asym_spot_60_over_900,True,False,False,spec,dir_consistency_asym_60_over_900
queue_pressure_depth_coherence_fut_15s_eth,queue_pressure_depth_coherence_fut_15s,eth,S3,Meta,s3_meta,,,Futures,3179.0,queue_pressure_depth_coherence_fut_15s,True,False,False,spec,queue_pressure_depth_coherence
queue_pressure_depth_coherence_fut_60s_eth,queue_pressure_depth_coherence_fut_60s,eth,S3,Meta,s3_meta,,,Futures,3180.0,queue_pressure_depth_coherence_fut_60s,True,False,False,spec,queue_pressure_depth_coherence
queue_pressure_depth_coherence_spot_15s_eth,queue_pressure_depth_coherence_spot_15s,eth,S3,Meta,s3_meta,,,Spot,3181.0,queue_pressure_depth_coherence_spot_15s,True,False,False,spec,queue_pressure_depth_coherence
queue_pressure_depth_coherence_spot_60s_eth,queue_pressure_depth_coherence_spot_60s,eth,S3,Meta,s3_meta,,,Spot,3182.0,queue_pressure_depth_coherence_spot_60s,True,False,False,spec,queue_pressure_depth_coherence
queue_pressure_depth_curvature_fut_15s_eth,queue_pressure_depth_curvature_fut_15s,eth,S3,Meta,s3_meta,,,Futures,3183.0,queue_pressure_depth_curvature_fut_15s,True,False,False,spec,queue_pressure_depth_curvature
queue_pressure_depth_curvature_fut_60s_eth,queue_pressure_depth_curvature_fut_60s,eth,S3,Meta,s3_meta,,,Futures,3184.0,queue_pressure_depth_curvature_fut_60s,True,False,False,spec,queue_pressure_depth_curvature
queue_pressure_depth_curvature_spot_15s_eth,queue_pressure_depth_curvature_spot_15s,eth,S3,Meta,s3_meta,,,Spot,3185.0,queue_pressure_depth_curvature_spot_15s,True,False,False,spec,queue_pressure_depth_curvature
queue_pressure_depth_curvature_spot_60s_eth,queue_pressure_depth_curvature_spot_60s,eth,S3,Meta,s3_meta,,,Spot,3186.0,queue_pressure_depth_curvature_spot_60s,True,False,False,spec,queue_pressure_depth_curvature
queue_pressure_depth_slope_fut_15s_eth,queue_pressure_depth_slope_fut_15s,eth,S3,Meta,s3_meta,,,Futures,3187.0,queue_pressure_depth_slope_fut_15s,True,False,False,spec,queue_pressure_depth_slope
queue_pressure_depth_slope_fut_60s_eth,queue_pressure_depth_slope_fut_60s,eth,S3,Meta,s3_meta,,,Futures,3188.0,queue_pressure_depth_slope_fut_60s,True,False,False,spec,queue_pressure_depth_slope
queue_pressure_depth_slope_spot_15s_eth,queue_pressure_depth_slope_spot_15s,eth,S3,Meta,s3_meta,,,Spot,3189.0,queue_pressure_depth_slope_spot_15s,True,False,False,spec,queue_pressure_depth_slope
queue_pressure_depth_slope_spot_60s_eth,queue_pressure_depth_slope_spot_60s,eth,S3,Meta,s3_meta,,,Spot,3190.0,queue_pressure_depth_slope_spot_60s,True,False,False,spec,queue_pressure_depth_slope
vacuum_score_fut_10bps_15s_eth,vacuum_score_fut_10bps_15s,eth,S3,Meta,s3_meta,,,Futures,3191.0,vacuum_score_fut_10bps_15s,True,False,False,spec,vacuum_score_10bps
vacuum_score_fut_10bps_5s_eth,vacuum_score_fut_10bps_5s,eth,S3,Meta,s3_meta,,,Futures,3192.0,vacuum_score_fut_10bps_5s,True,False,False,spec,vacuum_score_10bps
vacuum_score_fut_10bps_60s_eth,vacuum_score_fut_10bps_60s,eth,S3,Meta,s3_meta,,,Futures,3193.0,vacuum_score_fut_10bps_60s,True,False,False,spec,vacuum_score_10bps
vacuum_score_fut_1bps_60s_eth,vacuum_score_fut_1bps_60s,eth,S3,Meta,s3_meta,,,Futures,3195.0,vacuum_score_fut_1bps_60s,True,False,False,spec,vacuum_score_1bps
vacuum_score_fut_2bps_5s_eth,vacuum_score_fut_2bps_5s,eth,S3,Meta,s3_meta,,,Futures,3196.0,vacuum_score_fut_2bps_5s,True,False,False,spec,vacuum_score_2bps
vacuum_score_fut_5bps_15s_eth,vacuum_score_fut_5bps_15s,eth,S3,Meta,s3_meta,,,Futures,3197.0,vacuum_score_fut_5bps_15s,True,False,False,spec,vacuum_score_5bps
vacuum_score_fut_5bps_5s_eth,vacuum_score_fut_5bps_5s,eth,S3,Meta,s3_meta,,,Futures,3198.0,vacuum_score_fut_5bps_5s,True,False,False,spec,vacuum_score_5bps
vacuum_score_fut_5bps_60s_eth,vacuum_score_fut_5bps_60s,eth,S3,Meta,s3_meta,,,Futures,3199.0,vacuum_score_fut_5bps_60s,True,False,False,spec,vacuum_score_5bps
vacuum_score_spot_10bps_15s_eth,vacuum_score_spot_10bps_15s,eth,S3,Meta,s3_meta,,,Spot,3200.0,vacuum_score_spot_10bps_15s,True,False,False,spec,vacuum_score_10bps
vacuum_score_spot_10bps_5s_eth,vacuum_score_spot_10bps_5s,eth,S3,Meta,s3_meta,,,Spot,3201.0,vacuum_score_spot_10bps_5s,True,False,False,spec,vacuum_score_10bps
vacuum_score_spot_10bps_60s_eth,vacuum_score_spot_10bps_60s,eth,S3,Meta,s3_meta,,,Spot,3202.0,vacuum_score_spot_10bps_60s,True,False,False,spec,vacuum_score_10bps
vacuum_score_spot_1bps_60s_eth,vacuum_score_spot_1bps_60s,eth,S3,Meta,s3_meta,,,Spot,3204.0,vacuum_score_spot_1bps_60s,True,False,False,spec,vacuum_score_1bps
vacuum_score_spot_2bps_5s_eth,vacuum_score_spot_2bps_5s,eth,S3,Meta,s3_meta,,,Spot,3205.0,vacuum_score_spot_2bps_5s,True,False,False,spec,vacuum_score_2bps
vacuum_score_spot_5bps_15s_eth,vacuum_score_spot_5bps_15s,eth,S3,Meta,s3_meta,,,Spot,3206.0,vacuum_score_spot_5bps_15s,True,False,False,spec,vacuum_score_5bps
vacuum_score_spot_5bps_5s_eth,vacuum_score_spot_5bps_5s,eth,S3,Meta,s3_meta,,,Spot,3207.0,vacuum_score_spot_5bps_5s,True,False,False,spec,vacuum_score_5bps
vacuum_score_spot_5bps_60s_eth,vacuum_score_spot_5bps_60s,eth,S3,Meta,s3_meta,,,Spot,3208.0,vacuum_score_spot_5bps_60s,True,False,False,spec,vacuum_score_5bps
z_absorb_refill_ask_fut_10bps_1s_eth,z_absorb_refill_ask_fut_10bps_1s,eth,S3,Normalization,s3_normalization,,5.0,Futures,3209.0,z_absorb_refill_ask_fut_10bps_1s,False,False,True,spec,z_absorb_refill_ask_10bps
z_absorb_refill_ask_fut_2bps_1s_eth,z_absorb_refill_ask_fut_2bps_1s,eth,S3,Normalization,s3_normalization,,5.0,Futures,3210.0,z_absorb_refill_ask_fut_2bps_1s,False,False,True,spec,z_absorb_refill_ask_2bps
z_absorb_refill_ask_fut_5bps_1s_eth,z_absorb_refill_ask_fut_5bps_1s,eth,S3,Normalization,s3_normalization,,5.0,Futures,3211.0,z_absorb_refill_ask_fut_5bps_1s,False,False,True,spec,z_absorb_refill_ask_5bps
z_absorb_refill_ask_spot_10bps_1s_eth,z_absorb_refill_ask_spot_10bps_1s,eth,S3,Normalization,s3_normalization,,5.0,Spot,3212.0,z_absorb_refill_ask_spot_10bps_1s,False,False,True,spec,z_absorb_refill_ask_10bps
z_absorb_refill_ask_spot_2bps_1s_eth,z_absorb_refill_ask_spot_2bps_1s,eth,S3,Normalization,s3_normalization,,5.0,Spot,3213.0,z_absorb_refill_ask_spot_2bps_1s,False,False,True,spec,z_absorb_refill_ask_2bps
z_absorb_refill_ask_spot_5bps_1s_eth,z_absorb_refill_ask_spot_5bps_1s,eth,S3,Normalization,s3_normalization,,5.0,Spot,3214.0,z_absorb_refill_ask_spot_5bps_1s,False,False,True,spec,z_absorb_refill_ask_5bps
z_absorb_refill_bid_fut_10bps_1s_eth,z_absorb_refill_bid_fut_10bps_1s,eth,S3,Normalization,s3_normalization,,5.0,Futures,3215.0,z_absorb_refill_bid_fut_10bps_1s,False,False,True,spec,z_absorb_refill_bid_10bps
z_absorb_refill_bid_fut_2bps_1s_eth,z_absorb_refill_bid_fut_2bps_1s,eth,S3,Normalization,s3_normalization,,5.0,Futures,3216.0,z_absorb_refill_bid_fut_2bps_1s,False,False,True,spec,z_absorb_refill_bid_2bps
z_absorb_refill_bid_fut_5bps_1s_eth,z_absorb_refill_bid_fut_5bps_1s,eth,S3,Normalization,s3_normalization,,5.0,Futures,3217.0,z_absorb_refill_bid_fut_5bps_1s,False,False,True,spec,z_absorb_refill_bid_5bps
z_absorb_refill_bid_spot_10bps_1s_eth,z_absorb_refill_bid_spot_10bps_1s,eth,S3,Normalization,s3_normalization,,5.0,Spot,3218.0,z_absorb_refill_bid_spot_10bps_1s,False,False,True,spec,z_absorb_refill_bid_10bps
z_absorb_refill_bid_spot_2bps_1s_eth,z_absorb_refill_bid_spot_2bps_1s,eth,S3,Normalization,s3_normalization,,5.0,Spot,3219.0,z_absorb_refill_bid_spot_2bps_1s,False,False,True,spec,z_absorb_refill_bid_2bps
z_absorb_refill_bid_spot_5bps_1s_eth,z_absorb_refill_bid_spot_5bps_1s,eth,S3,Normalization,s3_normalization,,5.0,Spot,3220.0,z_absorb_refill_bid_spot_5bps_1s,False,False,True,spec,z_absorb_refill_bid_5bps
z_book_asymmetry_fut_struct100_300s_eth,z_book_asymmetry_fut_struct100_300s,eth,S3,Normalization,s3_normalization,,300.0,Futures,3221.0,z_book_asymmetry_fut_struct100_300s,False,False,True,spec,z_book_asymmetry_struct100
z_book_asymmetry_fut_struct100_60s_eth,z_book_asymmetry_fut_struct100_60s,eth,S3,Normalization,s3_normalization,,60.0,Futures,3222.0,z_book_asymmetry_fut_struct100_60s,False,False,True,spec,z_book_asymmetry_struct100
z_book_asymmetry_fut_struct100_900s_eth,z_book_asymmetry_fut_struct100_900s,eth,S3,Normalization,s3_normalization,,900.0,Futures,3223.0,z_book_asymmetry_fut_struct100_900s,False,False,True,spec,z_book_asymmetry_struct100
z_book_asymmetry_fut_struct50_300s_eth,z_book_asymmetry_fut_struct50_300s,eth,S3,Normalization,s3_normalization,,300.0,Futures,3224.0,z_book_asymmetry_fut_struct50_300s,False,False,True,spec,z_book_asymmetry_struct50
z_book_asymmetry_fut_struct50_60s_eth,z_book_asymmetry_fut_struct50_60s,eth,S3,Normalization,s3_normalization,,60.0,Futures,3225.0,z_book_asymmetry_fut_struct50_60s,False,False,True,spec,z_book_asymmetry_struct50
z_book_asymmetry_fut_struct50_900s_eth,z_book_asymmetry_fut_struct50_900s,eth,S3,Normalization,s3_normalization,,900.0,Futures,3226.0,z_book_asymmetry_fut_struct50_900s,False,False,True,spec,z_book_asymmetry_struct50
z_book_asymmetry_spot_struct100_300s_eth,z_book_asymmetry_spot_struct100_300s,eth,S3,Normalization,s3_normalization,,300.0,Spot,3227.0,z_book_asymmetry_spot_struct100_300s,False,False,True,spec,z_book_asymmetry_struct100
z_book_asymmetry_spot_struct100_60s_eth,z_book_asymmetry_spot_struct100_60s,eth,S3,Normalization,s3_normalization,,60.0,Spot,3228.0,z_book_asymmetry_spot_struct100_60s,False,False,True,spec,z_book_asymmetry_struct100
z_book_asymmetry_spot_struct100_900s_eth,z_book_asymmetry_spot_struct100_900s,eth,S3,Normalization,s3_normalization,,900.0,Spot,3229.0,z_book_asymmetry_spot_struct100_900s,False,False,True,spec,z_book_asymmetry_struct100
z_book_asymmetry_spot_struct50_300s_eth,z_book_asymmetry_spot_struct50_300s,eth,S3,Normalization,s3_normalization,,300.0,Spot,3230.0,z_book_asymmetry_spot_struct50_300s,False,False,True,spec,z_book_asymmetry_struct50
z_book_asymmetry_spot_struct50_60s_eth,z_book_asymmetry_spot_struct50_60s,eth,S3,Normalization,s3_normalization,,60.0,Spot,3231.0,z_book_asymmetry_spot_struct50_60s,False,False,True,spec,z_book_asymmetry_struct50
z_book_asymmetry_spot_struct50_900s_eth,z_book_asymmetry_spot_struct50_900s,eth,S3,Normalization,s3_normalization,,900.0,Spot,3232.0,z_book_asymmetry_spot_struct50_900s,False,False,True,spec,z_book_asymmetry_struct50
z_depth_gradient_fut_struct100_1s_eth,z_depth_gradient_fut_struct100_1s,eth,S3,Normalization,s3_normalization,,5.0,Futures,3233.0,z_depth_gradient_fut_struct100_1s,False,False,True,spec,z_depth_gradient_struct100
z_depth_gradient_fut_struct50_1s_eth,z_depth_gradient_fut_struct50_1s,eth,S3,Normalization,s3_normalization,,5.0,Futures,3234.0,z_depth_gradient_fut_struct50_1s,False,False,True,spec,z_depth_gradient_struct50
z_depth_gradient_spot_struct100_1s_eth,z_depth_gradient_spot_struct100_1s,eth,S3,Normalization,s3_normalization,,5.0,Spot,3235.0,z_depth_gradient_spot_struct100_1s,False,False,True,spec,z_depth_gradient_struct100
z_depth_gradient_spot_struct50_1s_eth,z_depth_gradient_spot_struct50_1s,eth,S3,Normalization,s3_normalization,,5.0,Spot,3236.0,z_depth_gradient_spot_struct50_1s,False,False,True,spec,z_depth_gradient_struct50
z_impact_per_signed_fut_15s_eth,z_impact_per_signed_fut_15s,eth,S3,Normalization,s3_normalization,,15.0,Futures,3237.0,z_impact_per_signed_fut_15s,False,False,True,spec,z_impact_per_signed
z_impact_per_signed_fut_5s_eth,z_impact_per_signed_fut_5s,eth,S3,Normalization,s3_normalization,,5.0,Futures,3238.0,z_impact_per_signed_fut_5s,False,False,True,spec,z_impact_per_signed
z_impact_per_signed_fut_60s_eth,z_impact_per_signed_fut_60s,eth,S3,Normalization,s3_normalization,,60.0,Futures,3239.0,z_impact_per_signed_fut_60s,False,False,True,spec,z_impact_per_signed
z_liq_concentration_fut_struct100_1s_eth,z_liq_concentration_fut_struct100_1s,eth,S3,Normalization,s3_normalization,,5.0,Futures,3240.0,z_liq_concentration_fut_struct100_1s,False,False,True,spec,z_liq_concentration_struct100
z_liq_concentration_fut_struct50_1s_eth,z_liq_concentration_fut_struct50_1s,eth,S3,Normalization,s3_normalization,,5.0,Futures,3241.0,z_liq_concentration_fut_struct50_1s,False,False,True,spec,z_liq_concentration_struct50
z_liq_concentration_spot_struct100_1s_eth,z_liq_concentration_spot_struct100_1s,eth,S3,Normalization,s3_normalization,,5.0,Spot,3242.0,z_liq_concentration_spot_struct100_1s,False,False,True,spec,z_liq_concentration_struct100
z_liq_concentration_spot_struct50_1s_eth,z_liq_concentration_spot_struct50_1s,eth,S3,Normalization,s3_normalization,,5.0,Spot,3243.0,z_liq_concentration_spot_struct50_1s,False,False,True,spec,z_liq_concentration_struct50
z_price_deviation_300s_eth,z_price_deviation_300s,eth,S3,Normalization,s3_normalization,,300.0,Spot|Futures,3244.0,z_price_deviation_300s,False,False,True,spec,z_price_deviation
z_price_deviation_60s_eth,z_price_deviation_60s,eth,S3,Normalization,s3_normalization,,60.0,Spot|Futures,3245.0,z_price_deviation_60s,False,False,True,spec,z_price_deviation
z_price_deviation_900s_eth,z_price_deviation_900s,eth,S3,Normalization,s3_normalization,,900.0,Spot|Futures,3246.0,z_price_deviation_900s,False,False,True,spec,z_price_deviation
z_pull_rate_fut_1bps_15s_eth,z_pull_rate_fut_1bps_15s,eth,S3,Normalization,s3_normalization,,15.0,Futures,3247.0,z_pull_rate_fut_1bps_15s,False,False,True,spec,z_pull_rate_1bps
z_pull_rate_fut_2bps_15s_eth,z_pull_rate_fut_2bps_15s,eth,S3,Normalization,s3_normalization,,15.0,Futures,3248.0,z_pull_rate_fut_2bps_15s,False,False,True,spec,z_pull_rate_2bps
z_pull_rate_fut_2bps_60s_eth,z_pull_rate_fut_2bps_60s,eth,S3,Normalization,s3_normalization,,60.0,Futures,3249.0,z_pull_rate_fut_2bps_60s,False,False,True,spec,z_pull_rate_2bps
z_pull_rate_spot_1bps_15s_eth,z_pull_rate_spot_1bps_15s,eth,S3,Normalization,s3_normalization,,15.0,Spot,3250.0,z_pull_rate_spot_1bps_15s,False,False,True,spec,z_pull_rate_1bps
z_pull_rate_spot_2bps_15s_eth,z_pull_rate_spot_2bps_15s,eth,S3,Normalization,s3_normalization,,15.0,Spot,3251.0,z_pull_rate_spot_2bps_15s,False,False,True,spec,z_pull_rate_2bps
z_pull_rate_spot_2bps_60s_eth,z_pull_rate_spot_2bps_60s,eth,S3,Normalization,s3_normalization,,60.0,Spot,3252.0,z_pull_rate_spot_2bps_60s,False,False,True,spec,z_pull_rate_2bps
z_queue_pressure_fut_1bps_15s_eth,z_queue_pressure_fut_1bps_15s,eth,S3,Normalization,s3_normalization,,15.0,Futures,3253.0,z_queue_pressure_fut_1bps_15s,False,False,True,spec,z_queue_pressure_1bps
z_queue_pressure_fut_1bps_60s_eth,z_queue_pressure_fut_1bps_60s,eth,S3,Normalization,s3_normalization,,60.0,Futures,3254.0,z_queue_pressure_fut_1bps_60s,False,False,True,spec,z_queue_pressure_1bps
z_queue_pressure_spot_1bps_15s_eth,z_queue_pressure_spot_1bps_15s,eth,S3,Normalization,s3_normalization,,15.0,Spot,3255.0,z_queue_pressure_spot_1bps_15s,False,False,True,spec,z_queue_pressure_1bps
z_queue_pressure_spot_1bps_60s_eth,z_queue_pressure_spot_1bps_60s,eth,S3,Normalization,s3_normalization,,60.0,Spot,3256.0,z_queue_pressure_spot_1bps_60s,False,False,True,spec,z_queue_pressure_1bps
z_refill_rate_fut_1bps_15s_eth,z_refill_rate_fut_1bps_15s,eth,S3,Normalization,s3_normalization,,15.0,Futures,3257.0,z_refill_rate_fut_1bps_15s,False,False,True,spec,z_refill_rate_1bps
z_refill_rate_fut_1bps_5s_eth,z_refill_rate_fut_1bps_5s,eth,S3,Normalization,s3_normalization,,5.0,Futures,3258.0,z_refill_rate_fut_1bps_5s,False,False,True,spec,z_refill_rate_1bps
vacuum_score_fut_1bps_5s_eth,vacuum_score_fut_1bps_5s,eth,S3,Meta,s3_meta,,,Futures,3194.0,vacuum_score_fut_1bps_5s,True,False,False,spec,vacuum_score_1bps
z_refill_rate_fut_2bps_15s_eth,z_refill_rate_fut_2bps_15s,eth,S3,Normalization,s3_normalization,,15.0,Futures,3259.0,z_refill_rate_fut_2bps_15s,False,False,True,spec,z_refill_rate_2bps
z_refill_rate_fut_2bps_60s_eth,z_refill_rate_fut_2bps_60s,eth,S3,Normalization,s3_normalization,,60.0,Futures,3260.0,z_refill_rate_fut_2bps_60s,False,False,True,spec,z_refill_rate_2bps
z_refill_rate_spot_1bps_15s_eth,z_refill_rate_spot_1bps_15s,eth,S3,Normalization,s3_normalization,,15.0,Spot,3261.0,z_refill_rate_spot_1bps_15s,False,False,True,spec,z_refill_rate_1bps
z_refill_rate_spot_1bps_5s_eth,z_refill_rate_spot_1bps_5s,eth,S3,Normalization,s3_normalization,,5.0,Spot,3262.0,z_refill_rate_spot_1bps_5s,False,False,True,spec,z_refill_rate_1bps
vacuum_score_spot_1bps_5s_eth,vacuum_score_spot_1bps_5s,eth,S3,Meta,s3_meta,,,Spot,3203.0,vacuum_score_spot_1bps_5s,True,False,False,spec,vacuum_score_1bps
z_refill_rate_spot_2bps_15s_eth,z_refill_rate_spot_2bps_15s,eth,S3,Normalization,s3_normalization,,15.0,Spot,3263.0,z_refill_rate_spot_2bps_15s,False,False,True,spec,z_refill_rate_2bps
z_refill_rate_spot_2bps_60s_eth,z_refill_rate_spot_2bps_60s,eth,S3,Normalization,s3_normalization,,60.0,Spot,3264.0,z_refill_rate_spot_2bps_60s,False,False,True,spec,z_refill_rate_2bps
z_refill_vs_pull_fut_1bps_15s_eth,z_refill_vs_pull_fut_1bps_15s,eth,S3,Normalization,s3_normalization,,15.0,Futures,3265.0,z_refill_vs_pull_fut_1bps_15s,False,False,True,spec,z_refill_vs_pull_1bps
z_refill_vs_pull_fut_2bps_60s_eth,z_refill_vs_pull_fut_2bps_60s,eth,S3,Normalization,s3_normalization,,60.0,Futures,3266.0,z_refill_vs_pull_fut_2bps_60s,False,False,True,spec,z_refill_vs_pull_2bps
z_refill_vs_pull_spot_1bps_15s_eth,z_refill_vs_pull_spot_1bps_15s,eth,S3,Normalization,s3_normalization,,15.0,Spot,3267.0,z_refill_vs_pull_spot_1bps_15s,False,False,True,spec,z_refill_vs_pull_1bps
z_refill_vs_pull_spot_2bps_60s_eth,z_refill_vs_pull_spot_2bps_60s,eth,S3,Normalization,s3_normalization,,60.0,Spot,3268.0,z_refill_vs_pull_spot_2bps_60s,False,False,True,spec,z_refill_vs_pull_2bps
z_taker_imbalance_fut_15s_eth,z_taker_imbalance_fut_15s,eth,S3,Normalization,s3_normalization,,15.0,Futures,3269.0,z_taker_imbalance_fut_15s,False,False,True,spec,z_taker_imbalance
z_taker_imbalance_fut_300s_eth,z_taker_imbalance_fut_300s,eth,S3,Normalization,s3_normalization,,300.0,Futures,3270.0,z_taker_imbalance_fut_300s,False,False,True,spec,z_taker_imbalance
z_taker_imbalance_fut_5s_eth,z_taker_imbalance_fut_5s,eth,S3,Normalization,s3_normalization,,5.0,Futures,3271.0,z_taker_imbalance_fut_5s,False,False,True,spec,z_taker_imbalance
z_taker_imbalance_fut_60s_eth,z_taker_imbalance_fut_60s,eth,S3,Normalization,s3_normalization,,60.0,Futures,3272.0,z_taker_imbalance_fut_60s,False,False,True,spec,z_taker_imbalance
z_taker_imbalance_fut_900s_eth,z_taker_imbalance_fut_900s,eth,S3,Normalization,s3_normalization,,900.0,Futures,3273.0,z_taker_imbalance_fut_900s,False,False,True,spec,z_taker_imbalance
z_taker_imbalance_spot_15s_eth,z_taker_imbalance_spot_15s,eth,S3,Normalization,s3_normalization,,15.0,Spot,3274.0,z_taker_imbalance_spot_15s,False,False,True,spec,z_taker_imbalance
z_taker_imbalance_spot_300s_eth,z_taker_imbalance_spot_300s,eth,S3,Normalization,s3_normalization,,300.0,Spot,3275.0,z_taker_imbalance_spot_300s,False,False,True,spec,z_taker_imbalance
z_taker_imbalance_spot_5s_eth,z_taker_imbalance_spot_5s,eth,S3,Normalization,s3_normalization,,5.0,Spot,3276.0,z_taker_imbalance_spot_5s,False,False,True,spec,z_taker_imbalance
z_taker_imbalance_spot_60s_eth,z_taker_imbalance_spot_60s,eth,S3,Normalization,s3_normalization,,60.0,Spot,3277.0,z_taker_imbalance_spot_60s,False,False,True,spec,z_taker_imbalance
z_taker_imbalance_spot_900s_eth,z_taker_imbalance_spot_900s,eth,S3,Normalization,s3_normalization,,900.0,Spot,3278.0,z_taker_imbalance_spot_900s,False,False,True,spec,z_taker_imbalance
z_trade_absorption_ratio_fut_1s_eth,z_trade_absorption_ratio_fut_1s,eth,S3,Normalization,s3_normalization,,5.0,Futures,3279.0,z_trade_absorption_ratio_fut_1s,False,False,True,spec,z_trade_absorption_ratio
z_trade_absorption_ratio_spot_1s_eth,z_trade_absorption_ratio_spot_1s,eth,S3,Normalization,s3_normalization,,5.0,Spot,3280.0,z_trade_absorption_ratio_spot_1s,False,False,True,spec,z_trade_absorption_ratio
z_flow_depth_align_fut_struct100_60s_eth,z_flow_depth_align_fut_struct100_60s,eth,S3,Normalization,s3_normalization,,60.0,Futures,3281.0,z_flow_depth_align_fut_struct100_60s,False,False,True,spec,z_flow_depth_align_struct100
z_flow_depth_align_fut_struct100_300s_eth,z_flow_depth_align_fut_struct100_300s,eth,S3,Normalization,s3_normalization,,300.0,Futures,3282.0,z_flow_depth_align_fut_struct100_300s,False,False,True,spec,z_flow_depth_align_struct100
z_flow_depth_align_spot_struct100_60s_eth,z_flow_depth_align_spot_struct100_60s,eth,S3,Normalization,s3_normalization,,60.0,Spot,3283.0,z_flow_depth_align_spot_struct100_60s,False,False,True,spec,z_flow_depth_align_struct100
z_flow_depth_align_spot_struct100_300s_eth,z_flow_depth_align_spot_struct100_300s,eth,S3,Normalization,s3_normalization,,300.0,Spot,3284.0,z_flow_depth_align_spot_struct100_300s,False,False,True,spec,z_flow_depth_align_struct100
net_add_fut_10bps_1s_eth,net_add_fut_10bps_1s,eth,S3,Pressure,s3_pressure,,1.0,Futures,3285.0,net_add_fut_10bps_1s,False,False,True,spec,net_add_10bps
net_add_fut_2bps_1s_eth,net_add_fut_2bps_1s,eth,S3,Pressure,s3_pressure,,1.0,Futures,3286.0,net_add_fut_2bps_1s,False,False,True,spec,net_add_2bps
net_add_fut_5bps_1s_eth,net_add_fut_5bps_1s,eth,S3,Pressure,s3_pressure,,1.0,Futures,3287.0,net_add_fut_5bps_1s,False,False,True,spec,net_add_5bps
net_add_fut_5bps_900s_eth,net_add_fut_5bps_900s,eth,S3,Pressure,s3_pressure,,900.0,Futures,3288.0,net_add_fut_5bps_900s,False,False,True,spec,net_add_5bps
net_add_pressure_fut_10bps_15s_eth,net_add_pressure_fut_10bps_15s,eth,S3,Pressure,s3_pressure,,15.0,Futures,3289.0,net_add_pressure_fut_10bps_15s,False,False,True,spec,net_add_pressure_10bps
net_add_pressure_fut_10bps_300s_eth,net_add_pressure_fut_10bps_300s,eth,S3,Pressure,s3_pressure,,300.0,Futures,3290.0,net_add_pressure_fut_10bps_300s,False,False,True,spec,net_add_pressure_10bps
net_add_pressure_fut_10bps_60s_eth,net_add_pressure_fut_10bps_60s,eth,S3,Pressure,s3_pressure,,60.0,Futures,3291.0,net_add_pressure_fut_10bps_60s,False,False,True,spec,net_add_pressure_10bps
net_add_pressure_fut_10bps_900s_eth,net_add_pressure_fut_10bps_900s,eth,S3,Pressure,s3_pressure,,900.0,Futures,3292.0,net_add_pressure_fut_10bps_900s,False,False,True,spec,net_add_pressure_10bps
net_add_pressure_fut_2bps_15s_eth,net_add_pressure_fut_2bps_15s,eth,S3,Pressure,s3_pressure,,15.0,Futures,3293.0,net_add_pressure_fut_2bps_15s,False,False,True,spec,net_add_pressure_2bps
net_add_pressure_fut_2bps_60s_eth,net_add_pressure_fut_2bps_60s,eth,S3,Pressure,s3_pressure,,60.0,Futures,3294.0,net_add_pressure_fut_2bps_60s,False,False,True,spec,net_add_pressure_2bps
net_add_pressure_fut_5bps_15s_eth,net_add_pressure_fut_5bps_15s,eth,S3,Pressure,s3_pressure,,15.0,Futures,3295.0,net_add_pressure_fut_5bps_15s,False,False,True,spec,net_add_pressure_5bps
net_add_pressure_fut_5bps_300s_eth,net_add_pressure_fut_5bps_300s,eth,S3,Pressure,s3_pressure,,300.0,Futures,3296.0,net_add_pressure_fut_5bps_300s,False,False,True,spec,net_add_pressure_5bps
net_add_pressure_fut_5bps_60s_eth,net_add_pressure_fut_5bps_60s,eth,S3,Pressure,s3_pressure,,60.0,Futures,3297.0,net_add_pressure_fut_5bps_60s,False,False,True,spec,net_add_pressure_5bps
net_add_pressure_spot_10bps_15s_eth,net_add_pressure_spot_10bps_15s,eth,S3,Pressure,s3_pressure,,15.0,Spot,3298.0,net_add_pressure_spot_10bps_15s,False,False,True,spec,net_add_pressure_10bps
net_add_pressure_spot_10bps_300s_eth,net_add_pressure_spot_10bps_300s,eth,S3,Pressure,s3_pressure,,300.0,Spot,3299.0,net_add_pressure_spot_10bps_300s,False,False,True,spec,net_add_pressure_10bps
net_add_pressure_spot_10bps_60s_eth,net_add_pressure_spot_10bps_60s,eth,S3,Pressure,s3_pressure,,60.0,Spot,3300.0,net_add_pressure_spot_10bps_60s,False,False,True,spec,net_add_pressure_10bps
net_add_pressure_spot_10bps_900s_eth,net_add_pressure_spot_10bps_900s,eth,S3,Pressure,s3_pressure,,900.0,Spot,3301.0,net_add_pressure_spot_10bps_900s,False,False,True,spec,net_add_pressure_10bps
net_add_pressure_spot_2bps_15s_eth,net_add_pressure_spot_2bps_15s,eth,S3,Pressure,s3_pressure,,15.0,Spot,3302.0,net_add_pressure_spot_2bps_15s,False,False,True,spec,net_add_pressure_2bps
net_add_pressure_spot_2bps_60s_eth,net_add_pressure_spot_2bps_60s,eth,S3,Pressure,s3_pressure,,60.0,Spot,3303.0,net_add_pressure_spot_2bps_60s,False,False,True,spec,net_add_pressure_2bps
net_add_pressure_spot_5bps_15s_eth,net_add_pressure_spot_5bps_15s,eth,S3,Pressure,s3_pressure,,15.0,Spot,3304.0,net_add_pressure_spot_5bps_15s,False,False,True,spec,net_add_pressure_5bps
net_add_pressure_spot_5bps_300s_eth,net_add_pressure_spot_5bps_300s,eth,S3,Pressure,s3_pressure,,300.0,Spot,3305.0,net_add_pressure_spot_5bps_300s,False,False,True,spec,net_add_pressure_5bps
net_add_pressure_spot_5bps_60s_eth,net_add_pressure_spot_5bps_60s,eth,S3,Pressure,s3_pressure,,60.0,Spot,3306.0,net_add_pressure_spot_5bps_60s,False,False,True,spec,net_add_pressure_5bps
net_add_spot_10bps_1s_eth,net_add_spot_10bps_1s,eth,S3,Pressure,s3_pressure,,1.0,Spot,3307.0,net_add_spot_10bps_1s,False,False,True,spec,net_add_10bps
net_add_spot_2bps_1s_eth,net_add_spot_2bps_1s,eth,S3,Pressure,s3_pressure,,1.0,Spot,3308.0,net_add_spot_2bps_1s,False,False,True,spec,net_add_2bps
net_add_spot_5bps_1s_eth,net_add_spot_5bps_1s,eth,S3,Pressure,s3_pressure,,1.0,Spot,3309.0,net_add_spot_5bps_1s,False,False,True,spec,net_add_5bps
net_add_spot_5bps_900s_eth,net_add_spot_5bps_900s,eth,S3,Pressure,s3_pressure,,900.0,Spot,3310.0,net_add_spot_5bps_900s,False,False,True,spec,net_add_5bps
net_cancel_fut_10bps_1s_eth,net_cancel_fut_10bps_1s,eth,S3,Pressure,s3_pressure,,1.0,Futures,3311.0,net_cancel_fut_10bps_1s,False,False,True,spec,net_cancel_10bps
net_cancel_fut_2bps_1s_eth,net_cancel_fut_2bps_1s,eth,S3,Pressure,s3_pressure,,1.0,Futures,3312.0,net_cancel_fut_2bps_1s,False,False,True,spec,net_cancel_2bps
net_cancel_fut_5bps_1s_eth,net_cancel_fut_5bps_1s,eth,S3,Pressure,s3_pressure,,1.0,Futures,3313.0,net_cancel_fut_5bps_1s,False,False,True,spec,net_cancel_5bps
net_cancel_fut_5bps_900s_eth,net_cancel_fut_5bps_900s,eth,S3,Pressure,s3_pressure,,900.0,Futures,3314.0,net_cancel_fut_5bps_900s,False,False,True,spec,net_cancel_5bps
net_cancel_pressure_fut_2bps_15s_eth,net_cancel_pressure_fut_2bps_15s,eth,S3,Pressure,s3_pressure,,15.0,Futures,3315.0,net_cancel_pressure_fut_2bps_15s,False,False,True,spec,net_cancel_pressure_2bps
net_cancel_pressure_fut_2bps_60s_eth,net_cancel_pressure_fut_2bps_60s,eth,S3,Pressure,s3_pressure,,60.0,Futures,3316.0,net_cancel_pressure_fut_2bps_60s,False,False,True,spec,net_cancel_pressure_2bps
net_cancel_pressure_fut_5bps_15s_eth,net_cancel_pressure_fut_5bps_15s,eth,S3,Pressure,s3_pressure,,15.0,Futures,3317.0,net_cancel_pressure_fut_5bps_15s,False,False,True,spec,net_cancel_pressure_5bps
net_cancel_pressure_fut_5bps_60s_eth,net_cancel_pressure_fut_5bps_60s,eth,S3,Pressure,s3_pressure,,60.0,Futures,3318.0,net_cancel_pressure_fut_5bps_60s,False,False,True,spec,net_cancel_pressure_5bps
net_cancel_pressure_spot_2bps_15s_eth,net_cancel_pressure_spot_2bps_15s,eth,S3,Pressure,s3_pressure,,15.0,Spot,3319.0,net_cancel_pressure_spot_2bps_15s,False,False,True,spec,net_cancel_pressure_2bps
net_cancel_pressure_spot_2bps_60s_eth,net_cancel_pressure_spot_2bps_60s,eth,S3,Pressure,s3_pressure,,60.0,Spot,3320.0,net_cancel_pressure_spot_2bps_60s,False,False,True,spec,net_cancel_pressure_2bps
net_cancel_pressure_spot_5bps_15s_eth,net_cancel_pressure_spot_5bps_15s,eth,S3,Pressure,s3_pressure,,15.0,Spot,3321.0,net_cancel_pressure_spot_5bps_15s,False,False,True,spec,net_cancel_pressure_5bps
net_cancel_pressure_spot_5bps_60s_eth,net_cancel_pressure_spot_5bps_60s,eth,S3,Pressure,s3_pressure,,60.0,Spot,3322.0,net_cancel_pressure_spot_5bps_60s,False,False,True,spec,net_cancel_pressure_5bps
net_cancel_spot_10bps_1s_eth,net_cancel_spot_10bps_1s,eth,S3,Pressure,s3_pressure,,1.0,Spot,3323.0,net_cancel_spot_10bps_1s,False,False,True,spec,net_cancel_10bps
net_cancel_spot_2bps_1s_eth,net_cancel_spot_2bps_1s,eth,S3,Pressure,s3_pressure,,1.0,Spot,3324.0,net_cancel_spot_2bps_1s,False,False,True,spec,net_cancel_2bps
net_cancel_spot_5bps_1s_eth,net_cancel_spot_5bps_1s,eth,S3,Pressure,s3_pressure,,1.0,Spot,3325.0,net_cancel_spot_5bps_1s,False,False,True,spec,net_cancel_5bps
net_cancel_spot_5bps_900s_eth,net_cancel_spot_5bps_900s,eth,S3,Pressure,s3_pressure,,900.0,Spot,3326.0,net_cancel_spot_5bps_900s,False,False,True,spec,net_cancel_5bps
net_pressure_fut_10bps_15s_eth,net_pressure_fut_10bps_15s,eth,S3,Pressure,s3_pressure,,15.0,Futures,3327.0,net_pressure_fut_10bps_15s,False,False,True,spec,net_pressure_10bps
net_pressure_fut_10bps_5s_eth,net_pressure_fut_10bps_5s,eth,S3,Pressure,s3_pressure,,5.0,Futures,3328.0,net_pressure_fut_10bps_5s,False,False,True,spec,net_pressure_10bps
net_pressure_fut_10bps_60s_eth,net_pressure_fut_10bps_60s,eth,S3,Pressure,s3_pressure,,60.0,Futures,3329.0,net_pressure_fut_10bps_60s,False,False,True,spec,net_pressure_10bps
net_pressure_fut_2bps_15s_eth,net_pressure_fut_2bps_15s,eth,S3,Pressure,s3_pressure,,15.0,Futures,3330.0,net_pressure_fut_2bps_15s,False,False,True,spec,net_pressure_2bps
net_pressure_fut_2bps_5s_eth,net_pressure_fut_2bps_5s,eth,S3,Pressure,s3_pressure,,5.0,Futures,3331.0,net_pressure_fut_2bps_5s,False,False,True,spec,net_pressure_2bps
net_pressure_fut_2bps_60s_eth,net_pressure_fut_2bps_60s,eth,S3,Pressure,s3_pressure,,60.0,Futures,3332.0,net_pressure_fut_2bps_60s,False,False,True,spec,net_pressure_2bps
net_pressure_fut_5bps_15s_eth,net_pressure_fut_5bps_15s,eth,S3,Pressure,s3_pressure,,15.0,Futures,3333.0,net_pressure_fut_5bps_15s,False,False,True,spec,net_pressure_5bps
net_pressure_fut_5bps_5s_eth,net_pressure_fut_5bps_5s,eth,S3,Pressure,s3_pressure,,5.0,Futures,3334.0,net_pressure_fut_5bps_5s,False,False,True,spec,net_pressure_5bps
net_pressure_fut_5bps_60s_eth,net_pressure_fut_5bps_60s,eth,S3,Pressure,s3_pressure,,60.0,Futures,3335.0,net_pressure_fut_5bps_60s,False,False,True,spec,net_pressure_5bps
net_pressure_logratio_2bps_5bps_fut_15s_eth,net_pressure_logratio_2bps_5bps_fut_15s,eth,S3,Pressure,s3_pressure,,15.0,Futures,3336.0,net_pressure_logratio_2bps_5bps_fut_15s,False,False,True,spec,net_pressure_logratio_2bps_5bps
net_pressure_logratio_2bps_5bps_fut_1s_eth,net_pressure_logratio_2bps_5bps_fut_1s,eth,S3,Pressure,s3_pressure,,1.0,Futures,3337.0,net_pressure_logratio_2bps_5bps_fut_1s,False,False,True,spec,net_pressure_logratio_2bps_5bps
net_pressure_logratio_2bps_5bps_fut_60s_eth,net_pressure_logratio_2bps_5bps_fut_60s,eth,S3,Pressure,s3_pressure,,60.0,Futures,3338.0,net_pressure_logratio_2bps_5bps_fut_60s,False,False,True,spec,net_pressure_logratio_2bps_5bps
net_pressure_logratio_2bps_5bps_spot_15s_eth,net_pressure_logratio_2bps_5bps_spot_15s,eth,S3,Pressure,s3_pressure,,15.0,Spot,3339.0,net_pressure_logratio_2bps_5bps_spot_15s,False,False,True,spec,net_pressure_logratio_2bps_5bps
net_pressure_logratio_2bps_5bps_spot_1s_eth,net_pressure_logratio_2bps_5bps_spot_1s,eth,S3,Pressure,s3_pressure,,1.0,Spot,3340.0,net_pressure_logratio_2bps_5bps_spot_1s,False,False,True,spec,net_pressure_logratio_2bps_5bps
net_pressure_logratio_2bps_5bps_spot_60s_eth,net_pressure_logratio_2bps_5bps_spot_60s,eth,S3,Pressure,s3_pressure,,60.0,Spot,3341.0,net_pressure_logratio_2bps_5bps_spot_60s,False,False,True,spec,net_pressure_logratio_2bps_5bps
net_pressure_logratio_5bps_10bps_fut_15s_eth,net_pressure_logratio_5bps_10bps_fut_15s,eth,S3,Pressure,s3_pressure,,15.0,Futures,3342.0,net_pressure_logratio_5bps_10bps_fut_15s,False,False,True,spec,net_pressure_logratio_5bps_10bps
net_pressure_logratio_5bps_10bps_fut_1s_eth,net_pressure_logratio_5bps_10bps_fut_1s,eth,S3,Pressure,s3_pressure,,1.0,Futures,3343.0,net_pressure_logratio_5bps_10bps_fut_1s,False,False,True,spec,net_pressure_logratio_5bps_10bps
net_pressure_logratio_5bps_10bps_fut_60s_eth,net_pressure_logratio_5bps_10bps_fut_60s,eth,S3,Pressure,s3_pressure,,60.0,Futures,3344.0,net_pressure_logratio_5bps_10bps_fut_60s,False,False,True,spec,net_pressure_logratio_5bps_10bps
net_pressure_logratio_5bps_10bps_spot_15s_eth,net_pressure_logratio_5bps_10bps_spot_15s,eth,S3,Pressure,s3_pressure,,15.0,Spot,3345.0,net_pressure_logratio_5bps_10bps_spot_15s,False,False,True,spec,net_pressure_logratio_5bps_10bps
net_pressure_logratio_5bps_10bps_spot_1s_eth,net_pressure_logratio_5bps_10bps_spot_1s,eth,S3,Pressure,s3_pressure,,1.0,Spot,3346.0,net_pressure_logratio_5bps_10bps_spot_1s,False,False,True,spec,net_pressure_logratio_5bps_10bps
net_pressure_logratio_5bps_10bps_spot_60s_eth,net_pressure_logratio_5bps_10bps_spot_60s,eth,S3,Pressure,s3_pressure,,60.0,Spot,3347.0,net_pressure_logratio_5bps_10bps_spot_60s,False,False,True,spec,net_pressure_logratio_5bps_10bps
net_pressure_spot_10bps_15s_eth,net_pressure_spot_10bps_15s,eth,S3,Pressure,s3_pressure,,15.0,Spot,3348.0,net_pressure_spot_10bps_15s,False,False,True,spec,net_pressure_10bps
net_pressure_spot_10bps_5s_eth,net_pressure_spot_10bps_5s,eth,S3,Pressure,s3_pressure,,5.0,Spot,3349.0,net_pressure_spot_10bps_5s,False,False,True,spec,net_pressure_10bps
net_pressure_spot_10bps_60s_eth,net_pressure_spot_10bps_60s,eth,S3,Pressure,s3_pressure,,60.0,Spot,3350.0,net_pressure_spot_10bps_60s,False,False,True,spec,net_pressure_10bps
net_pressure_spot_2bps_15s_eth,net_pressure_spot_2bps_15s,eth,S3,Pressure,s3_pressure,,15.0,Spot,3351.0,net_pressure_spot_2bps_15s,False,False,True,spec,net_pressure_2bps
net_pressure_spot_2bps_5s_eth,net_pressure_spot_2bps_5s,eth,S3,Pressure,s3_pressure,,5.0,Spot,3352.0,net_pressure_spot_2bps_5s,False,False,True,spec,net_pressure_2bps
net_pressure_spot_2bps_60s_eth,net_pressure_spot_2bps_60s,eth,S3,Pressure,s3_pressure,,60.0,Spot,3353.0,net_pressure_spot_2bps_60s,False,False,True,spec,net_pressure_2bps
net_pressure_spot_5bps_15s_eth,net_pressure_spot_5bps_15s,eth,S3,Pressure,s3_pressure,,15.0,Spot,3354.0,net_pressure_spot_5bps_15s,False,False,True,spec,net_pressure_5bps
net_pressure_spot_5bps_5s_eth,net_pressure_spot_5bps_5s,eth,S3,Pressure,s3_pressure,,5.0,Spot,3355.0,net_pressure_spot_5bps_5s,False,False,True,spec,net_pressure_5bps
net_pressure_spot_5bps_60s_eth,net_pressure_spot_5bps_60s,eth,S3,Pressure,s3_pressure,,60.0,Spot,3356.0,net_pressure_spot_5bps_60s,False,False,True,spec,net_pressure_5bps
ret_15s_eth,ret_15s,eth,S3,Returns,s3_returns,,15.0,Futures,3357.0,ret_15s,False,True,False,spec,ret
ret_60s_eth,ret_60s,eth,S3,Returns,s3_returns,,60.0,Futures,3358.0,ret_60s,False,True,False,spec,ret
depth_gradient_div_fut_minus_spot_struct100_300s_eth,depth_gradient_div_fut_minus_spot_struct100_300s,eth,S4,Cross-Market,s4_cross_market,,,Spot|Futures,4000.0,depth_gradient_div_fut_minus_spot_struct100_300s,False,False,True,spec,depth_gradient_div_minus_struct100
depth_gradient_div_fut_minus_spot_struct100_60s_eth,depth_gradient_div_fut_minus_spot_struct100_60s,eth,S4,Cross-Market,s4_cross_market,,,Spot|Futures,4001.0,depth_gradient_div_fut_minus_spot_struct100_60s,False,False,True,spec,depth_gradient_div_minus_struct100
depth_gradient_div_fut_minus_spot_struct100_900s_eth,depth_gradient_div_fut_minus_spot_struct100_900s,eth,S4,Cross-Market,s4_cross_market,,,Spot|Futures,4002.0,depth_gradient_div_fut_minus_spot_struct100_900s,False,False,True,spec,depth_gradient_div_minus_struct100
depth_gradient_div_fut_minus_spot_struct50_300s_eth,depth_gradient_div_fut_minus_spot_struct50_300s,eth,S4,Cross-Market,s4_cross_market,,,Spot|Futures,4003.0,depth_gradient_div_fut_minus_spot_struct50_300s,False,False,True,spec,depth_gradient_div_minus_struct50
depth_gradient_div_fut_minus_spot_struct50_60s_eth,depth_gradient_div_fut_minus_spot_struct50_60s,eth,S4,Cross-Market,s4_cross_market,,,Spot|Futures,4004.0,depth_gradient_div_fut_minus_spot_struct50_60s,False,False,True,spec,depth_gradient_div_minus_struct50
depth_gradient_div_fut_minus_spot_struct50_900s_eth,depth_gradient_div_fut_minus_spot_struct50_900s,eth,S4,Cross-Market,s4_cross_market,,,Spot|Futures,4005.0,depth_gradient_div_fut_minus_spot_struct50_900s,False,False,True,spec,depth_gradient_div_minus_struct50
liq_concentration_div_fut_minus_spot_struct100_300s_eth,liq_concentration_div_fut_minus_spot_struct100_300s,eth,S4,Cross-Market,s4_cross_market,,,Spot|Futures,4006.0,liq_concentration_div_fut_minus_spot_struct100_300s,False,False,True,spec,liq_concentration_div_minus_struct100
liq_concentration_div_fut_minus_spot_struct100_60s_eth,liq_concentration_div_fut_minus_spot_struct100_60s,eth,S4,Cross-Market,s4_cross_market,,,Spot|Futures,4007.0,liq_concentration_div_fut_minus_spot_struct100_60s,False,False,True,spec,liq_concentration_div_minus_struct100
liq_concentration_div_fut_minus_spot_struct100_900s_eth,liq_concentration_div_fut_minus_spot_struct100_900s,eth,S4,Cross-Market,s4_cross_market,,,Spot|Futures,4008.0,liq_concentration_div_fut_minus_spot_struct100_900s,False,False,True,spec,liq_concentration_div_minus_struct100
liq_concentration_div_fut_minus_spot_struct50_300s_eth,liq_concentration_div_fut_minus_spot_struct50_300s,eth,S4,Cross-Market,s4_cross_market,,,Spot|Futures,4009.0,liq_concentration_div_fut_minus_spot_struct50_300s,False,False,True,spec,liq_concentration_div_minus_struct50
liq_concentration_div_fut_minus_spot_struct50_60s_eth,liq_concentration_div_fut_minus_spot_struct50_60s,eth,S4,Cross-Market,s4_cross_market,,,Spot|Futures,4010.0,liq_concentration_div_fut_minus_spot_struct50_60s,False,False,True,spec,liq_concentration_div_minus_struct50
liq_concentration_div_fut_minus_spot_struct50_900s_eth,liq_concentration_div_fut_minus_spot_struct50_900s,eth,S4,Cross-Market,s4_cross_market,,,Spot|Futures,4011.0,liq_concentration_div_fut_minus_spot_struct50_900s,False,False,True,spec,liq_concentration_div_minus_struct50
net_add_sf_5bps_900s_eth,net_add_sf_5bps_900s,eth,S4,Cross-Market,s4_cross_market,,,Spot|Futures,4012.0,net_add_sf_5bps_900s,False,False,True,spec,net_add_sf_5bps
net_cancel_sf_5bps_900s_eth,net_cancel_sf_5bps_900s,eth,S4,Cross-Market,s4_cross_market,,,Spot|Futures,4013.0,net_cancel_sf_5bps_900s,False,False,True,spec,net_cancel_sf_5bps
d1_net_pressure_fut_10bps_15s_eth,d1_net_pressure_fut_10bps_15s,eth,S4,Dynamics,s4_dynamics,,,Futures,4016.0,d1_net_pressure_fut_10bps_15s,False,False,True,spec,d1_net_pressure_10bps
d1_net_pressure_fut_10bps_5s_eth,d1_net_pressure_fut_10bps_5s,eth,S4,Dynamics,s4_dynamics,,,Futures,4017.0,d1_net_pressure_fut_10bps_5s,False,False,True,spec,d1_net_pressure_10bps
d1_net_pressure_fut_2bps_15s_eth,d1_net_pressure_fut_2bps_15s,eth,S4,Dynamics,s4_dynamics,,,Futures,4018.0,d1_net_pressure_fut_2bps_15s,False,False,True,spec,d1_net_pressure_2bps
d1_net_pressure_fut_2bps_5s_eth,d1_net_pressure_fut_2bps_5s,eth,S4,Dynamics,s4_dynamics,,,Futures,4019.0,d1_net_pressure_fut_2bps_5s,False,False,True,spec,d1_net_pressure_2bps
d1_net_pressure_fut_5bps_15s_eth,d1_net_pressure_fut_5bps_15s,eth,S4,Dynamics,s4_dynamics,,,Futures,4020.0,d1_net_pressure_fut_5bps_15s,False,False,True,spec,d1_net_pressure_5bps
d1_net_pressure_fut_5bps_5s_eth,d1_net_pressure_fut_5bps_5s,eth,S4,Dynamics,s4_dynamics,,,Futures,4021.0,d1_net_pressure_fut_5bps_5s,False,False,True,spec,d1_net_pressure_5bps
d1_net_pressure_spot_10bps_15s_eth,d1_net_pressure_spot_10bps_15s,eth,S4,Dynamics,s4_dynamics,,,Spot,4022.0,d1_net_pressure_spot_10bps_15s,False,False,True,spec,d1_net_pressure_10bps
d1_net_pressure_spot_10bps_5s_eth,d1_net_pressure_spot_10bps_5s,eth,S4,Dynamics,s4_dynamics,,,Spot,4023.0,d1_net_pressure_spot_10bps_5s,False,False,True,spec,d1_net_pressure_10bps
d1_net_pressure_spot_2bps_15s_eth,d1_net_pressure_spot_2bps_15s,eth,S4,Dynamics,s4_dynamics,,,Spot,4024.0,d1_net_pressure_spot_2bps_15s,False,False,True,spec,d1_net_pressure_2bps
d1_net_pressure_spot_2bps_5s_eth,d1_net_pressure_spot_2bps_5s,eth,S4,Dynamics,s4_dynamics,,,Spot,4025.0,d1_net_pressure_spot_2bps_5s,False,False,True,spec,d1_net_pressure_2bps
d1_net_pressure_spot_5bps_15s_eth,d1_net_pressure_spot_5bps_15s,eth,S4,Dynamics,s4_dynamics,,,Spot,4026.0,d1_net_pressure_spot_5bps_15s,False,False,True,spec,d1_net_pressure_5bps
d1_net_pressure_spot_5bps_5s_eth,d1_net_pressure_spot_5bps_5s,eth,S4,Dynamics,s4_dynamics,,,Spot,4027.0,d1_net_pressure_spot_5bps_5s,False,False,True,spec,d1_net_pressure_5bps
d2_net_pressure_fut_10bps_15s_eth,d2_net_pressure_fut_10bps_15s,eth,S4,Dynamics,s4_dynamics,,,Futures,4028.0,d2_net_pressure_fut_10bps_15s,False,False,True,spec,d2_net_pressure_10bps
d2_net_pressure_fut_10bps_5s_eth,d2_net_pressure_fut_10bps_5s,eth,S4,Dynamics,s4_dynamics,,,Futures,4029.0,d2_net_pressure_fut_10bps_5s,False,False,True,spec,d2_net_pressure_10bps
d2_net_pressure_fut_2bps_15s_eth,d2_net_pressure_fut_2bps_15s,eth,S4,Dynamics,s4_dynamics,,,Futures,4030.0,d2_net_pressure_fut_2bps_15s,False,False,True,spec,d2_net_pressure_2bps
d2_net_pressure_fut_2bps_5s_eth,d2_net_pressure_fut_2bps_5s,eth,S4,Dynamics,s4_dynamics,,,Futures,4031.0,d2_net_pressure_fut_2bps_5s,False,False,True,spec,d2_net_pressure_2bps
d2_net_pressure_fut_5bps_15s_eth,d2_net_pressure_fut_5bps_15s,eth,S4,Dynamics,s4_dynamics,,,Futures,4032.0,d2_net_pressure_fut_5bps_15s,False,False,True,spec,d2_net_pressure_5bps
d2_net_pressure_fut_5bps_5s_eth,d2_net_pressure_fut_5bps_5s,eth,S4,Dynamics,s4_dynamics,,,Futures,4033.0,d2_net_pressure_fut_5bps_5s,False,False,True,spec,d2_net_pressure_5bps
d2_net_pressure_spot_10bps_15s_eth,d2_net_pressure_spot_10bps_15s,eth,S4,Dynamics,s4_dynamics,,,Spot,4034.0,d2_net_pressure_spot_10bps_15s,False,False,True,spec,d2_net_pressure_10bps
d2_net_pressure_spot_10bps_5s_eth,d2_net_pressure_spot_10bps_5s,eth,S4,Dynamics,s4_dynamics,,,Spot,4035.0,d2_net_pressure_spot_10bps_5s,False,False,True,spec,d2_net_pressure_10bps
d2_net_pressure_spot_2bps_15s_eth,d2_net_pressure_spot_2bps_15s,eth,S4,Dynamics,s4_dynamics,,,Spot,4036.0,d2_net_pressure_spot_2bps_15s,False,False,True,spec,d2_net_pressure_2bps
d2_net_pressure_spot_2bps_5s_eth,d2_net_pressure_spot_2bps_5s,eth,S4,Dynamics,s4_dynamics,,,Spot,4037.0,d2_net_pressure_spot_2bps_5s,False,False,True,spec,d2_net_pressure_2bps
d2_net_pressure_spot_5bps_15s_eth,d2_net_pressure_spot_5bps_15s,eth,S4,Dynamics,s4_dynamics,,,Spot,4038.0,d2_net_pressure_spot_5bps_15s,False,False,True,spec,d2_net_pressure_5bps
d2_net_pressure_spot_5bps_5s_eth,d2_net_pressure_spot_5bps_5s,eth,S4,Dynamics,s4_dynamics,,,Spot,4039.0,d2_net_pressure_spot_5bps_5s,False,False,True,spec,d2_net_pressure_5bps
median_absorption_break_fut_60s_eth,median_absorption_break_fut_60s,eth,S4,Dynamics,s4_dynamics,,60.0,Futures,4072.0,median_absorption_break_fut_60s,False,False,True,spec,median_absorption_break
mad_absorption_break_fut_60s_eth,mad_absorption_break_fut_60s,eth,S4,Dynamics,s4_dynamics,,60.0,Futures,4040.0,mad_absorption_break_fut_60s,False,False,True,spec,mad_absorption_break
absorption_break_shock_fut_60s_eth,absorption_break_shock_fut_60s,eth,S4,Dynamics,s4_dynamics,,,Futures,4014.0,absorption_break_shock_fut_60s,False,False,True,spec,absorption_break_shock
median_absorption_break_spot_60s_eth,median_absorption_break_spot_60s,eth,S4,Dynamics,s4_dynamics,,60.0,Spot,4073.0,median_absorption_break_spot_60s,False,False,True,spec,median_absorption_break
mad_absorption_break_spot_60s_eth,mad_absorption_break_spot_60s,eth,S4,Dynamics,s4_dynamics,,60.0,Spot,4041.0,mad_absorption_break_spot_60s,False,False,True,spec,mad_absorption_break
absorption_break_shock_spot_60s_eth,absorption_break_shock_spot_60s,eth,S4,Dynamics,s4_dynamics,,,Spot,4015.0,absorption_break_shock_spot_60s,False,False,True,spec,absorption_break_shock
median_net_pressure_fut_10bps_15s_eth,median_net_pressure_fut_10bps_15s,eth,S4,Dynamics,s4_dynamics,,15.0,Futures,4074.0,median_net_pressure_fut_10bps_15s,False,False,True,spec,median_net_pressure_10bps
mad_net_pressure_fut_10bps_15s_eth,mad_net_pressure_fut_10bps_15s,eth,S4,Dynamics,s4_dynamics,,15.0,Futures,4042.0,mad_net_pressure_fut_10bps_15s,False,False,True,spec,mad_net_pressure_10bps
median_net_pressure_fut_10bps_5s_eth,median_net_pressure_fut_10bps_5s,eth,S4,Dynamics,s4_dynamics,,5.0,Futures,4075.0,median_net_pressure_fut_10bps_5s,False,False,True,spec,median_net_pressure_10bps
mad_net_pressure_fut_10bps_5s_eth,mad_net_pressure_fut_10bps_5s,eth,S4,Dynamics,s4_dynamics,,5.0,Futures,4043.0,mad_net_pressure_fut_10bps_5s,False,False,True,spec,mad_net_pressure_10bps
median_net_pressure_fut_10bps_60s_eth,median_net_pressure_fut_10bps_60s,eth,S4,Dynamics,s4_dynamics,,60.0,Futures,4076.0,median_net_pressure_fut_10bps_60s,False,False,True,spec,median_net_pressure_10bps
mad_net_pressure_fut_10bps_60s_eth,mad_net_pressure_fut_10bps_60s,eth,S4,Dynamics,s4_dynamics,,60.0,Futures,4044.0,mad_net_pressure_fut_10bps_60s,False,False,True,spec,mad_net_pressure_10bps
median_net_pressure_fut_2bps_15s_eth,median_net_pressure_fut_2bps_15s,eth,S4,Dynamics,s4_dynamics,,15.0,Futures,4077.0,median_net_pressure_fut_2bps_15s,False,False,True,spec,median_net_pressure_2bps
mad_net_pressure_fut_2bps_15s_eth,mad_net_pressure_fut_2bps_15s,eth,S4,Dynamics,s4_dynamics,,15.0,Futures,4045.0,mad_net_pressure_fut_2bps_15s,False,False,True,spec,mad_net_pressure_2bps
median_net_pressure_fut_2bps_5s_eth,median_net_pressure_fut_2bps_5s,eth,S4,Dynamics,s4_dynamics,,5.0,Futures,4078.0,median_net_pressure_fut_2bps_5s,False,False,True,spec,median_net_pressure_2bps
mad_net_pressure_fut_2bps_5s_eth,mad_net_pressure_fut_2bps_5s,eth,S4,Dynamics,s4_dynamics,,5.0,Futures,4046.0,mad_net_pressure_fut_2bps_5s,False,False,True,spec,mad_net_pressure_2bps
median_net_pressure_fut_2bps_60s_eth,median_net_pressure_fut_2bps_60s,eth,S4,Dynamics,s4_dynamics,,60.0,Futures,4079.0,median_net_pressure_fut_2bps_60s,False,False,True,spec,median_net_pressure_2bps
mad_net_pressure_fut_2bps_60s_eth,mad_net_pressure_fut_2bps_60s,eth,S4,Dynamics,s4_dynamics,,60.0,Futures,4047.0,mad_net_pressure_fut_2bps_60s,False,False,True,spec,mad_net_pressure_2bps
median_net_pressure_fut_5bps_15s_eth,median_net_pressure_fut_5bps_15s,eth,S4,Dynamics,s4_dynamics,,15.0,Futures,4080.0,median_net_pressure_fut_5bps_15s,False,False,True,spec,median_net_pressure_5bps
mad_net_pressure_fut_5bps_15s_eth,mad_net_pressure_fut_5bps_15s,eth,S4,Dynamics,s4_dynamics,,15.0,Futures,4048.0,mad_net_pressure_fut_5bps_15s,False,False,True,spec,mad_net_pressure_5bps
median_net_pressure_fut_5bps_5s_eth,median_net_pressure_fut_5bps_5s,eth,S4,Dynamics,s4_dynamics,,5.0,Futures,4081.0,median_net_pressure_fut_5bps_5s,False,False,True,spec,median_net_pressure_5bps
mad_net_pressure_fut_5bps_5s_eth,mad_net_pressure_fut_5bps_5s,eth,S4,Dynamics,s4_dynamics,,5.0,Futures,4049.0,mad_net_pressure_fut_5bps_5s,False,False,True,spec,mad_net_pressure_5bps
median_net_pressure_fut_5bps_60s_eth,median_net_pressure_fut_5bps_60s,eth,S4,Dynamics,s4_dynamics,,60.0,Futures,4082.0,median_net_pressure_fut_5bps_60s,False,False,True,spec,median_net_pressure_5bps
mad_net_pressure_fut_5bps_60s_eth,mad_net_pressure_fut_5bps_60s,eth,S4,Dynamics,s4_dynamics,,60.0,Futures,4050.0,mad_net_pressure_fut_5bps_60s,False,False,True,spec,mad_net_pressure_5bps
median_net_pressure_spot_10bps_15s_eth,median_net_pressure_spot_10bps_15s,eth,S4,Dynamics,s4_dynamics,,15.0,Spot,4083.0,median_net_pressure_spot_10bps_15s,False,False,True,spec,median_net_pressure_10bps
mad_net_pressure_spot_10bps_15s_eth,mad_net_pressure_spot_10bps_15s,eth,S4,Dynamics,s4_dynamics,,15.0,Spot,4051.0,mad_net_pressure_spot_10bps_15s,False,False,True,spec,mad_net_pressure_10bps
median_net_pressure_spot_10bps_5s_eth,median_net_pressure_spot_10bps_5s,eth,S4,Dynamics,s4_dynamics,,5.0,Spot,4084.0,median_net_pressure_spot_10bps_5s,False,False,True,spec,median_net_pressure_10bps
mad_net_pressure_spot_10bps_5s_eth,mad_net_pressure_spot_10bps_5s,eth,S4,Dynamics,s4_dynamics,,5.0,Spot,4052.0,mad_net_pressure_spot_10bps_5s,False,False,True,spec,mad_net_pressure_10bps
median_net_pressure_spot_10bps_60s_eth,median_net_pressure_spot_10bps_60s,eth,S4,Dynamics,s4_dynamics,,60.0,Spot,4085.0,median_net_pressure_spot_10bps_60s,False,False,True,spec,median_net_pressure_10bps
mad_net_pressure_spot_10bps_60s_eth,mad_net_pressure_spot_10bps_60s,eth,S4,Dynamics,s4_dynamics,,60.0,Spot,4053.0,mad_net_pressure_spot_10bps_60s,False,False,True,spec,mad_net_pressure_10bps
median_net_pressure_spot_2bps_15s_eth,median_net_pressure_spot_2bps_15s,eth,S4,Dynamics,s4_dynamics,,15.0,Spot,4086.0,median_net_pressure_spot_2bps_15s,False,False,True,spec,median_net_pressure_2bps
mad_net_pressure_spot_2bps_15s_eth,mad_net_pressure_spot_2bps_15s,eth,S4,Dynamics,s4_dynamics,,15.0,Spot,4054.0,mad_net_pressure_spot_2bps_15s,False,False,True,spec,mad_net_pressure_2bps
median_net_pressure_spot_2bps_5s_eth,median_net_pressure_spot_2bps_5s,eth,S4,Dynamics,s4_dynamics,,5.0,Spot,4087.0,median_net_pressure_spot_2bps_5s,False,False,True,spec,median_net_pressure_2bps
mad_net_pressure_spot_2bps_5s_eth,mad_net_pressure_spot_2bps_5s,eth,S4,Dynamics,s4_dynamics,,5.0,Spot,4055.0,mad_net_pressure_spot_2bps_5s,False,False,True,spec,mad_net_pressure_2bps
median_net_pressure_spot_2bps_60s_eth,median_net_pressure_spot_2bps_60s,eth,S4,Dynamics,s4_dynamics,,60.0,Spot,4088.0,median_net_pressure_spot_2bps_60s,False,False,True,spec,median_net_pressure_2bps
mad_net_pressure_spot_2bps_60s_eth,mad_net_pressure_spot_2bps_60s,eth,S4,Dynamics,s4_dynamics,,60.0,Spot,4056.0,mad_net_pressure_spot_2bps_60s,False,False,True,spec,mad_net_pressure_2bps
median_net_pressure_spot_5bps_15s_eth,median_net_pressure_spot_5bps_15s,eth,S4,Dynamics,s4_dynamics,,15.0,Spot,4089.0,median_net_pressure_spot_5bps_15s,False,False,True,spec,median_net_pressure_5bps
mad_net_pressure_spot_5bps_15s_eth,mad_net_pressure_spot_5bps_15s,eth,S4,Dynamics,s4_dynamics,,15.0,Spot,4057.0,mad_net_pressure_spot_5bps_15s,False,False,True,spec,mad_net_pressure_5bps
median_net_pressure_spot_5bps_5s_eth,median_net_pressure_spot_5bps_5s,eth,S4,Dynamics,s4_dynamics,,5.0,Spot,4090.0,median_net_pressure_spot_5bps_5s,False,False,True,spec,median_net_pressure_5bps
mad_net_pressure_spot_5bps_5s_eth,mad_net_pressure_spot_5bps_5s,eth,S4,Dynamics,s4_dynamics,,5.0,Spot,4058.0,mad_net_pressure_spot_5bps_5s,False,False,True,spec,mad_net_pressure_5bps
median_net_pressure_spot_5bps_60s_eth,median_net_pressure_spot_5bps_60s,eth,S4,Dynamics,s4_dynamics,,60.0,Spot,4091.0,median_net_pressure_spot_5bps_60s,False,False,True,spec,median_net_pressure_5bps
mad_net_pressure_spot_5bps_60s_eth,mad_net_pressure_spot_5bps_60s,eth,S4,Dynamics,s4_dynamics,,60.0,Spot,4059.0,mad_net_pressure_spot_5bps_60s,False,False,True,spec,mad_net_pressure_5bps
median_vacuum_score_fut_10bps_15s_eth,median_vacuum_score_fut_10bps_15s,eth,S4,Dynamics,s4_dynamics,,15.0,Futures,4092.0,median_vacuum_score_fut_10bps_15s,False,False,True,spec,median_vacuum_score_10bps
mad_vacuum_score_fut_10bps_15s_eth,mad_vacuum_score_fut_10bps_15s,eth,S4,Dynamics,s4_dynamics,,15.0,Futures,4060.0,mad_vacuum_score_fut_10bps_15s,False,False,True,spec,mad_vacuum_score_10bps
median_vacuum_score_fut_10bps_5s_eth,median_vacuum_score_fut_10bps_5s,eth,S4,Dynamics,s4_dynamics,,5.0,Futures,4093.0,median_vacuum_score_fut_10bps_5s,False,False,True,spec,median_vacuum_score_10bps
mad_vacuum_score_fut_10bps_5s_eth,mad_vacuum_score_fut_10bps_5s,eth,S4,Dynamics,s4_dynamics,,5.0,Futures,4061.0,mad_vacuum_score_fut_10bps_5s,False,False,True,spec,mad_vacuum_score_10bps
median_vacuum_score_fut_10bps_60s_eth,median_vacuum_score_fut_10bps_60s,eth,S4,Dynamics,s4_dynamics,,60.0,Futures,4094.0,median_vacuum_score_fut_10bps_60s,False,False,True,spec,median_vacuum_score_10bps
mad_vacuum_score_fut_10bps_60s_eth,mad_vacuum_score_fut_10bps_60s,eth,S4,Dynamics,s4_dynamics,,60.0,Futures,4062.0,mad_vacuum_score_fut_10bps_60s,False,False,True,spec,mad_vacuum_score_10bps
median_vacuum_score_fut_5bps_15s_eth,median_vacuum_score_fut_5bps_15s,eth,S4,Dynamics,s4_dynamics,,15.0,Futures,4095.0,median_vacuum_score_fut_5bps_15s,False,False,True,spec,median_vacuum_score_5bps
mad_vacuum_score_fut_5bps_15s_eth,mad_vacuum_score_fut_5bps_15s,eth,S4,Dynamics,s4_dynamics,,15.0,Futures,4063.0,mad_vacuum_score_fut_5bps_15s,False,False,True,spec,mad_vacuum_score_5bps
median_vacuum_score_fut_5bps_5s_eth,median_vacuum_score_fut_5bps_5s,eth,S4,Dynamics,s4_dynamics,,5.0,Futures,4096.0,median_vacuum_score_fut_5bps_5s,False,False,True,spec,median_vacuum_score_5bps
mad_vacuum_score_fut_5bps_5s_eth,mad_vacuum_score_fut_5bps_5s,eth,S4,Dynamics,s4_dynamics,,5.0,Futures,4064.0,mad_vacuum_score_fut_5bps_5s,False,False,True,spec,mad_vacuum_score_5bps
median_vacuum_score_fut_5bps_60s_eth,median_vacuum_score_fut_5bps_60s,eth,S4,Dynamics,s4_dynamics,,60.0,Futures,4097.0,median_vacuum_score_fut_5bps_60s,False,False,True,spec,median_vacuum_score_5bps
mad_vacuum_score_fut_5bps_60s_eth,mad_vacuum_score_fut_5bps_60s,eth,S4,Dynamics,s4_dynamics,,60.0,Futures,4065.0,mad_vacuum_score_fut_5bps_60s,False,False,True,spec,mad_vacuum_score_5bps
median_vacuum_score_spot_10bps_15s_eth,median_vacuum_score_spot_10bps_15s,eth,S4,Dynamics,s4_dynamics,,15.0,Spot,4098.0,median_vacuum_score_spot_10bps_15s,False,False,True,spec,median_vacuum_score_10bps
mad_vacuum_score_spot_10bps_15s_eth,mad_vacuum_score_spot_10bps_15s,eth,S4,Dynamics,s4_dynamics,,15.0,Spot,4066.0,mad_vacuum_score_spot_10bps_15s,False,False,True,spec,mad_vacuum_score_10bps
median_vacuum_score_spot_10bps_5s_eth,median_vacuum_score_spot_10bps_5s,eth,S4,Dynamics,s4_dynamics,,5.0,Spot,4099.0,median_vacuum_score_spot_10bps_5s,False,False,True,spec,median_vacuum_score_10bps
mad_vacuum_score_spot_10bps_5s_eth,mad_vacuum_score_spot_10bps_5s,eth,S4,Dynamics,s4_dynamics,,5.0,Spot,4067.0,mad_vacuum_score_spot_10bps_5s,False,False,True,spec,mad_vacuum_score_10bps
median_vacuum_score_spot_10bps_60s_eth,median_vacuum_score_spot_10bps_60s,eth,S4,Dynamics,s4_dynamics,,60.0,Spot,4100.0,median_vacuum_score_spot_10bps_60s,False,False,True,spec,median_vacuum_score_10bps
mad_vacuum_score_spot_10bps_60s_eth,mad_vacuum_score_spot_10bps_60s,eth,S4,Dynamics,s4_dynamics,,60.0,Spot,4068.0,mad_vacuum_score_spot_10bps_60s,False,False,True,spec,mad_vacuum_score_10bps
median_vacuum_score_spot_5bps_15s_eth,median_vacuum_score_spot_5bps_15s,eth,S4,Dynamics,s4_dynamics,,15.0,Spot,4101.0,median_vacuum_score_spot_5bps_15s,False,False,True,spec,median_vacuum_score_5bps
mad_vacuum_score_spot_5bps_15s_eth,mad_vacuum_score_spot_5bps_15s,eth,S4,Dynamics,s4_dynamics,,15.0,Spot,4069.0,mad_vacuum_score_spot_5bps_15s,False,False,True,spec,mad_vacuum_score_5bps
median_vacuum_score_spot_5bps_5s_eth,median_vacuum_score_spot_5bps_5s,eth,S4,Dynamics,s4_dynamics,,5.0,Spot,4102.0,median_vacuum_score_spot_5bps_5s,False,False,True,spec,median_vacuum_score_5bps
mad_vacuum_score_spot_5bps_5s_eth,mad_vacuum_score_spot_5bps_5s,eth,S4,Dynamics,s4_dynamics,,5.0,Spot,4070.0,mad_vacuum_score_spot_5bps_5s,False,False,True,spec,mad_vacuum_score_5bps
median_vacuum_score_spot_5bps_60s_eth,median_vacuum_score_spot_5bps_60s,eth,S4,Dynamics,s4_dynamics,,60.0,Spot,4103.0,median_vacuum_score_spot_5bps_60s,False,False,True,spec,median_vacuum_score_5bps
mad_vacuum_score_spot_5bps_60s_eth,mad_vacuum_score_spot_5bps_60s,eth,S4,Dynamics,s4_dynamics,,60.0,Spot,4071.0,mad_vacuum_score_spot_5bps_60s,False,False,True,spec,mad_vacuum_score_5bps
net_pressure_flip_rate_fut_10bps_60s_eth,net_pressure_flip_rate_fut_10bps_60s,eth,S4,Dynamics,s4_dynamics,,60.0,Futures,4104.0,net_pressure_flip_rate_fut_10bps_60s,False,False,True,spec,net_pressure_flip_rate_10bps
net_pressure_flip_rate_fut_5bps_60s_eth,net_pressure_flip_rate_fut_5bps_60s,eth,S4,Dynamics,s4_dynamics,,60.0,Futures,4105.0,net_pressure_flip_rate_fut_5bps_60s,False,False,True,spec,net_pressure_flip_rate_5bps
net_pressure_flip_rate_spot_10bps_60s_eth,net_pressure_flip_rate_spot_10bps_60s,eth,S4,Dynamics,s4_dynamics,,60.0,Spot,4106.0,net_pressure_flip_rate_spot_10bps_60s,False,False,True,spec,net_pressure_flip_rate_10bps
net_pressure_flip_rate_spot_5bps_60s_eth,net_pressure_flip_rate_spot_5bps_60s,eth,S4,Dynamics,s4_dynamics,,60.0,Spot,4107.0,net_pressure_flip_rate_spot_5bps_60s,False,False,True,spec,net_pressure_flip_rate_5bps
net_pressure_persist_fut_10bps_60s_eth,net_pressure_persist_fut_10bps_60s,eth,S4,Dynamics,s4_dynamics,,60.0,Futures,4108.0,net_pressure_persist_fut_10bps_60s,False,False,True,spec,net_pressure_persist_10bps
net_pressure_persist_fut_5bps_60s_eth,net_pressure_persist_fut_5bps_60s,eth,S4,Dynamics,s4_dynamics,,60.0,Futures,4109.0,net_pressure_persist_fut_5bps_60s,False,False,True,spec,net_pressure_persist_5bps
net_pressure_persist_spot_10bps_60s_eth,net_pressure_persist_spot_10bps_60s,eth,S4,Dynamics,s4_dynamics,,60.0,Spot,4110.0,net_pressure_persist_spot_10bps_60s,False,False,True,spec,net_pressure_persist_10bps
net_pressure_persist_spot_5bps_60s_eth,net_pressure_persist_spot_5bps_60s,eth,S4,Dynamics,s4_dynamics,,60.0,Spot,4111.0,net_pressure_persist_spot_5bps_60s,False,False,True,spec,net_pressure_persist_5bps
net_pressure_shock_fut_10bps_15s_eth,net_pressure_shock_fut_10bps_15s,eth,S4,Dynamics,s4_dynamics,,,Futures,4112.0,net_pressure_shock_fut_10bps_15s,False,False,True,spec,net_pressure_shock_10bps
net_pressure_shock_fut_10bps_5s_eth,net_pressure_shock_fut_10bps_5s,eth,S4,Dynamics,s4_dynamics,,,Futures,4113.0,net_pressure_shock_fut_10bps_5s,False,False,True,spec,net_pressure_shock_10bps
net_pressure_shock_fut_10bps_60s_eth,net_pressure_shock_fut_10bps_60s,eth,S4,Dynamics,s4_dynamics,,,Futures,4114.0,net_pressure_shock_fut_10bps_60s,False,False,True,spec,net_pressure_shock_10bps
net_pressure_shock_fut_2bps_15s_eth,net_pressure_shock_fut_2bps_15s,eth,S4,Dynamics,s4_dynamics,,,Futures,4115.0,net_pressure_shock_fut_2bps_15s,False,False,True,spec,net_pressure_shock_2bps
net_pressure_shock_fut_2bps_5s_eth,net_pressure_shock_fut_2bps_5s,eth,S4,Dynamics,s4_dynamics,,,Futures,4116.0,net_pressure_shock_fut_2bps_5s,False,False,True,spec,net_pressure_shock_2bps
net_pressure_shock_fut_2bps_60s_eth,net_pressure_shock_fut_2bps_60s,eth,S4,Dynamics,s4_dynamics,,,Futures,4117.0,net_pressure_shock_fut_2bps_60s,False,False,True,spec,net_pressure_shock_2bps
net_pressure_shock_fut_5bps_15s_eth,net_pressure_shock_fut_5bps_15s,eth,S4,Dynamics,s4_dynamics,,,Futures,4118.0,net_pressure_shock_fut_5bps_15s,False,False,True,spec,net_pressure_shock_5bps
net_pressure_shock_fut_5bps_5s_eth,net_pressure_shock_fut_5bps_5s,eth,S4,Dynamics,s4_dynamics,,,Futures,4119.0,net_pressure_shock_fut_5bps_5s,False,False,True,spec,net_pressure_shock_5bps
net_pressure_shock_fut_5bps_60s_eth,net_pressure_shock_fut_5bps_60s,eth,S4,Dynamics,s4_dynamics,,,Futures,4120.0,net_pressure_shock_fut_5bps_60s,False,False,True,spec,net_pressure_shock_5bps
net_pressure_shock_spot_10bps_15s_eth,net_pressure_shock_spot_10bps_15s,eth,S4,Dynamics,s4_dynamics,,,Spot,4121.0,net_pressure_shock_spot_10bps_15s,False,False,True,spec,net_pressure_shock_10bps
net_pressure_shock_spot_10bps_5s_eth,net_pressure_shock_spot_10bps_5s,eth,S4,Dynamics,s4_dynamics,,,Spot,4122.0,net_pressure_shock_spot_10bps_5s,False,False,True,spec,net_pressure_shock_10bps
net_pressure_shock_spot_10bps_60s_eth,net_pressure_shock_spot_10bps_60s,eth,S4,Dynamics,s4_dynamics,,,Spot,4123.0,net_pressure_shock_spot_10bps_60s,False,False,True,spec,net_pressure_shock_10bps
net_pressure_shock_spot_2bps_15s_eth,net_pressure_shock_spot_2bps_15s,eth,S4,Dynamics,s4_dynamics,,,Spot,4124.0,net_pressure_shock_spot_2bps_15s,False,False,True,spec,net_pressure_shock_2bps
net_pressure_shock_spot_2bps_5s_eth,net_pressure_shock_spot_2bps_5s,eth,S4,Dynamics,s4_dynamics,,,Spot,4125.0,net_pressure_shock_spot_2bps_5s,False,False,True,spec,net_pressure_shock_2bps
net_pressure_shock_spot_2bps_60s_eth,net_pressure_shock_spot_2bps_60s,eth,S4,Dynamics,s4_dynamics,,,Spot,4126.0,net_pressure_shock_spot_2bps_60s,False,False,True,spec,net_pressure_shock_2bps
net_pressure_shock_spot_5bps_15s_eth,net_pressure_shock_spot_5bps_15s,eth,S4,Dynamics,s4_dynamics,,,Spot,4127.0,net_pressure_shock_spot_5bps_15s,False,False,True,spec,net_pressure_shock_5bps
net_pressure_shock_spot_5bps_5s_eth,net_pressure_shock_spot_5bps_5s,eth,S4,Dynamics,s4_dynamics,,,Spot,4128.0,net_pressure_shock_spot_5bps_5s,False,False,True,spec,net_pressure_shock_5bps
net_pressure_shock_spot_5bps_60s_eth,net_pressure_shock_spot_5bps_60s,eth,S4,Dynamics,s4_dynamics,,,Spot,4129.0,net_pressure_shock_spot_5bps_60s,False,False,True,spec,net_pressure_shock_5bps
ret_shock_15s_eth,ret_shock_15s,eth,S4,Dynamics,s4_dynamics,,300.0,,4130.0,ret_shock_15s,False,False,True,spec,ret_shock
ret_shock_60s_eth,ret_shock_60s,eth,S4,Dynamics,s4_dynamics,,900.0,,4131.0,ret_shock_60s,False,False,True,spec,ret_shock
trade_absorption_ratio_fut_persist_60s_eth,trade_absorption_ratio_fut_persist_60s,eth,S4,Dynamics,s4_dynamics,,60.0,Futures,4132.0,trade_absorption_ratio_fut_persist_60s,False,False,True,spec,trade_absorption_ratio_persist
trade_absorption_ratio_fut_persist_900s_eth,trade_absorption_ratio_fut_persist_900s,eth,S4,Dynamics,s4_dynamics,,900.0,Futures,4133.0,trade_absorption_ratio_fut_persist_900s,False,False,True,spec,trade_absorption_ratio_persist
trade_absorption_ratio_spot_persist_60s_eth,trade_absorption_ratio_spot_persist_60s,eth,S4,Dynamics,s4_dynamics,,60.0,Spot,4134.0,trade_absorption_ratio_spot_persist_60s,False,False,True,spec,trade_absorption_ratio_persist
trade_absorption_ratio_spot_persist_900s_eth,trade_absorption_ratio_spot_persist_900s,eth,S4,Dynamics,s4_dynamics,,900.0,Spot,4135.0,trade_absorption_ratio_spot_persist_900s,False,False,True,spec,trade_absorption_ratio_persist
vacuum_score_shock_fut_10bps_15s_eth,vacuum_score_shock_fut_10bps_15s,eth,S4,Dynamics,s4_dynamics,,,Futures,4136.0,vacuum_score_shock_fut_10bps_15s,False,False,True,spec,vacuum_score_shock_10bps
vacuum_score_shock_fut_10bps_5s_eth,vacuum_score_shock_fut_10bps_5s,eth,S4,Dynamics,s4_dynamics,,,Futures,4137.0,vacuum_score_shock_fut_10bps_5s,False,False,True,spec,vacuum_score_shock_10bps
vacuum_score_shock_fut_10bps_60s_eth,vacuum_score_shock_fut_10bps_60s,eth,S4,Dynamics,s4_dynamics,,,Futures,4138.0,vacuum_score_shock_fut_10bps_60s,False,False,True,spec,vacuum_score_shock_10bps
vacuum_score_shock_fut_5bps_15s_eth,vacuum_score_shock_fut_5bps_15s,eth,S4,Dynamics,s4_dynamics,,,Futures,4139.0,vacuum_score_shock_fut_5bps_15s,False,False,True,spec,vacuum_score_shock_5bps
vacuum_score_shock_fut_5bps_5s_eth,vacuum_score_shock_fut_5bps_5s,eth,S4,Dynamics,s4_dynamics,,,Futures,4140.0,vacuum_score_shock_fut_5bps_5s,False,False,True,spec,vacuum_score_shock_5bps
vacuum_score_shock_fut_5bps_60s_eth,vacuum_score_shock_fut_5bps_60s,eth,S4,Dynamics,s4_dynamics,,,Futures,4141.0,vacuum_score_shock_fut_5bps_60s,False,False,True,spec,vacuum_score_shock_5bps
vacuum_score_shock_spot_10bps_15s_eth,vacuum_score_shock_spot_10bps_15s,eth,S4,Dynamics,s4_dynamics,,,Spot,4142.0,vacuum_score_shock_spot_10bps_15s,False,False,True,spec,vacuum_score_shock_10bps
vacuum_score_shock_spot_10bps_5s_eth,vacuum_score_shock_spot_10bps_5s,eth,S4,Dynamics,s4_dynamics,,,Spot,4143.0,vacuum_score_shock_spot_10bps_5s,False,False,True,spec,vacuum_score_shock_10bps
vacuum_score_shock_spot_10bps_60s_eth,vacuum_score_shock_spot_10bps_60s,eth,S4,Dynamics,s4_dynamics,,,Spot,4144.0,vacuum_score_shock_spot_10bps_60s,False,False,True,spec,vacuum_score_shock_10bps
vacuum_score_shock_spot_5bps_15s_eth,vacuum_score_shock_spot_5bps_15s,eth,S4,Dynamics,s4_dynamics,,,Spot,4145.0,vacuum_score_shock_spot_5bps_15s,False,False,True,spec,vacuum_score_shock_5bps
vacuum_score_shock_spot_5bps_5s_eth,vacuum_score_shock_spot_5bps_5s,eth,S4,Dynamics,s4_dynamics,,,Spot,4146.0,vacuum_score_shock_spot_5bps_5s,False,False,True,spec,vacuum_score_shock_5bps
vacuum_score_shock_spot_5bps_60s_eth,vacuum_score_shock_spot_5bps_60s,eth,S4,Dynamics,s4_dynamics,,,Spot,4147.0,vacuum_score_shock_spot_5bps_60s,False,False,True,spec,vacuum_score_shock_5bps
net_pressure_depth_coherence_fut_15s_eth,net_pressure_depth_coherence_fut_15s,eth,S4,Meta,s4_meta,,,Futures,4148.0,net_pressure_depth_coherence_fut_15s,True,False,False,spec,net_pressure_depth_coherence
net_pressure_depth_coherence_fut_5s_eth,net_pressure_depth_coherence_fut_5s,eth,S4,Meta,s4_meta,,,Futures,4149.0,net_pressure_depth_coherence_fut_5s,True,False,False,spec,net_pressure_depth_coherence
net_pressure_depth_coherence_fut_60s_eth,net_pressure_depth_coherence_fut_60s,eth,S4,Meta,s4_meta,,,Futures,4150.0,net_pressure_depth_coherence_fut_60s,True,False,False,spec,net_pressure_depth_coherence
net_pressure_depth_coherence_spot_15s_eth,net_pressure_depth_coherence_spot_15s,eth,S4,Meta,s4_meta,,,Spot,4151.0,net_pressure_depth_coherence_spot_15s,True,False,False,spec,net_pressure_depth_coherence
net_pressure_depth_coherence_spot_5s_eth,net_pressure_depth_coherence_spot_5s,eth,S4,Meta,s4_meta,,,Spot,4152.0,net_pressure_depth_coherence_spot_5s,True,False,False,spec,net_pressure_depth_coherence
net_pressure_depth_coherence_spot_60s_eth,net_pressure_depth_coherence_spot_60s,eth,S4,Meta,s4_meta,,,Spot,4153.0,net_pressure_depth_coherence_spot_60s,True,False,False,spec,net_pressure_depth_coherence
net_pressure_depth_curvature_fut_15s_eth,net_pressure_depth_curvature_fut_15s,eth,S4,Meta,s4_meta,,,Futures,4154.0,net_pressure_depth_curvature_fut_15s,True,False,False,spec,net_pressure_depth_curvature
net_pressure_depth_curvature_fut_5s_eth,net_pressure_depth_curvature_fut_5s,eth,S4,Meta,s4_meta,,,Futures,4155.0,net_pressure_depth_curvature_fut_5s,True,False,False,spec,net_pressure_depth_curvature
net_pressure_depth_curvature_fut_60s_eth,net_pressure_depth_curvature_fut_60s,eth,S4,Meta,s4_meta,,,Futures,4156.0,net_pressure_depth_curvature_fut_60s,True,False,False,spec,net_pressure_depth_curvature
net_pressure_depth_curvature_spot_15s_eth,net_pressure_depth_curvature_spot_15s,eth,S4,Meta,s4_meta,,,Spot,4157.0,net_pressure_depth_curvature_spot_15s,True,False,False,spec,net_pressure_depth_curvature
net_pressure_depth_curvature_spot_5s_eth,net_pressure_depth_curvature_spot_5s,eth,S4,Meta,s4_meta,,,Spot,4158.0,net_pressure_depth_curvature_spot_5s,True,False,False,spec,net_pressure_depth_curvature
net_pressure_depth_curvature_spot_60s_eth,net_pressure_depth_curvature_spot_60s,eth,S4,Meta,s4_meta,,,Spot,4159.0,net_pressure_depth_curvature_spot_60s,True,False,False,spec,net_pressure_depth_curvature
net_pressure_depth_slope_fut_15s_eth,net_pressure_depth_slope_fut_15s,eth,S4,Meta,s4_meta,,,Futures,4160.0,net_pressure_depth_slope_fut_15s,True,False,False,spec,net_pressure_depth_slope
net_pressure_depth_slope_fut_5s_eth,net_pressure_depth_slope_fut_5s,eth,S4,Meta,s4_meta,,,Futures,4161.0,net_pressure_depth_slope_fut_5s,True,False,False,spec,net_pressure_depth_slope
net_pressure_depth_slope_fut_60s_eth,net_pressure_depth_slope_fut_60s,eth,S4,Meta,s4_meta,,,Futures,4162.0,net_pressure_depth_slope_fut_60s,True,False,False,spec,net_pressure_depth_slope
net_pressure_depth_slope_spot_15s_eth,net_pressure_depth_slope_spot_15s,eth,S4,Meta,s4_meta,,,Spot,4163.0,net_pressure_depth_slope_spot_15s,True,False,False,spec,net_pressure_depth_slope
net_pressure_depth_slope_spot_5s_eth,net_pressure_depth_slope_spot_5s,eth,S4,Meta,s4_meta,,,Spot,4164.0,net_pressure_depth_slope_spot_5s,True,False,False,spec,net_pressure_depth_slope
net_pressure_depth_slope_spot_60s_eth,net_pressure_depth_slope_spot_60s,eth,S4,Meta,s4_meta,,,Spot,4165.0,net_pressure_depth_slope_spot_60s,True,False,False,spec,net_pressure_depth_slope
z_absorb_refill_mid_fut_2bps_60s_eth,z_absorb_refill_mid_fut_2bps_60s,eth,S4,Normalization,s4_normalization,,60.0,Futures,4166.0,z_absorb_refill_mid_fut_2bps_60s,False,False,True,spec,z_absorb_refill_mid_2bps
z_absorb_refill_mid_fut_5bps_60s_eth,z_absorb_refill_mid_fut_5bps_60s,eth,S4,Normalization,s4_normalization,,60.0,Futures,4167.0,z_absorb_refill_mid_fut_5bps_60s,False,False,True,spec,z_absorb_refill_mid_5bps
z_depth_gradient_fut_struct100_300s_eth,z_depth_gradient_fut_struct100_300s,eth,S4,Normalization,s4_normalization,,300.0,Futures,4168.0,z_depth_gradient_fut_struct100_300s,False,False,True,spec,z_depth_gradient_struct100
z_depth_gradient_fut_struct100_60s_eth,z_depth_gradient_fut_struct100_60s,eth,S4,Normalization,s4_normalization,,60.0,Futures,4169.0,z_depth_gradient_fut_struct100_60s,False,False,True,spec,z_depth_gradient_struct100
z_depth_gradient_fut_struct100_900s_eth,z_depth_gradient_fut_struct100_900s,eth,S4,Normalization,s4_normalization,,900.0,Futures,4170.0,z_depth_gradient_fut_struct100_900s,False,False,True,spec,z_depth_gradient_struct100
z_depth_gradient_fut_struct50_300s_eth,z_depth_gradient_fut_struct50_300s,eth,S4,Normalization,s4_normalization,,300.0,Futures,4171.0,z_depth_gradient_fut_struct50_300s,False,False,True,spec,z_depth_gradient_struct50
z_depth_gradient_fut_struct50_60s_eth,z_depth_gradient_fut_struct50_60s,eth,S4,Normalization,s4_normalization,,60.0,Futures,4172.0,z_depth_gradient_fut_struct50_60s,False,False,True,spec,z_depth_gradient_struct50
z_depth_gradient_fut_struct50_900s_eth,z_depth_gradient_fut_struct50_900s,eth,S4,Normalization,s4_normalization,,900.0,Futures,4173.0,z_depth_gradient_fut_struct50_900s,False,False,True,spec,z_depth_gradient_struct50
z_depth_gradient_spot_struct100_300s_eth,z_depth_gradient_spot_struct100_300s,eth,S4,Normalization,s4_normalization,,300.0,Spot,4174.0,z_depth_gradient_spot_struct100_300s,False,False,True,spec,z_depth_gradient_struct100
z_depth_gradient_spot_struct100_60s_eth,z_depth_gradient_spot_struct100_60s,eth,S4,Normalization,s4_normalization,,60.0,Spot,4175.0,z_depth_gradient_spot_struct100_60s,False,False,True,spec,z_depth_gradient_struct100
z_depth_gradient_spot_struct100_900s_eth,z_depth_gradient_spot_struct100_900s,eth,S4,Normalization,s4_normalization,,900.0,Spot,4176.0,z_depth_gradient_spot_struct100_900s,False,False,True,spec,z_depth_gradient_struct100
z_depth_gradient_spot_struct50_300s_eth,z_depth_gradient_spot_struct50_300s,eth,S4,Normalization,s4_normalization,,300.0,Spot,4177.0,z_depth_gradient_spot_struct50_300s,False,False,True,spec,z_depth_gradient_struct50
z_depth_gradient_spot_struct50_60s_eth,z_depth_gradient_spot_struct50_60s,eth,S4,Normalization,s4_normalization,,60.0,Spot,4178.0,z_depth_gradient_spot_struct50_60s,False,False,True,spec,z_depth_gradient_struct50
z_depth_gradient_spot_struct50_900s_eth,z_depth_gradient_spot_struct50_900s,eth,S4,Normalization,s4_normalization,,900.0,Spot,4179.0,z_depth_gradient_spot_struct50_900s,False,False,True,spec,z_depth_gradient_struct50
z_liq_concentration_fut_struct100_300s_eth,z_liq_concentration_fut_struct100_300s,eth,S4,Normalization,s4_normalization,,300.0,Futures,4180.0,z_liq_concentration_fut_struct100_300s,False,False,True,spec,z_liq_concentration_struct100
z_liq_concentration_fut_struct100_60s_eth,z_liq_concentration_fut_struct100_60s,eth,S4,Normalization,s4_normalization,,60.0,Futures,4181.0,z_liq_concentration_fut_struct100_60s,False,False,True,spec,z_liq_concentration_struct100
z_liq_concentration_fut_struct100_900s_eth,z_liq_concentration_fut_struct100_900s,eth,S4,Normalization,s4_normalization,,900.0,Futures,4182.0,z_liq_concentration_fut_struct100_900s,False,False,True,spec,z_liq_concentration_struct100
z_liq_concentration_fut_struct50_300s_eth,z_liq_concentration_fut_struct50_300s,eth,S4,Normalization,s4_normalization,,300.0,Futures,4183.0,z_liq_concentration_fut_struct50_300s,False,False,True,spec,z_liq_concentration_struct50
z_liq_concentration_fut_struct50_60s_eth,z_liq_concentration_fut_struct50_60s,eth,S4,Normalization,s4_normalization,,60.0,Futures,4184.0,z_liq_concentration_fut_struct50_60s,False,False,True,spec,z_liq_concentration_struct50
z_liq_concentration_fut_struct50_900s_eth,z_liq_concentration_fut_struct50_900s,eth,S4,Normalization,s4_normalization,,900.0,Futures,4185.0,z_liq_concentration_fut_struct50_900s,False,False,True,spec,z_liq_concentration_struct50
z_liq_concentration_spot_struct100_300s_eth,z_liq_concentration_spot_struct100_300s,eth,S4,Normalization,s4_normalization,,300.0,Spot,4186.0,z_liq_concentration_spot_struct100_300s,False,False,True,spec,z_liq_concentration_struct100
z_liq_concentration_spot_struct100_60s_eth,z_liq_concentration_spot_struct100_60s,eth,S4,Normalization,s4_normalization,,60.0,Spot,4187.0,z_liq_concentration_spot_struct100_60s,False,False,True,spec,z_liq_concentration_struct100
z_liq_concentration_spot_struct100_900s_eth,z_liq_concentration_spot_struct100_900s,eth,S4,Normalization,s4_normalization,,900.0,Spot,4188.0,z_liq_concentration_spot_struct100_900s,False,False,True,spec,z_liq_concentration_struct100
z_liq_concentration_spot_struct50_300s_eth,z_liq_concentration_spot_struct50_300s,eth,S4,Normalization,s4_normalization,,300.0,Spot,4189.0,z_liq_concentration_spot_struct50_300s,False,False,True,spec,z_liq_concentration_struct50
z_liq_concentration_spot_struct50_60s_eth,z_liq_concentration_spot_struct50_60s,eth,S4,Normalization,s4_normalization,,60.0,Spot,4190.0,z_liq_concentration_spot_struct50_60s,False,False,True,spec,z_liq_concentration_struct50
z_liq_concentration_spot_struct50_900s_eth,z_liq_concentration_spot_struct50_900s,eth,S4,Normalization,s4_normalization,,900.0,Spot,4191.0,z_liq_concentration_spot_struct50_900s,False,False,True,spec,z_liq_concentration_struct50
z_net_add_fut_5bps_900s_eth,z_net_add_fut_5bps_900s,eth,S4,Normalization,s4_normalization,,900.0,Futures,4192.0,z_net_add_fut_5bps_900s,False,False,True,spec,z_net_add_5bps
z_net_add_spot_5bps_900s_eth,z_net_add_spot_5bps_900s,eth,S4,Normalization,s4_normalization,,900.0,Spot,4193.0,z_net_add_spot_5bps_900s,False,False,True,spec,z_net_add_5bps
z_net_cancel_fut_5bps_900s_eth,z_net_cancel_fut_5bps_900s,eth,S4,Normalization,s4_normalization,,900.0,Futures,4194.0,z_net_cancel_fut_5bps_900s,False,False,True,spec,z_net_cancel_5bps
z_net_cancel_spot_5bps_900s_eth,z_net_cancel_spot_5bps_900s,eth,S4,Normalization,s4_normalization,,900.0,Spot,4195.0,z_net_cancel_spot_5bps_900s,False,False,True,spec,z_net_cancel_5bps
z_trade_absorption_ratio_fut_60s_eth,z_trade_absorption_ratio_fut_60s,eth,S4,Normalization,s4_normalization,,60.0,Futures,4196.0,z_trade_absorption_ratio_fut_60s,False,False,True,spec,z_trade_absorption_ratio
z_trade_absorption_ratio_fut_900s_eth,z_trade_absorption_ratio_fut_900s,eth,S4,Normalization,s4_normalization,,900.0,Futures,4197.0,z_trade_absorption_ratio_fut_900s,False,False,True,spec,z_trade_absorption_ratio
z_trade_absorption_ratio_spot_60s_eth,z_trade_absorption_ratio_spot_60s,eth,S4,Normalization,s4_normalization,,60.0,Spot,4198.0,z_trade_absorption_ratio_spot_60s,False,False,True,spec,z_trade_absorption_ratio
z_trade_absorption_ratio_spot_900s_eth,z_trade_absorption_ratio_spot_900s,eth,S4,Normalization,s4_normalization,,900.0,Spot,4199.0,z_trade_absorption_ratio_spot_900s,False,False,True,spec,z_trade_absorption_ratio
net_add_fut_10bps_15s_eth,net_add_fut_10bps_15s,eth,S4,Pressure,s4_pressure,,15.0,Futures,4200.0,net_add_fut_10bps_15s,False,False,True,spec,net_add_10bps
net_add_fut_10bps_5s_eth,net_add_fut_10bps_5s,eth,S4,Pressure,s4_pressure,,5.0,Futures,4201.0,net_add_fut_10bps_5s,False,False,True,spec,net_add_10bps
net_add_fut_10bps_60s_eth,net_add_fut_10bps_60s,eth,S4,Pressure,s4_pressure,,60.0,Futures,4202.0,net_add_fut_10bps_60s,False,False,True,spec,net_add_10bps
net_add_fut_2bps_15s_eth,net_add_fut_2bps_15s,eth,S4,Pressure,s4_pressure,,15.0,Futures,4203.0,net_add_fut_2bps_15s,False,False,True,spec,net_add_2bps
net_add_fut_2bps_5s_eth,net_add_fut_2bps_5s,eth,S4,Pressure,s4_pressure,,5.0,Futures,4204.0,net_add_fut_2bps_5s,False,False,True,spec,net_add_2bps
net_add_fut_2bps_60s_eth,net_add_fut_2bps_60s,eth,S4,Pressure,s4_pressure,,60.0,Futures,4205.0,net_add_fut_2bps_60s,False,False,True,spec,net_add_2bps
net_add_fut_5bps_15s_eth,net_add_fut_5bps_15s,eth,S4,Pressure,s4_pressure,,15.0,Futures,4206.0,net_add_fut_5bps_15s,False,False,True,spec,net_add_5bps
net_add_fut_5bps_5s_eth,net_add_fut_5bps_5s,eth,S4,Pressure,s4_pressure,,5.0,Futures,4207.0,net_add_fut_5bps_5s,False,False,True,spec,net_add_5bps
net_add_fut_5bps_60s_eth,net_add_fut_5bps_60s,eth,S4,Pressure,s4_pressure,,60.0,Futures,4208.0,net_add_fut_5bps_60s,False,False,True,spec,net_add_5bps
net_add_spot_10bps_15s_eth,net_add_spot_10bps_15s,eth,S4,Pressure,s4_pressure,,15.0,Spot,4209.0,net_add_spot_10bps_15s,False,False,True,spec,net_add_10bps
net_add_spot_10bps_5s_eth,net_add_spot_10bps_5s,eth,S4,Pressure,s4_pressure,,5.0,Spot,4210.0,net_add_spot_10bps_5s,False,False,True,spec,net_add_10bps
net_add_spot_10bps_60s_eth,net_add_spot_10bps_60s,eth,S4,Pressure,s4_pressure,,60.0,Spot,4211.0,net_add_spot_10bps_60s,False,False,True,spec,net_add_10bps
net_add_spot_2bps_15s_eth,net_add_spot_2bps_15s,eth,S4,Pressure,s4_pressure,,15.0,Spot,4212.0,net_add_spot_2bps_15s,False,False,True,spec,net_add_2bps
net_add_spot_2bps_5s_eth,net_add_spot_2bps_5s,eth,S4,Pressure,s4_pressure,,5.0,Spot,4213.0,net_add_spot_2bps_5s,False,False,True,spec,net_add_2bps
net_add_spot_2bps_60s_eth,net_add_spot_2bps_60s,eth,S4,Pressure,s4_pressure,,60.0,Spot,4214.0,net_add_spot_2bps_60s,False,False,True,spec,net_add_2bps
net_add_spot_5bps_15s_eth,net_add_spot_5bps_15s,eth,S4,Pressure,s4_pressure,,15.0,Spot,4215.0,net_add_spot_5bps_15s,False,False,True,spec,net_add_5bps
net_add_spot_5bps_5s_eth,net_add_spot_5bps_5s,eth,S4,Pressure,s4_pressure,,5.0,Spot,4216.0,net_add_spot_5bps_5s,False,False,True,spec,net_add_5bps
net_add_spot_5bps_60s_eth,net_add_spot_5bps_60s,eth,S4,Pressure,s4_pressure,,60.0,Spot,4217.0,net_add_spot_5bps_60s,False,False,True,spec,net_add_5bps
net_cancel_fut_10bps_15s_eth,net_cancel_fut_10bps_15s,eth,S4,Pressure,s4_pressure,,15.0,Futures,4218.0,net_cancel_fut_10bps_15s,False,False,True,spec,net_cancel_10bps
net_cancel_fut_10bps_5s_eth,net_cancel_fut_10bps_5s,eth,S4,Pressure,s4_pressure,,5.0,Futures,4219.0,net_cancel_fut_10bps_5s,False,False,True,spec,net_cancel_10bps
net_cancel_fut_10bps_60s_eth,net_cancel_fut_10bps_60s,eth,S4,Pressure,s4_pressure,,60.0,Futures,4220.0,net_cancel_fut_10bps_60s,False,False,True,spec,net_cancel_10bps
net_cancel_fut_2bps_15s_eth,net_cancel_fut_2bps_15s,eth,S4,Pressure,s4_pressure,,15.0,Futures,4221.0,net_cancel_fut_2bps_15s,False,False,True,spec,net_cancel_2bps
net_cancel_fut_2bps_5s_eth,net_cancel_fut_2bps_5s,eth,S4,Pressure,s4_pressure,,5.0,Futures,4222.0,net_cancel_fut_2bps_5s,False,False,True,spec,net_cancel_2bps
net_cancel_fut_2bps_60s_eth,net_cancel_fut_2bps_60s,eth,S4,Pressure,s4_pressure,,60.0,Futures,4223.0,net_cancel_fut_2bps_60s,False,False,True,spec,net_cancel_2bps
net_cancel_fut_5bps_15s_eth,net_cancel_fut_5bps_15s,eth,S4,Pressure,s4_pressure,,15.0,Futures,4224.0,net_cancel_fut_5bps_15s,False,False,True,spec,net_cancel_5bps
net_cancel_fut_5bps_5s_eth,net_cancel_fut_5bps_5s,eth,S4,Pressure,s4_pressure,,5.0,Futures,4225.0,net_cancel_fut_5bps_5s,False,False,True,spec,net_cancel_5bps
net_cancel_fut_5bps_60s_eth,net_cancel_fut_5bps_60s,eth,S4,Pressure,s4_pressure,,60.0,Futures,4226.0,net_cancel_fut_5bps_60s,False,False,True,spec,net_cancel_5bps
net_cancel_spot_10bps_15s_eth,net_cancel_spot_10bps_15s,eth,S4,Pressure,s4_pressure,,15.0,Spot,4227.0,net_cancel_spot_10bps_15s,False,False,True,spec,net_cancel_10bps
net_cancel_spot_10bps_5s_eth,net_cancel_spot_10bps_5s,eth,S4,Pressure,s4_pressure,,5.0,Spot,4228.0,net_cancel_spot_10bps_5s,False,False,True,spec,net_cancel_10bps
net_cancel_spot_10bps_60s_eth,net_cancel_spot_10bps_60s,eth,S4,Pressure,s4_pressure,,60.0,Spot,4229.0,net_cancel_spot_10bps_60s,False,False,True,spec,net_cancel_10bps
net_cancel_spot_2bps_15s_eth,net_cancel_spot_2bps_15s,eth,S4,Pressure,s4_pressure,,15.0,Spot,4230.0,net_cancel_spot_2bps_15s,False,False,True,spec,net_cancel_2bps
net_cancel_spot_2bps_5s_eth,net_cancel_spot_2bps_5s,eth,S4,Pressure,s4_pressure,,5.0,Spot,4231.0,net_cancel_spot_2bps_5s,False,False,True,spec,net_cancel_2bps
net_cancel_spot_2bps_60s_eth,net_cancel_spot_2bps_60s,eth,S4,Pressure,s4_pressure,,60.0,Spot,4232.0,net_cancel_spot_2bps_60s,False,False,True,spec,net_cancel_2bps
net_cancel_spot_5bps_15s_eth,net_cancel_spot_5bps_15s,eth,S4,Pressure,s4_pressure,,15.0,Spot,4233.0,net_cancel_spot_5bps_15s,False,False,True,spec,net_cancel_5bps
net_cancel_spot_5bps_5s_eth,net_cancel_spot_5bps_5s,eth,S4,Pressure,s4_pressure,,5.0,Spot,4234.0,net_cancel_spot_5bps_5s,False,False,True,spec,net_cancel_5bps
net_cancel_spot_5bps_60s_eth,net_cancel_spot_5bps_60s,eth,S4,Pressure,s4_pressure,,60.0,Spot,4235.0,net_cancel_spot_5bps_60s,False,False,True,spec,net_cancel_5bps
net_pressure_logratio_2bps_5bps_fut_5s_eth,net_pressure_logratio_2bps_5bps_fut_5s,eth,S4,Pressure,s4_pressure,,5.0,Futures,4236.0,net_pressure_logratio_2bps_5bps_fut_5s,False,False,True,spec,net_pressure_logratio_2bps_5bps
net_pressure_logratio_2bps_5bps_spot_5s_eth,net_pressure_logratio_2bps_5bps_spot_5s,eth,S4,Pressure,s4_pressure,,5.0,Spot,4237.0,net_pressure_logratio_2bps_5bps_spot_5s,False,False,True,spec,net_pressure_logratio_2bps_5bps
net_pressure_logratio_5bps_10bps_fut_5s_eth,net_pressure_logratio_5bps_10bps_fut_5s,eth,S4,Pressure,s4_pressure,,5.0,Futures,4238.0,net_pressure_logratio_5bps_10bps_fut_5s,False,False,True,spec,net_pressure_logratio_5bps_10bps
net_pressure_logratio_5bps_10bps_spot_5s_eth,net_pressure_logratio_5bps_10bps_spot_5s,eth,S4,Pressure,s4_pressure,,5.0,Spot,4239.0,net_pressure_logratio_5bps_10bps_spot_5s,False,False,True,spec,net_pressure_logratio_5bps_10bps
net_pressure_pct_rank_fut_2bps_15s_eth,net_pressure_pct_rank_fut_2bps_15s,eth,S4,Pressure,s4_pressure,,15.0,Futures,4240.0,net_pressure_pct_rank_fut_2bps_15s,False,False,True,spec,net_pressure_pct_rank_2bps
net_pressure_pct_rank_fut_2bps_5s_eth,net_pressure_pct_rank_fut_2bps_5s,eth,S4,Pressure,s4_pressure,,5.0,Futures,4241.0,net_pressure_pct_rank_fut_2bps_5s,False,False,True,spec,net_pressure_pct_rank_2bps
net_pressure_pct_rank_fut_2bps_60s_eth,net_pressure_pct_rank_fut_2bps_60s,eth,S4,Pressure,s4_pressure,,60.0,Futures,4242.0,net_pressure_pct_rank_fut_2bps_60s,False,False,True,spec,net_pressure_pct_rank_2bps
net_pressure_pct_rank_fut_5bps_15s_eth,net_pressure_pct_rank_fut_5bps_15s,eth,S4,Pressure,s4_pressure,,15.0,Futures,4243.0,net_pressure_pct_rank_fut_5bps_15s,False,False,True,spec,net_pressure_pct_rank_5bps
net_pressure_pct_rank_fut_5bps_5s_eth,net_pressure_pct_rank_fut_5bps_5s,eth,S4,Pressure,s4_pressure,,5.0,Futures,4244.0,net_pressure_pct_rank_fut_5bps_5s,False,False,True,spec,net_pressure_pct_rank_5bps
net_pressure_pct_rank_fut_5bps_60s_eth,net_pressure_pct_rank_fut_5bps_60s,eth,S4,Pressure,s4_pressure,,60.0,Futures,4245.0,net_pressure_pct_rank_fut_5bps_60s,False,False,True,spec,net_pressure_pct_rank_5bps
net_pressure_robust_z_fut_10bps_300s_eth,net_pressure_robust_z_fut_10bps_300s,eth,S4,Pressure,s4_pressure,,300.0,Futures,4246.0,net_pressure_robust_z_fut_10bps_300s,False,False,True,spec,net_pressure_robust_z_10bps
net_pressure_robust_z_fut_10bps_60s_eth,net_pressure_robust_z_fut_10bps_60s,eth,S4,Pressure,s4_pressure,,60.0,Futures,4247.0,net_pressure_robust_z_fut_10bps_60s,False,False,True,spec,net_pressure_robust_z_10bps
net_pressure_robust_z_fut_5bps_300s_eth,net_pressure_robust_z_fut_5bps_300s,eth,S4,Pressure,s4_pressure,,300.0,Futures,4248.0,net_pressure_robust_z_fut_5bps_300s,False,False,True,spec,net_pressure_robust_z_5bps
net_pressure_robust_z_fut_5bps_60s_eth,net_pressure_robust_z_fut_5bps_60s,eth,S4,Pressure,s4_pressure,,60.0,Futures,4249.0,net_pressure_robust_z_fut_5bps_60s,False,False,True,spec,net_pressure_robust_z_5bps
net_pressure_robust_z_spot_10bps_300s_eth,net_pressure_robust_z_spot_10bps_300s,eth,S4,Pressure,s4_pressure,,300.0,Spot,4250.0,net_pressure_robust_z_spot_10bps_300s,False,False,True,spec,net_pressure_robust_z_10bps
net_pressure_robust_z_spot_10bps_60s_eth,net_pressure_robust_z_spot_10bps_60s,eth,S4,Pressure,s4_pressure,,60.0,Spot,4251.0,net_pressure_robust_z_spot_10bps_60s,False,False,True,spec,net_pressure_robust_z_10bps
net_pressure_robust_z_spot_5bps_300s_eth,net_pressure_robust_z_spot_5bps_300s,eth,S4,Pressure,s4_pressure,,300.0,Spot,4252.0,net_pressure_robust_z_spot_5bps_300s,False,False,True,spec,net_pressure_robust_z_5bps
net_pressure_robust_z_spot_5bps_60s_eth,net_pressure_robust_z_spot_5bps_60s,eth,S4,Pressure,s4_pressure,,60.0,Spot,4253.0,net_pressure_robust_z_spot_5bps_60s,False,False,True,spec,net_pressure_robust_z_5bps
net_add_persist_sf_5bps_900s_eth,net_add_persist_sf_5bps_900s,eth,S5,Cross-Market,s5_cross_market,,900.0,Spot|Futures,5000.0,net_add_persist_sf_5bps_900s,False,False,True,spec,net_add_persist_sf_5bps
net_cancel_persist_sf_5bps_900s_eth,net_cancel_persist_sf_5bps_900s,eth,S5,Cross-Market,s5_cross_market,,900.0,Spot|Futures,5001.0,net_cancel_persist_sf_5bps_900s,False,False,True,spec,net_cancel_persist_sf_5bps
z_net_add_sf_5bps_900s_eth,z_net_add_sf_5bps_900s,eth,S5,Cross-Market,s5_cross_market,,900.0,Spot|Futures,5002.0,z_net_add_sf_5bps_900s,False,False,True,spec,z_net_add_sf_5bps
z_net_cancel_sf_5bps_900s_eth,z_net_cancel_sf_5bps_900s,eth,S5,Cross-Market,s5_cross_market,,900.0,Spot|Futures,5003.0,z_net_cancel_sf_5bps_900s,False,False,True,spec,z_net_cancel_sf_5bps
median_absorption_break_fut_15s_eth,median_absorption_break_fut_15s,eth,S5,Dynamics,s5_dynamics,,15.0,Futures,5004.0,median_absorption_break_fut_15s,False,False,True,spec,median_absorption_break
median_absorption_break_spot_15s_eth,median_absorption_break_spot_15s,eth,S5,Dynamics,s5_dynamics,,15.0,Spot,5005.0,median_absorption_break_spot_15s,False,False,True,spec,median_absorption_break
mad_absorption_break_fut_15s_eth,mad_absorption_break_fut_15s,eth,S5,Dynamics,s5_dynamics,,15.0,Futures,5006.0,mad_absorption_break_fut_15s,False,False,True,spec,mad_absorption_break
mad_absorption_break_spot_15s_eth,mad_absorption_break_spot_15s,eth,S5,Dynamics,s5_dynamics,,15.0,Spot,5007.0,mad_absorption_break_spot_15s,False,False,True,spec,mad_absorption_break
absorption_break_shock_fut_15s_eth,absorption_break_shock_fut_15s,eth,S5,Dynamics,s5_dynamics,,,Futures,5008.0,absorption_break_shock_fut_15s,False,False,True,spec,absorption_break_shock
absorption_break_shock_spot_15s_eth,absorption_break_shock_spot_15s,eth,S5,Dynamics,s5_dynamics,,,Spot,5009.0,absorption_break_shock_spot_15s,False,False,True,spec,absorption_break_shock
net_add_persist_fut_2bps_15s_eth,net_add_persist_fut_2bps_15s,eth,S5,Dynamics,s5_dynamics,,15.0,Futures,5010.0,net_add_persist_fut_2bps_15s,False,False,True,spec,net_add_persist_2bps
net_add_persist_fut_2bps_60s_eth,net_add_persist_fut_2bps_60s,eth,S5,Dynamics,s5_dynamics,,60.0,Futures,5011.0,net_add_persist_fut_2bps_60s,False,False,True,spec,net_add_persist_2bps
net_add_persist_fut_5bps_15s_eth,net_add_persist_fut_5bps_15s,eth,S5,Dynamics,s5_dynamics,,15.0,Futures,5012.0,net_add_persist_fut_5bps_15s,False,False,True,spec,net_add_persist_5bps
net_add_persist_fut_5bps_60s_eth,net_add_persist_fut_5bps_60s,eth,S5,Dynamics,s5_dynamics,,60.0,Futures,5013.0,net_add_persist_fut_5bps_60s,False,False,True,spec,net_add_persist_5bps
net_add_persist_fut_10bps_15s_eth,net_add_persist_fut_10bps_15s,eth,S5,Dynamics,s5_dynamics,,15.0,Futures,5014.0,net_add_persist_fut_10bps_15s,False,False,True,spec,net_add_persist_10bps
net_add_persist_fut_10bps_60s_eth,net_add_persist_fut_10bps_60s,eth,S5,Dynamics,s5_dynamics,,60.0,Futures,5015.0,net_add_persist_fut_10bps_60s,False,False,True,spec,net_add_persist_10bps
net_add_persist_spot_2bps_15s_eth,net_add_persist_spot_2bps_15s,eth,S5,Dynamics,s5_dynamics,,15.0,Spot,5016.0,net_add_persist_spot_2bps_15s,False,False,True,spec,net_add_persist_2bps
net_add_persist_spot_2bps_60s_eth,net_add_persist_spot_2bps_60s,eth,S5,Dynamics,s5_dynamics,,60.0,Spot,5017.0,net_add_persist_spot_2bps_60s,False,False,True,spec,net_add_persist_2bps
net_add_persist_spot_5bps_15s_eth,net_add_persist_spot_5bps_15s,eth,S5,Dynamics,s5_dynamics,,15.0,Spot,5018.0,net_add_persist_spot_5bps_15s,False,False,True,spec,net_add_persist_5bps
net_add_persist_spot_5bps_60s_eth,net_add_persist_spot_5bps_60s,eth,S5,Dynamics,s5_dynamics,,60.0,Spot,5019.0,net_add_persist_spot_5bps_60s,False,False,True,spec,net_add_persist_5bps
net_add_persist_spot_10bps_15s_eth,net_add_persist_spot_10bps_15s,eth,S5,Dynamics,s5_dynamics,,15.0,Spot,5020.0,net_add_persist_spot_10bps_15s,False,False,True,spec,net_add_persist_10bps
net_add_persist_spot_10bps_60s_eth,net_add_persist_spot_10bps_60s,eth,S5,Dynamics,s5_dynamics,,60.0,Spot,5021.0,net_add_persist_spot_10bps_60s,False,False,True,spec,net_add_persist_10bps
net_cancel_persist_fut_2bps_15s_eth,net_cancel_persist_fut_2bps_15s,eth,S5,Dynamics,s5_dynamics,,15.0,Futures,5022.0,net_cancel_persist_fut_2bps_15s,False,False,True,spec,net_cancel_persist_2bps
net_cancel_persist_fut_2bps_60s_eth,net_cancel_persist_fut_2bps_60s,eth,S5,Dynamics,s5_dynamics,,60.0,Futures,5023.0,net_cancel_persist_fut_2bps_60s,False,False,True,spec,net_cancel_persist_2bps
net_cancel_persist_fut_5bps_15s_eth,net_cancel_persist_fut_5bps_15s,eth,S5,Dynamics,s5_dynamics,,15.0,Futures,5024.0,net_cancel_persist_fut_5bps_15s,False,False,True,spec,net_cancel_persist_5bps
net_cancel_persist_fut_5bps_60s_eth,net_cancel_persist_fut_5bps_60s,eth,S5,Dynamics,s5_dynamics,,60.0,Futures,5025.0,net_cancel_persist_fut_5bps_60s,False,False,True,spec,net_cancel_persist_5bps
net_cancel_persist_fut_10bps_15s_eth,net_cancel_persist_fut_10bps_15s,eth,S5,Dynamics,s5_dynamics,,15.0,Futures,5026.0,net_cancel_persist_fut_10bps_15s,False,False,True,spec,net_cancel_persist_10bps
net_cancel_persist_fut_10bps_60s_eth,net_cancel_persist_fut_10bps_60s,eth,S5,Dynamics,s5_dynamics,,60.0,Futures,5027.0,net_cancel_persist_fut_10bps_60s,False,False,True,spec,net_cancel_persist_10bps
net_cancel_persist_spot_2bps_15s_eth,net_cancel_persist_spot_2bps_15s,eth,S5,Dynamics,s5_dynamics,,15.0,Spot,5028.0,net_cancel_persist_spot_2bps_15s,False,False,True,spec,net_cancel_persist_2bps
net_cancel_persist_spot_2bps_60s_eth,net_cancel_persist_spot_2bps_60s,eth,S5,Dynamics,s5_dynamics,,60.0,Spot,5029.0,net_cancel_persist_spot_2bps_60s,False,False,True,spec,net_cancel_persist_2bps
net_cancel_persist_spot_5bps_15s_eth,net_cancel_persist_spot_5bps_15s,eth,S5,Dynamics,s5_dynamics,,15.0,Spot,5030.0,net_cancel_persist_spot_5bps_15s,False,False,True,spec,net_cancel_persist_5bps
net_cancel_persist_spot_5bps_60s_eth,net_cancel_persist_spot_5bps_60s,eth,S5,Dynamics,s5_dynamics,,60.0,Spot,5031.0,net_cancel_persist_spot_5bps_60s,False,False,True,spec,net_cancel_persist_5bps
net_cancel_persist_spot_10bps_15s_eth,net_cancel_persist_spot_10bps_15s,eth,S5,Dynamics,s5_dynamics,,15.0,Spot,5032.0,net_cancel_persist_spot_10bps_15s,False,False,True,spec,net_cancel_persist_10bps
net_cancel_persist_spot_10bps_60s_eth,net_cancel_persist_spot_10bps_60s,eth,S5,Dynamics,s5_dynamics,,60.0,Spot,5033.0,net_cancel_persist_spot_10bps_60s,False,False,True,spec,net_cancel_persist_10bps
net_add_robust_z_fut_2bps_15s_eth,net_add_robust_z_fut_2bps_15s,eth,S5,Pressure,s5_pressure,,15.0,Futures,5034.0,net_add_robust_z_fut_2bps_15s,False,False,True,spec,net_add_robust_z_2bps
net_add_robust_z_fut_2bps_60s_eth,net_add_robust_z_fut_2bps_60s,eth,S5,Pressure,s5_pressure,,60.0,Futures,5035.0,net_add_robust_z_fut_2bps_60s,False,False,True,spec,net_add_robust_z_2bps
net_add_robust_z_fut_5bps_15s_eth,net_add_robust_z_fut_5bps_15s,eth,S5,Pressure,s5_pressure,,15.0,Futures,5036.0,net_add_robust_z_fut_5bps_15s,False,False,True,spec,net_add_robust_z_5bps
net_add_robust_z_fut_5bps_60s_eth,net_add_robust_z_fut_5bps_60s,eth,S5,Pressure,s5_pressure,,60.0,Futures,5037.0,net_add_robust_z_fut_5bps_60s,False,False,True,spec,net_add_robust_z_5bps
net_add_robust_z_fut_10bps_15s_eth,net_add_robust_z_fut_10bps_15s,eth,S5,Pressure,s5_pressure,,15.0,Futures,5038.0,net_add_robust_z_fut_10bps_15s,False,False,True,spec,net_add_robust_z_10bps
net_add_robust_z_fut_10bps_60s_eth,net_add_robust_z_fut_10bps_60s,eth,S5,Pressure,s5_pressure,,60.0,Futures,5039.0,net_add_robust_z_fut_10bps_60s,False,False,True,spec,net_add_robust_z_10bps
net_add_robust_z_spot_2bps_15s_eth,net_add_robust_z_spot_2bps_15s,eth,S5,Pressure,s5_pressure,,15.0,Spot,5040.0,net_add_robust_z_spot_2bps_15s,False,False,True,spec,net_add_robust_z_2bps
net_add_robust_z_spot_2bps_60s_eth,net_add_robust_z_spot_2bps_60s,eth,S5,Pressure,s5_pressure,,60.0,Spot,5041.0,net_add_robust_z_spot_2bps_60s,False,False,True,spec,net_add_robust_z_2bps
net_add_robust_z_spot_5bps_15s_eth,net_add_robust_z_spot_5bps_15s,eth,S5,Pressure,s5_pressure,,15.0,Spot,5042.0,net_add_robust_z_spot_5bps_15s,False,False,True,spec,net_add_robust_z_5bps
net_add_robust_z_spot_5bps_60s_eth,net_add_robust_z_spot_5bps_60s,eth,S5,Pressure,s5_pressure,,60.0,Spot,5043.0,net_add_robust_z_spot_5bps_60s,False,False,True,spec,net_add_robust_z_5bps
net_add_robust_z_spot_10bps_15s_eth,net_add_robust_z_spot_10bps_15s,eth,S5,Pressure,s5_pressure,,15.0,Spot,5044.0,net_add_robust_z_spot_10bps_15s,False,False,True,spec,net_add_robust_z_10bps
net_add_robust_z_spot_10bps_60s_eth,net_add_robust_z_spot_10bps_60s,eth,S5,Pressure,s5_pressure,,60.0,Spot,5045.0,net_add_robust_z_spot_10bps_60s,False,False,True,spec,net_add_robust_z_10bps
net_cancel_robust_z_fut_2bps_15s_eth,net_cancel_robust_z_fut_2bps_15s,eth,S5,Pressure,s5_pressure,,15.0,Futures,5046.0,net_cancel_robust_z_fut_2bps_15s,False,False,True,spec,net_cancel_robust_z_2bps
net_cancel_robust_z_fut_2bps_60s_eth,net_cancel_robust_z_fut_2bps_60s,eth,S5,Pressure,s5_pressure,,60.0,Futures,5047.0,net_cancel_robust_z_fut_2bps_60s,False,False,True,spec,net_cancel_robust_z_2bps
net_cancel_robust_z_fut_5bps_15s_eth,net_cancel_robust_z_fut_5bps_15s,eth,S5,Pressure,s5_pressure,,15.0,Futures,5048.0,net_cancel_robust_z_fut_5bps_15s,False,False,True,spec,net_cancel_robust_z_5bps
net_cancel_robust_z_fut_5bps_60s_eth,net_cancel_robust_z_fut_5bps_60s,eth,S5,Pressure,s5_pressure,,60.0,Futures,5049.0,net_cancel_robust_z_fut_5bps_60s,False,False,True,spec,net_cancel_robust_z_5bps
net_cancel_robust_z_fut_10bps_15s_eth,net_cancel_robust_z_fut_10bps_15s,eth,S5,Pressure,s5_pressure,,15.0,Futures,5050.0,net_cancel_robust_z_fut_10bps_15s,False,False,True,spec,net_cancel_robust_z_10bps
net_cancel_robust_z_fut_10bps_60s_eth,net_cancel_robust_z_fut_10bps_60s,eth,S5,Pressure,s5_pressure,,60.0,Futures,5051.0,net_cancel_robust_z_fut_10bps_60s,False,False,True,spec,net_cancel_robust_z_10bps
net_cancel_robust_z_spot_2bps_15s_eth,net_cancel_robust_z_spot_2bps_15s,eth,S5,Pressure,s5_pressure,,15.0,Spot,5052.0,net_cancel_robust_z_spot_2bps_15s,False,False,True,spec,net_cancel_robust_z_2bps
net_cancel_robust_z_spot_2bps_60s_eth,net_cancel_robust_z_spot_2bps_60s,eth,S5,Pressure,s5_pressure,,60.0,Spot,5053.0,net_cancel_robust_z_spot_2bps_60s,False,False,True,spec,net_cancel_robust_z_2bps
net_cancel_robust_z_spot_5bps_15s_eth,net_cancel_robust_z_spot_5bps_15s,eth,S5,Pressure,s5_pressure,,15.0,Spot,5054.0,net_cancel_robust_z_spot_5bps_15s,False,False,True,spec,net_cancel_robust_z_5bps
net_cancel_robust_z_spot_5bps_60s_eth,net_cancel_robust_z_spot_5bps_60s,eth,S5,Pressure,s5_pressure,,60.0,Spot,5055.0,net_cancel_robust_z_spot_5bps_60s,False,False,True,spec,net_cancel_robust_z_5bps
net_cancel_robust_z_spot_10bps_15s_eth,net_cancel_robust_z_spot_10bps_15s,eth,S5,Pressure,s5_pressure,,15.0,Spot,5056.0,net_cancel_robust_z_spot_10bps_15s,False,False,True,spec,net_cancel_robust_z_10bps
net_cancel_robust_z_spot_10bps_60s_eth,net_cancel_robust_z_spot_10bps_60s,eth,S5,Pressure,s5_pressure,,60.0,Spot,5057.0,net_cancel_robust_z_spot_10bps_60s,False,False,True,spec,net_cancel_robust_z_10bps
ca_bps_mid_dev_spot_5bps_btc,ca_bps_mid_dev_spot_5bps,btc,S6,Cross-Asset-Intermediary,s6_cross_asset,,,Spot,6000.0,ca_bps_mid_dev_spot_5bps_btc,False,False,True,spec,ca_bps_mid_dev_5bps
ca_bps_mid_dev_fut_5bps_btc,ca_bps_mid_dev_fut_5bps,btc,S6,Cross-Asset-Intermediary,s6_cross_asset,,,Fut,6001.0,ca_bps_mid_dev_fut_5bps_btc,False,False,True,spec,ca_bps_mid_dev_5bps
ca_bps_mid_dev_spot_5bps_eth,ca_bps_mid_dev_spot_5bps,eth,S6,Cross-Asset-Intermediary,s6_cross_asset,,,Spot,6002.0,ca_bps_mid_dev_spot_5bps_eth,False,False,True,spec,ca_bps_mid_dev_5bps
ca_bps_mid_dev_fut_5bps_eth,ca_bps_mid_dev_fut_5bps,eth,S6,Cross-Asset-Intermediary,s6_cross_asset,,,Fut,6003.0,ca_bps_mid_dev_fut_5bps_eth,False,False,True,spec,ca_bps_mid_dev_5bps
ca_bps_spread_spot_btc,ca_bps_spread_spot,btc,S6,Cross-Asset-Intermediary,s6_cross_asset,,,Spot,6006.0,ca_bps_spread_spot_btc,False,False,True,spec,ca_bps_spread
ca_bps_spread_fut_btc,ca_bps_spread_fut,btc,S6,Cross-Asset-Intermediary,s6_cross_asset,,,Fut,6007.0,ca_bps_spread_fut_btc,False,False,True,spec,ca_bps_spread
ca_bps_spread_spot_eth,ca_bps_spread_spot,eth,S6,Cross-Asset-Intermediary,s6_cross_asset,,,Spot,6008.0,ca_bps_spread_spot_eth,False,False,True,spec,ca_bps_spread
ca_bps_spread_fut_eth,ca_bps_spread_fut,eth,S6,Cross-Asset-Intermediary,s6_cross_asset,,,Fut,6009.0,ca_bps_spread_fut_eth,False,False,True,spec,ca_bps_spread
ca_z_trade_count_spot_300s_btc,ca_z_trade_count_spot_300s,btc,S6,Cross-Asset-Intermediary,s6_cross_asset,,900.0,Cross-Asset,6012.0,ca_z_trade_count_spot_300s_btc,False,False,True,spec,ca_z_trade_count
ca_z_trade_count_spot_300s_eth,ca_z_trade_count_spot_300s,eth,S6,Cross-Asset-Intermediary,s6_cross_asset,,900.0,Cross-Asset,6013.0,ca_z_trade_count_spot_300s_eth,False,False,True,spec,ca_z_trade_count
ca_z_avg_trade_size_spot_900s_btc,ca_z_avg_trade_size_spot_900s,btc,S6,Cross-Asset-Intermediary,s6_cross_asset,,900.0,Cross-Asset,6015.0,ca_z_avg_trade_size_spot_900s_btc,False,False,True,spec,ca_z_avg_trade_size
ca_z_avg_trade_size_spot_900s_eth,ca_z_avg_trade_size_spot_900s,eth,S6,Cross-Asset-Intermediary,s6_cross_asset,,900.0,Cross-Asset,6016.0,ca_z_avg_trade_size_spot_900s_eth,False,False,True,spec,ca_z_avg_trade_size
ca_z_depth_slope_spot_15s_btc,ca_z_depth_slope_spot_15s,btc,S6,Cross-Asset-Intermediary,s6_cross_asset,,300.0,Cross-Asset,6018.0,ca_z_depth_slope_spot_15s_btc,False,False,True,spec,ca_z_depth_slope
ca_z_depth_slope_spot_15s_eth,ca_z_depth_slope_spot_15s,eth,S6,Cross-Asset-Intermediary,s6_cross_asset,,300.0,Cross-Asset,6019.0,ca_z_depth_slope_spot_15s_eth,False,False,True,spec,ca_z_depth_slope
ca_z_depth_slope_spot_60s_btc,ca_z_depth_slope_spot_60s,btc,S6,Cross-Asset-Intermediary,s6_cross_asset,,300.0,Cross-Asset,6021.0,ca_z_depth_slope_spot_60s_btc,False,False,True,spec,ca_z_depth_slope
ca_z_depth_slope_spot_60s_eth,ca_z_depth_slope_spot_60s,eth,S6,Cross-Asset-Intermediary,s6_cross_asset,,300.0,Cross-Asset,6022.0,ca_z_depth_slope_spot_60s_eth,False,False,True,spec,ca_z_depth_slope
ca_z_depth_slope_fut_15s_btc,ca_z_depth_slope_fut_15s,btc,S6,Cross-Asset-Intermediary,s6_cross_asset,,300.0,Cross-Asset,6024.0,ca_z_depth_slope_fut_15s_btc,False,False,True,spec,ca_z_depth_slope
ca_z_depth_slope_fut_15s_eth,ca_z_depth_slope_fut_15s,eth,S6,Cross-Asset-Intermediary,s6_cross_asset,,300.0,Cross-Asset,6025.0,ca_z_depth_slope_fut_15s_eth,False,False,True,spec,ca_z_depth_slope
ca_z_depth_slope_fut_60s_btc,ca_z_depth_slope_fut_60s,btc,S6,Cross-Asset-Intermediary,s6_cross_asset,,300.0,Cross-Asset,6027.0,ca_z_depth_slope_fut_60s_btc,False,False,True,spec,ca_z_depth_slope
ca_z_depth_slope_fut_60s_eth,ca_z_depth_slope_fut_60s,eth,S6,Cross-Asset-Intermediary,s6_cross_asset,,300.0,Cross-Asset,6028.0,ca_z_depth_slope_fut_60s_eth,False,False,True,spec,ca_z_depth_slope
ca_z_depth_curvature_spot_15s_btc,ca_z_depth_curvature_spot_15s,btc,S6,Cross-Asset-Intermediary,s6_cross_asset,,300.0,Cross-Asset,6030.0,ca_z_depth_curvature_spot_15s_btc,False,False,True,spec,ca_z_depth_curvature
ca_z_depth_curvature_spot_15s_eth,ca_z_depth_curvature_spot_15s,eth,S6,Cross-Asset-Intermediary,s6_cross_asset,,300.0,Cross-Asset,6031.0,ca_z_depth_curvature_spot_15s_eth,False,False,True,spec,ca_z_depth_curvature
ca_z_depth_curvature_spot_60s_btc,ca_z_depth_curvature_spot_60s,btc,S6,Cross-Asset-Intermediary,s6_cross_asset,,300.0,Cross-Asset,6033.0,ca_z_depth_curvature_spot_60s_btc,False,False,True,spec,ca_z_depth_curvature
ca_z_depth_curvature_spot_60s_eth,ca_z_depth_curvature_spot_60s,eth,S6,Cross-Asset-Intermediary,s6_cross_asset,,300.0,Cross-Asset,6034.0,ca_z_depth_curvature_spot_60s_eth,False,False,True,spec,ca_z_depth_curvature
ca_z_depth_curvature_fut_15s_btc,ca_z_depth_curvature_fut_15s,btc,S6,Cross-Asset-Intermediary,s6_cross_asset,,300.0,Cross-Asset,6036.0,ca_z_depth_curvature_fut_15s_btc,False,False,True,spec,ca_z_depth_curvature
ca_z_depth_curvature_fut_15s_eth,ca_z_depth_curvature_fut_15s,eth,S6,Cross-Asset-Intermediary,s6_cross_asset,,300.0,Cross-Asset,6037.0,ca_z_depth_curvature_fut_15s_eth,False,False,True,spec,ca_z_depth_curvature
ca_z_depth_curvature_fut_60s_btc,ca_z_depth_curvature_fut_60s,btc,S6,Cross-Asset-Intermediary,s6_cross_asset,,300.0,Cross-Asset,6039.0,ca_z_depth_curvature_fut_60s_btc,False,False,True,spec,ca_z_depth_curvature
ca_z_depth_curvature_fut_60s_eth,ca_z_depth_curvature_fut_60s,eth,S6,Cross-Asset-Intermediary,s6_cross_asset,,300.0,Cross-Asset,6040.0,ca_z_depth_curvature_fut_60s_eth,False,False,True,spec,ca_z_depth_curvature
ca_taker_imb_spot_spread_15s_btceth,ca_taker_imb_spot_spread_15s,btceth,S6,Cross-Asset,s6_cross_asset,,,Cross-Asset,6042.0,ca_taker_imb_spot_spread_15s_btceth,False,False,True,spec,ca_taker_imb_spread
ca_taker_imb_spot_spread_60s_btceth,ca_taker_imb_spot_spread_60s,btceth,S6,Cross-Asset,s6_cross_asset,,,Cross-Asset,6043.0,ca_taker_imb_spot_spread_60s_btceth,False,False,True,spec,ca_taker_imb_spread
ca_taker_imb_fut_spread_15s_btceth,ca_taker_imb_fut_spread_15s,btceth,S6,Cross-Asset,s6_cross_asset,,,Cross-Asset,6044.0,ca_taker_imb_fut_spread_15s_btceth,False,False,True,spec,ca_taker_imb_spread
ca_taker_imb_fut_spread_60s_btceth,ca_taker_imb_fut_spread_60s,btceth,S6,Cross-Asset,s6_cross_asset,,,Cross-Asset,6045.0,ca_taker_imb_fut_spread_60s_btceth,False,False,True,spec,ca_taker_imb_spread
ca_net_pressure_spot_5bps_spread_60s_btceth,ca_net_pressure_spot_5bps_spread_60s,btceth,S6,Cross-Asset,s6_cross_asset,,,Cross-Asset,6046.0,ca_net_pressure_spot_5bps_spread_60s_btceth,False,False,True,spec,ca_net_pressure_5bps_spread
ca_net_pressure_spot_10bps_spread_60s_btceth,ca_net_pressure_spot_10bps_spread_60s,btceth,S6,Cross-Asset,s6_cross_asset,,,Cross-Asset,6047.0,ca_net_pressure_spot_10bps_spread_60s_btceth,False,False,True,spec,ca_net_pressure_10bps_spread
ca_net_pressure_spot_5bps_spread_300s_btceth,ca_net_pressure_spot_5bps_spread_300s,btceth,S6,Cross-Asset,s6_cross_asset,,,Cross-Asset,6048.0,ca_net_pressure_spot_5bps_spread_300s_btceth,False,False,True,spec,ca_net_pressure_5bps_spread
ca_net_pressure_fut_5bps_spread_60s_btceth,ca_net_pressure_fut_5bps_spread_60s,btceth,S6,Cross-Asset,s6_cross_asset,,,Cross-Asset,6049.0,ca_net_pressure_fut_5bps_spread_60s_btceth,False,False,True,spec,ca_net_pressure_5bps_spread
ca_impact_eff_fut_spread_15s_btceth,ca_impact_eff_fut_spread_15s,btceth,S6,Cross-Asset,s6_cross_asset,,,Cross-Asset,6050.0,ca_impact_eff_fut_spread_15s_btceth,False,False,True,spec,ca_impact_eff_spread
ca_impact_eff_fut_spread_60s_btceth,ca_impact_eff_fut_spread_60s,btceth,S6,Cross-Asset,s6_cross_asset,,,Cross-Asset,6051.0,ca_impact_eff_fut_spread_60s_btceth,False,False,True,spec,ca_impact_eff_spread
ca_queue_pressure_spot_1bps_spread_15s_btceth,ca_queue_pressure_spot_1bps_spread_15s,btceth,S6,Cross-Asset,s6_cross_asset,,,Cross-Asset,6052.0,ca_queue_pressure_spot_1bps_spread_15s_btceth,False,False,True,spec,ca_queue_pressure_1bps_spread
ca_queue_pressure_spot_1bps_spread_60s_btceth,ca_queue_pressure_spot_1bps_spread_60s,btceth,S6,Cross-Asset,s6_cross_asset,,,Cross-Asset,6053.0,ca_queue_pressure_spot_1bps_spread_60s_btceth,False,False,True,spec,ca_queue_pressure_1bps_spread
ca_queue_pressure_fut_1bps_spread_15s_btceth,ca_queue_pressure_fut_1bps_spread_15s,btceth,S6,Cross-Asset,s6_cross_asset,,,Cross-Asset,6054.0,ca_queue_pressure_fut_1bps_spread_15s_btceth,False,False,True,spec,ca_queue_pressure_1bps_spread
ca_queue_pressure_fut_1bps_spread_60s_btceth,ca_queue_pressure_fut_1bps_spread_60s,btceth,S6,Cross-Asset,s6_cross_asset,,,Cross-Asset,6055.0,ca_queue_pressure_fut_1bps_spread_60s_btceth,False,False,True,spec,ca_queue_pressure_1bps_spread
ca_absorb_break_shock_spot_spread_15s_btceth,ca_absorb_break_shock_spot_spread_15s,btceth,S6,Cross-Asset,s6_cross_asset,,,Cross-Asset,6056.0,ca_absorb_break_shock_spot_spread_15s_btceth,False,False,True,spec,ca_absorb_break_shock_spread
ca_absorb_break_shock_fut_spread_15s_btceth,ca_absorb_break_shock_fut_spread_15s,btceth,S6,Cross-Asset,s6_cross_asset,,,Cross-Asset,6057.0,ca_absorb_break_shock_fut_spread_15s_btceth,False,False,True,spec,ca_absorb_break_shock_spread
ca_net_add_spot_5bps_spread_15s_btceth,ca_net_add_spot_5bps_spread_15s,btceth,S6,Cross-Asset,s6_cross_asset,,,Cross-Asset,6060.0,ca_net_add_spot_5bps_spread_15s_btceth,False,False,True,spec,ca_net_add_5bps_spread
ca_net_cancel_spot_5bps_spread_15s_btceth,ca_net_cancel_spot_5bps_spread_15s,btceth,S6,Cross-Asset,s6_cross_asset,,,Cross-Asset,6061.0,ca_net_cancel_spot_5bps_spread_15s_btceth,False,False,True,spec,ca_net_cancel_5bps_spread
ca_net_add_spot_5bps_spread_60s_btceth,ca_net_add_spot_5bps_spread_60s,btceth,S6,Cross-Asset,s6_cross_asset,,,Cross-Asset,6062.0,ca_net_add_spot_5bps_spread_60s_btceth,False,False,True,spec,ca_net_add_5bps_spread
ca_net_cancel_spot_5bps_spread_60s_btceth,ca_net_cancel_spot_5bps_spread_60s,btceth,S6,Cross-Asset,s6_cross_asset,,,Cross-Asset,6063.0,ca_net_cancel_spot_5bps_spread_60s_btceth,False,False,True,spec,ca_net_cancel_5bps_spread
ca_lag_corr_btc_taker_lead_eth_ret_1s,ca_lag_corr_btc_taker_lead_eth_ret_1s,btceth,S6,Cross-Asset,s6_cross_asset,,60.0,Cross-Asset,6065.0,ca_lag_corr_btc_taker_lead_eth_ret_1s,False,False,True,spec,ca_lag_corr_btc_taker_lead_eth_ret
ca_lag_corr_eth_taker_lead_btc_ret_1s,ca_lag_corr_eth_taker_lead_btc_ret_1s,btceth,S6,Cross-Asset,s6_cross_asset,,60.0,Cross-Asset,6066.0,ca_lag_corr_eth_taker_lead_btc_ret_1s,False,False,True,spec,ca_lag_corr_eth_taker_lead_btc_ret
ca_lag_corr_btc_taker_lead_eth_ret_3s,ca_lag_corr_btc_taker_lead_eth_ret_3s,btceth,S6,Cross-Asset,s6_cross_asset,,60.0,Cross-Asset,6067.0,ca_lag_corr_btc_taker_lead_eth_ret_3s,False,False,True,spec,ca_lag_corr_btc_taker_lead_eth_ret
ca_lag_corr_eth_taker_lead_btc_ret_3s,ca_lag_corr_eth_taker_lead_btc_ret_3s,btceth,S6,Cross-Asset,s6_cross_asset,,60.0,Cross-Asset,6068.0,ca_lag_corr_eth_taker_lead_btc_ret_3s,False,False,True,spec,ca_lag_corr_eth_taker_lead_btc_ret
ca_lag_corr_btc_taker_lead_eth_ret_5s,ca_lag_corr_btc_taker_lead_eth_ret_5s,btceth,S6,Cross-Asset,s6_cross_asset,,60.0,Cross-Asset,6069.0,ca_lag_corr_btc_taker_lead_eth_ret_5s,False,False,True,spec,ca_lag_corr_btc_taker_lead_eth_ret
ca_lag_corr_eth_taker_lead_btc_ret_5s,ca_lag_corr_eth_taker_lead_btc_ret_5s,btceth,S6,Cross-Asset,s6_cross_asset,,60.0,Cross-Asset,6070.0,ca_lag_corr_eth_taker_lead_btc_ret_5s,False,False,True,spec,ca_lag_corr_eth_taker_lead_btc_ret
ca_vacuum_shock_spot_5bps_spread_15s_btceth,ca_vacuum_shock_spot_5bps_spread_15s,btceth,S6,Cross-Asset,s6_cross_asset,,,Cross-Asset,6071.0,ca_vacuum_shock_spot_5bps_spread_15s_btceth,False,False,True,spec,ca_vacuum_shock_5bps_spread
ca_vacuum_shock_spot_5bps_spread_60s_btceth,ca_vacuum_shock_spot_5bps_spread_60s,btceth,S6,Cross-Asset,s6_cross_asset,,,Cross-Asset,6072.0,ca_vacuum_shock_spot_5bps_spread_60s_btceth,False,False,True,spec,ca_vacuum_shock_5bps_spread
ca_vacuum_shock_spot_10bps_spread_15s_btceth,ca_vacuum_shock_spot_10bps_spread_15s,btceth,S6,Cross-Asset,s6_cross_asset,,,Cross-Asset,6073.0,ca_vacuum_shock_spot_10bps_spread_15s_btceth,False,False,True,spec,ca_vacuum_shock_10bps_spread
ca_vacuum_shock_spot_10bps_spread_60s_btceth,ca_vacuum_shock_spot_10bps_spread_60s,btceth,S6,Cross-Asset,s6_cross_asset,,,Cross-Asset,6074.0,ca_vacuum_shock_spot_10bps_spread_60s_btceth,False,False,True,spec,ca_vacuum_shock_10bps_spread
ca_vacuum_shock_fut_5bps_spread_15s_btceth,ca_vacuum_shock_fut_5bps_spread_15s,btceth,S6,Cross-Asset,s6_cross_asset,,,Cross-Asset,6075.0,ca_vacuum_shock_fut_5bps_spread_15s_btceth,False,False,True,spec,ca_vacuum_shock_5bps_spread
ca_vacuum_shock_fut_5bps_spread_60s_btceth,ca_vacuum_shock_fut_5bps_spread_60s,btceth,S6,Cross-Asset,s6_cross_asset,,,Cross-Asset,6076.0,ca_vacuum_shock_fut_5bps_spread_60s_btceth,False,False,True,spec,ca_vacuum_shock_5bps_spread
ca_vacuum_shock_fut_10bps_spread_15s_btceth,ca_vacuum_shock_fut_10bps_spread_15s,btceth,S6,Cross-Asset,s6_cross_asset,,,Cross-Asset,6077.0,ca_vacuum_shock_fut_10bps_spread_15s_btceth,False,False,True,spec,ca_vacuum_shock_10bps_spread
ca_vacuum_shock_fut_10bps_spread_60s_btceth,ca_vacuum_shock_fut_10bps_spread_60s,btceth,S6,Cross-Asset,s6_cross_asset,,,Cross-Asset,6078.0,ca_vacuum_shock_fut_10bps_spread_60s_btceth,False,False,True,spec,ca_vacuum_shock_10bps_spread
ca_pull_rate_shock_spot_5bps_spread_15s_btceth,ca_pull_rate_shock_spot_5bps_spread_15s,btceth,S6,Cross-Asset,s6_cross_asset,,,Cross-Asset,6079.0,ca_pull_rate_shock_spot_5bps_spread_15s_btceth,False,False,True,spec,ca_pull_rate_shock_5bps_spread
ca_pull_rate_shock_spot_5bps_spread_60s_btceth,ca_pull_rate_shock_spot_5bps_spread_60s,btceth,S6,Cross-Asset,s6_cross_asset,,,Cross-Asset,6080.0,ca_pull_rate_shock_spot_5bps_spread_60s_btceth,False,False,True,spec,ca_pull_rate_shock_5bps_spread
ca_pull_rate_shock_spot_10bps_spread_15s_btceth,ca_pull_rate_shock_spot_10bps_spread_15s,btceth,S6,Cross-Asset,s6_cross_asset,,,Cross-Asset,6081.0,ca_pull_rate_shock_spot_10bps_spread_15s_btceth,False,False,True,spec,ca_pull_rate_shock_10bps_spread
ca_pull_rate_shock_fut_5bps_spread_15s_btceth,ca_pull_rate_shock_fut_5bps_spread_15s,btceth,S6,Cross-Asset,s6_cross_asset,,,Cross-Asset,6082.0,ca_pull_rate_shock_fut_5bps_spread_15s_btceth,False,False,True,spec,ca_pull_rate_shock_5bps_spread
ca_pull_rate_shock_fut_5bps_spread_60s_btceth,ca_pull_rate_shock_fut_5bps_spread_60s,btceth,S6,Cross-Asset,s6_cross_asset,,,Cross-Asset,6083.0,ca_pull_rate_shock_fut_5bps_spread_60s_btceth,False,False,True,spec,ca_pull_rate_shock_5bps_spread
ca_pull_rate_shock_fut_10bps_spread_15s_btceth,ca_pull_rate_shock_fut_10bps_spread_15s,btceth,S6,Cross-Asset,s6_cross_asset,,,Cross-Asset,6084.0,ca_pull_rate_shock_fut_10bps_spread_15s_btceth,False,False,True,spec,ca_pull_rate_shock_10bps_spread
ca_net_pressure_shock_spot_2bps_spread_15s_btceth,ca_net_pressure_shock_spot_2bps_spread_15s,btceth,S6,Cross-Asset,s6_cross_asset,,,Cross-Asset,6085.0,ca_net_pressure_shock_spot_2bps_spread_15s_btceth,False,False,True,spec,ca_net_pressure_shock_2bps_spread
ca_net_pressure_shock_spot_5bps_spread_15s_btceth,ca_net_pressure_shock_spot_5bps_spread_15s,btceth,S6,Cross-Asset,s6_cross_asset,,,Cross-Asset,6086.0,ca_net_pressure_shock_spot_5bps_spread_15s_btceth,False,False,True,spec,ca_net_pressure_shock_5bps_spread
ca_net_pressure_shock_spot_5bps_spread_60s_btceth,ca_net_pressure_shock_spot_5bps_spread_60s,btceth,S6,Cross-Asset,s6_cross_asset,,,Cross-Asset,6087.0,ca_net_pressure_shock_spot_5bps_spread_60s_btceth,False,False,True,spec,ca_net_pressure_shock_5bps_spread
ca_net_pressure_shock_spot_10bps_spread_60s_btceth,ca_net_pressure_shock_spot_10bps_spread_60s,btceth,S6,Cross-Asset,s6_cross_asset,,,Cross-Asset,6088.0,ca_net_pressure_shock_spot_10bps_spread_60s_btceth,False,False,True,spec,ca_net_pressure_shock_10bps_spread
ca_net_pressure_shock_fut_2bps_spread_15s_btceth,ca_net_pressure_shock_fut_2bps_spread_15s,btceth,S6,Cross-Asset,s6_cross_asset,,,Cross-Asset,6089.0,ca_net_pressure_shock_fut_2bps_spread_15s_btceth,False,False,True,spec,ca_net_pressure_shock_2bps_spread
ca_net_pressure_shock_fut_5bps_spread_15s_btceth,ca_net_pressure_shock_fut_5bps_spread_15s,btceth,S6,Cross-Asset,s6_cross_asset,,,Cross-Asset,6090.0,ca_net_pressure_shock_fut_5bps_spread_15s_btceth,False,False,True,spec,ca_net_pressure_shock_5bps_spread
ca_net_pressure_shock_fut_5bps_spread_60s_btceth,ca_net_pressure_shock_fut_5bps_spread_60s,btceth,S6,Cross-Asset,s6_cross_asset,,,Cross-Asset,6091.0,ca_net_pressure_shock_fut_5bps_spread_60s_btceth,False,False,True,spec,ca_net_pressure_shock_5bps_spread
ca_net_pressure_shock_fut_10bps_spread_60s_btceth,ca_net_pressure_shock_fut_10bps_spread_60s,btceth,S6,Cross-Asset,s6_cross_asset,,,Cross-Asset,6092.0,ca_net_pressure_shock_fut_10bps_spread_60s_btceth,False,False,True,spec,ca_net_pressure_shock_10bps_spread
ca_impact_shock_spot_spread_15s_btceth,ca_impact_shock_spot_spread_15s,btceth,S6,Cross-Asset,s6_cross_asset,,,Cross-Asset,6093.0,ca_impact_shock_spot_spread_15s_btceth,False,False,True,spec,ca_impact_shock_spread
ca_impact_shock_spot_spread_60s_btceth,ca_impact_shock_spot_spread_60s,btceth,S6,Cross-Asset,s6_cross_asset,,,Cross-Asset,6094.0,ca_impact_shock_spot_spread_60s_btceth,False,False,True,spec,ca_impact_shock_spread
ca_impact_shock_fut_spread_15s_btceth,ca_impact_shock_fut_spread_15s,btceth,S6,Cross-Asset,s6_cross_asset,,,Cross-Asset,6095.0,ca_impact_shock_fut_spread_15s_btceth,False,False,True,spec,ca_impact_shock_spread
ca_impact_shock_fut_spread_60s_btceth,ca_impact_shock_fut_spread_60s,btceth,S6,Cross-Asset,s6_cross_asset,,,Cross-Asset,6096.0,ca_impact_shock_fut_spread_60s_btceth,False,False,True,spec,ca_impact_shock_spread
ca_net_pressure_persist_spot_5bps_spread_60s_btceth,ca_net_pressure_persist_spot_5bps_spread_60s,btceth,S6,Cross-Asset,s6_cross_asset,,,Cross-Asset,6097.0,ca_net_pressure_persist_spot_5bps_spread_60s_btceth,False,False,True,spec,ca_net_pressure_persist_5bps_spread
ca_net_pressure_persist_spot_5bps_spread_300s_btceth,ca_net_pressure_persist_spot_5bps_spread_300s,btceth,S6,Cross-Asset,s6_cross_asset,,,Cross-Asset,6098.0,ca_net_pressure_persist_spot_5bps_spread_300s_btceth,False,False,True,spec,ca_net_pressure_persist_5bps_spread
ca_net_pressure_persist_spot_10bps_spread_60s_btceth,ca_net_pressure_persist_spot_10bps_spread_60s,btceth,S6,Cross-Asset,s6_cross_asset,,,Cross-Asset,6099.0,ca_net_pressure_persist_spot_10bps_spread_60s_btceth,False,False,True,spec,ca_net_pressure_persist_10bps_spread
ca_net_pressure_persist_fut_5bps_spread_60s_btceth,ca_net_pressure_persist_fut_5bps_spread_60s,btceth,S6,Cross-Asset,s6_cross_asset,,,Cross-Asset,6100.0,ca_net_pressure_persist_fut_5bps_spread_60s_btceth,False,False,True,spec,ca_net_pressure_persist_5bps_spread
ca_net_pressure_persist_fut_5bps_spread_300s_btceth,ca_net_pressure_persist_fut_5bps_spread_300s,btceth,S6,Cross-Asset,s6_cross_asset,,,Cross-Asset,6101.0,ca_net_pressure_persist_fut_5bps_spread_300s_btceth,False,False,True,spec,ca_net_pressure_persist_5bps_spread
ca_net_pressure_persist_fut_10bps_spread_60s_btceth,ca_net_pressure_persist_fut_10bps_spread_60s,btceth,S6,Cross-Asset,s6_cross_asset,,,Cross-Asset,6102.0,ca_net_pressure_persist_fut_10bps_spread_60s_btceth,False,False,True,spec,ca_net_pressure_persist_10bps_spread
ca_taker_imb_persist_spot_spread_15s_btceth,ca_taker_imb_persist_spot_spread_15s,btceth,S6,Cross-Asset,s6_cross_asset,,,Cross-Asset,6103.0,ca_taker_imb_persist_spot_spread_15s_btceth,False,False,True,spec,ca_taker_imb_persist_spread
ca_taker_imb_persist_spot_spread_60s_btceth,ca_taker_imb_persist_spot_spread_60s,btceth,S6,Cross-Asset,s6_cross_asset,,,Cross-Asset,6104.0,ca_taker_imb_persist_spot_spread_60s_btceth,False,False,True,spec,ca_taker_imb_persist_spread
ca_taker_imb_persist_fut_spread_15s_btceth,ca_taker_imb_persist_fut_spread_15s,btceth,S6,Cross-Asset,s6_cross_asset,,,Cross-Asset,6105.0,ca_taker_imb_persist_fut_spread_15s_btceth,False,False,True,spec,ca_taker_imb_persist_spread
ca_taker_imb_persist_fut_spread_60s_btceth,ca_taker_imb_persist_fut_spread_60s,btceth,S6,Cross-Asset,s6_cross_asset,,,Cross-Asset,6106.0,ca_taker_imb_persist_fut_spread_60s_btceth,False,False,True,spec,ca_taker_imb_persist_spread
ca_taker_imb_shock_spread_15s_btceth,ca_taker_imb_shock_spread_15s,btceth,S6,Cross-Asset,s6_cross_asset,,,Cross-Asset,6107.0,ca_taker_imb_shock_spread_15s_btceth,False,False,True,spec,ca_taker_imb_shock_spread
ca_taker_imb_shock_spread_5s_btceth,ca_taker_imb_shock_spread_5s,btceth,S6,Cross-Asset,s6_cross_asset,,,Cross-Asset,6108.0,ca_taker_imb_shock_spread_5s_btceth,False,False,True,spec,ca_taker_imb_shock_spread
ca_refill_vs_pull_spot_1bps_spread_15s_btceth,ca_refill_vs_pull_spot_1bps_spread_15s,btceth,S6,Cross-Asset,s6_cross_asset,,,Cross-Asset,6109.0,ca_refill_vs_pull_spot_1bps_spread_15s_btceth,False,False,True,spec,ca_refill_vs_pull_1bps_spread
ca_refill_vs_pull_spot_2bps_spread_60s_btceth,ca_refill_vs_pull_spot_2bps_spread_60s,btceth,S6,Cross-Asset,s6_cross_asset,,,Cross-Asset,6110.0,ca_refill_vs_pull_spot_2bps_spread_60s_btceth,False,False,True,spec,ca_refill_vs_pull_2bps_spread
ca_refill_vs_pull_fut_1bps_spread_15s_btceth,ca_refill_vs_pull_fut_1bps_spread_15s,btceth,S6,Cross-Asset,s6_cross_asset,,,Cross-Asset,6111.0,ca_refill_vs_pull_fut_1bps_spread_15s_btceth,False,False,True,spec,ca_refill_vs_pull_1bps_spread
ca_refill_vs_pull_fut_2bps_spread_60s_btceth,ca_refill_vs_pull_fut_2bps_spread_60s,btceth,S6,Cross-Asset,s6_cross_asset,,,Cross-Asset,6112.0,ca_refill_vs_pull_fut_2bps_spread_60s_btceth,False,False,True,spec,ca_refill_vs_pull_2bps_spread
ca_regime_xor_60s_btceth,ca_regime_xor_60s,btceth,S6,Cross-Asset,s6_cross_asset,,,Cross-Asset,6123.0,ca_regime_xor_60s_btceth,False,False,True,spec,ca_regime_xor
ca_regime_xor_300s_btceth,ca_regime_xor_300s,btceth,S6,Cross-Asset,s6_cross_asset,,,Cross-Asset,6124.0,ca_regime_xor_300s_btceth,False,False,True,spec,ca_regime_xor
ca_regime_align_60s_btceth,ca_regime_align_60s,btceth,S6,Cross-Asset,s6_cross_asset,,,Cross-Asset,6125.0,ca_regime_align_60s_btceth,False,False,True,spec,ca_regime_align
ca_regime_align_300s_btceth,ca_regime_align_300s,btceth,S6,Cross-Asset,s6_cross_asset,,,Cross-Asset,6126.0,ca_regime_align_300s_btceth,False,False,True,spec,ca_regime_align
ca_ret_fwd_spread_1s_btceth,ca_ret_fwd_spread_1s,btceth,S6,Cross-Asset,s6_cross_asset,,,Cross-Asset,6127.0,ca_ret_fwd_spread_1s_btceth,False,True,False,spec,ca_ret_fwd_spread
ca_ret_fwd_spread_15s_btceth,ca_ret_fwd_spread_15s,btceth,S6,Cross-Asset,s6_cross_asset,,,Cross-Asset,6128.0,ca_ret_fwd_spread_15s_btceth,False,True,False,spec,ca_ret_fwd_spread
ca_ret_fwd_spread_60s_btceth,ca_ret_fwd_spread_60s,btceth,S6,Cross-Asset,s6_cross_asset,,,Cross-Asset,6129.0,ca_ret_fwd_spread_60s_btceth,False,True,False,spec,ca_ret_fwd_spread
ca_ret_fwd_spread_300s_btceth,ca_ret_fwd_spread_300s,btceth,S6,Cross-Asset,s6_cross_asset,,,Cross-Asset,6130.0,ca_ret_fwd_spread_300s_btceth,False,True,False,spec,ca_ret_fwd_spread
ca_ret_fwd_spread_900s_btceth,ca_ret_fwd_spread_900s,btceth,S6,Cross-Asset,s6_cross_asset,,,Cross-Asset,6131.0,ca_ret_fwd_spread_900s_btceth,False,True,False,spec,ca_ret_fwd_spread
ca_range_pos_day_spread_fut_btceth,ca_range_pos_day_spread_fut,btceth,S6,Cross-Asset,s6_cross_asset,,,Cross-Asset,6132.0,ca_range_pos_day_spread_fut_btceth,False,False,True,spec,ca_range_pos_day_spread
ca_range_pos_day_spread_spot_btceth,ca_range_pos_day_spread_spot,btceth,S6,Cross-Asset,s6_cross_asset,,,Cross-Asset,6133.0,ca_range_pos_day_spread_spot_btceth,False,False,True,spec,ca_range_pos_day_spread
ca_dist_to_day_high_bps_spread_fut_btceth,ca_dist_to_day_high_bps_spread_fut,btceth,S6,Cross-Asset,s6_cross_asset,,,Cross-Asset,6134.0,ca_dist_to_day_high_bps_spread_fut_btceth,False,False,True,spec,ca_dist_to_day_high_bps_spread
ca_dist_to_day_high_bps_spread_spot_btceth,ca_dist_to_day_high_bps_spread_spot,btceth,S6,Cross-Asset,s6_cross_asset,,,Cross-Asset,6135.0,ca_dist_to_day_high_bps_spread_spot_btceth,False,False,True,spec,ca_dist_to_day_high_bps_spread
ca_dist_to_day_low_bps_spread_fut_btceth,ca_dist_to_day_low_bps_spread_fut,btceth,S6,Cross-Asset,s6_cross_asset,,,Cross-Asset,6136.0,ca_dist_to_day_low_bps_spread_fut_btceth,False,False,True,spec,ca_dist_to_day_low_bps_spread
ca_dist_to_day_low_bps_spread_spot_btceth,ca_dist_to_day_low_bps_spread_spot,btceth,S6,Cross-Asset,s6_cross_asset,,,Cross-Asset,6137.0,ca_dist_to_day_low_bps_spread_spot_btceth,False,False,True,spec,ca_dist_to_day_low_bps_spread
ca_range_pct_spread_spot_900s_btceth,ca_range_pct_spread_spot_900s,btceth,S6,Cross-Asset,s6_cross_asset,,,Cross-Asset,6138.0,ca_range_pct_spread_spot_900s_btceth,False,False,True,spec,ca_range_pct_spread
ca_range_pct_spread_fut_900s_btceth,ca_range_pct_spread_fut_900s,btceth,S6,Cross-Asset,s6_cross_asset,,,Cross-Asset,6139.0,ca_range_pct_spread_fut_900s_btceth,False,False,True,spec,ca_range_pct_spread
ca_day_range_bps_spread_fut_btceth,ca_day_range_bps_spread_fut,btceth,S6,Cross-Asset,s6_cross_asset,,,Cross-Asset,6140.0,ca_day_range_bps_spread_fut_btceth,False,False,True,spec,ca_day_range_bps_spread
ca_basis_vwap_sf_spread_1s_btceth,ca_basis_vwap_sf_spread_1s,btceth,S6,Cross-Asset,s6_cross_asset,,,Cross-Asset,6141.0,ca_basis_vwap_sf_spread_1s_btceth,False,False,True,spec,ca_basis_vwap_sf_spread
ca_basis_vwap_sf_spread_300s_btceth,ca_basis_vwap_sf_spread_300s,btceth,S6,Cross-Asset,s6_cross_asset,,,Cross-Asset,6142.0,ca_basis_vwap_sf_spread_300s_btceth,False,False,True,spec,ca_basis_vwap_sf_spread
ca_microprice_dev_spot_5bps_spread_1s_btceth,ca_microprice_dev_spot_5bps_spread_1s,btceth,S6,Cross-Asset,s6_cross_asset,,,Cross-Asset,6058.0,ca_microprice_dev_spot_5bps_spread_1s_btceth,False,False,True,spec,ca_microprice_dev_5bps_spread
ca_microprice_dev_fut_5bps_spread_1s_btceth,ca_microprice_dev_fut_5bps_spread_1s,btceth,S6,Cross-Asset,s6_cross_asset,,,Cross-Asset,6059.0,ca_microprice_dev_fut_5bps_spread_1s_btceth,False,False,True,spec,ca_microprice_dev_5bps_spread
ca_spread_bps_spot_spread_1s_btceth,ca_spread_bps_spot_spread_1s,btceth,S6,Cross-Asset,s6_cross_asset,,,Cross-Asset,6121.0,ca_spread_bps_spot_spread_1s_btceth,False,False,True,spec,ca_spread_bps_spread
ca_spread_bps_fut_spread_1s_btceth,ca_spread_bps_fut_spread_1s,btceth,S6,Cross-Asset,s6_cross_asset,,,Cross-Asset,6122.0,ca_spread_bps_fut_spread_1s_btceth,False,False,True,spec,ca_spread_bps_spread
ca_activity_trade_count_spot_300s_spread_btceth,ca_activity_trade_count_spot_300s_spread,btceth,S6,Cross-Asset,s6_cross_asset,,,Cross-Asset,6143.0,ca_activity_trade_count_spot_300s_spread_btceth,False,False,True,spec,ca_activity_trade_count_spread
ca_activity_avg_trade_size_spot_900s_spread_btceth,ca_activity_avg_trade_size_spot_900s_spread,btceth,S6,Cross-Asset,s6_cross_asset,,,Cross-Asset,6144.0,ca_activity_avg_trade_size_spot_900s_spread_btceth,False,False,True,spec,ca_activity_avg_trade_size_spread
ca_depth_slope_spot_spread_15s_btceth,ca_depth_slope_spot_spread_15s,btceth,S6,Cross-Asset,s6_cross_asset,,,Cross-Asset,6113.0,ca_depth_slope_spot_spread_15s_btceth,False,False,True,spec,ca_depth_slope_spread
ca_depth_slope_spot_spread_60s_btceth,ca_depth_slope_spot_spread_60s,btceth,S6,Cross-Asset,s6_cross_asset,,,Cross-Asset,6114.0,ca_depth_slope_spot_spread_60s_btceth,False,False,True,spec,ca_depth_slope_spread
ca_depth_slope_fut_spread_15s_btceth,ca_depth_slope_fut_spread_15s,btceth,S6,Cross-Asset,s6_cross_asset,,,Cross-Asset,6115.0,ca_depth_slope_fut_spread_15s_btceth,False,False,True,spec,ca_depth_slope_spread
ca_depth_slope_fut_spread_60s_btceth,ca_depth_slope_fut_spread_60s,btceth,S6,Cross-Asset,s6_cross_asset,,,Cross-Asset,6116.0,ca_depth_slope_fut_spread_60s_btceth,False,False,True,spec,ca_depth_slope_spread
ca_depth_curvature_spot_spread_15s_btceth,ca_depth_curvature_spot_spread_15s,btceth,S6,Cross-Asset,s6_cross_asset,,,Cross-Asset,6117.0,ca_depth_curvature_spot_spread_15s_btceth,False,False,True,spec,ca_depth_curvature_spread
ca_depth_curvature_spot_spread_60s_btceth,ca_depth_curvature_spot_spread_60s,btceth,S6,Cross-Asset,s6_cross_asset,,,Cross-Asset,6118.0,ca_depth_curvature_spot_spread_60s_btceth,False,False,True,spec,ca_depth_curvature_spread
ca_depth_curvature_fut_spread_15s_btceth,ca_depth_curvature_fut_spread_15s,btceth,S6,Cross-Asset,s6_cross_asset,,,Cross-Asset,6119.0,ca_depth_curvature_fut_spread_15s_btceth,False,False,True,spec,ca_depth_curvature_spread
ca_depth_curvature_fut_spread_60s_btceth,ca_depth_curvature_fut_spread_60s,btceth,S6,Cross-Asset,s6_cross_asset,,,Cross-Asset,6120.0,ca_depth_curvature_fut_spread_60s_btceth,False,False,True,spec,ca_depth_curvature_spread
ca_add_minus_cancel_spot_5bps_spread_15s_btceth,ca_add_minus_cancel_spot_5bps_spread_15s,btceth,S6,Cross-Asset,s6_cross_asset,,,Cross-Asset,6064.0,ca_add_minus_cancel_spot_5bps_spread_15s_btceth,False,False,True,spec,ca_add_minus_cancel_5bps_spread
__index_level_0__,__index_level_0__,,S0,Data Health / Context,,,,,,,True,False,False,meta_pattern,__index_level_0__
