column,type,asset,source,bare_name,bundle,family,use_tree,use_linear,use_cluster,use_anomaly,vif,top_returns,top_mfe,top_mae,top_short_horizon,top_long_horizon
above_prev_day_high_fut_btc,feature,btc,S5,above_prev_day_high_fut,B6_context,Level Events,True,False,True,True,,False,False,False,False,False
above_prev_day_high_fut_eth,feature,eth,S5,above_prev_day_high_fut,B6_context,Level Events,True,False,True,True,,False,False,False,False,False
above_week_open_fut_btc,feature,btc,S5,above_week_open_fut,B6_context,Level Events,True,False,True,True,,False,False,False,False,False
absorb_refill_ask_fut_10bps_1s_btc,feature,btc,S5,absorb_refill_ask_fut_10bps_1s,B3_flow,Absorption,True,True,True,True,5.8311,False,False,False,False,False
absorb_refill_ask_fut_10bps_1s_eth,feature,eth,S5,absorb_refill_ask_fut_10bps_1s,B3_flow,Absorption,True,True,True,True,5.8311,False,False,False,True,False
absorb_refill_ask_fut_2bps_1s_btc,feature,btc,S5,absorb_refill_ask_fut_2bps_1s,B3_flow,Absorption,True,False,True,True,2765.1572,False,False,False,False,False
absorb_refill_ask_fut_2bps_1s_eth,feature,eth,S5,absorb_refill_ask_fut_2bps_1s,B3_flow,Absorption,True,False,True,True,2765.1572,False,False,False,False,False
absorb_refill_ask_fut_5bps_1s_btc,feature,btc,S5,absorb_refill_ask_fut_5bps_1s,B3_flow,Absorption,True,False,True,True,1610.8177,False,False,False,False,False
absorb_refill_ask_fut_5bps_1s_eth,feature,eth,S5,absorb_refill_ask_fut_5bps_1s,B3_flow,Absorption,True,False,True,True,1610.8177,False,False,False,False,False
absorb_refill_ask_spot_10bps_1s_btc,feature,btc,S5,absorb_refill_ask_spot_10bps_1s,B3_flow,Absorption,True,False,True,True,24.2869,False,False,False,False,False
absorb_refill_ask_spot_10bps_1s_eth,feature,eth,S5,absorb_refill_ask_spot_10bps_1s,B3_flow,Absorption,True,False,True,True,24.2869,False,False,False,False,False
absorb_refill_ask_spot_2bps_1s_btc,feature,btc,S5,absorb_refill_ask_spot_2bps_1s,B3_flow,Absorption,True,False,True,True,11.4253,False,False,False,False,False
absorb_refill_ask_spot_2bps_1s_eth,feature,eth,S5,absorb_refill_ask_spot_2bps_1s,B3_flow,Absorption,True,False,True,True,11.4253,False,False,False,False,False
absorb_refill_ask_spot_5bps_1s_btc,feature,btc,S5,absorb_refill_ask_spot_5bps_1s,B3_flow,Absorption,True,False,True,True,14.6191,False,False,False,False,False
absorb_refill_ask_spot_5bps_1s_eth,feature,eth,S5,absorb_refill_ask_spot_5bps_1s,B3_flow,Absorption,True,False,True,True,14.6191,False,False,False,False,False
absorb_refill_bid_fut_10bps_1s_btc,feature,btc,S5,absorb_refill_bid_fut_10bps_1s,B3_flow,Absorption,True,True,True,True,8.2732,False,False,False,True,False
absorb_refill_bid_fut_10bps_1s_eth,feature,eth,S5,absorb_refill_bid_fut_10bps_1s,B3_flow,Absorption,True,True,True,True,8.2732,False,False,False,False,False
absorb_refill_bid_fut_2bps_1s_btc,feature,btc,S5,absorb_refill_bid_fut_2bps_1s,B3_flow,Absorption,True,False,True,True,1022.4102,False,False,False,False,False
absorb_refill_bid_fut_2bps_1s_eth,feature,eth,S5,absorb_refill_bid_fut_2bps_1s,B3_flow,Absorption,True,False,True,True,1022.4102,False,True,False,True,False
absorb_refill_bid_fut_5bps_1s_btc,feature,btc,S5,absorb_refill_bid_fut_5bps_1s,B3_flow,Absorption,True,False,True,True,1736.1807,False,False,False,True,False
absorb_refill_bid_fut_5bps_1s_eth,feature,eth,S5,absorb_refill_bid_fut_5bps_1s,B3_flow,Absorption,True,False,True,True,1736.1807,False,False,False,False,False
absorb_refill_bid_spot_10bps_1s_btc,feature,btc,S5,absorb_refill_bid_spot_10bps_1s,B3_flow,Absorption,True,False,True,True,22.5174,False,False,False,False,False
absorb_refill_bid_spot_10bps_1s_eth,feature,eth,S5,absorb_refill_bid_spot_10bps_1s,B3_flow,Absorption,True,False,True,True,22.5174,False,False,False,False,False
absorb_refill_bid_spot_2bps_1s_btc,feature,btc,S5,absorb_refill_bid_spot_2bps_1s,B3_flow,Absorption,True,False,True,True,13.8814,False,False,False,False,False
absorb_refill_bid_spot_2bps_1s_eth,feature,eth,S5,absorb_refill_bid_spot_2bps_1s,B3_flow,Absorption,True,False,True,True,13.8814,False,False,False,False,False
absorb_refill_bid_spot_5bps_1s_btc,feature,btc,S5,absorb_refill_bid_spot_5bps_1s,B3_flow,Absorption,True,False,True,True,20.8268,False,False,False,False,False
absorb_refill_bid_spot_5bps_1s_eth,feature,eth,S5,absorb_refill_bid_spot_5bps_1s,B3_flow,Absorption,True,False,True,True,20.8268,False,False,False,False,False
absorb_refill_mid_fut_2bps_1s_btc,feature,btc,S5,absorb_refill_mid_fut_2bps_1s,B3_flow,Absorption,True,False,True,True,4414.4151,False,False,False,False,False
absorb_refill_mid_fut_2bps_1s_eth,feature,eth,S5,absorb_refill_mid_fut_2bps_1s,B3_flow,Absorption,True,False,True,True,4414.4151,False,False,False,False,False
absorb_refill_mid_fut_5bps_1s_btc,feature,btc,S5,absorb_refill_mid_fut_5bps_1s,B3_flow,Absorption,True,False,True,True,4921.1439,False,False,False,True,False
absorb_refill_mid_fut_5bps_1s_eth,feature,eth,S5,absorb_refill_mid_fut_5bps_1s,B3_flow,Absorption,True,False,True,True,4921.1439,False,False,False,False,False
absorption_asymmetry_fut_1bps_15s_btc,feature,btc,S5,absorption_asymmetry_fut_1bps_15s,B3_flow,Absorption,True,False,True,True,19.1799,False,False,False,True,False
absorption_asymmetry_fut_1bps_15s_eth,feature,eth,S5,absorption_asymmetry_fut_1bps_15s,B3_flow,Absorption,True,False,True,True,19.1799,False,False,False,False,False
absorption_asymmetry_fut_1bps_60s_btc,feature,btc,S5,absorption_asymmetry_fut_1bps_60s,B3_flow,Absorption,True,False,True,True,19.2984,False,False,False,False,False
absorption_asymmetry_fut_1bps_60s_eth,feature,eth,S5,absorption_asymmetry_fut_1bps_60s,B3_flow,Absorption,True,False,True,True,19.2984,False,True,False,True,True
absorption_asymmetry_spot_1bps_15s_btc,feature,btc,S5,absorption_asymmetry_spot_1bps_15s,B3_flow,Absorption,True,False,True,True,13.8441,False,False,False,True,False
absorption_asymmetry_spot_1bps_15s_eth,feature,eth,S5,absorption_asymmetry_spot_1bps_15s,B3_flow,Absorption,True,False,True,True,13.8441,False,False,False,False,False
absorption_asymmetry_spot_1bps_60s_btc,feature,btc,S5,absorption_asymmetry_spot_1bps_60s,B3_flow,Absorption,True,False,True,True,14.556,False,False,False,True,False
absorption_asymmetry_spot_1bps_60s_eth,feature,eth,S5,absorption_asymmetry_spot_1bps_60s,B3_flow,Absorption,True,False,True,True,14.556,False,False,False,False,False
absorption_break_fut_15s_btc,feature,btc,S5,absorption_break_fut_15s,B3_flow,Absorption,True,False,True,True,27.4374,False,False,False,True,False
absorption_break_fut_15s_eth,feature,eth,S5,absorption_break_fut_15s,B3_flow,Absorption,True,False,True,True,27.4374,False,False,False,False,False
absorption_break_fut_60s_btc,feature,btc,S5,absorption_break_fut_60s,B3_flow,Absorption,True,False,True,True,16.0234,False,False,False,False,False
absorption_break_fut_60s_eth,feature,eth,S5,absorption_break_fut_60s,B3_flow,Absorption,True,False,True,True,16.0234,False,False,False,False,False
absorption_break_shock_fut_15s_btc,feature,btc,S5,absorption_break_shock_fut_15s,B5_dynamics,Dynamics,True,True,True,True,4.5524,False,False,False,False,False
absorption_break_shock_fut_15s_eth,feature,eth,S5,absorption_break_shock_fut_15s,B5_dynamics,Dynamics,True,True,True,True,4.5524,False,False,False,False,False
absorption_break_shock_fut_60s_btc,feature,btc,S5,absorption_break_shock_fut_60s,B5_dynamics,Dynamics,True,True,True,True,4.0317,False,False,False,False,False
absorption_break_shock_fut_60s_eth,feature,eth,S5,absorption_break_shock_fut_60s,B5_dynamics,Dynamics,True,True,True,True,4.0317,False,False,False,False,False
absorption_break_shock_spot_15s_btc,feature,btc,S5,absorption_break_shock_spot_15s,B5_dynamics,Dynamics,True,True,True,True,4.7173,False,False,False,False,False
absorption_break_shock_spot_15s_eth,feature,eth,S5,absorption_break_shock_spot_15s,B5_dynamics,Dynamics,True,True,True,True,4.7173,False,False,False,False,False
absorption_break_shock_spot_60s_btc,feature,btc,S5,absorption_break_shock_spot_60s,B5_dynamics,Dynamics,True,True,True,True,3.7462,False,False,False,False,False
absorption_break_shock_spot_60s_eth,feature,eth,S5,absorption_break_shock_spot_60s,B5_dynamics,Dynamics,True,True,True,True,3.7462,False,False,False,False,False
absorption_break_spot_15s_btc,feature,btc,S5,absorption_break_spot_15s,B3_flow,Absorption,True,False,True,True,41.2943,False,False,False,False,False
absorption_break_spot_15s_eth,feature,eth,S5,absorption_break_spot_15s,B3_flow,Absorption,True,False,True,True,41.2943,False,False,False,False,False
absorption_break_spot_60s_btc,feature,btc,S5,absorption_break_spot_60s,B3_flow,Absorption,True,False,True,True,25.0967,False,False,False,True,False
absorption_break_spot_60s_eth,feature,eth,S5,absorption_break_spot_60s,B3_flow,Absorption,True,False,True,True,25.0967,False,False,False,False,False
absorption_volume_ask_fut_1bps_15s_btc,feature,btc,S5,absorption_volume_ask_fut_1bps_15s,B3_flow,Absorption,True,True,True,True,8.0183,False,False,False,True,False
absorption_volume_ask_fut_1bps_15s_eth,feature,eth,S5,absorption_volume_ask_fut_1bps_15s,B3_flow,Absorption,True,True,True,True,8.0183,False,False,True,True,False
absorption_volume_ask_fut_1bps_1s_btc,feature,btc,S5,absorption_volume_ask_fut_1bps_1s,B3_flow,Absorption,True,True,True,True,6.9391,True,False,False,False,False
absorption_volume_ask_fut_1bps_1s_eth,feature,eth,S5,absorption_volume_ask_fut_1bps_1s,B3_flow,Absorption,True,True,True,True,6.9391,False,False,True,True,False
absorption_volume_ask_fut_1bps_60s_btc,feature,btc,S5,absorption_volume_ask_fut_1bps_60s,B3_flow,Absorption,True,False,True,True,30.4838,False,False,False,False,False
absorption_volume_ask_fut_1bps_60s_eth,feature,eth,S5,absorption_volume_ask_fut_1bps_60s,B3_flow,Absorption,True,False,True,True,30.4838,False,False,False,True,False
absorption_volume_ask_spot_1bps_15s_btc,feature,btc,S5,absorption_volume_ask_spot_1bps_15s,B3_flow,Absorption,True,True,True,True,8.2363,False,False,False,True,False
absorption_volume_ask_spot_1bps_15s_eth,feature,eth,S5,absorption_volume_ask_spot_1bps_15s,B3_flow,Absorption,True,True,True,True,8.2363,False,False,False,True,False
absorption_volume_ask_spot_1bps_1s_btc,feature,btc,S5,absorption_volume_ask_spot_1bps_1s,B3_flow,Absorption,True,False,True,True,12.1702,False,False,False,False,False
absorption_volume_ask_spot_1bps_1s_eth,feature,eth,S5,absorption_volume_ask_spot_1bps_1s,B3_flow,Absorption,True,False,True,True,12.1702,False,False,False,True,False
absorption_volume_ask_spot_1bps_60s_btc,feature,btc,S5,absorption_volume_ask_spot_1bps_60s,B3_flow,Absorption,True,False,True,True,34.5166,False,False,False,False,False
absorption_volume_ask_spot_1bps_60s_eth,feature,eth,S5,absorption_volume_ask_spot_1bps_60s,B3_flow,Absorption,True,False,True,True,34.5166,False,False,False,True,False
absorption_volume_bid_fut_1bps_15s_btc,feature,btc,S5,absorption_volume_bid_fut_1bps_15s,B3_flow,Absorption,True,True,True,True,8.9324,False,False,False,False,False
absorption_volume_bid_fut_1bps_15s_eth,feature,eth,S5,absorption_volume_bid_fut_1bps_15s,B3_flow,Absorption,True,True,True,True,8.9324,False,False,False,False,False
absorption_volume_bid_fut_1bps_1s_btc,feature,btc,S5,absorption_volume_bid_fut_1bps_1s,B3_flow,Absorption,True,False,True,True,16.5211,False,True,False,False,False
absorption_volume_bid_fut_1bps_1s_eth,feature,eth,S5,absorption_volume_bid_fut_1bps_1s,B3_flow,Absorption,True,False,True,True,16.5211,False,True,False,True,True
absorption_volume_bid_fut_1bps_60s_btc,feature,btc,S5,absorption_volume_bid_fut_1bps_60s,B3_flow,Absorption,True,False,True,True,20.3736,False,False,False,False,False
absorption_volume_bid_fut_1bps_60s_eth,feature,eth,S5,absorption_volume_bid_fut_1bps_60s,B3_flow,Absorption,True,False,True,True,20.3736,False,True,False,True,False
absorption_volume_bid_spot_1bps_15s_btc,feature,btc,S5,absorption_volume_bid_spot_1bps_15s,B3_flow,Absorption,True,True,True,True,8.7736,False,False,False,False,False
absorption_volume_bid_spot_1bps_15s_eth,feature,eth,S5,absorption_volume_bid_spot_1bps_15s,B3_flow,Absorption,True,True,True,True,8.7736,False,True,False,True,False
absorption_volume_bid_spot_1bps_1s_btc,feature,btc,S5,absorption_volume_bid_spot_1bps_1s,B3_flow,Absorption,True,False,True,True,12.4144,False,False,False,False,False
absorption_volume_bid_spot_1bps_1s_eth,feature,eth,S5,absorption_volume_bid_spot_1bps_1s,B3_flow,Absorption,True,False,True,True,12.4144,False,False,False,False,False
absorption_volume_bid_spot_1bps_60s_btc,feature,btc,S5,absorption_volume_bid_spot_1bps_60s,B3_flow,Absorption,True,False,True,True,28.4323,False,False,False,False,False
absorption_volume_bid_spot_1bps_60s_eth,feature,eth,S5,absorption_volume_bid_spot_1bps_60s,B3_flow,Absorption,True,False,True,True,28.4323,False,True,False,True,False
add_rate_ask_fut_10bps_1s_btc,feature,btc,S5,add_rate_ask_fut_10bps_1s,B3_flow,Liquidity Events,True,False,True,True,1734.5125,False,False,False,False,False
add_rate_ask_fut_10bps_1s_eth,feature,eth,S5,add_rate_ask_fut_10bps_1s,B3_flow,Liquidity Events,True,False,True,True,1734.5125,False,False,False,False,False
add_rate_ask_fut_1bps_1s_btc,feature,btc,S5,add_rate_ask_fut_1bps_1s,B3_flow,Liquidity Events,True,True,True,True,9.6373,False,False,False,False,False
add_rate_ask_fut_1bps_1s_eth,feature,eth,S5,add_rate_ask_fut_1bps_1s,B3_flow,Liquidity Events,True,True,True,True,9.6373,False,False,False,False,False
add_rate_ask_fut_2bps_1s_btc,feature,btc,S5,add_rate_ask_fut_2bps_1s,B3_flow,Liquidity Events,True,False,True,True,1735.2699,False,False,False,False,False
add_rate_ask_fut_2bps_1s_eth,feature,eth,S5,add_rate_ask_fut_2bps_1s,B3_flow,Liquidity Events,True,False,True,True,1735.2699,False,False,False,False,False
add_rate_ask_fut_5bps_1s_btc,feature,btc,S5,add_rate_ask_fut_5bps_1s,B3_flow,Liquidity Events,True,False,True,True,2282.7339,False,False,False,False,False
add_rate_ask_fut_5bps_1s_eth,feature,eth,S5,add_rate_ask_fut_5bps_1s,B3_flow,Liquidity Events,True,False,True,True,2282.7339,False,False,False,False,False
add_rate_ask_spot_10bps_1s_btc,feature,btc,S5,add_rate_ask_spot_10bps_1s,B3_flow,Liquidity Events,True,False,True,True,2730.3209,False,False,False,False,False
add_rate_ask_spot_10bps_1s_eth,feature,eth,S5,add_rate_ask_spot_10bps_1s,B3_flow,Liquidity Events,True,False,True,True,2730.3209,False,False,False,False,False
add_rate_ask_spot_1bps_1s_btc,feature,btc,S5,add_rate_ask_spot_1bps_1s,B3_flow,Liquidity Events,True,False,True,True,31.2106,False,False,False,False,False
add_rate_ask_spot_2bps_1s_eth,feature,eth,S5,add_rate_ask_spot_2bps_1s,B3_flow,Liquidity Events,True,False,True,True,1640.7326,False,False,False,False,False
add_rate_ask_spot_5bps_1s_btc,feature,btc,S5,add_rate_ask_spot_5bps_1s,B3_flow,Liquidity Events,True,False,True,True,2426.242,False,False,False,False,False
add_rate_ask_spot_5bps_1s_eth,feature,eth,S5,add_rate_ask_spot_5bps_1s,B3_flow,Liquidity Events,True,False,True,True,2426.242,False,False,False,False,False
add_rate_bid_fut_10bps_1s_btc,feature,btc,S5,add_rate_bid_fut_10bps_1s,B3_flow,Liquidity Events,True,False,True,True,713.5144,False,False,False,False,False
add_rate_bid_fut_10bps_1s_eth,feature,eth,S5,add_rate_bid_fut_10bps_1s,B3_flow,Liquidity Events,True,False,True,True,713.5144,False,False,False,False,False
add_rate_bid_fut_1bps_1s_btc,feature,btc,S5,add_rate_bid_fut_1bps_1s,B3_flow,Liquidity Events,True,False,True,True,18.7872,False,False,False,False,False
add_rate_bid_fut_1bps_1s_eth,feature,eth,S5,add_rate_bid_fut_1bps_1s,B3_flow,Liquidity Events,True,False,True,True,18.7872,False,False,False,False,False
add_rate_bid_fut_2bps_1s_btc,feature,btc,S5,add_rate_bid_fut_2bps_1s,B3_flow,Liquidity Events,True,False,True,True,651.7707,False,False,False,False,False
add_rate_bid_fut_2bps_1s_eth,feature,eth,S5,add_rate_bid_fut_2bps_1s,B3_flow,Liquidity Events,True,False,True,True,651.7707,False,False,False,False,False
add_rate_bid_fut_5bps_1s_btc,feature,btc,S5,add_rate_bid_fut_5bps_1s,B3_flow,Liquidity Events,True,False,True,True,739.5102,False,False,False,False,False
add_rate_bid_fut_5bps_1s_eth,feature,eth,S5,add_rate_bid_fut_5bps_1s,B3_flow,Liquidity Events,True,False,True,True,739.5102,False,False,False,False,False
add_rate_bid_spot_10bps_1s_btc,feature,btc,S5,add_rate_bid_spot_10bps_1s,B3_flow,Liquidity Events,True,False,True,True,2310.6738,False,False,False,False,False
add_rate_bid_spot_10bps_1s_eth,feature,eth,S5,add_rate_bid_spot_10bps_1s,B3_flow,Liquidity Events,True,False,True,True,2310.6738,False,False,False,False,False
add_rate_bid_spot_2bps_1s_btc,feature,btc,S5,add_rate_bid_spot_2bps_1s,B3_flow,Liquidity Events,True,False,True,True,635.1689,False,False,False,False,False
add_rate_bid_spot_2bps_1s_eth,feature,eth,S5,add_rate_bid_spot_2bps_1s,B3_flow,Liquidity Events,True,False,True,True,635.1689,False,False,False,False,False
add_rate_bid_spot_5bps_1s_btc,feature,btc,S5,add_rate_bid_spot_5bps_1s,B3_flow,Liquidity Events,True,False,True,True,1799.547,False,False,False,False,False
add_rate_bid_spot_5bps_1s_eth,feature,eth,S5,add_rate_bid_spot_5bps_1s,B3_flow,Liquidity Events,True,False,True,True,1799.547,False,False,False,False,False
aggr_absorp_ratio_ask_fut_10bps_1s_btc,feature,btc,S5,aggr_absorp_ratio_ask_fut_10bps_1s,B3_flow,Absorption,True,False,True,True,195.1578,False,False,False,False,False
aggr_absorp_ratio_ask_fut_10bps_1s_eth,feature,eth,S5,aggr_absorp_ratio_ask_fut_10bps_1s,B3_flow,Absorption,True,False,True,True,195.1578,False,False,False,False,False
aggr_absorp_ratio_ask_fut_2bps_1s_btc,feature,btc,S5,aggr_absorp_ratio_ask_fut_2bps_1s,B3_flow,Absorption,True,False,True,True,68.3817,False,False,False,False,False
aggr_absorp_ratio_ask_fut_2bps_1s_eth,feature,eth,S5,aggr_absorp_ratio_ask_fut_2bps_1s,B3_flow,Absorption,True,False,True,True,68.3817,False,False,False,False,False
aggr_absorp_ratio_ask_fut_5bps_1s_btc,feature,btc,S5,aggr_absorp_ratio_ask_fut_5bps_1s,B3_flow,Absorption,True,False,True,True,82.3144,False,False,False,False,False
aggr_absorp_ratio_ask_fut_5bps_1s_eth,feature,eth,S5,aggr_absorp_ratio_ask_fut_5bps_1s,B3_flow,Absorption,True,False,True,True,82.3144,False,False,False,False,False
aggr_absorp_ratio_ask_spot_10bps_1s_btc,feature,btc,S5,aggr_absorp_ratio_ask_spot_10bps_1s,B3_flow,Absorption,True,False,True,True,588.4786,False,False,False,False,False
aggr_absorp_ratio_ask_spot_10bps_1s_eth,feature,eth,S5,aggr_absorp_ratio_ask_spot_10bps_1s,B3_flow,Absorption,True,False,True,True,588.4786,False,False,False,False,False
aggr_absorp_ratio_ask_spot_2bps_1s_btc,feature,btc,S5,aggr_absorp_ratio_ask_spot_2bps_1s,B3_flow,Absorption,True,False,True,True,209.4475,False,False,False,False,False
aggr_absorp_ratio_ask_spot_2bps_1s_eth,feature,eth,S5,aggr_absorp_ratio_ask_spot_2bps_1s,B3_flow,Absorption,True,False,True,True,209.4475,False,False,False,False,False
aggr_absorp_ratio_ask_spot_5bps_1s_eth,feature,eth,S5,aggr_absorp_ratio_ask_spot_5bps_1s,B3_flow,Absorption,True,False,True,True,282.8078,False,False,False,False,False
aggr_absorp_ratio_bid_fut_10bps_1s_btc,feature,btc,S5,aggr_absorp_ratio_bid_fut_10bps_1s,B3_flow,Absorption,True,False,True,True,198.6113,False,False,False,False,False
aggr_absorp_ratio_bid_fut_10bps_1s_eth,feature,eth,S5,aggr_absorp_ratio_bid_fut_10bps_1s,B3_flow,Absorption,True,False,True,True,198.6113,False,False,False,False,False
aggr_absorp_ratio_bid_fut_2bps_1s_btc,feature,btc,S5,aggr_absorp_ratio_bid_fut_2bps_1s,B3_flow,Absorption,True,False,True,True,93.6879,False,False,False,False,False
aggr_absorp_ratio_bid_fut_2bps_1s_eth,feature,eth,S5,aggr_absorp_ratio_bid_fut_2bps_1s,B3_flow,Absorption,True,False,True,True,93.6879,False,False,False,False,False
aggr_absorp_ratio_bid_fut_5bps_1s_btc,feature,btc,S5,aggr_absorp_ratio_bid_fut_5bps_1s,B3_flow,Absorption,True,False,True,True,97.665,False,False,False,False,False
aggr_absorp_ratio_bid_fut_5bps_1s_eth,feature,eth,S5,aggr_absorp_ratio_bid_fut_5bps_1s,B3_flow,Absorption,True,False,True,True,97.665,False,False,False,True,False
aggr_absorp_ratio_bid_spot_10bps_1s_btc,feature,btc,S5,aggr_absorp_ratio_bid_spot_10bps_1s,B3_flow,Absorption,True,False,True,True,582.1388,False,False,False,False,False
aggr_absorp_ratio_bid_spot_10bps_1s_eth,feature,eth,S5,aggr_absorp_ratio_bid_spot_10bps_1s,B3_flow,Absorption,True,False,True,True,582.1388,False,False,False,False,False
aggr_absorp_ratio_bid_spot_2bps_1s_btc,feature,btc,S5,aggr_absorp_ratio_bid_spot_2bps_1s,B3_flow,Absorption,True,False,True,True,132.8514,False,False,False,False,False
aggr_absorp_ratio_bid_spot_2bps_1s_eth,feature,eth,S5,aggr_absorp_ratio_bid_spot_2bps_1s,B3_flow,Absorption,True,False,True,True,132.8514,False,False,False,False,False
aggr_absorp_ratio_bid_spot_5bps_1s_btc,feature,btc,S5,aggr_absorp_ratio_bid_spot_5bps_1s,B3_flow,Absorption,True,False,True,True,125.1827,False,False,False,False,False
aggr_absorp_ratio_bid_spot_5bps_1s_eth,feature,eth,S5,aggr_absorp_ratio_bid_spot_5bps_1s,B3_flow,Absorption,True,False,True,True,125.1827,False,False,False,False,False
aggressor_absorption_ratio_fut_2bps_60s_btc,feature,btc,S5,aggressor_absorption_ratio_fut_2bps_60s,B3_flow,Absorption,True,False,False,True,3155.0833,False,False,True,True,True
aggressor_absorption_ratio_fut_2bps_60s_eth,feature,eth,S5,aggressor_absorption_ratio_fut_2bps_60s,B3_flow,Absorption,True,False,False,True,3155.0833,False,False,True,False,False
aggressor_absorption_ratio_fut_5bps_60s_btc,feature,btc,S5,aggressor_absorption_ratio_fut_5bps_60s,B3_flow,Absorption,True,False,True,True,3010.7423,False,False,False,False,False
aggressor_absorption_ratio_fut_5bps_60s_eth,feature,eth,S5,aggressor_absorption_ratio_fut_5bps_60s,B3_flow,Absorption,True,False,True,True,3010.7423,False,False,False,False,False
aggressor_absorption_ratio_spot_2bps_60s_btc,feature,btc,S5,aggressor_absorption_ratio_spot_2bps_60s,B3_flow,Absorption,True,False,True,True,7871.6716,False,False,False,False,False
aggressor_absorption_ratio_spot_2bps_60s_eth,feature,eth,S5,aggressor_absorption_ratio_spot_2bps_60s,B3_flow,Absorption,True,False,True,True,7871.6716,False,False,False,False,False
aggressor_absorption_ratio_spot_5bps_60s_btc,feature,btc,S5,aggressor_absorption_ratio_spot_5bps_60s,B3_flow,Absorption,True,False,True,True,8720.3693,False,False,False,False,False
aggressor_absorption_ratio_spot_5bps_60s_eth,feature,eth,S5,aggressor_absorption_ratio_spot_5bps_60s,B3_flow,Absorption,True,False,True,True,8720.3693,False,False,False,False,False
ask_churn_fut_2bps_15s_btc,feature,btc,S5,ask_churn_fut_2bps_15s,B3_flow,Liquidity Events,True,False,True,True,3088.0847,False,False,False,False,False
ask_churn_fut_2bps_15s_eth,feature,eth,S5,ask_churn_fut_2bps_15s,B3_flow,Liquidity Events,True,False,True,True,3088.0847,False,False,False,False,False
ask_churn_fut_2bps_60s_btc,feature,btc,S5,ask_churn_fut_2bps_60s,B3_flow,Liquidity Events,True,False,True,True,2173.0405,False,False,False,False,False
ask_churn_fut_2bps_60s_eth,feature,eth,S5,ask_churn_fut_2bps_60s,B3_flow,Liquidity Events,True,False,True,True,2173.0405,False,False,False,True,False
ask_churn_fut_5bps_15s_btc,feature,btc,S5,ask_churn_fut_5bps_15s,B3_flow,Liquidity Events,True,False,True,True,47.8572,False,False,True,False,False
ask_churn_fut_5bps_15s_eth,feature,eth,S5,ask_churn_fut_5bps_15s,B3_flow,Liquidity Events,True,False,True,True,47.8572,False,True,False,True,False
ask_churn_fut_5bps_1s_btc,feature,btc,S5,ask_churn_fut_5bps_1s,B3_flow,Liquidity Events,True,False,True,True,76.9525,False,False,False,False,False
ask_churn_fut_5bps_1s_eth,feature,eth,S5,ask_churn_fut_5bps_1s,B3_flow,Liquidity Events,True,False,True,True,76.9525,False,False,False,False,False
ask_churn_fut_5bps_60s_btc,feature,btc,S5,ask_churn_fut_5bps_60s,B3_flow,Liquidity Events,True,False,True,True,20.8352,False,False,False,False,False
ask_churn_fut_5bps_60s_eth,feature,eth,S5,ask_churn_fut_5bps_60s,B3_flow,Liquidity Events,True,False,True,True,20.8352,False,True,False,True,False
ask_churn_spot_2bps_15s_btc,feature,btc,S5,ask_churn_spot_2bps_15s,B3_flow,Liquidity Events,True,False,True,True,2474.7721,False,False,False,True,False
ask_churn_spot_2bps_15s_eth,feature,eth,S5,ask_churn_spot_2bps_15s,B3_flow,Liquidity Events,True,False,True,True,2474.7721,False,False,False,False,False
ask_churn_spot_2bps_60s_btc,feature,btc,S5,ask_churn_spot_2bps_60s,B3_flow,Liquidity Events,True,False,True,True,2166.1608,True,False,False,True,False
ask_churn_spot_2bps_60s_eth,feature,eth,S5,ask_churn_spot_2bps_60s,B3_flow,Liquidity Events,True,False,True,True,2166.1608,False,False,False,True,False
ask_churn_spot_5bps_15s_btc,feature,btc,S5,ask_churn_spot_5bps_15s,B3_flow,Liquidity Events,True,False,True,True,3324.4423,False,False,False,False,False
ask_churn_spot_5bps_15s_eth,feature,eth,S5,ask_churn_spot_5bps_15s,B3_flow,Liquidity Events,True,False,True,True,3324.4423,True,False,False,True,False
ask_churn_spot_5bps_1s_btc,feature,btc,S5,ask_churn_spot_5bps_1s,B3_flow,Liquidity Events,True,False,True,True,143.1554,False,False,False,False,False
ask_churn_spot_5bps_1s_eth,feature,eth,S5,ask_churn_spot_5bps_1s,B3_flow,Liquidity Events,True,False,True,True,143.1554,False,False,False,False,False
ask_churn_spot_5bps_60s_btc,feature,btc,S5,ask_churn_spot_5bps_60s,B3_flow,Liquidity Events,True,False,True,True,1600.4834,False,True,False,False,True
ask_churn_spot_5bps_60s_eth,feature,eth,S5,ask_churn_spot_5bps_60s,B3_flow,Liquidity Events,True,False,True,True,1600.4834,True,False,False,True,False
avg_trade_size_fut_1s_btc,feature,btc,S5,avg_trade_size_fut_1s,B3_flow,Activity,True,False,True,True,19.9415,False,False,False,False,False
avg_trade_size_fut_1s_eth,feature,eth,S5,avg_trade_size_fut_1s,B3_flow,Activity,True,False,True,True,19.9415,False,False,False,False,False
avg_trade_size_fut_300s_btc,feature,btc,S5,avg_trade_size_fut_300s,B3_flow,Activity,True,False,True,True,503.688,False,False,True,True,True
avg_trade_size_fut_300s_eth,feature,eth,S5,avg_trade_size_fut_300s,B3_flow,Activity,True,False,True,True,503.688,True,False,False,False,True
avg_trade_size_fut_60s_btc,feature,btc,S5,avg_trade_size_fut_60s,B3_flow,Activity,True,False,True,True,275.7856,False,False,False,True,False
avg_trade_size_fut_60s_eth,feature,eth,S5,avg_trade_size_fut_60s,B3_flow,Activity,True,False,True,True,275.7856,False,False,False,False,False
avg_trade_size_fut_900s_btc,feature,btc,S5,avg_trade_size_fut_900s,B3_flow,Activity,True,False,True,True,453.275,True,True,True,True,True
avg_trade_size_fut_900s_eth,feature,eth,S5,avg_trade_size_fut_900s,B3_flow,Activity,True,False,True,True,453.275,True,True,False,True,True
avg_trade_size_spot_1s_btc,feature,btc,S5,avg_trade_size_spot_1s,B3_flow,Activity,True,False,True,True,12.2171,False,False,False,False,False
avg_trade_size_spot_1s_eth,feature,eth,S5,avg_trade_size_spot_1s,B3_flow,Activity,True,False,True,True,12.2171,False,False,False,False,False
avg_trade_size_spot_300s_btc,feature,btc,S5,avg_trade_size_spot_300s,B3_flow,Activity,True,False,True,True,235.1629,False,True,False,False,False
avg_trade_size_spot_300s_eth,feature,eth,S5,avg_trade_size_spot_300s,B3_flow,Activity,True,False,True,True,235.1629,True,False,True,False,False
avg_trade_size_spot_60s_btc,feature,btc,S5,avg_trade_size_spot_60s,B3_flow,Activity,True,False,True,True,105.5654,False,False,False,True,False
avg_trade_size_spot_60s_eth,feature,eth,S5,avg_trade_size_spot_60s,B3_flow,Activity,True,False,True,True,105.5654,False,False,False,False,False
avg_trade_size_spot_900s_btc,feature,btc,S5,avg_trade_size_spot_900s,B3_flow,Activity,True,False,True,True,405.0348,True,True,True,True,True
avg_trade_size_spot_900s_eth,feature,eth,S5,avg_trade_size_spot_900s,B3_flow,Activity,True,False,True,True,405.0348,True,False,True,False,True
basis_1s_btc,feature,btc,S5,basis_1s,B6_context,Cross-Market,True,False,True,True,3294.3494,False,False,False,False,False
basis_1s_eth,feature,eth,S5,basis_1s,B6_context,Cross-Market,True,False,True,True,3294.3494,False,False,False,False,False
basis_300s_btc,feature,btc,S5,basis_300s,B6_context,Cross-Market,True,False,False,True,3880.3402,True,True,True,True,True
basis_300s_eth,feature,eth,S5,basis_300s,B6_context,Cross-Market,True,False,False,True,3880.3402,True,True,True,False,True
basis_60s_btc,feature,btc,S5,basis_60s,B6_context,Cross-Market,True,False,False,True,3822.1905,True,False,False,True,False
basis_60s_eth,feature,eth,S5,basis_60s,B6_context,Cross-Market,True,False,False,True,3822.1905,False,False,True,True,True
basis_sf_mid_60s_btc,feature,btc,S5,basis_sf_mid_60s,B4_cross_market,Cross-Market,True,False,False,True,2573.9637,False,False,False,True,False
basis_sf_mid_60s_eth,feature,eth,S5,basis_sf_mid_60s,B4_cross_market,Cross-Market,True,False,False,True,2573.9637,False,False,False,True,False
basis_vwap_sf_1s_btc,feature,btc,S5,basis_vwap_sf_1s,B4_cross_market,Cross-Market,True,False,True,True,5698.9715,False,False,False,False,False
basis_vwap_sf_1s_eth,feature,eth,S5,basis_vwap_sf_1s,B4_cross_market,Cross-Market,True,False,True,True,5698.9715,False,False,False,False,False
basis_vwap_sf_300s_btc,feature,btc,S5,basis_vwap_sf_300s,B4_cross_market,Cross-Market,True,False,False,True,2953.3297,True,True,True,False,True
basis_vwap_sf_300s_eth,feature,eth,S5,basis_vwap_sf_300s,B4_cross_market,Cross-Market,True,False,False,True,2953.3297,False,True,True,True,True
basis_vwap_sf_60s_btc,feature,btc,S5,basis_vwap_sf_60s,B4_cross_market,Cross-Market,True,False,True,True,8554.783,False,False,False,True,False
basis_vwap_sf_60s_eth,feature,eth,S5,basis_vwap_sf_60s,B4_cross_market,Cross-Market,True,False,True,True,8554.783,False,False,False,True,False
basis_vwap_sf_900s_btc,feature,btc,S5,basis_vwap_sf_900s,B4_cross_market,Cross-Market,True,False,True,True,2082.8852,True,True,True,True,True
basis_vwap_sf_900s_eth,feature,eth,S5,basis_vwap_sf_900s,B4_cross_market,Cross-Market,True,False,True,True,2082.8852,True,True,True,False,True
below_prev_day_low_fut_btc,feature,btc,S5,below_prev_day_low_fut,B6_context,Level Events,True,False,True,True,,False,False,False,False,False
below_prev_day_low_fut_eth,feature,eth,S5,below_prev_day_low_fut,B6_context,Level Events,True,False,True,True,,False,False,False,False,False
below_prev_week_low_fut_btc,feature,btc,S5,below_prev_week_low_fut,B6_context,Level Events,True,False,True,True,,False,False,False,False,False
best_ask_fut_1s_btc,feature,btc,S5,best_ask_fut_1s,B6_context,Price,False,False,False,False,,False,True,True,False,True
best_ask_fut_1s_eth,feature,eth,S5,best_ask_fut_1s,B6_context,Price,False,False,False,False,,False,False,False,False,False
best_ask_spot_1s_btc,feature,btc,S5,best_ask_spot_1s,B6_context,Price,False,False,False,False,,False,False,False,False,False
best_ask_spot_1s_eth,feature,eth,S5,best_ask_spot_1s,B6_context,Price,False,False,False,False,,False,False,False,False,False
best_bid_fut_1s_btc,feature,btc,S5,best_bid_fut_1s,B6_context,Price,False,False,False,False,,False,False,False,False,False
best_bid_fut_1s_eth,feature,eth,S5,best_bid_fut_1s,B6_context,Price,False,False,False,False,,False,False,False,False,False
best_bid_spot_1s_btc,feature,btc,S5,best_bid_spot_1s,B6_context,Price,False,False,False,False,,False,False,False,False,False
best_bid_spot_1s_eth,feature,eth,S5,best_bid_spot_1s,B6_context,Price,False,False,False,False,,False,False,False,False,False
bid_churn_fut_2bps_15s_btc,feature,btc,S5,bid_churn_fut_2bps_15s,B3_flow,Liquidity Events,True,False,True,True,585.6291,False,False,False,False,False
bid_churn_fut_2bps_15s_eth,feature,eth,S5,bid_churn_fut_2bps_15s,B3_flow,Liquidity Events,True,False,True,True,585.6291,False,False,False,False,False
bid_churn_fut_2bps_60s_btc,feature,btc,S5,bid_churn_fut_2bps_60s,B3_flow,Liquidity Events,True,False,True,True,228.5841,False,False,False,False,False
bid_churn_fut_2bps_60s_eth,feature,eth,S5,bid_churn_fut_2bps_60s,B3_flow,Liquidity Events,True,False,True,True,228.5841,False,True,False,True,False
bid_churn_fut_5bps_15s_btc,feature,btc,S5,bid_churn_fut_5bps_15s,B3_flow,Liquidity Events,True,False,True,True,48.5806,False,False,False,True,False
bid_churn_fut_5bps_15s_eth,feature,eth,S5,bid_churn_fut_5bps_15s,B3_flow,Liquidity Events,True,False,True,True,48.5806,False,False,False,False,False
bid_churn_fut_5bps_1s_btc,feature,btc,S5,bid_churn_fut_5bps_1s,B3_flow,Liquidity Events,True,False,True,True,267.0985,False,False,False,False,False
bid_churn_fut_5bps_1s_eth,feature,eth,S5,bid_churn_fut_5bps_1s,B3_flow,Liquidity Events,True,False,True,True,267.0985,False,False,False,False,False
bid_churn_fut_5bps_60s_btc,feature,btc,S5,bid_churn_fut_5bps_60s,B3_flow,Liquidity Events,True,False,True,True,38.2964,True,False,False,True,False
bid_churn_fut_5bps_60s_eth,feature,eth,S5,bid_churn_fut_5bps_60s,B3_flow,Liquidity Events,True,False,True,True,38.2964,False,False,True,True,False
bid_churn_spot_2bps_15s_btc,feature,btc,S5,bid_churn_spot_2bps_15s,B3_flow,Liquidity Events,True,False,True,True,2267.3114,False,False,False,False,False
bid_churn_spot_2bps_15s_eth,feature,eth,S5,bid_churn_spot_2bps_15s,B3_flow,Liquidity Events,True,False,True,True,2267.3114,False,False,False,False,False
bid_churn_spot_2bps_60s_btc,feature,btc,S5,bid_churn_spot_2bps_60s,B3_flow,Liquidity Events,True,False,True,True,1790.5356,True,False,True,False,False
bid_churn_spot_2bps_60s_eth,feature,eth,S5,bid_churn_spot_2bps_60s,B3_flow,Liquidity Events,True,False,True,True,1790.5356,True,True,False,False,False
bid_churn_spot_5bps_15s_btc,feature,btc,S5,bid_churn_spot_5bps_15s,B3_flow,Liquidity Events,True,False,True,True,20.3441,False,False,False,False,False
bid_churn_spot_5bps_15s_eth,feature,eth,S5,bid_churn_spot_5bps_15s,B3_flow,Liquidity Events,True,False,True,True,20.3441,False,True,False,False,True
bid_churn_spot_5bps_1s_btc,feature,btc,S5,bid_churn_spot_5bps_1s,B3_flow,Liquidity Events,True,False,True,True,1263.8196,False,False,False,False,False
bid_churn_spot_5bps_1s_eth,feature,eth,S5,bid_churn_spot_5bps_1s,B3_flow,Liquidity Events,True,False,True,True,1263.8196,False,False,False,False,False
bid_churn_spot_5bps_60s_btc,feature,btc,S5,bid_churn_spot_5bps_60s,B3_flow,Liquidity Events,True,False,True,True,34.1943,True,False,False,False,False
bid_churn_spot_5bps_60s_eth,feature,eth,S5,bid_churn_spot_5bps_60s,B3_flow,Liquidity Events,True,False,True,True,34.1943,False,False,True,True,False
book_asymmetry_div_fut_minus_spot_struct100_1s_btc,feature,btc,S5,book_asymmetry_div_fut_minus_spot_struct100_1s,B4_cross_market,Cross-Market,True,False,False,True,4078.7434,False,False,False,False,False
book_asymmetry_div_fut_minus_spot_struct100_1s_eth,feature,eth,S5,book_asymmetry_div_fut_minus_spot_struct100_1s,B4_cross_market,Cross-Market,True,False,False,True,4078.7434,False,False,False,False,False
book_asymmetry_div_fut_minus_spot_struct100_300s_btc,feature,btc,S5,book_asymmetry_div_fut_minus_spot_struct100_300s,B4_cross_market,Cross-Market,True,False,False,True,3840.108,False,True,False,False,True
book_asymmetry_div_fut_minus_spot_struct100_300s_eth,feature,eth,S5,book_asymmetry_div_fut_minus_spot_struct100_300s,B4_cross_market,Cross-Market,True,False,False,True,3840.108,False,True,True,True,True
book_asymmetry_div_fut_minus_spot_struct100_60s_btc,feature,btc,S5,book_asymmetry_div_fut_minus_spot_struct100_60s,B4_cross_market,Cross-Market,True,False,False,True,3871.3491,False,False,False,False,False
book_asymmetry_div_fut_minus_spot_struct100_60s_eth,feature,eth,S5,book_asymmetry_div_fut_minus_spot_struct100_60s,B4_cross_market,Cross-Market,True,False,False,True,3871.3491,True,False,False,False,False
book_asymmetry_div_fut_minus_spot_struct100_900s_btc,feature,btc,S5,book_asymmetry_div_fut_minus_spot_struct100_900s,B4_cross_market,Cross-Market,True,False,False,True,3329.4817,True,True,True,False,True
book_asymmetry_div_fut_minus_spot_struct100_900s_eth,feature,eth,S5,book_asymmetry_div_fut_minus_spot_struct100_900s,B4_cross_market,Cross-Market,True,False,False,True,3329.4817,True,True,True,False,True
book_asymmetry_div_fut_minus_spot_struct50_1s_btc,feature,btc,S5,book_asymmetry_div_fut_minus_spot_struct50_1s,B4_cross_market,Cross-Market,True,False,False,True,4316.6391,False,False,False,False,False
book_asymmetry_div_fut_minus_spot_struct50_1s_eth,feature,eth,S5,book_asymmetry_div_fut_minus_spot_struct50_1s,B4_cross_market,Cross-Market,True,False,False,True,4316.6391,False,False,False,False,False
book_asymmetry_div_fut_minus_spot_struct50_300s_btc,feature,btc,S5,book_asymmetry_div_fut_minus_spot_struct50_300s,B4_cross_market,Cross-Market,True,False,False,True,4294.3742,True,True,False,True,True
book_asymmetry_div_fut_minus_spot_struct50_300s_eth,feature,eth,S5,book_asymmetry_div_fut_minus_spot_struct50_300s,B4_cross_market,Cross-Market,True,False,False,True,4294.3742,True,True,False,False,True
book_asymmetry_div_fut_minus_spot_struct50_60s_btc,feature,btc,S5,book_asymmetry_div_fut_minus_spot_struct50_60s,B4_cross_market,Cross-Market,True,False,False,True,4234.1887,True,False,False,False,False
book_asymmetry_div_fut_minus_spot_struct50_60s_eth,feature,eth,S5,book_asymmetry_div_fut_minus_spot_struct50_60s,B4_cross_market,Cross-Market,True,False,False,True,4234.1887,True,False,False,False,False
book_asymmetry_div_fut_minus_spot_struct50_900s_btc,feature,btc,S5,book_asymmetry_div_fut_minus_spot_struct50_900s,B4_cross_market,Cross-Market,True,False,False,True,4501.7943,True,True,True,False,True
book_asymmetry_div_fut_minus_spot_struct50_900s_eth,feature,eth,S5,book_asymmetry_div_fut_minus_spot_struct50_900s,B4_cross_market,Cross-Market,True,False,False,True,4501.7943,True,False,True,False,True
book_asymmetry_fut_struct100_1s_btc,feature,btc,S5,book_asymmetry_fut_struct100_1s,B2_bookshape,Bookshape,True,False,False,True,2923.4857,False,False,False,True,False
book_asymmetry_fut_struct100_1s_eth,feature,eth,S5,book_asymmetry_fut_struct100_1s,B2_bookshape,Bookshape,True,False,False,True,2923.4857,False,False,False,False,False
book_asymmetry_fut_struct100_300s_btc,feature,btc,S5,book_asymmetry_fut_struct100_300s,B2_bookshape,Bookshape,True,False,False,True,3480.168,False,True,False,True,False
book_asymmetry_fut_struct100_300s_eth,feature,eth,S5,book_asymmetry_fut_struct100_300s,B2_bookshape,Bookshape,True,False,False,True,3480.168,True,True,True,True,False
book_asymmetry_fut_struct100_60s_btc,feature,btc,S5,book_asymmetry_fut_struct100_60s,B2_bookshape,Bookshape,True,False,False,True,3395.855,False,False,False,False,False
book_asymmetry_fut_struct100_60s_eth,feature,eth,S5,book_asymmetry_fut_struct100_60s,B2_bookshape,Bookshape,True,False,False,True,3395.855,True,False,False,False,True
book_asymmetry_fut_struct100_900s_btc,feature,btc,S5,book_asymmetry_fut_struct100_900s,B2_bookshape,Bookshape,True,False,False,True,2947.3257,True,True,False,False,True
book_asymmetry_fut_struct100_900s_eth,feature,eth,S5,book_asymmetry_fut_struct100_900s,B2_bookshape,Bookshape,True,False,False,True,2947.3257,True,True,True,False,True
book_asymmetry_fut_struct50_1s_btc,feature,btc,S5,book_asymmetry_fut_struct50_1s,B2_bookshape,Bookshape,True,False,False,True,3171.7591,False,False,False,False,False
book_asymmetry_fut_struct50_1s_eth,feature,eth,S5,book_asymmetry_fut_struct50_1s,B2_bookshape,Bookshape,True,False,False,True,3171.7591,False,False,False,True,False
book_asymmetry_fut_struct50_300s_btc,feature,btc,S5,book_asymmetry_fut_struct50_300s,B2_bookshape,Bookshape,True,False,False,True,3395.6888,True,True,False,True,True
book_asymmetry_fut_struct50_300s_eth,feature,eth,S5,book_asymmetry_fut_struct50_300s,B2_bookshape,Bookshape,True,False,False,True,3395.6888,True,False,False,False,False
book_asymmetry_fut_struct50_60s_btc,feature,btc,S5,book_asymmetry_fut_struct50_60s,B2_bookshape,Bookshape,True,False,False,True,3423.4464,False,True,False,True,False
book_asymmetry_fut_struct50_60s_eth,feature,eth,S5,book_asymmetry_fut_struct50_60s,B2_bookshape,Bookshape,True,False,False,True,3423.4464,False,False,False,True,False
book_asymmetry_fut_struct50_900s_btc,feature,btc,S5,book_asymmetry_fut_struct50_900s,B2_bookshape,Bookshape,True,False,False,True,3240.6604,True,True,True,False,True
book_asymmetry_fut_struct50_900s_eth,feature,eth,S5,book_asymmetry_fut_struct50_900s,B2_bookshape,Bookshape,True,False,False,True,3240.6604,True,True,True,False,True
book_asymmetry_spot_struct100_1s_btc,feature,btc,S5,book_asymmetry_spot_struct100_1s,B2_bookshape,Bookshape,True,False,False,True,1826.8795,False,False,False,False,False
book_asymmetry_spot_struct100_1s_eth,feature,eth,S5,book_asymmetry_spot_struct100_1s,B2_bookshape,Bookshape,True,False,False,True,1826.8795,False,False,False,False,False
book_asymmetry_spot_struct100_300s_btc,feature,btc,S5,book_asymmetry_spot_struct100_300s,B2_bookshape,Bookshape,True,False,False,True,2724.8396,True,True,False,False,False
book_asymmetry_spot_struct100_300s_eth,feature,eth,S5,book_asymmetry_spot_struct100_300s,B2_bookshape,Bookshape,True,False,False,True,2724.8396,True,True,True,False,False
book_asymmetry_spot_struct100_60s_btc,feature,btc,S5,book_asymmetry_spot_struct100_60s,B2_bookshape,Bookshape,True,False,False,True,1921.5354,False,False,False,False,False
book_asymmetry_spot_struct100_60s_eth,feature,eth,S5,book_asymmetry_spot_struct100_60s,B2_bookshape,Bookshape,True,False,False,True,1921.5354,True,False,False,True,True
book_asymmetry_spot_struct100_900s_btc,feature,btc,S5,book_asymmetry_spot_struct100_900s,B2_bookshape,Bookshape,True,False,False,True,3217.3016,True,True,True,False,False
book_asymmetry_spot_struct100_900s_eth,feature,eth,S5,book_asymmetry_spot_struct100_900s,B2_bookshape,Bookshape,True,False,False,True,3217.3016,True,False,True,False,True
book_asymmetry_spot_struct50_1s_btc,feature,btc,S5,book_asymmetry_spot_struct50_1s,B2_bookshape,Bookshape,True,False,False,True,2164.1777,False,False,False,False,False
book_asymmetry_spot_struct50_1s_eth,feature,eth,S5,book_asymmetry_spot_struct50_1s,B2_bookshape,Bookshape,True,False,False,True,2164.1777,False,False,False,False,False
book_asymmetry_spot_struct50_300s_btc,feature,btc,S5,book_asymmetry_spot_struct50_300s,B2_bookshape,Bookshape,True,False,False,True,2374.3942,True,True,False,False,False
book_asymmetry_spot_struct50_300s_eth,feature,eth,S5,book_asymmetry_spot_struct50_300s,B2_bookshape,Bookshape,True,False,False,True,2374.3942,True,False,True,False,True
book_asymmetry_spot_struct50_60s_btc,feature,btc,S5,book_asymmetry_spot_struct50_60s,B2_bookshape,Bookshape,True,False,False,True,2026.5189,True,False,True,False,False
book_asymmetry_spot_struct50_60s_eth,feature,eth,S5,book_asymmetry_spot_struct50_60s,B2_bookshape,Bookshape,True,False,False,True,2026.5189,False,False,False,False,False
book_asymmetry_spot_struct50_900s_btc,feature,btc,S5,book_asymmetry_spot_struct50_900s,B2_bookshape,Bookshape,True,False,False,True,2073.7101,True,False,True,False,True
book_asymmetry_spot_struct50_900s_eth,feature,eth,S5,book_asymmetry_spot_struct50_900s,B2_bookshape,Bookshape,True,False,False,True,2073.7101,True,True,False,False,False
bps_sym_fut_1s_btc,feature,btc,S5,bps_sym_fut_1s,B6_context,Price,True,False,True,True,994.4724,False,True,False,True,True
bps_sym_fut_1s_eth,feature,eth,S5,bps_sym_fut_1s,B6_context,Price,True,False,True,True,994.4724,False,False,False,True,False
bps_sym_spot_1s_btc,feature,btc,S5,bps_sym_spot_1s,B6_context,Price,True,False,True,True,1945.2578,False,False,False,True,False
bps_sym_spot_1s_eth,feature,eth,S5,bps_sym_spot_1s,B6_context,Price,True,False,True,True,1945.2578,True,True,True,True,False
broke_prev_day_high_300s_fut_btc,feature,btc,S5,broke_prev_day_high_300s_fut,B6_context,Level Events,True,False,True,True,,False,False,False,False,False
broke_prev_day_high_300s_fut_eth,feature,eth,S5,broke_prev_day_high_300s_fut,B6_context,Level Events,True,False,True,True,,False,False,False,False,False
broke_prev_day_high_60s_fut_btc,feature,btc,S5,broke_prev_day_high_60s_fut,B6_context,Level Events,True,False,True,True,,False,False,False,False,False
broke_prev_day_high_60s_fut_eth,feature,eth,S5,broke_prev_day_high_60s_fut,B6_context,Level Events,True,False,True,True,,False,False,False,False,False
broke_prev_day_high_900s_fut_btc,feature,btc,S5,broke_prev_day_high_900s_fut,B6_context,Level Events,True,False,True,True,,False,False,False,False,False
broke_prev_day_high_900s_fut_eth,feature,eth,S5,broke_prev_day_high_900s_fut,B6_context,Level Events,True,False,True,True,,False,False,False,False,False
broke_prev_day_low_300s_fut_btc,feature,btc,S5,broke_prev_day_low_300s_fut,B6_context,Level Events,True,False,True,True,,False,False,False,False,False
broke_prev_day_low_300s_fut_eth,feature,eth,S5,broke_prev_day_low_300s_fut,B6_context,Level Events,True,False,True,True,,False,False,False,False,False
broke_prev_day_low_60s_fut_btc,feature,btc,S5,broke_prev_day_low_60s_fut,B6_context,Level Events,True,False,True,True,,False,False,False,False,False
broke_prev_day_low_60s_fut_eth,feature,eth,S5,broke_prev_day_low_60s_fut,B6_context,Level Events,True,False,True,True,,False,False,False,False,False
broke_prev_day_low_900s_fut_btc,feature,btc,S5,broke_prev_day_low_900s_fut,B6_context,Level Events,True,False,True,True,,False,False,False,False,False
broke_prev_day_low_900s_fut_eth,feature,eth,S5,broke_prev_day_low_900s_fut,B6_context,Level Events,True,False,True,True,,False,False,False,False,False
broke_prev_week_high_900s_fut_btc,feature,btc,S5,broke_prev_week_high_900s_fut,B6_context,Level Events,True,False,True,True,,False,False,False,False,False
broke_prev_week_low_300s_fut_btc,feature,btc,S5,broke_prev_week_low_300s_fut,B6_context,Level Events,True,False,True,True,,False,False,False,False,False
broke_prev_week_low_900s_fut_btc,feature,btc,S5,broke_prev_week_low_900s_fut,B6_context,Level Events,True,False,True,True,,False,False,False,False,False
ca_absorb_break_shock_fut_spread_15s_btceth,feature,btceth,S6,ca_absorb_break_shock_fut_spread_15s,B7_cross_asset,Cross-Asset,True,True,True,True,3.246,False,False,False,False,False
ca_absorb_break_shock_spot_spread_15s_btceth,feature,btceth,S6,ca_absorb_break_shock_spot_spread_15s,B7_cross_asset,Cross-Asset,True,True,True,True,3.7174,False,False,False,False,False
ca_activity_avg_trade_size_spot_900s_spread_btceth,feature,btceth,S6,ca_activity_avg_trade_size_spot_900s_spread,B7_cross_asset,Cross-Asset,True,False,True,True,25.3183,True,False,False,False,False
ca_activity_trade_count_spot_300s_spread_btceth,feature,btceth,S6,ca_activity_trade_count_spot_300s_spread,B7_cross_asset,Cross-Asset,True,False,True,True,80.1688,False,True,False,True,True
ca_add_minus_cancel_spot_5bps_spread_15s_btceth,feature,btceth,S6,ca_add_minus_cancel_spot_5bps_spread_15s,B7_cross_asset,Cross-Asset,True,False,True,True,5080.5355,False,False,False,False,False
ca_basis_vwap_sf_spread_1s_btceth,feature,btceth,S6,ca_basis_vwap_sf_spread_1s,B7_cross_asset,Cross-Asset,True,False,True,True,100.6303,False,False,False,False,False
ca_basis_vwap_sf_spread_300s_btceth,feature,btceth,S6,ca_basis_vwap_sf_spread_300s,B7_cross_asset,Cross-Asset,True,False,True,True,181.8226,True,False,True,False,True
ca_bps_mid_dev_fut_5bps_btc,feature,btc,S6,ca_bps_mid_dev_fut_5bps,B7_cross_asset,Cross-Asset-Intermediary,True,False,True,True,1346.4198,False,False,False,False,False
ca_bps_mid_dev_fut_5bps_eth,feature,eth,S6,ca_bps_mid_dev_fut_5bps,B7_cross_asset,Cross-Asset-Intermediary,True,False,True,True,1346.4198,False,False,False,False,False
ca_bps_mid_dev_spot_5bps_btc,feature,btc,S6,ca_bps_mid_dev_spot_5bps,B7_cross_asset,Cross-Asset-Intermediary,True,False,True,True,1132.2689,False,False,False,False,False
ca_bps_mid_dev_spot_5bps_eth,feature,eth,S6,ca_bps_mid_dev_spot_5bps,B7_cross_asset,Cross-Asset-Intermediary,True,False,True,True,1132.2689,False,False,False,False,False
ca_bps_spread_fut_btc,feature,btc,S6,ca_bps_spread_fut,B7_cross_asset,Cross-Asset-Intermediary,True,False,True,True,2763.7191,False,False,False,False,False
ca_bps_spread_fut_eth,feature,eth,S6,ca_bps_spread_fut,B7_cross_asset,Cross-Asset-Intermediary,True,False,True,True,2763.7191,False,False,False,True,False
ca_bps_spread_spot_btc,feature,btc,S6,ca_bps_spread_spot,B7_cross_asset,Cross-Asset-Intermediary,True,False,True,True,1432.6425,False,False,False,False,False
ca_bps_spread_spot_eth,feature,eth,S6,ca_bps_spread_spot,B7_cross_asset,Cross-Asset-Intermediary,True,False,True,True,1432.6425,False,False,False,False,False
ca_day_range_bps_spread_fut_btceth,feature,btceth,S6,ca_day_range_bps_spread_fut,B7_cross_asset,Cross-Asset,True,False,True,True,3106.6706,False,True,True,False,True
ca_depth_curvature_fut_spread_15s_btceth,feature,btceth,S6,ca_depth_curvature_fut_spread_15s,B7_cross_asset,Cross-Asset,True,True,True,True,6.1079,False,False,False,False,False
ca_depth_curvature_fut_spread_60s_btceth,feature,btceth,S6,ca_depth_curvature_fut_spread_60s,B7_cross_asset,Cross-Asset,True,True,True,True,7.8831,False,False,False,False,False
ca_depth_curvature_spot_spread_15s_btceth,feature,btceth,S6,ca_depth_curvature_spot_spread_15s,B7_cross_asset,Cross-Asset,True,True,True,True,8.9957,False,False,False,False,False
ca_depth_curvature_spot_spread_60s_btceth,feature,btceth,S6,ca_depth_curvature_spot_spread_60s,B7_cross_asset,Cross-Asset,True,False,True,True,19.7459,False,False,False,False,False
ca_depth_slope_fut_spread_15s_btceth,feature,btceth,S6,ca_depth_slope_fut_spread_15s,B7_cross_asset,Cross-Asset,True,True,True,True,5.2509,False,False,False,False,False
ca_depth_slope_fut_spread_60s_btceth,feature,btceth,S6,ca_depth_slope_fut_spread_60s,B7_cross_asset,Cross-Asset,True,True,True,True,7.1504,False,False,False,False,False
ca_depth_slope_spot_spread_15s_btceth,feature,btceth,S6,ca_depth_slope_spot_spread_15s,B7_cross_asset,Cross-Asset,True,True,True,True,5.409,False,False,False,False,False
ca_depth_slope_spot_spread_60s_btceth,feature,btceth,S6,ca_depth_slope_spot_spread_60s,B7_cross_asset,Cross-Asset,True,False,True,True,10.1919,False,False,False,False,False
ca_dist_to_day_high_bps_spread_fut_btceth,feature,btceth,S6,ca_dist_to_day_high_bps_spread_fut,B7_cross_asset,Cross-Asset,True,False,True,True,3738.0036,True,True,False,True,True
ca_dist_to_day_high_bps_spread_spot_btceth,feature,btceth,S6,ca_dist_to_day_high_bps_spread_spot,B7_cross_asset,Cross-Asset,True,False,True,True,3602.6114,False,True,True,False,True
ca_dist_to_day_low_bps_spread_fut_btceth,feature,btceth,S6,ca_dist_to_day_low_bps_spread_fut,B7_cross_asset,Cross-Asset,True,False,True,True,3082.4439,True,True,True,False,True
ca_dist_to_day_low_bps_spread_spot_btceth,feature,btceth,S6,ca_dist_to_day_low_bps_spread_spot,B7_cross_asset,Cross-Asset,True,False,True,True,2720.5497,True,True,True,True,True
ca_impact_eff_fut_spread_15s_btceth,feature,btceth,S6,ca_impact_eff_fut_spread_15s,B7_cross_asset,Cross-Asset,True,True,True,True,4.1823,False,False,False,False,False
ca_impact_eff_fut_spread_60s_btceth,feature,btceth,S6,ca_impact_eff_fut_spread_60s,B7_cross_asset,Cross-Asset,True,True,True,True,6.0391,False,False,False,True,False
ca_impact_shock_fut_spread_15s_btceth,feature,btceth,S6,ca_impact_shock_fut_spread_15s,B7_cross_asset,Cross-Asset,True,True,True,True,5.8831,False,False,False,True,False
ca_impact_shock_fut_spread_60s_btceth,feature,btceth,S6,ca_impact_shock_fut_spread_60s,B7_cross_asset,Cross-Asset,True,True,True,True,5.4724,False,False,False,True,False
ca_impact_shock_spot_spread_15s_btceth,feature,btceth,S6,ca_impact_shock_spot_spread_15s,B7_cross_asset,Cross-Asset,True,True,True,True,6.6073,False,False,False,False,False
ca_impact_shock_spot_spread_60s_btceth,feature,btceth,S6,ca_impact_shock_spot_spread_60s,B7_cross_asset,Cross-Asset,True,True,True,True,3.6523,False,True,False,False,False
ca_lag_corr_btc_taker_lead_eth_ret_1s,feature,btceth,S6,ca_lag_corr_btc_taker_lead_eth_ret_1s,B7_cross_asset,Cross-Asset,True,False,True,True,24.2616,False,False,False,False,False
ca_lag_corr_btc_taker_lead_eth_ret_3s,feature,btceth,S6,ca_lag_corr_btc_taker_lead_eth_ret_3s,B7_cross_asset,Cross-Asset,True,False,True,True,40.4635,False,False,False,False,False
ca_lag_corr_btc_taker_lead_eth_ret_5s,feature,btceth,S6,ca_lag_corr_btc_taker_lead_eth_ret_5s,B7_cross_asset,Cross-Asset,True,False,True,True,11.5606,False,False,False,False,False
ca_lag_corr_eth_taker_lead_btc_ret_1s,feature,btceth,S6,ca_lag_corr_eth_taker_lead_btc_ret_1s,B7_cross_asset,Cross-Asset,True,False,True,True,63.1716,False,False,False,False,False
ca_lag_corr_eth_taker_lead_btc_ret_3s,feature,btceth,S6,ca_lag_corr_eth_taker_lead_btc_ret_3s,B7_cross_asset,Cross-Asset,True,False,True,True,38.1406,False,False,False,False,False
ca_lag_corr_eth_taker_lead_btc_ret_5s,feature,btceth,S6,ca_lag_corr_eth_taker_lead_btc_ret_5s,B7_cross_asset,Cross-Asset,True,True,True,True,9.9324,False,False,False,True,False
ca_microprice_dev_fut_5bps_spread_1s_btceth,feature,btceth,S6,ca_microprice_dev_fut_5bps_spread_1s,B7_cross_asset,Cross-Asset,True,False,True,True,25.2971,False,False,False,False,False
ca_microprice_dev_spot_5bps_spread_1s_btceth,feature,btceth,S6,ca_microprice_dev_spot_5bps_spread_1s,B7_cross_asset,Cross-Asset,True,False,True,True,51.8257,False,False,False,False,False
ca_net_add_spot_5bps_spread_15s_btceth,feature,btceth,S6,ca_net_add_spot_5bps_spread_15s,B7_cross_asset,Cross-Asset,True,False,True,True,1477.6764,False,False,False,False,False
ca_net_add_spot_5bps_spread_60s_btceth,feature,btceth,S6,ca_net_add_spot_5bps_spread_60s,B7_cross_asset,Cross-Asset,True,False,True,True,5008.4746,False,False,False,False,False
ca_net_cancel_spot_5bps_spread_15s_btceth,feature,btceth,S6,ca_net_cancel_spot_5bps_spread_15s,B7_cross_asset,Cross-Asset,True,False,True,True,1872.6749,False,False,False,False,False
ca_net_cancel_spot_5bps_spread_60s_btceth,feature,btceth,S6,ca_net_cancel_spot_5bps_spread_60s,B7_cross_asset,Cross-Asset,True,True,True,True,7.1256,False,False,False,False,False
ca_net_pressure_fut_5bps_spread_60s_btceth,feature,btceth,S6,ca_net_pressure_fut_5bps_spread_60s,B7_cross_asset,Cross-Asset,True,True,True,True,9.7935,False,False,False,False,False
ca_net_pressure_persist_fut_10bps_spread_60s_btceth,feature,btceth,S6,ca_net_pressure_persist_fut_10bps_spread_60s,B7_cross_asset,Cross-Asset,True,False,True,True,19.3792,False,False,False,False,False
ca_net_pressure_persist_fut_5bps_spread_300s_btceth,feature,btceth,S6,ca_net_pressure_persist_fut_5bps_spread_300s,B7_cross_asset,Cross-Asset,True,False,True,True,57.3204,True,False,False,False,False
ca_net_pressure_persist_fut_5bps_spread_60s_btceth,feature,btceth,S6,ca_net_pressure_persist_fut_5bps_spread_60s,B7_cross_asset,Cross-Asset,True,False,True,True,15.2296,False,False,False,False,False
ca_net_pressure_persist_spot_10bps_spread_60s_btceth,feature,btceth,S6,ca_net_pressure_persist_spot_10bps_spread_60s,B7_cross_asset,Cross-Asset,True,False,True,True,27.6283,False,False,False,False,False
ca_net_pressure_persist_spot_5bps_spread_300s_btceth,feature,btceth,S6,ca_net_pressure_persist_spot_5bps_spread_300s,B7_cross_asset,Cross-Asset,True,False,True,True,53.9306,False,False,False,False,False
ca_net_pressure_persist_spot_5bps_spread_60s_btceth,feature,btceth,S6,ca_net_pressure_persist_spot_5bps_spread_60s,B7_cross_asset,Cross-Asset,True,False,True,True,12.8141,False,False,False,True,False
ca_net_pressure_shock_fut_10bps_spread_60s_btceth,feature,btceth,S6,ca_net_pressure_shock_fut_10bps_spread_60s,B7_cross_asset,Cross-Asset,True,True,True,True,5.8946,False,False,False,False,False
ca_net_pressure_shock_fut_2bps_spread_15s_btceth,feature,btceth,S6,ca_net_pressure_shock_fut_2bps_spread_15s,B7_cross_asset,Cross-Asset,True,False,True,True,12.0972,False,False,False,False,False
ca_net_pressure_shock_fut_5bps_spread_15s_btceth,feature,btceth,S6,ca_net_pressure_shock_fut_5bps_spread_15s,B7_cross_asset,Cross-Asset,True,True,True,True,4.62,False,False,False,False,False
ca_net_pressure_shock_fut_5bps_spread_60s_btceth,feature,btceth,S6,ca_net_pressure_shock_fut_5bps_spread_60s,B7_cross_asset,Cross-Asset,True,False,True,True,12.2875,False,False,False,False,False
ca_net_pressure_shock_spot_10bps_spread_60s_btceth,feature,btceth,S6,ca_net_pressure_shock_spot_10bps_spread_60s,B7_cross_asset,Cross-Asset,True,False,True,True,12.2396,False,False,False,False,False
ca_net_pressure_shock_spot_5bps_spread_15s_btceth,feature,btceth,S6,ca_net_pressure_shock_spot_5bps_spread_15s,B7_cross_asset,Cross-Asset,True,True,True,True,6.0942,False,False,False,False,False
ca_net_pressure_spot_10bps_spread_60s_btceth,feature,btceth,S6,ca_net_pressure_spot_10bps_spread_60s,B7_cross_asset,Cross-Asset,True,False,True,True,11.4168,False,False,False,False,False
ca_net_pressure_spot_5bps_spread_300s_btceth,feature,btceth,S6,ca_net_pressure_spot_5bps_spread_300s,B7_cross_asset,Cross-Asset,True,True,True,True,9.4693,False,False,False,False,False
ca_net_pressure_spot_5bps_spread_60s_btceth,feature,btceth,S6,ca_net_pressure_spot_5bps_spread_60s,B7_cross_asset,Cross-Asset,True,False,True,True,5008.4746,False,False,False,False,False
ca_pull_rate_shock_fut_10bps_spread_15s_btceth,feature,btceth,S6,ca_pull_rate_shock_fut_10bps_spread_15s,B7_cross_asset,Cross-Asset,True,True,True,True,8.7974,False,False,False,False,False
ca_pull_rate_shock_fut_5bps_spread_15s_btceth,feature,btceth,S6,ca_pull_rate_shock_fut_5bps_spread_15s,B7_cross_asset,Cross-Asset,True,True,True,True,8.9017,False,False,False,False,False
ca_pull_rate_shock_fut_5bps_spread_60s_btceth,feature,btceth,S6,ca_pull_rate_shock_fut_5bps_spread_60s,B7_cross_asset,Cross-Asset,True,True,True,True,9.9203,False,False,False,False,False
ca_pull_rate_shock_spot_10bps_spread_15s_btceth,feature,btceth,S6,ca_pull_rate_shock_spot_10bps_spread_15s,B7_cross_asset,Cross-Asset,True,False,True,True,15.8638,False,False,False,False,False
ca_pull_rate_shock_spot_5bps_spread_15s_btceth,feature,btceth,S6,ca_pull_rate_shock_spot_5bps_spread_15s,B7_cross_asset,Cross-Asset,True,False,True,True,16.0782,False,False,False,False,False
ca_pull_rate_shock_spot_5bps_spread_60s_btceth,feature,btceth,S6,ca_pull_rate_shock_spot_5bps_spread_60s,B7_cross_asset,Cross-Asset,True,False,True,True,24.6107,False,False,False,True,False
ca_queue_pressure_fut_1bps_spread_15s_btceth,feature,btceth,S6,ca_queue_pressure_fut_1bps_spread_15s,B7_cross_asset,Cross-Asset,True,True,True,True,3.3934,False,False,False,False,False
ca_queue_pressure_fut_1bps_spread_60s_btceth,feature,btceth,S6,ca_queue_pressure_fut_1bps_spread_60s,B7_cross_asset,Cross-Asset,True,True,True,True,4.0782,False,False,False,True,False
ca_queue_pressure_spot_1bps_spread_15s_btceth,feature,btceth,S6,ca_queue_pressure_spot_1bps_spread_15s,B7_cross_asset,Cross-Asset,True,True,True,True,4.2586,False,False,False,False,False
ca_queue_pressure_spot_1bps_spread_60s_btceth,feature,btceth,S6,ca_queue_pressure_spot_1bps_spread_60s,B7_cross_asset,Cross-Asset,True,True,True,True,4.3179,False,False,False,False,False
ca_range_pct_spread_fut_900s_btceth,feature,btceth,S6,ca_range_pct_spread_fut_900s,B7_cross_asset,Cross-Asset,True,False,True,True,115.1763,True,True,True,False,True
ca_range_pct_spread_spot_900s_btceth,feature,btceth,S6,ca_range_pct_spread_spot_900s,B7_cross_asset,Cross-Asset,True,False,True,True,151.9831,False,True,True,True,True
ca_range_pos_day_spread_fut_btceth,feature,btceth,S6,ca_range_pos_day_spread_fut,B7_cross_asset,Cross-Asset,True,False,True,True,816.1111,False,True,True,True,True
ca_range_pos_day_spread_spot_btceth,feature,btceth,S6,ca_range_pos_day_spread_spot,B7_cross_asset,Cross-Asset,True,False,True,True,810.4573,False,True,True,False,True
ca_regime_align_60s_btceth,feature,btceth,S6,ca_regime_align_60s,B7_cross_asset,Cross-Asset,True,True,True,True,4.7438,False,False,False,False,False
ca_spread_bps_fut_spread_1s_btceth,feature,btceth,S6,ca_spread_bps_fut_spread_1s,B7_cross_asset,Cross-Asset,True,False,True,True,78.2921,False,True,False,False,False
ca_spread_bps_spot_spread_1s_btceth,feature,btceth,S6,ca_spread_bps_spot_spread_1s,B7_cross_asset,Cross-Asset,True,False,True,True,27.81,False,False,False,False,False
ca_taker_imb_fut_spread_15s_btceth,feature,btceth,S6,ca_taker_imb_fut_spread_15s,B7_cross_asset,Cross-Asset,True,True,True,True,5.4436,False,False,False,False,False
ca_taker_imb_fut_spread_60s_btceth,feature,btceth,S6,ca_taker_imb_fut_spread_60s,B7_cross_asset,Cross-Asset,True,True,True,True,4.6765,False,False,False,False,False
ca_taker_imb_persist_fut_spread_15s_btceth,feature,btceth,S6,ca_taker_imb_persist_fut_spread_15s,B7_cross_asset,Cross-Asset,True,True,True,True,3.3596,False,False,False,False,False
ca_taker_imb_persist_fut_spread_60s_btceth,feature,btceth,S6,ca_taker_imb_persist_fut_spread_60s,B7_cross_asset,Cross-Asset,True,True,True,True,3.7704,False,False,False,False,False
ca_taker_imb_persist_spot_spread_15s_btceth,feature,btceth,S6,ca_taker_imb_persist_spot_spread_15s,B7_cross_asset,Cross-Asset,True,True,True,True,4.1542,False,False,False,False,False
ca_taker_imb_persist_spot_spread_60s_btceth,feature,btceth,S6,ca_taker_imb_persist_spot_spread_60s,B7_cross_asset,Cross-Asset,True,True,True,True,6.5562,False,False,False,False,False
ca_taker_imb_shock_spread_15s_btceth,feature,btceth,S6,ca_taker_imb_shock_spread_15s,B7_cross_asset,Cross-Asset,True,True,True,True,7.2743,False,False,False,False,False
ca_taker_imb_shock_spread_5s_btceth,feature,btceth,S6,ca_taker_imb_shock_spread_5s,B7_cross_asset,Cross-Asset,True,False,True,True,15.6831,False,False,False,False,False
ca_taker_imb_spot_spread_15s_btceth,feature,btceth,S6,ca_taker_imb_spot_spread_15s,B7_cross_asset,Cross-Asset,True,True,True,True,3.5423,False,False,False,False,False
ca_taker_imb_spot_spread_60s_btceth,feature,btceth,S6,ca_taker_imb_spot_spread_60s,B7_cross_asset,Cross-Asset,True,True,True,True,4.4429,False,False,False,False,False
ca_vacuum_shock_fut_10bps_spread_15s_btceth,feature,btceth,S6,ca_vacuum_shock_fut_10bps_spread_15s,B7_cross_asset,Cross-Asset,True,False,True,True,12.8324,False,False,False,False,False
ca_vacuum_shock_fut_10bps_spread_60s_btceth,feature,btceth,S6,ca_vacuum_shock_fut_10bps_spread_60s,B7_cross_asset,Cross-Asset,True,True,True,True,7.3742,False,False,False,False,False
ca_vacuum_shock_fut_5bps_spread_15s_btceth,feature,btceth,S6,ca_vacuum_shock_fut_5bps_spread_15s,B7_cross_asset,Cross-Asset,True,True,True,True,9.828,False,False,False,False,False
ca_vacuum_shock_fut_5bps_spread_60s_btceth,feature,btceth,S6,ca_vacuum_shock_fut_5bps_spread_60s,B7_cross_asset,Cross-Asset,True,True,True,True,7.0917,False,False,False,False,False
ca_vacuum_shock_spot_10bps_spread_15s_btceth,feature,btceth,S6,ca_vacuum_shock_spot_10bps_spread_15s,B7_cross_asset,Cross-Asset,True,True,True,True,9.2861,False,False,False,False,False
ca_vacuum_shock_spot_10bps_spread_60s_btceth,feature,btceth,S6,ca_vacuum_shock_spot_10bps_spread_60s,B7_cross_asset,Cross-Asset,True,True,True,True,7.1104,False,False,False,False,False
ca_vacuum_shock_spot_5bps_spread_15s_btceth,feature,btceth,S6,ca_vacuum_shock_spot_5bps_spread_15s,B7_cross_asset,Cross-Asset,True,True,True,True,6.1051,False,False,False,False,False
ca_vacuum_shock_spot_5bps_spread_60s_btceth,feature,btceth,S6,ca_vacuum_shock_spot_5bps_spread_60s,B7_cross_asset,Cross-Asset,True,True,True,True,7.3867,False,False,False,False,False
ca_z_avg_trade_size_spot_900s_btc,feature,btc,S6,ca_z_avg_trade_size_spot_900s,B7_cross_asset,Cross-Asset-Intermediary,True,False,True,True,88.476,False,False,True,True,False
ca_z_avg_trade_size_spot_900s_eth,feature,eth,S6,ca_z_avg_trade_size_spot_900s,B7_cross_asset,Cross-Asset-Intermediary,True,False,True,True,88.476,False,False,False,False,False
ca_z_depth_curvature_fut_15s_btc,feature,btc,S6,ca_z_depth_curvature_fut_15s,B7_cross_asset,Cross-Asset-Intermediary,True,False,True,True,104.2371,False,False,False,True,False
ca_z_depth_curvature_fut_15s_eth,feature,eth,S6,ca_z_depth_curvature_fut_15s,B7_cross_asset,Cross-Asset-Intermediary,True,False,True,True,104.2371,False,False,False,False,False
ca_z_depth_curvature_fut_60s_btc,feature,btc,S6,ca_z_depth_curvature_fut_60s,B7_cross_asset,Cross-Asset-Intermediary,True,False,True,True,29.2202,False,False,False,False,False
ca_z_depth_curvature_fut_60s_eth,feature,eth,S6,ca_z_depth_curvature_fut_60s,B7_cross_asset,Cross-Asset-Intermediary,True,False,True,True,29.2202,False,False,False,True,False
ca_z_depth_curvature_spot_15s_btc,feature,btc,S6,ca_z_depth_curvature_spot_15s,B7_cross_asset,Cross-Asset-Intermediary,True,False,True,True,227.3874,False,False,False,False,False
ca_z_depth_curvature_spot_15s_eth,feature,eth,S6,ca_z_depth_curvature_spot_15s,B7_cross_asset,Cross-Asset-Intermediary,True,False,True,True,227.3874,False,False,False,False,False
ca_z_depth_curvature_spot_60s_btc,feature,btc,S6,ca_z_depth_curvature_spot_60s,B7_cross_asset,Cross-Asset-Intermediary,True,False,True,True,254.9686,False,False,False,False,False
ca_z_depth_curvature_spot_60s_eth,feature,eth,S6,ca_z_depth_curvature_spot_60s,B7_cross_asset,Cross-Asset-Intermediary,True,False,True,True,254.9686,False,False,False,False,False
ca_z_depth_slope_fut_15s_btc,feature,btc,S6,ca_z_depth_slope_fut_15s,B7_cross_asset,Cross-Asset-Intermediary,True,False,True,True,29.4223,False,False,False,False,False
ca_z_depth_slope_fut_15s_eth,feature,eth,S6,ca_z_depth_slope_fut_15s,B7_cross_asset,Cross-Asset-Intermediary,True,False,True,True,29.4223,False,False,False,False,False
ca_z_depth_slope_fut_60s_btc,feature,btc,S6,ca_z_depth_slope_fut_60s,B7_cross_asset,Cross-Asset-Intermediary,True,False,True,True,21.4637,False,False,False,False,False
ca_z_depth_slope_fut_60s_eth,feature,eth,S6,ca_z_depth_slope_fut_60s,B7_cross_asset,Cross-Asset-Intermediary,True,False,True,True,21.4637,False,False,False,False,False
ca_z_depth_slope_spot_15s_btc,feature,btc,S6,ca_z_depth_slope_spot_15s,B7_cross_asset,Cross-Asset-Intermediary,True,False,True,True,40.4343,False,False,False,True,False
ca_z_depth_slope_spot_15s_eth,feature,eth,S6,ca_z_depth_slope_spot_15s,B7_cross_asset,Cross-Asset-Intermediary,True,False,True,True,40.4343,False,False,False,False,False
ca_z_depth_slope_spot_60s_btc,feature,btc,S6,ca_z_depth_slope_spot_60s,B7_cross_asset,Cross-Asset-Intermediary,True,False,True,True,38.4795,False,False,False,False,False
ca_z_depth_slope_spot_60s_eth,feature,eth,S6,ca_z_depth_slope_spot_60s,B7_cross_asset,Cross-Asset-Intermediary,True,False,True,True,38.4795,False,False,False,False,False
ca_z_trade_count_spot_300s_btc,feature,btc,S6,ca_z_trade_count_spot_300s,B7_cross_asset,Cross-Asset-Intermediary,True,False,True,True,1602.9961,True,True,True,True,True
ca_z_trade_count_spot_300s_eth,feature,eth,S6,ca_z_trade_count_spot_300s,B7_cross_asset,Cross-Asset-Intermediary,True,False,True,True,1602.9961,True,True,True,True,True
cancel_rate_ahead_fut_1bps_15s_btc,feature,btc,S5,cancel_rate_ahead_fut_1bps_15s,B3_flow,Liquidity Events,True,False,True,True,23.8784,False,False,False,False,False
cancel_rate_ahead_fut_1bps_15s_eth,feature,eth,S5,cancel_rate_ahead_fut_1bps_15s,B3_flow,Liquidity Events,True,False,True,True,23.8784,False,False,False,False,False
cancel_rate_ahead_spot_1bps_15s_btc,feature,btc,S5,cancel_rate_ahead_spot_1bps_15s,B3_flow,Liquidity Events,True,False,True,True,19.207,False,False,False,False,False
cancel_rate_ahead_spot_1bps_15s_eth,feature,eth,S5,cancel_rate_ahead_spot_1bps_15s,B3_flow,Liquidity Events,True,False,True,True,19.207,False,False,False,False,False
cancel_rate_ask_fut_10bps_1s_btc,feature,btc,S5,cancel_rate_ask_fut_10bps_1s,B3_flow,Liquidity Events,True,False,True,True,2848.9134,False,False,False,False,False
cancel_rate_ask_fut_10bps_1s_eth,feature,eth,S5,cancel_rate_ask_fut_10bps_1s,B3_flow,Liquidity Events,True,False,True,True,2848.9134,False,False,False,False,False
cancel_rate_ask_fut_1bps_1s_btc,feature,btc,S5,cancel_rate_ask_fut_1bps_1s,B3_flow,Liquidity Events,True,False,True,True,48.6624,False,False,False,False,False
cancel_rate_ask_fut_1bps_1s_eth,feature,eth,S5,cancel_rate_ask_fut_1bps_1s,B3_flow,Liquidity Events,True,False,True,True,48.6624,False,False,False,False,False
cancel_rate_ask_fut_2bps_1s_btc,feature,btc,S5,cancel_rate_ask_fut_2bps_1s,B3_flow,Liquidity Events,True,False,True,True,3053.3408,False,False,False,False,False
cancel_rate_ask_fut_2bps_1s_eth,feature,eth,S5,cancel_rate_ask_fut_2bps_1s,B3_flow,Liquidity Events,True,False,True,True,3053.3408,False,False,False,False,False
cancel_rate_ask_fut_5bps_1s_btc,feature,btc,S5,cancel_rate_ask_fut_5bps_1s,B3_flow,Liquidity Events,True,False,True,True,4088.9789,False,False,False,False,False
cancel_rate_ask_fut_5bps_1s_eth,feature,eth,S5,cancel_rate_ask_fut_5bps_1s,B3_flow,Liquidity Events,True,False,True,True,4088.9789,False,False,False,False,False
cancel_rate_ask_spot_10bps_1s_btc,feature,btc,S5,cancel_rate_ask_spot_10bps_1s,B3_flow,Liquidity Events,True,False,True,True,3565.8949,False,False,False,False,False
cancel_rate_ask_spot_10bps_1s_eth,feature,eth,S5,cancel_rate_ask_spot_10bps_1s,B3_flow,Liquidity Events,True,False,True,True,3565.8949,False,False,False,False,False
cancel_rate_ask_spot_1bps_1s_btc,feature,btc,S5,cancel_rate_ask_spot_1bps_1s,B3_flow,Liquidity Events,True,False,True,True,28.9366,False,False,False,False,False
cancel_rate_ask_spot_1bps_1s_eth,feature,eth,S5,cancel_rate_ask_spot_1bps_1s,B3_flow,Liquidity Events,True,False,True,True,28.9366,False,False,False,False,False
cancel_rate_ask_spot_2bps_1s_btc,feature,btc,S5,cancel_rate_ask_spot_2bps_1s,B3_flow,Liquidity Events,True,False,True,True,2607.9491,False,False,False,False,False
cancel_rate_ask_spot_2bps_1s_eth,feature,eth,S5,cancel_rate_ask_spot_2bps_1s,B3_flow,Liquidity Events,True,False,True,True,2607.9491,False,False,False,False,False
cancel_rate_ask_spot_5bps_1s_btc,feature,btc,S5,cancel_rate_ask_spot_5bps_1s,B3_flow,Liquidity Events,True,False,True,True,2725.1622,False,False,False,False,False
cancel_rate_ask_spot_5bps_1s_eth,feature,eth,S5,cancel_rate_ask_spot_5bps_1s,B3_flow,Liquidity Events,True,False,True,True,2725.1622,False,False,False,False,False
cancel_rate_behind_fut_1bps_15s_btc,feature,btc,S5,cancel_rate_behind_fut_1bps_15s,B3_flow,Liquidity Events,True,True,True,True,6.8489,False,False,False,False,False
cancel_rate_behind_fut_1bps_15s_eth,feature,eth,S5,cancel_rate_behind_fut_1bps_15s,B3_flow,Liquidity Events,True,True,True,True,6.8489,False,False,False,False,False
cancel_rate_behind_spot_1bps_15s_btc,feature,btc,S5,cancel_rate_behind_spot_1bps_15s,B3_flow,Liquidity Events,True,False,True,True,52.3804,False,False,False,False,False
cancel_rate_behind_spot_1bps_15s_eth,feature,eth,S5,cancel_rate_behind_spot_1bps_15s,B3_flow,Liquidity Events,True,False,True,True,52.3804,False,False,False,False,False
cancel_rate_bid_fut_10bps_1s_eth,feature,eth,S5,cancel_rate_bid_fut_10bps_1s,B3_flow,Liquidity Events,True,False,True,True,1373.1228,False,False,False,False,False
cancel_rate_bid_fut_1bps_1s_btc,feature,btc,S5,cancel_rate_bid_fut_1bps_1s,B3_flow,Liquidity Events,True,True,True,True,8.5066,False,False,False,False,False
cancel_rate_bid_fut_1bps_1s_eth,feature,eth,S5,cancel_rate_bid_fut_1bps_1s,B3_flow,Liquidity Events,True,True,True,True,8.5066,False,False,False,False,False
cancel_rate_bid_fut_2bps_1s_btc,feature,btc,S5,cancel_rate_bid_fut_2bps_1s,B3_flow,Liquidity Events,True,False,True,True,1050.9567,False,False,False,False,False
cancel_rate_bid_fut_2bps_1s_eth,feature,eth,S5,cancel_rate_bid_fut_2bps_1s,B3_flow,Liquidity Events,True,False,True,True,1050.9567,False,False,False,False,False
cancel_rate_bid_fut_5bps_1s_btc,feature,btc,S5,cancel_rate_bid_fut_5bps_1s,B3_flow,Liquidity Events,True,False,True,True,1186.4819,False,False,False,False,False
cancel_rate_bid_fut_5bps_1s_eth,feature,eth,S5,cancel_rate_bid_fut_5bps_1s,B3_flow,Liquidity Events,True,False,True,True,1186.4819,False,False,False,False,False
cancel_rate_bid_spot_10bps_1s_btc,feature,btc,S5,cancel_rate_bid_spot_10bps_1s,B3_flow,Liquidity Events,True,False,True,True,3752.6659,False,False,False,False,False
cancel_rate_bid_spot_10bps_1s_eth,feature,eth,S5,cancel_rate_bid_spot_10bps_1s,B3_flow,Liquidity Events,True,False,True,True,3752.6659,False,False,False,False,False
cancel_rate_bid_spot_1bps_1s_btc,feature,btc,S5,cancel_rate_bid_spot_1bps_1s,B3_flow,Liquidity Events,True,False,True,True,24.3053,False,False,False,False,False
cancel_rate_bid_spot_1bps_1s_eth,feature,eth,S5,cancel_rate_bid_spot_1bps_1s,B3_flow,Liquidity Events,True,False,True,True,24.3053,False,False,False,False,False
cancel_rate_bid_spot_2bps_1s_btc,feature,btc,S5,cancel_rate_bid_spot_2bps_1s,B3_flow,Liquidity Events,True,False,True,True,1747.5076,False,False,False,False,False
cancel_rate_bid_spot_2bps_1s_eth,feature,eth,S5,cancel_rate_bid_spot_2bps_1s,B3_flow,Liquidity Events,True,False,True,True,1747.5076,False,False,False,False,False
cancel_rate_bid_spot_5bps_1s_btc,feature,btc,S5,cancel_rate_bid_spot_5bps_1s,B3_flow,Liquidity Events,True,False,True,True,3323.3611,False,False,False,False,False
cancel_rate_bid_spot_5bps_1s_eth,feature,eth,S5,cancel_rate_bid_spot_5bps_1s,B3_flow,Liquidity Events,True,False,True,True,3323.3611,False,False,False,False,False
d1_net_pressure_fut_10bps_15s_btc,feature,btc,S5,d1_net_pressure_fut_10bps_15s,B5_dynamics,Dynamics,True,False,True,True,22.3011,False,False,False,False,False
d1_net_pressure_fut_10bps_15s_eth,feature,eth,S5,d1_net_pressure_fut_10bps_15s,B5_dynamics,Dynamics,True,False,True,True,22.3011,False,False,False,False,False
d1_net_pressure_fut_10bps_5s_btc,feature,btc,S5,d1_net_pressure_fut_10bps_5s,B5_dynamics,Dynamics,True,False,True,True,46.2742,False,False,False,False,False
d1_net_pressure_fut_10bps_5s_eth,feature,eth,S5,d1_net_pressure_fut_10bps_5s,B5_dynamics,Dynamics,True,False,True,True,46.2742,False,False,False,False,False
d1_net_pressure_fut_1bps_15s_btc,feature,btc,S5,d1_net_pressure_fut_1bps_15s,B5_dynamics,Dynamics,True,False,True,True,38.1202,False,False,False,False,False
d1_net_pressure_fut_1bps_15s_eth,feature,eth,S5,d1_net_pressure_fut_1bps_15s,B5_dynamics,Dynamics,True,False,True,True,38.1202,False,False,False,False,False
d1_net_pressure_fut_1bps_5s_btc,feature,btc,S5,d1_net_pressure_fut_1bps_5s,B5_dynamics,Dynamics,True,False,True,True,225.5724,False,False,False,False,False
d1_net_pressure_fut_1bps_5s_eth,feature,eth,S5,d1_net_pressure_fut_1bps_5s,B5_dynamics,Dynamics,True,False,True,True,225.5724,False,False,False,False,False
d1_net_pressure_fut_2bps_15s_btc,feature,btc,S5,d1_net_pressure_fut_2bps_15s,B5_dynamics,Dynamics,True,False,True,True,20.5809,False,False,False,False,False
d1_net_pressure_fut_2bps_15s_eth,feature,eth,S5,d1_net_pressure_fut_2bps_15s,B5_dynamics,Dynamics,True,False,True,True,20.5809,False,False,False,False,False
d1_net_pressure_fut_2bps_5s_btc,feature,btc,S5,d1_net_pressure_fut_2bps_5s,B5_dynamics,Dynamics,True,False,True,True,51.7753,False,False,False,False,False
d1_net_pressure_fut_2bps_5s_eth,feature,eth,S5,d1_net_pressure_fut_2bps_5s,B5_dynamics,Dynamics,True,False,True,True,51.7753,False,False,False,False,False
d1_net_pressure_fut_5bps_15s_btc,feature,btc,S5,d1_net_pressure_fut_5bps_15s,B5_dynamics,Dynamics,True,False,True,True,21.4186,False,False,False,False,False
d1_net_pressure_fut_5bps_15s_eth,feature,eth,S5,d1_net_pressure_fut_5bps_15s,B5_dynamics,Dynamics,True,False,True,True,21.4186,False,False,False,False,False
d1_net_pressure_fut_5bps_5s_btc,feature,btc,S5,d1_net_pressure_fut_5bps_5s,B5_dynamics,Dynamics,True,False,True,True,41.9532,False,False,False,False,False
d1_net_pressure_fut_5bps_5s_eth,feature,eth,S5,d1_net_pressure_fut_5bps_5s,B5_dynamics,Dynamics,True,False,True,True,41.9532,False,False,False,False,False
d1_net_pressure_spot_10bps_15s_btc,feature,btc,S5,d1_net_pressure_spot_10bps_15s,B5_dynamics,Dynamics,True,False,True,True,81.2501,False,False,False,False,False
d1_net_pressure_spot_10bps_15s_eth,feature,eth,S5,d1_net_pressure_spot_10bps_15s,B5_dynamics,Dynamics,True,False,True,True,81.2501,False,False,False,False,False
d1_net_pressure_spot_10bps_5s_btc,feature,btc,S5,d1_net_pressure_spot_10bps_5s,B5_dynamics,Dynamics,True,False,True,True,111.6188,False,False,False,False,False
d1_net_pressure_spot_10bps_5s_eth,feature,eth,S5,d1_net_pressure_spot_10bps_5s,B5_dynamics,Dynamics,True,False,True,True,111.6188,False,False,False,False,False
d1_net_pressure_spot_1bps_15s_btc,feature,btc,S5,d1_net_pressure_spot_1bps_15s,B5_dynamics,Dynamics,True,False,True,True,37.7523,False,False,False,False,False
d1_net_pressure_spot_1bps_15s_eth,feature,eth,S5,d1_net_pressure_spot_1bps_15s,B5_dynamics,Dynamics,True,False,True,True,37.7523,False,False,False,False,False
d1_net_pressure_spot_1bps_5s_btc,feature,btc,S5,d1_net_pressure_spot_1bps_5s,B5_dynamics,Dynamics,True,False,True,True,155.2861,False,False,False,False,False
d1_net_pressure_spot_1bps_5s_eth,feature,eth,S5,d1_net_pressure_spot_1bps_5s,B5_dynamics,Dynamics,True,False,True,True,155.2861,False,False,False,False,False
d1_net_pressure_spot_2bps_15s_btc,feature,btc,S5,d1_net_pressure_spot_2bps_15s,B5_dynamics,Dynamics,True,False,True,True,46.7662,False,False,False,False,False
d1_net_pressure_spot_2bps_5s_btc,feature,btc,S5,d1_net_pressure_spot_2bps_5s,B5_dynamics,Dynamics,True,False,True,True,88.8268,False,False,False,False,False
d1_net_pressure_spot_2bps_5s_eth,feature,eth,S5,d1_net_pressure_spot_2bps_5s,B5_dynamics,Dynamics,True,False,True,True,88.8268,False,False,False,False,False
d1_net_pressure_spot_5bps_15s_btc,feature,btc,S5,d1_net_pressure_spot_5bps_15s,B5_dynamics,Dynamics,True,False,True,True,84.7313,False,False,False,False,False
d1_net_pressure_spot_5bps_15s_eth,feature,eth,S5,d1_net_pressure_spot_5bps_15s,B5_dynamics,Dynamics,True,False,True,True,84.7313,False,False,False,False,False
d1_net_pressure_spot_5bps_5s_btc,feature,btc,S5,d1_net_pressure_spot_5bps_5s,B5_dynamics,Dynamics,True,False,True,True,133.9892,False,False,False,False,False
d1_net_pressure_spot_5bps_5s_eth,feature,eth,S5,d1_net_pressure_spot_5bps_5s,B5_dynamics,Dynamics,True,False,True,True,133.9892,False,False,False,False,False
d1_pull_rate_fut_10bps_15s_btc,feature,btc,S5,d1_pull_rate_fut_10bps_15s,B5_dynamics,Dynamics,True,False,False,True,3829.5702,False,False,False,False,False
d1_pull_rate_fut_10bps_15s_eth,feature,eth,S5,d1_pull_rate_fut_10bps_15s,B5_dynamics,Dynamics,True,False,False,True,3829.5702,False,False,False,False,False
d1_pull_rate_fut_10bps_5s_btc,feature,btc,S5,d1_pull_rate_fut_10bps_5s,B5_dynamics,Dynamics,True,False,False,True,5784.9663,False,False,False,False,False
d1_pull_rate_fut_10bps_5s_eth,feature,eth,S5,d1_pull_rate_fut_10bps_5s,B5_dynamics,Dynamics,True,False,False,True,5784.9663,False,False,False,False,False
d1_pull_rate_fut_1bps_15s_btc,feature,btc,S5,d1_pull_rate_fut_1bps_15s,B5_dynamics,Dynamics,True,True,True,True,9.2455,False,False,False,False,False
d1_pull_rate_fut_1bps_15s_eth,feature,eth,S5,d1_pull_rate_fut_1bps_15s,B5_dynamics,Dynamics,True,True,True,True,9.2455,False,False,False,False,False
d1_pull_rate_fut_1bps_5s_btc,feature,btc,S5,d1_pull_rate_fut_1bps_5s,B5_dynamics,Dynamics,True,False,False,True,3606.5632,False,False,False,False,False
d1_pull_rate_fut_1bps_5s_eth,feature,eth,S5,d1_pull_rate_fut_1bps_5s,B5_dynamics,Dynamics,True,False,False,True,3606.5632,False,False,False,False,False
d1_pull_rate_fut_2bps_15s_btc,feature,btc,S5,d1_pull_rate_fut_2bps_15s,B5_dynamics,Dynamics,True,False,True,True,10.1755,False,False,False,False,False
d1_pull_rate_fut_2bps_15s_eth,feature,eth,S5,d1_pull_rate_fut_2bps_15s,B5_dynamics,Dynamics,True,False,True,True,10.1755,False,False,False,False,False
d1_pull_rate_fut_2bps_5s_btc,feature,btc,S5,d1_pull_rate_fut_2bps_5s,B5_dynamics,Dynamics,True,False,False,True,5545.5315,False,False,False,False,False
d1_pull_rate_fut_2bps_5s_eth,feature,eth,S5,d1_pull_rate_fut_2bps_5s,B5_dynamics,Dynamics,True,False,False,True,5545.5315,False,False,False,False,False
d1_pull_rate_fut_5bps_15s_eth,feature,eth,S5,d1_pull_rate_fut_5bps_15s,B5_dynamics,Dynamics,True,False,True,True,3889.1996,False,False,False,False,False
d1_pull_rate_fut_5bps_5s_btc,feature,btc,S5,d1_pull_rate_fut_5bps_5s,B5_dynamics,Dynamics,True,False,True,True,5530.1183,False,False,False,False,False
d1_pull_rate_fut_5bps_5s_eth,feature,eth,S5,d1_pull_rate_fut_5bps_5s,B5_dynamics,Dynamics,True,False,True,True,5530.1183,False,False,False,False,False
d1_pull_rate_spot_10bps_15s_btc,feature,btc,S5,d1_pull_rate_spot_10bps_15s,B5_dynamics,Dynamics,True,False,False,True,3162.7025,False,False,False,False,False
d1_pull_rate_spot_10bps_15s_eth,feature,eth,S5,d1_pull_rate_spot_10bps_15s,B5_dynamics,Dynamics,True,False,False,True,3162.7025,False,False,False,False,False
d1_pull_rate_spot_10bps_5s_btc,feature,btc,S5,d1_pull_rate_spot_10bps_5s,B5_dynamics,Dynamics,True,False,False,True,6130.7994,False,False,False,False,False
d1_pull_rate_spot_10bps_5s_eth,feature,eth,S5,d1_pull_rate_spot_10bps_5s,B5_dynamics,Dynamics,True,False,False,True,6130.7994,False,False,False,False,False
d1_pull_rate_spot_1bps_15s_btc,feature,btc,S5,d1_pull_rate_spot_1bps_15s,B5_dynamics,Dynamics,True,False,True,True,35.2348,False,False,False,False,False
d1_pull_rate_spot_1bps_15s_eth,feature,eth,S5,d1_pull_rate_spot_1bps_15s,B5_dynamics,Dynamics,True,False,True,True,35.2348,False,False,False,False,False
d1_pull_rate_spot_1bps_5s_btc,feature,btc,S5,d1_pull_rate_spot_1bps_5s,B5_dynamics,Dynamics,True,False,False,True,4766.2012,False,False,False,False,False
d1_pull_rate_spot_1bps_5s_eth,feature,eth,S5,d1_pull_rate_spot_1bps_5s,B5_dynamics,Dynamics,True,False,False,True,4766.2012,False,False,False,False,False
d1_pull_rate_spot_2bps_15s_btc,feature,btc,S5,d1_pull_rate_spot_2bps_15s,B5_dynamics,Dynamics,True,False,True,True,67.2506,False,False,False,False,False
d1_pull_rate_spot_2bps_5s_btc,feature,btc,S5,d1_pull_rate_spot_2bps_5s,B5_dynamics,Dynamics,True,False,False,True,5329.0827,False,False,False,False,False
d1_pull_rate_spot_2bps_5s_eth,feature,eth,S5,d1_pull_rate_spot_2bps_5s,B5_dynamics,Dynamics,True,False,False,True,5329.0827,False,False,False,False,False
d1_pull_rate_spot_5bps_15s_btc,feature,btc,S5,d1_pull_rate_spot_5bps_15s,B5_dynamics,Dynamics,True,False,True,True,3234.8717,False,False,False,False,False
d1_pull_rate_spot_5bps_15s_eth,feature,eth,S5,d1_pull_rate_spot_5bps_15s,B5_dynamics,Dynamics,True,False,True,True,3234.8717,False,False,False,False,False
d1_pull_rate_spot_5bps_5s_btc,feature,btc,S5,d1_pull_rate_spot_5bps_5s,B5_dynamics,Dynamics,True,False,True,True,5350.2222,False,False,False,False,False
d1_pull_rate_spot_5bps_5s_eth,feature,eth,S5,d1_pull_rate_spot_5bps_5s,B5_dynamics,Dynamics,True,False,True,True,5350.2222,False,False,False,False,False
d1_queue_pressure_fut_10bps_15s_btc,feature,btc,S5,d1_queue_pressure_fut_10bps_15s,B5_dynamics,Dynamics,True,False,True,True,76.1786,False,False,False,False,False
d1_queue_pressure_fut_10bps_15s_eth,feature,eth,S5,d1_queue_pressure_fut_10bps_15s,B5_dynamics,Dynamics,True,False,True,True,76.1786,False,False,False,True,False
d1_queue_pressure_fut_10bps_5s_btc,feature,btc,S5,d1_queue_pressure_fut_10bps_5s,B5_dynamics,Dynamics,True,False,True,True,91.435,False,False,False,False,False
d1_queue_pressure_fut_10bps_5s_eth,feature,eth,S5,d1_queue_pressure_fut_10bps_5s,B5_dynamics,Dynamics,True,False,True,True,91.435,False,False,False,True,False
d1_queue_pressure_fut_1bps_15s_btc,feature,btc,S5,d1_queue_pressure_fut_1bps_15s,B5_dynamics,Dynamics,True,False,True,True,34.8396,False,False,False,False,False
d1_queue_pressure_fut_1bps_15s_eth,feature,eth,S5,d1_queue_pressure_fut_1bps_15s,B5_dynamics,Dynamics,True,False,True,True,34.8396,False,False,False,True,False
d1_queue_pressure_fut_1bps_5s_btc,feature,btc,S5,d1_queue_pressure_fut_1bps_5s,B5_dynamics,Dynamics,True,False,True,True,114.8857,False,False,False,False,False
d1_queue_pressure_fut_1bps_5s_eth,feature,eth,S5,d1_queue_pressure_fut_1bps_5s,B5_dynamics,Dynamics,True,False,True,True,114.8857,False,False,False,False,False
d1_queue_pressure_fut_2bps_15s_btc,feature,btc,S5,d1_queue_pressure_fut_2bps_15s,B5_dynamics,Dynamics,True,False,True,True,43.8672,False,False,False,False,False
d1_queue_pressure_fut_2bps_15s_eth,feature,eth,S5,d1_queue_pressure_fut_2bps_15s,B5_dynamics,Dynamics,True,False,True,True,43.8672,False,False,False,False,False
d1_queue_pressure_fut_2bps_5s_btc,feature,btc,S5,d1_queue_pressure_fut_2bps_5s,B5_dynamics,Dynamics,True,False,True,True,103.2305,False,False,False,False,False
d1_queue_pressure_fut_2bps_5s_eth,feature,eth,S5,d1_queue_pressure_fut_2bps_5s,B5_dynamics,Dynamics,True,False,True,True,103.2305,False,False,False,True,False
d1_queue_pressure_fut_5bps_15s_btc,feature,btc,S5,d1_queue_pressure_fut_5bps_15s,B5_dynamics,Dynamics,True,False,True,True,47.0781,False,False,False,False,False
d1_queue_pressure_fut_5bps_15s_eth,feature,eth,S5,d1_queue_pressure_fut_5bps_15s,B5_dynamics,Dynamics,True,False,True,True,47.0781,False,False,False,False,False
d1_queue_pressure_fut_5bps_5s_btc,feature,btc,S5,d1_queue_pressure_fut_5bps_5s,B5_dynamics,Dynamics,True,False,True,True,83.1047,False,False,False,True,False
d1_queue_pressure_fut_5bps_5s_eth,feature,eth,S5,d1_queue_pressure_fut_5bps_5s,B5_dynamics,Dynamics,True,False,True,True,83.1047,False,False,False,False,False
d1_queue_pressure_spot_10bps_15s_btc,feature,btc,S5,d1_queue_pressure_spot_10bps_15s,B5_dynamics,Dynamics,True,False,True,True,118.9794,False,False,False,False,False
d1_queue_pressure_spot_10bps_15s_eth,feature,eth,S5,d1_queue_pressure_spot_10bps_15s,B5_dynamics,Dynamics,True,False,True,True,118.9794,False,False,False,False,False
d1_queue_pressure_spot_10bps_5s_btc,feature,btc,S5,d1_queue_pressure_spot_10bps_5s,B5_dynamics,Dynamics,True,False,True,True,181.2161,False,False,False,False,False
d1_queue_pressure_spot_10bps_5s_eth,feature,eth,S5,d1_queue_pressure_spot_10bps_5s,B5_dynamics,Dynamics,True,False,True,True,181.2161,False,False,False,False,False
d1_queue_pressure_spot_1bps_15s_btc,feature,btc,S5,d1_queue_pressure_spot_1bps_15s,B5_dynamics,Dynamics,True,False,True,True,32.8054,False,False,False,False,False
d1_queue_pressure_spot_1bps_15s_eth,feature,eth,S5,d1_queue_pressure_spot_1bps_15s,B5_dynamics,Dynamics,True,False,True,True,32.8054,False,False,False,False,False
d1_queue_pressure_spot_1bps_5s_btc,feature,btc,S5,d1_queue_pressure_spot_1bps_5s,B5_dynamics,Dynamics,True,False,True,True,145.5137,False,False,False,False,False
d1_queue_pressure_spot_1bps_5s_eth,feature,eth,S5,d1_queue_pressure_spot_1bps_5s,B5_dynamics,Dynamics,True,False,True,True,145.5137,False,False,False,False,False
d1_queue_pressure_spot_2bps_15s_btc,feature,btc,S5,d1_queue_pressure_spot_2bps_15s,B5_dynamics,Dynamics,True,False,True,True,53.4163,False,False,False,False,False
d1_queue_pressure_spot_2bps_15s_eth,feature,eth,S5,d1_queue_pressure_spot_2bps_15s,B5_dynamics,Dynamics,True,False,True,True,53.4163,False,False,False,False,False
d1_queue_pressure_spot_2bps_5s_btc,feature,btc,S5,d1_queue_pressure_spot_2bps_5s,B5_dynamics,Dynamics,True,False,True,True,163.59,False,False,False,False,False
d1_queue_pressure_spot_2bps_5s_eth,feature,eth,S5,d1_queue_pressure_spot_2bps_5s,B5_dynamics,Dynamics,True,False,True,True,163.59,False,False,False,False,False
d1_queue_pressure_spot_5bps_15s_btc,feature,btc,S5,d1_queue_pressure_spot_5bps_15s,B5_dynamics,Dynamics,True,False,True,True,117.0908,False,False,False,False,False
d1_queue_pressure_spot_5bps_15s_eth,feature,eth,S5,d1_queue_pressure_spot_5bps_15s,B5_dynamics,Dynamics,True,False,True,True,117.0908,False,False,False,False,False
d1_queue_pressure_spot_5bps_5s_btc,feature,btc,S5,d1_queue_pressure_spot_5bps_5s,B5_dynamics,Dynamics,True,False,True,True,201.7102,False,False,False,False,False
d1_queue_pressure_spot_5bps_5s_eth,feature,eth,S5,d1_queue_pressure_spot_5bps_5s,B5_dynamics,Dynamics,True,False,True,True,201.7102,False,False,False,False,False
d1_refill_rate_fut_10bps_15s_btc,feature,btc,S5,d1_refill_rate_fut_10bps_15s,B5_dynamics,Dynamics,True,False,True,True,47.8011,False,False,False,False,False
d1_refill_rate_fut_10bps_15s_eth,feature,eth,S5,d1_refill_rate_fut_10bps_15s,B5_dynamics,Dynamics,True,False,True,True,47.8011,False,False,False,False,False
d1_refill_rate_fut_10bps_5s_btc,feature,btc,S5,d1_refill_rate_fut_10bps_5s,B5_dynamics,Dynamics,True,False,True,True,103.7787,False,False,False,False,False
d1_refill_rate_fut_10bps_5s_eth,feature,eth,S5,d1_refill_rate_fut_10bps_5s,B5_dynamics,Dynamics,True,False,True,True,103.7787,False,False,False,False,False
d1_refill_rate_fut_1bps_15s_btc,feature,btc,S5,d1_refill_rate_fut_1bps_15s,B5_dynamics,Dynamics,True,False,True,True,57.9533,False,False,False,False,False
d1_refill_rate_fut_1bps_15s_eth,feature,eth,S5,d1_refill_rate_fut_1bps_15s,B5_dynamics,Dynamics,True,False,True,True,57.9533,False,False,False,False,False
d1_refill_rate_fut_1bps_5s_btc,feature,btc,S5,d1_refill_rate_fut_1bps_5s,B5_dynamics,Dynamics,True,False,True,True,73.3068,False,False,False,False,False
d1_refill_rate_fut_1bps_5s_eth,feature,eth,S5,d1_refill_rate_fut_1bps_5s,B5_dynamics,Dynamics,True,False,True,True,73.3068,False,False,False,False,False
d1_refill_rate_fut_2bps_15s_btc,feature,btc,S5,d1_refill_rate_fut_2bps_15s,B5_dynamics,Dynamics,True,False,True,True,20.9627,False,False,False,False,False
d1_refill_rate_fut_2bps_15s_eth,feature,eth,S5,d1_refill_rate_fut_2bps_15s,B5_dynamics,Dynamics,True,False,True,True,20.9627,False,False,False,False,False
d1_refill_rate_fut_2bps_5s_btc,feature,btc,S5,d1_refill_rate_fut_2bps_5s,B5_dynamics,Dynamics,True,False,True,True,53.4872,False,False,False,False,False
d1_refill_rate_fut_2bps_5s_eth,feature,eth,S5,d1_refill_rate_fut_2bps_5s,B5_dynamics,Dynamics,True,False,True,True,53.4872,False,False,False,False,False
d1_refill_rate_fut_5bps_15s_btc,feature,btc,S5,d1_refill_rate_fut_5bps_15s,B5_dynamics,Dynamics,True,False,True,True,38.6694,False,False,False,False,False
d1_refill_rate_fut_5bps_15s_eth,feature,eth,S5,d1_refill_rate_fut_5bps_15s,B5_dynamics,Dynamics,True,False,True,True,38.6694,False,False,False,False,False
d1_refill_rate_fut_5bps_5s_btc,feature,btc,S5,d1_refill_rate_fut_5bps_5s,B5_dynamics,Dynamics,True,False,True,True,110.0093,False,False,False,False,False
d1_refill_rate_fut_5bps_5s_eth,feature,eth,S5,d1_refill_rate_fut_5bps_5s,B5_dynamics,Dynamics,True,False,True,True,110.0093,False,False,False,False,False
d1_refill_rate_spot_10bps_15s_btc,feature,btc,S5,d1_refill_rate_spot_10bps_15s,B5_dynamics,Dynamics,True,False,True,True,110.9955,False,False,False,False,False
d1_refill_rate_spot_10bps_15s_eth,feature,eth,S5,d1_refill_rate_spot_10bps_15s,B5_dynamics,Dynamics,True,False,True,True,110.9955,False,False,False,False,False
d1_refill_rate_spot_10bps_5s_btc,feature,btc,S5,d1_refill_rate_spot_10bps_5s,B5_dynamics,Dynamics,True,False,True,True,213.2669,False,False,False,False,False
d1_refill_rate_spot_1bps_15s_btc,feature,btc,S5,d1_refill_rate_spot_1bps_15s,B5_dynamics,Dynamics,True,False,True,True,39.3679,False,False,False,False,False
d1_refill_rate_spot_1bps_15s_eth,feature,eth,S5,d1_refill_rate_spot_1bps_15s,B5_dynamics,Dynamics,True,False,True,True,39.3679,False,False,False,False,False
d1_refill_rate_spot_1bps_5s_btc,feature,btc,S5,d1_refill_rate_spot_1bps_5s,B5_dynamics,Dynamics,True,False,True,True,47.224,False,False,False,False,False
d1_refill_rate_spot_1bps_5s_eth,feature,eth,S5,d1_refill_rate_spot_1bps_5s,B5_dynamics,Dynamics,True,False,True,True,47.224,False,False,False,False,False
d1_refill_rate_spot_2bps_15s_btc,feature,btc,S5,d1_refill_rate_spot_2bps_15s,B5_dynamics,Dynamics,True,False,True,True,26.7368,False,False,False,False,False
d1_refill_rate_spot_2bps_15s_eth,feature,eth,S5,d1_refill_rate_spot_2bps_15s,B5_dynamics,Dynamics,True,False,True,True,26.7368,False,False,False,False,False
d1_refill_rate_spot_2bps_5s_btc,feature,btc,S5,d1_refill_rate_spot_2bps_5s,B5_dynamics,Dynamics,True,False,True,True,55.3343,False,False,False,False,False
d1_refill_rate_spot_2bps_5s_eth,feature,eth,S5,d1_refill_rate_spot_2bps_5s,B5_dynamics,Dynamics,True,False,True,True,55.3343,False,False,False,False,False
d1_refill_rate_spot_5bps_15s_btc,feature,btc,S5,d1_refill_rate_spot_5bps_15s,B5_dynamics,Dynamics,True,False,True,True,105.6215,False,False,False,False,False
d1_refill_rate_spot_5bps_15s_eth,feature,eth,S5,d1_refill_rate_spot_5bps_15s,B5_dynamics,Dynamics,True,False,True,True,105.6215,False,False,False,False,False
d1_refill_rate_spot_5bps_5s_eth,feature,eth,S5,d1_refill_rate_spot_5bps_5s,B5_dynamics,Dynamics,True,False,True,True,271.3823,False,False,False,False,False
d1_taker_imbalance_fut_15s_btc,feature,btc,S5,d1_taker_imbalance_fut_15s,B5_dynamics,Dynamics,True,True,True,True,7.4307,False,False,False,False,False
d1_taker_imbalance_fut_15s_eth,feature,eth,S5,d1_taker_imbalance_fut_15s,B5_dynamics,Dynamics,True,True,True,True,7.4307,False,False,False,False,False
d1_taker_imbalance_fut_5s_btc,feature,btc,S5,d1_taker_imbalance_fut_5s,B5_dynamics,Dynamics,True,True,True,True,8.9516,False,False,False,False,False
d1_taker_imbalance_fut_5s_eth,feature,eth,S5,d1_taker_imbalance_fut_5s,B5_dynamics,Dynamics,True,True,True,True,8.9516,False,False,False,False,False
d1_taker_imbalance_spot_15s_btc,feature,btc,S5,d1_taker_imbalance_spot_15s,B5_dynamics,Dynamics,True,True,True,True,8.2811,False,False,False,False,False
d1_taker_imbalance_spot_15s_eth,feature,eth,S5,d1_taker_imbalance_spot_15s,B5_dynamics,Dynamics,True,True,True,True,8.2811,False,False,False,False,False
d1_taker_imbalance_spot_5s_btc,feature,btc,S5,d1_taker_imbalance_spot_5s,B5_dynamics,Dynamics,True,True,True,True,9.9766,False,False,False,False,False
d1_taker_imbalance_spot_5s_eth,feature,eth,S5,d1_taker_imbalance_spot_5s,B5_dynamics,Dynamics,True,True,True,True,9.9766,False,False,False,False,False
d2_net_pressure_fut_10bps_15s_btc,feature,btc,S5,d2_net_pressure_fut_10bps_15s,B5_dynamics,Dynamics,True,False,True,True,17.1566,False,False,False,False,False
d2_net_pressure_fut_10bps_15s_eth,feature,eth,S5,d2_net_pressure_fut_10bps_15s,B5_dynamics,Dynamics,True,False,True,True,17.1566,False,False,False,False,False
d2_net_pressure_fut_10bps_5s_btc,feature,btc,S5,d2_net_pressure_fut_10bps_5s,B5_dynamics,Dynamics,True,False,True,True,26.3761,False,False,False,False,False
d2_net_pressure_fut_10bps_5s_eth,feature,eth,S5,d2_net_pressure_fut_10bps_5s,B5_dynamics,Dynamics,True,False,True,True,26.3761,False,False,False,False,False
d2_net_pressure_fut_1bps_15s_btc,feature,btc,S5,d2_net_pressure_fut_1bps_15s,B5_dynamics,Dynamics,True,False,True,True,11.9872,False,False,False,False,False
d2_net_pressure_fut_1bps_15s_eth,feature,eth,S5,d2_net_pressure_fut_1bps_15s,B5_dynamics,Dynamics,True,False,True,True,11.9872,False,False,False,False,False
d2_net_pressure_fut_1bps_5s_btc,feature,btc,S5,d2_net_pressure_fut_1bps_5s,B5_dynamics,Dynamics,True,False,True,True,93.5034,False,False,False,False,False
d2_net_pressure_fut_1bps_5s_eth,feature,eth,S5,d2_net_pressure_fut_1bps_5s,B5_dynamics,Dynamics,True,False,True,True,93.5034,False,False,False,False,False
d2_net_pressure_fut_2bps_15s_btc,feature,btc,S5,d2_net_pressure_fut_2bps_15s,B5_dynamics,Dynamics,True,False,True,True,11.7382,False,False,False,False,False
d2_net_pressure_fut_2bps_15s_eth,feature,eth,S5,d2_net_pressure_fut_2bps_15s,B5_dynamics,Dynamics,True,False,True,True,11.7382,False,False,False,False,False
d2_net_pressure_fut_2bps_5s_btc,feature,btc,S5,d2_net_pressure_fut_2bps_5s,B5_dynamics,Dynamics,True,False,True,True,21.7658,False,False,False,False,False
d2_net_pressure_fut_2bps_5s_eth,feature,eth,S5,d2_net_pressure_fut_2bps_5s,B5_dynamics,Dynamics,True,False,True,True,21.7658,False,False,False,False,False
d2_net_pressure_fut_5bps_15s_btc,feature,btc,S5,d2_net_pressure_fut_5bps_15s,B5_dynamics,Dynamics,True,False,True,True,12.4058,False,False,False,False,False
d2_net_pressure_fut_5bps_15s_eth,feature,eth,S5,d2_net_pressure_fut_5bps_15s,B5_dynamics,Dynamics,True,False,True,True,12.4058,False,False,False,False,False
d2_net_pressure_fut_5bps_5s_btc,feature,btc,S5,d2_net_pressure_fut_5bps_5s,B5_dynamics,Dynamics,True,False,True,True,21.1591,False,False,False,False,False
d2_net_pressure_fut_5bps_5s_eth,feature,eth,S5,d2_net_pressure_fut_5bps_5s,B5_dynamics,Dynamics,True,False,True,True,21.1591,False,False,False,False,False
d2_net_pressure_spot_10bps_15s_btc,feature,btc,S5,d2_net_pressure_spot_10bps_15s,B5_dynamics,Dynamics,True,False,True,True,37.0676,False,False,False,False,False
d2_net_pressure_spot_10bps_15s_eth,feature,eth,S5,d2_net_pressure_spot_10bps_15s,B5_dynamics,Dynamics,True,False,True,True,37.0676,False,False,False,False,False
d2_net_pressure_spot_10bps_5s_btc,feature,btc,S5,d2_net_pressure_spot_10bps_5s,B5_dynamics,Dynamics,True,False,True,True,47.6734,False,False,False,False,False
d2_net_pressure_spot_10bps_5s_eth,feature,eth,S5,d2_net_pressure_spot_10bps_5s,B5_dynamics,Dynamics,True,False,True,True,47.6734,False,False,False,False,False
d2_net_pressure_spot_1bps_15s_btc,feature,btc,S5,d2_net_pressure_spot_1bps_15s,B5_dynamics,Dynamics,True,False,True,True,23.0632,False,False,False,False,False
d2_net_pressure_spot_1bps_15s_eth,feature,eth,S5,d2_net_pressure_spot_1bps_15s,B5_dynamics,Dynamics,True,False,True,True,23.0632,False,False,False,False,False
d2_net_pressure_spot_1bps_5s_btc,feature,btc,S5,d2_net_pressure_spot_1bps_5s,B5_dynamics,Dynamics,True,False,True,True,77.0374,False,False,False,False,False
d2_net_pressure_spot_1bps_5s_eth,feature,eth,S5,d2_net_pressure_spot_1bps_5s,B5_dynamics,Dynamics,True,False,True,True,77.0374,False,False,False,False,False
d2_net_pressure_spot_2bps_15s_btc,feature,btc,S5,d2_net_pressure_spot_2bps_15s,B5_dynamics,Dynamics,True,False,True,True,27.1222,False,False,False,False,False
d2_net_pressure_spot_2bps_15s_eth,feature,eth,S5,d2_net_pressure_spot_2bps_15s,B5_dynamics,Dynamics,True,False,True,True,27.1222,False,False,False,False,False
d2_net_pressure_spot_2bps_5s_btc,feature,btc,S5,d2_net_pressure_spot_2bps_5s,B5_dynamics,Dynamics,True,False,True,True,48.9522,False,False,False,False,False
d2_net_pressure_spot_2bps_5s_eth,feature,eth,S5,d2_net_pressure_spot_2bps_5s,B5_dynamics,Dynamics,True,False,True,True,48.9522,False,False,False,False,False
d2_net_pressure_spot_5bps_15s_eth,feature,eth,S5,d2_net_pressure_spot_5bps_15s,B5_dynamics,Dynamics,True,False,True,True,44.4537,False,False,False,False,False
d2_net_pressure_spot_5bps_5s_btc,feature,btc,S5,d2_net_pressure_spot_5bps_5s,B5_dynamics,Dynamics,True,False,True,True,62.913,False,False,False,False,False
d2_net_pressure_spot_5bps_5s_eth,feature,eth,S5,d2_net_pressure_spot_5bps_5s,B5_dynamics,Dynamics,True,False,True,True,62.913,False,False,False,False,False
d2_pull_rate_fut_10bps_15s_btc,feature,btc,S5,d2_pull_rate_fut_10bps_15s,B5_dynamics,Dynamics,True,False,False,True,3865.7653,False,False,False,False,False
d2_pull_rate_fut_10bps_15s_eth,feature,eth,S5,d2_pull_rate_fut_10bps_15s,B5_dynamics,Dynamics,True,False,False,True,3865.7653,False,False,False,False,False
d2_pull_rate_fut_10bps_5s_btc,feature,btc,S5,d2_pull_rate_fut_10bps_5s,B5_dynamics,Dynamics,True,False,False,True,5161.4668,False,False,False,False,False
d2_pull_rate_fut_10bps_5s_eth,feature,eth,S5,d2_pull_rate_fut_10bps_5s,B5_dynamics,Dynamics,True,False,False,True,5161.4668,False,False,False,False,False
d2_pull_rate_fut_1bps_15s_btc,feature,btc,S5,d2_pull_rate_fut_1bps_15s,B5_dynamics,Dynamics,True,True,True,True,6.5732,False,False,False,False,False
d2_pull_rate_fut_1bps_15s_eth,feature,eth,S5,d2_pull_rate_fut_1bps_15s,B5_dynamics,Dynamics,True,True,True,True,6.5732,False,False,False,False,False
d2_pull_rate_fut_1bps_5s_btc,feature,btc,S5,d2_pull_rate_fut_1bps_5s,B5_dynamics,Dynamics,True,False,False,True,2514.5424,False,False,False,False,False
d2_pull_rate_fut_1bps_5s_eth,feature,eth,S5,d2_pull_rate_fut_1bps_5s,B5_dynamics,Dynamics,True,False,False,True,2514.5424,False,False,False,False,False
d2_pull_rate_fut_2bps_15s_btc,feature,btc,S5,d2_pull_rate_fut_2bps_15s,B5_dynamics,Dynamics,True,True,True,True,7.4246,False,False,False,False,False
d2_pull_rate_fut_2bps_15s_eth,feature,eth,S5,d2_pull_rate_fut_2bps_15s,B5_dynamics,Dynamics,True,True,True,True,7.4246,False,False,False,False,False
d2_pull_rate_fut_2bps_5s_btc,feature,btc,S5,d2_pull_rate_fut_2bps_5s,B5_dynamics,Dynamics,True,False,False,True,5008.4576,False,False,False,False,False
d2_pull_rate_fut_2bps_5s_eth,feature,eth,S5,d2_pull_rate_fut_2bps_5s,B5_dynamics,Dynamics,True,False,False,True,5008.4576,False,False,False,False,False
d2_pull_rate_fut_5bps_15s_btc,feature,btc,S5,d2_pull_rate_fut_5bps_15s,B5_dynamics,Dynamics,True,False,True,True,4063.3416,False,False,False,False,False
d2_pull_rate_fut_5bps_15s_eth,feature,eth,S5,d2_pull_rate_fut_5bps_15s,B5_dynamics,Dynamics,True,False,True,True,4063.3416,False,False,False,False,False
d2_pull_rate_fut_5bps_5s_btc,feature,btc,S5,d2_pull_rate_fut_5bps_5s,B5_dynamics,Dynamics,True,False,True,True,5271.7634,False,False,False,False,False
d2_pull_rate_fut_5bps_5s_eth,feature,eth,S5,d2_pull_rate_fut_5bps_5s,B5_dynamics,Dynamics,True,False,True,True,5271.7634,False,False,False,False,False
d2_pull_rate_spot_10bps_15s_btc,feature,btc,S5,d2_pull_rate_spot_10bps_15s,B5_dynamics,Dynamics,True,False,False,True,2936.791,False,False,False,False,False
d2_pull_rate_spot_10bps_15s_eth,feature,eth,S5,d2_pull_rate_spot_10bps_15s,B5_dynamics,Dynamics,True,False,False,True,2936.791,False,False,False,False,False
d2_pull_rate_spot_10bps_5s_btc,feature,btc,S5,d2_pull_rate_spot_10bps_5s,B5_dynamics,Dynamics,True,False,False,True,5380.2401,False,False,False,False,False
d2_pull_rate_spot_10bps_5s_eth,feature,eth,S5,d2_pull_rate_spot_10bps_5s,B5_dynamics,Dynamics,True,False,False,True,5380.2401,False,False,False,False,False
d2_pull_rate_spot_1bps_15s_btc,feature,btc,S5,d2_pull_rate_spot_1bps_15s,B5_dynamics,Dynamics,True,False,True,True,16.4769,False,False,False,False,False
d2_pull_rate_spot_1bps_15s_eth,feature,eth,S5,d2_pull_rate_spot_1bps_15s,B5_dynamics,Dynamics,True,False,True,True,16.4769,False,False,False,False,False
d2_pull_rate_spot_1bps_5s_btc,feature,btc,S5,d2_pull_rate_spot_1bps_5s,B5_dynamics,Dynamics,True,False,False,True,2146.2397,False,False,False,False,False
d2_pull_rate_spot_1bps_5s_eth,feature,eth,S5,d2_pull_rate_spot_1bps_5s,B5_dynamics,Dynamics,True,False,False,True,2146.2397,False,False,False,False,False
d2_pull_rate_spot_2bps_15s_btc,feature,btc,S5,d2_pull_rate_spot_2bps_15s,B5_dynamics,Dynamics,True,False,True,True,15.3091,False,False,False,False,False
d2_pull_rate_spot_2bps_15s_eth,feature,eth,S5,d2_pull_rate_spot_2bps_15s,B5_dynamics,Dynamics,True,False,True,True,15.3091,False,False,False,False,False
d2_pull_rate_spot_2bps_5s_btc,feature,btc,S5,d2_pull_rate_spot_2bps_5s,B5_dynamics,Dynamics,True,False,False,True,4375.7813,False,False,False,False,False
d2_pull_rate_spot_2bps_5s_eth,feature,eth,S5,d2_pull_rate_spot_2bps_5s,B5_dynamics,Dynamics,True,False,False,True,4375.7813,False,False,False,False,False
d2_pull_rate_spot_5bps_15s_eth,feature,eth,S5,d2_pull_rate_spot_5bps_15s,B5_dynamics,Dynamics,True,False,True,True,2998.985,False,False,False,False,False
d2_pull_rate_spot_5bps_5s_btc,feature,btc,S5,d2_pull_rate_spot_5bps_5s,B5_dynamics,Dynamics,True,False,True,True,5571.8967,False,False,False,False,False
d2_pull_rate_spot_5bps_5s_eth,feature,eth,S5,d2_pull_rate_spot_5bps_5s,B5_dynamics,Dynamics,True,False,True,True,5571.8967,False,False,False,False,False
d2_queue_pressure_fut_10bps_15s_btc,feature,btc,S5,d2_queue_pressure_fut_10bps_15s,B5_dynamics,Dynamics,True,False,True,True,13.8901,False,False,False,False,False
d2_queue_pressure_fut_10bps_15s_eth,feature,eth,S5,d2_queue_pressure_fut_10bps_15s,B5_dynamics,Dynamics,True,False,True,True,13.8901,False,False,False,False,False
d2_queue_pressure_fut_10bps_5s_btc,feature,btc,S5,d2_queue_pressure_fut_10bps_5s,B5_dynamics,Dynamics,True,False,True,True,25.4817,False,False,False,False,False
d2_queue_pressure_fut_10bps_5s_eth,feature,eth,S5,d2_queue_pressure_fut_10bps_5s,B5_dynamics,Dynamics,True,False,True,True,25.4817,False,False,False,False,False
d2_queue_pressure_fut_1bps_15s_btc,feature,btc,S5,d2_queue_pressure_fut_1bps_15s,B5_dynamics,Dynamics,True,False,True,True,107.049,False,False,False,False,False
d2_queue_pressure_fut_1bps_15s_eth,feature,eth,S5,d2_queue_pressure_fut_1bps_15s,B5_dynamics,Dynamics,True,False,True,True,107.049,False,False,False,False,False
d2_queue_pressure_fut_1bps_5s_btc,feature,btc,S5,d2_queue_pressure_fut_1bps_5s,B5_dynamics,Dynamics,True,False,True,True,102.7984,False,False,False,False,False
d2_queue_pressure_fut_1bps_5s_eth,feature,eth,S5,d2_queue_pressure_fut_1bps_5s,B5_dynamics,Dynamics,True,False,True,True,102.7984,False,False,False,False,False
d2_queue_pressure_fut_2bps_15s_btc,feature,btc,S5,d2_queue_pressure_fut_2bps_15s,B5_dynamics,Dynamics,True,False,True,True,28.8346,False,False,False,False,False
d2_queue_pressure_fut_2bps_15s_eth,feature,eth,S5,d2_queue_pressure_fut_2bps_15s,B5_dynamics,Dynamics,True,False,True,True,28.8346,False,False,False,False,False
d2_queue_pressure_fut_2bps_5s_btc,feature,btc,S5,d2_queue_pressure_fut_2bps_5s,B5_dynamics,Dynamics,True,False,True,True,41.1097,False,False,False,False,False
d2_queue_pressure_fut_2bps_5s_eth,feature,eth,S5,d2_queue_pressure_fut_2bps_5s,B5_dynamics,Dynamics,True,False,True,True,41.1097,False,False,False,False,False
d2_queue_pressure_fut_5bps_15s_btc,feature,btc,S5,d2_queue_pressure_fut_5bps_15s,B5_dynamics,Dynamics,True,False,True,True,14.5798,False,False,False,False,False
d2_queue_pressure_fut_5bps_15s_eth,feature,eth,S5,d2_queue_pressure_fut_5bps_15s,B5_dynamics,Dynamics,True,False,True,True,14.5798,False,False,False,False,False
d2_queue_pressure_fut_5bps_5s_btc,feature,btc,S5,d2_queue_pressure_fut_5bps_5s,B5_dynamics,Dynamics,True,False,True,True,27.5187,False,False,False,False,False
d2_queue_pressure_fut_5bps_5s_eth,feature,eth,S5,d2_queue_pressure_fut_5bps_5s,B5_dynamics,Dynamics,True,False,True,True,27.5187,False,False,False,False,False
d2_queue_pressure_spot_10bps_15s_btc,feature,btc,S5,d2_queue_pressure_spot_10bps_15s,B5_dynamics,Dynamics,True,False,True,True,57.3917,False,False,False,False,False
d2_queue_pressure_spot_10bps_15s_eth,feature,eth,S5,d2_queue_pressure_spot_10bps_15s,B5_dynamics,Dynamics,True,False,True,True,57.3917,False,False,False,False,False
d2_queue_pressure_spot_10bps_5s_btc,feature,btc,S5,d2_queue_pressure_spot_10bps_5s,B5_dynamics,Dynamics,True,False,True,True,68.7586,False,False,False,False,False
d2_queue_pressure_spot_10bps_5s_eth,feature,eth,S5,d2_queue_pressure_spot_10bps_5s,B5_dynamics,Dynamics,True,False,True,True,68.7586,False,False,False,False,False
d2_queue_pressure_spot_1bps_15s_btc,feature,btc,S5,d2_queue_pressure_spot_1bps_15s,B5_dynamics,Dynamics,True,False,True,True,79.9493,False,False,False,False,False
d2_queue_pressure_spot_1bps_15s_eth,feature,eth,S5,d2_queue_pressure_spot_1bps_15s,B5_dynamics,Dynamics,True,False,True,True,79.9493,False,False,False,False,False
d2_queue_pressure_spot_1bps_5s_btc,feature,btc,S5,d2_queue_pressure_spot_1bps_5s,B5_dynamics,Dynamics,True,False,True,True,65.1357,False,False,False,False,False
d2_queue_pressure_spot_1bps_5s_eth,feature,eth,S5,d2_queue_pressure_spot_1bps_5s,B5_dynamics,Dynamics,True,False,True,True,65.1357,False,False,False,False,False
d2_queue_pressure_spot_2bps_15s_btc,feature,btc,S5,d2_queue_pressure_spot_2bps_15s,B5_dynamics,Dynamics,True,False,True,True,25.8815,False,False,False,False,False
d2_queue_pressure_spot_2bps_15s_eth,feature,eth,S5,d2_queue_pressure_spot_2bps_15s,B5_dynamics,Dynamics,True,False,True,True,25.8815,False,False,False,False,False
d2_queue_pressure_spot_2bps_5s_btc,feature,btc,S5,d2_queue_pressure_spot_2bps_5s,B5_dynamics,Dynamics,True,False,True,True,52.8789,False,False,False,False,False
d2_queue_pressure_spot_2bps_5s_eth,feature,eth,S5,d2_queue_pressure_spot_2bps_5s,B5_dynamics,Dynamics,True,False,True,True,52.8789,False,False,False,False,False
d2_queue_pressure_spot_5bps_15s_btc,feature,btc,S5,d2_queue_pressure_spot_5bps_15s,B5_dynamics,Dynamics,True,False,True,True,50.0389,False,False,False,False,False
d2_queue_pressure_spot_5bps_15s_eth,feature,eth,S5,d2_queue_pressure_spot_5bps_15s,B5_dynamics,Dynamics,True,False,True,True,50.0389,False,False,False,False,False
d2_queue_pressure_spot_5bps_5s_btc,feature,btc,S5,d2_queue_pressure_spot_5bps_5s,B5_dynamics,Dynamics,True,False,True,True,85.9828,False,False,False,False,False
d2_queue_pressure_spot_5bps_5s_eth,feature,eth,S5,d2_queue_pressure_spot_5bps_5s,B5_dynamics,Dynamics,True,False,True,True,85.9828,False,False,False,False,False
d2_refill_rate_fut_10bps_15s_btc,feature,btc,S5,d2_refill_rate_fut_10bps_15s,B5_dynamics,Dynamics,True,False,True,True,42.4664,False,False,False,False,False
d2_refill_rate_fut_10bps_15s_eth,feature,eth,S5,d2_refill_rate_fut_10bps_15s,B5_dynamics,Dynamics,True,False,True,True,42.4664,False,False,False,False,False
d2_refill_rate_fut_10bps_5s_btc,feature,btc,S5,d2_refill_rate_fut_10bps_5s,B5_dynamics,Dynamics,True,False,True,True,66.8859,False,False,False,False,False
d2_refill_rate_fut_10bps_5s_eth,feature,eth,S5,d2_refill_rate_fut_10bps_5s,B5_dynamics,Dynamics,True,False,True,True,66.8859,False,False,False,False,False
d2_refill_rate_fut_1bps_15s_btc,feature,btc,S5,d2_refill_rate_fut_1bps_15s,B5_dynamics,Dynamics,True,False,True,True,14.7174,False,False,False,False,False
d2_refill_rate_fut_1bps_5s_eth,feature,eth,S5,d2_refill_rate_fut_1bps_5s,B5_dynamics,Dynamics,True,False,True,True,14.8599,False,False,False,False,False
d2_refill_rate_fut_2bps_15s_btc,feature,btc,S5,d2_refill_rate_fut_2bps_15s,B5_dynamics,Dynamics,True,False,True,True,18.406,False,False,False,False,False
d2_refill_rate_fut_2bps_15s_eth,feature,eth,S5,d2_refill_rate_fut_2bps_15s,B5_dynamics,Dynamics,True,False,True,True,18.406,False,False,False,False,False
d2_refill_rate_fut_2bps_5s_eth,feature,eth,S5,d2_refill_rate_fut_2bps_5s,B5_dynamics,Dynamics,True,False,True,True,31.3161,False,False,False,False,False
d2_refill_rate_fut_5bps_15s_btc,feature,btc,S5,d2_refill_rate_fut_5bps_15s,B5_dynamics,Dynamics,True,False,True,True,29.8179,False,False,False,False,False
d2_refill_rate_fut_5bps_15s_eth,feature,eth,S5,d2_refill_rate_fut_5bps_15s,B5_dynamics,Dynamics,True,False,True,True,29.8179,False,False,False,False,False
d2_refill_rate_fut_5bps_5s_eth,feature,eth,S5,d2_refill_rate_fut_5bps_5s,B5_dynamics,Dynamics,True,False,True,True,62.9348,False,False,False,False,False
d2_refill_rate_spot_10bps_15s_btc,feature,btc,S5,d2_refill_rate_spot_10bps_15s,B5_dynamics,Dynamics,True,False,True,True,71.2918,False,False,False,False,False
d2_refill_rate_spot_10bps_15s_eth,feature,eth,S5,d2_refill_rate_spot_10bps_15s,B5_dynamics,Dynamics,True,False,True,True,71.2918,False,False,False,False,False
d2_refill_rate_spot_10bps_5s_btc,feature,btc,S5,d2_refill_rate_spot_10bps_5s,B5_dynamics,Dynamics,True,False,True,True,119.5613,False,False,False,False,False
d2_refill_rate_spot_10bps_5s_eth,feature,eth,S5,d2_refill_rate_spot_10bps_5s,B5_dynamics,Dynamics,True,False,True,True,119.5613,False,False,False,False,False
d2_refill_rate_spot_1bps_15s_btc,feature,btc,S5,d2_refill_rate_spot_1bps_15s,B5_dynamics,Dynamics,True,False,True,True,14.5409,False,False,False,False,False
d2_refill_rate_spot_1bps_15s_eth,feature,eth,S5,d2_refill_rate_spot_1bps_15s,B5_dynamics,Dynamics,True,False,True,True,14.5409,False,False,False,False,False
d2_refill_rate_spot_1bps_5s_btc,feature,btc,S5,d2_refill_rate_spot_1bps_5s,B5_dynamics,Dynamics,True,False,True,True,14.664,False,False,False,False,False
d2_refill_rate_spot_2bps_15s_btc,feature,btc,S5,d2_refill_rate_spot_2bps_15s,B5_dynamics,Dynamics,True,False,True,True,20.1426,False,False,False,False,False
d2_refill_rate_spot_2bps_15s_eth,feature,eth,S5,d2_refill_rate_spot_2bps_15s,B5_dynamics,Dynamics,True,False,True,True,20.1426,False,False,False,False,False
d2_refill_rate_spot_2bps_5s_btc,feature,btc,S5,d2_refill_rate_spot_2bps_5s,B5_dynamics,Dynamics,True,False,True,True,36.3271,False,False,False,False,False
d2_refill_rate_spot_2bps_5s_eth,feature,eth,S5,d2_refill_rate_spot_2bps_5s,B5_dynamics,Dynamics,True,False,True,True,36.3271,False,False,False,False,False
d2_refill_rate_spot_5bps_15s_btc,feature,btc,S5,d2_refill_rate_spot_5bps_15s,B5_dynamics,Dynamics,True,False,True,True,86.3695,False,False,False,False,False
d2_refill_rate_spot_5bps_15s_eth,feature,eth,S5,d2_refill_rate_spot_5bps_15s,B5_dynamics,Dynamics,True,False,True,True,86.3695,False,False,False,False,False
d2_refill_rate_spot_5bps_5s_btc,feature,btc,S5,d2_refill_rate_spot_5bps_5s,B5_dynamics,Dynamics,True,False,True,True,141.8333,False,False,False,False,False
d2_refill_rate_spot_5bps_5s_eth,feature,eth,S5,d2_refill_rate_spot_5bps_5s,B5_dynamics,Dynamics,True,False,True,True,141.8333,False,False,False,False,False
d2_taker_imbalance_fut_15s_btc,feature,btc,S5,d2_taker_imbalance_fut_15s,B5_dynamics,Dynamics,True,True,True,True,5.4281,False,False,False,False,False
d2_taker_imbalance_fut_15s_eth,feature,eth,S5,d2_taker_imbalance_fut_15s,B5_dynamics,Dynamics,True,True,True,True,5.4281,False,False,False,False,False
d2_taker_imbalance_fut_5s_btc,feature,btc,S5,d2_taker_imbalance_fut_5s,B5_dynamics,Dynamics,True,True,True,True,6.1475,False,False,False,False,False
d2_taker_imbalance_fut_5s_eth,feature,eth,S5,d2_taker_imbalance_fut_5s,B5_dynamics,Dynamics,True,True,True,True,6.1475,False,False,False,False,False
d2_taker_imbalance_spot_15s_btc,feature,btc,S5,d2_taker_imbalance_spot_15s,B5_dynamics,Dynamics,True,True,True,True,6.2402,False,False,False,False,False
d2_taker_imbalance_spot_15s_eth,feature,eth,S5,d2_taker_imbalance_spot_15s,B5_dynamics,Dynamics,True,True,True,True,6.2402,False,False,False,False,False
d2_taker_imbalance_spot_5s_btc,feature,btc,S5,d2_taker_imbalance_spot_5s,B5_dynamics,Dynamics,True,True,True,True,7.2825,False,False,False,False,False
d2_taker_imbalance_spot_5s_eth,feature,eth,S5,d2_taker_imbalance_spot_5s,B5_dynamics,Dynamics,True,True,True,True,7.2825,False,False,False,False,False
day_high_fut_btc,feature,btc,S5,day_high_fut,B6_context,Level Artefact,False,False,False,False,,False,True,False,False,True
day_high_fut_eth,feature,eth,S5,day_high_fut,B6_context,Level Artefact,False,False,False,False,,False,False,False,False,False
day_high_spot_btc,feature,btc,S5,day_high_spot,B6_context,Level Artefact,False,False,False,False,,True,False,False,False,False
day_high_spot_eth,feature,eth,S5,day_high_spot,B6_context,Level Artefact,False,False,False,False,,False,False,False,False,False
day_low_fut_btc,feature,btc,S5,day_low_fut,B6_context,Level Artefact,False,False,False,False,,False,False,False,False,False
day_low_fut_eth,feature,eth,S5,day_low_fut,B6_context,Level Artefact,False,False,False,False,,True,False,True,False,True
day_low_spot_btc,feature,btc,S5,day_low_spot,B6_context,Level Artefact,False,False,False,False,,False,False,False,False,False
day_low_spot_eth,feature,eth,S5,day_low_spot,B6_context,Level Artefact,False,False,False,False,,False,False,False,False,False
day_open_fut_btc,feature,btc,S5,day_open_fut,B6_context,Level Artefact,False,False,False,False,,False,False,False,False,False
day_open_fut_eth,feature,eth,S5,day_open_fut,B6_context,Level Artefact,False,False,False,False,,False,False,False,False,False
day_open_spot_btc,feature,btc,S5,day_open_spot,B6_context,Level Artefact,False,False,False,False,,False,False,False,False,False
day_open_spot_eth,feature,eth,S5,day_open_spot,B6_context,Level Artefact,False,False,False,False,,False,False,False,False,False
day_range_bps_fut_btc,feature,btc,S5,day_range_bps_fut,B6_context,Range,True,False,True,True,5742.154,False,True,False,False,True
day_range_bps_fut_eth,feature,eth,S5,day_range_bps_fut,B6_context,Range,True,False,True,True,5742.154,False,True,True,False,True
day_range_bps_spot_btc,feature,btc,S5,day_range_bps_spot,B6_context,Range,True,False,False,True,5606.9366,True,True,True,False,True
day_range_bps_spot_eth,feature,eth,S5,day_range_bps_spot,B6_context,Range,True,False,False,True,5606.9366,True,True,True,False,True
depth_gradient_ask_fut_struct100_1s_btc,feature,btc,S5,depth_gradient_ask_fut_struct100_1s,B2_bookshape,Bookshape,True,False,True,True,5032.8973,False,False,False,False,False
depth_gradient_ask_fut_struct100_1s_eth,feature,eth,S5,depth_gradient_ask_fut_struct100_1s,B2_bookshape,Bookshape,True,False,True,True,5032.8973,False,False,False,True,False
depth_gradient_ask_fut_struct100_300s_btc,feature,btc,S5,depth_gradient_ask_fut_struct100_300s,B2_bookshape,Bookshape,True,False,True,True,3673.9649,True,True,True,False,False
depth_gradient_ask_fut_struct100_300s_eth,feature,eth,S5,depth_gradient_ask_fut_struct100_300s,B2_bookshape,Bookshape,True,False,True,True,3673.9649,True,False,True,False,True
depth_gradient_ask_fut_struct100_60s_btc,feature,btc,S5,depth_gradient_ask_fut_struct100_60s,B2_bookshape,Bookshape,True,False,True,True,3189.2786,True,False,False,True,False
depth_gradient_ask_fut_struct100_60s_eth,feature,eth,S5,depth_gradient_ask_fut_struct100_60s,B2_bookshape,Bookshape,True,False,True,True,3189.2786,False,False,False,False,False
depth_gradient_ask_fut_struct100_900s_btc,feature,btc,S5,depth_gradient_ask_fut_struct100_900s,B2_bookshape,Bookshape,True,False,True,True,3406.9965,False,True,True,False,True
depth_gradient_ask_fut_struct100_900s_eth,feature,eth,S5,depth_gradient_ask_fut_struct100_900s,B2_bookshape,Bookshape,True,False,True,True,3406.9965,True,True,True,True,True
depth_gradient_ask_fut_struct50_1s_btc,feature,btc,S5,depth_gradient_ask_fut_struct50_1s,B2_bookshape,Bookshape,True,False,True,True,261.6852,False,True,False,True,False
depth_gradient_ask_fut_struct50_1s_eth,feature,eth,S5,depth_gradient_ask_fut_struct50_1s,B2_bookshape,Bookshape,True,False,True,True,261.6852,False,False,False,False,False
depth_gradient_ask_fut_struct50_300s_btc,feature,btc,S5,depth_gradient_ask_fut_struct50_300s,B2_bookshape,Bookshape,True,False,False,True,155.2935,False,False,False,False,False
depth_gradient_ask_fut_struct50_300s_eth,feature,eth,S5,depth_gradient_ask_fut_struct50_300s,B2_bookshape,Bookshape,True,False,False,True,155.2935,True,False,False,False,False
depth_gradient_ask_fut_struct50_60s_btc,feature,btc,S5,depth_gradient_ask_fut_struct50_60s,B2_bookshape,Bookshape,True,False,False,True,125.6013,False,False,True,True,False
depth_gradient_ask_fut_struct50_60s_eth,feature,eth,S5,depth_gradient_ask_fut_struct50_60s,B2_bookshape,Bookshape,True,False,False,True,125.6013,False,False,False,False,False
depth_gradient_ask_fut_struct50_900s_btc,feature,btc,S5,depth_gradient_ask_fut_struct50_900s,B2_bookshape,Bookshape,True,False,False,True,202.2836,False,False,False,False,False
depth_gradient_ask_fut_struct50_900s_eth,feature,eth,S5,depth_gradient_ask_fut_struct50_900s,B2_bookshape,Bookshape,True,False,False,True,202.2836,False,True,True,False,True
depth_gradient_ask_spot_struct100_1s_btc,feature,btc,S5,depth_gradient_ask_spot_struct100_1s,B2_bookshape,Bookshape,True,False,True,True,1387.7574,False,False,False,False,False
depth_gradient_ask_spot_struct100_1s_eth,feature,eth,S5,depth_gradient_ask_spot_struct100_1s,B2_bookshape,Bookshape,True,False,True,True,1387.7574,False,False,False,False,False
depth_gradient_ask_spot_struct100_300s_btc,feature,btc,S5,depth_gradient_ask_spot_struct100_300s,B2_bookshape,Bookshape,True,False,True,True,1650.2745,False,False,False,True,False
depth_gradient_ask_spot_struct100_300s_eth,feature,eth,S5,depth_gradient_ask_spot_struct100_300s,B2_bookshape,Bookshape,True,False,True,True,1650.2745,True,True,True,False,True
depth_gradient_ask_spot_struct100_60s_btc,feature,btc,S5,depth_gradient_ask_spot_struct100_60s,B2_bookshape,Bookshape,True,False,True,True,1409.1337,False,False,False,False,False
depth_gradient_ask_spot_struct100_60s_eth,feature,eth,S5,depth_gradient_ask_spot_struct100_60s,B2_bookshape,Bookshape,True,False,True,True,1409.1337,False,False,True,False,False
depth_gradient_ask_spot_struct100_900s_btc,feature,btc,S5,depth_gradient_ask_spot_struct100_900s,B2_bookshape,Bookshape,True,False,True,True,1660.5612,False,True,True,False,True
depth_gradient_ask_spot_struct100_900s_eth,feature,eth,S5,depth_gradient_ask_spot_struct100_900s,B2_bookshape,Bookshape,True,False,True,True,1660.5612,True,True,False,False,True
depth_gradient_ask_spot_struct50_1s_btc,feature,btc,S5,depth_gradient_ask_spot_struct50_1s,B2_bookshape,Bookshape,True,False,True,True,502.8039,False,False,False,False,False
depth_gradient_ask_spot_struct50_1s_eth,feature,eth,S5,depth_gradient_ask_spot_struct50_1s,B2_bookshape,Bookshape,True,False,True,True,502.8039,False,False,False,False,False
depth_gradient_ask_spot_struct50_300s_btc,feature,btc,S5,depth_gradient_ask_spot_struct50_300s,B2_bookshape,Bookshape,True,False,False,True,1099.347,True,False,True,False,False
depth_gradient_ask_spot_struct50_300s_eth,feature,eth,S5,depth_gradient_ask_spot_struct50_300s,B2_bookshape,Bookshape,True,False,False,True,1099.347,False,True,True,False,True
depth_gradient_ask_spot_struct50_60s_btc,feature,btc,S5,depth_gradient_ask_spot_struct50_60s,B2_bookshape,Bookshape,True,False,True,True,998.7918,False,False,False,True,False
depth_gradient_ask_spot_struct50_60s_eth,feature,eth,S5,depth_gradient_ask_spot_struct50_60s,B2_bookshape,Bookshape,True,False,True,True,998.7918,False,False,False,False,False
depth_gradient_ask_spot_struct50_900s_btc,feature,btc,S5,depth_gradient_ask_spot_struct50_900s,B2_bookshape,Bookshape,True,False,False,True,1035.692,False,False,True,True,True
depth_gradient_ask_spot_struct50_900s_eth,feature,eth,S5,depth_gradient_ask_spot_struct50_900s,B2_bookshape,Bookshape,True,False,False,True,1035.692,True,True,True,True,True
depth_gradient_bid_fut_struct100_1s_btc,feature,btc,S5,depth_gradient_bid_fut_struct100_1s,B2_bookshape,Bookshape,True,False,True,True,5352.556,False,False,False,False,False
depth_gradient_bid_fut_struct100_1s_eth,feature,eth,S5,depth_gradient_bid_fut_struct100_1s,B2_bookshape,Bookshape,True,False,True,True,5352.556,False,False,False,False,False
depth_gradient_bid_fut_struct100_300s_btc,feature,btc,S5,depth_gradient_bid_fut_struct100_300s,B2_bookshape,Bookshape,True,False,True,True,3987.081,True,True,False,True,False
depth_gradient_bid_fut_struct100_300s_eth,feature,eth,S5,depth_gradient_bid_fut_struct100_300s,B2_bookshape,Bookshape,True,False,True,True,3987.081,False,True,True,False,True
depth_gradient_bid_fut_struct100_60s_btc,feature,btc,S5,depth_gradient_bid_fut_struct100_60s,B2_bookshape,Bookshape,True,False,True,True,3303.8526,False,False,False,True,False
depth_gradient_bid_fut_struct100_60s_eth,feature,eth,S5,depth_gradient_bid_fut_struct100_60s,B2_bookshape,Bookshape,True,False,True,True,3303.8526,False,False,False,False,False
depth_gradient_bid_fut_struct100_900s_btc,feature,btc,S5,depth_gradient_bid_fut_struct100_900s,B2_bookshape,Bookshape,True,False,True,True,3741.0271,True,True,True,True,True
depth_gradient_bid_fut_struct100_900s_eth,feature,eth,S5,depth_gradient_bid_fut_struct100_900s,B2_bookshape,Bookshape,True,False,True,True,3741.0271,False,True,True,False,True
depth_gradient_bid_fut_struct50_1s_btc,feature,btc,S5,depth_gradient_bid_fut_struct50_1s,B2_bookshape,Bookshape,True,False,True,True,460.4992,False,False,False,False,False
depth_gradient_bid_fut_struct50_1s_eth,feature,eth,S5,depth_gradient_bid_fut_struct50_1s,B2_bookshape,Bookshape,True,False,True,True,460.4992,False,False,False,False,False
depth_gradient_bid_fut_struct50_300s_btc,feature,btc,S5,depth_gradient_bid_fut_struct50_300s,B2_bookshape,Bookshape,True,False,True,True,166.3518,False,True,True,False,True
depth_gradient_bid_fut_struct50_300s_eth,feature,eth,S5,depth_gradient_bid_fut_struct50_300s,B2_bookshape,Bookshape,True,False,True,True,166.3518,False,False,False,False,False
depth_gradient_bid_fut_struct50_60s_btc,feature,btc,S5,depth_gradient_bid_fut_struct50_60s,B2_bookshape,Bookshape,True,False,True,True,168.9451,False,False,False,False,False
depth_gradient_bid_fut_struct50_60s_eth,feature,eth,S5,depth_gradient_bid_fut_struct50_60s,B2_bookshape,Bookshape,True,False,True,True,168.9451,False,False,False,True,False
depth_gradient_bid_fut_struct50_900s_btc,feature,btc,S5,depth_gradient_bid_fut_struct50_900s,B2_bookshape,Bookshape,True,False,True,True,189.8148,True,False,False,True,True
depth_gradient_bid_fut_struct50_900s_eth,feature,eth,S5,depth_gradient_bid_fut_struct50_900s,B2_bookshape,Bookshape,True,False,True,True,189.8148,False,True,False,False,True
depth_gradient_bid_spot_struct100_1s_btc,feature,btc,S5,depth_gradient_bid_spot_struct100_1s,B2_bookshape,Bookshape,True,False,True,True,1834.5336,False,False,False,False,False
depth_gradient_bid_spot_struct100_1s_eth,feature,eth,S5,depth_gradient_bid_spot_struct100_1s,B2_bookshape,Bookshape,True,False,True,True,1834.5336,True,False,False,False,False
depth_gradient_bid_spot_struct100_300s_btc,feature,btc,S5,depth_gradient_bid_spot_struct100_300s,B2_bookshape,Bookshape,True,False,True,True,1726.058,False,True,True,True,True
depth_gradient_bid_spot_struct100_300s_eth,feature,eth,S5,depth_gradient_bid_spot_struct100_300s,B2_bookshape,Bookshape,True,False,True,True,1726.058,True,True,True,False,True
depth_gradient_bid_spot_struct100_60s_btc,feature,btc,S5,depth_gradient_bid_spot_struct100_60s,B2_bookshape,Bookshape,True,False,True,True,1524.8316,False,False,False,True,False
depth_gradient_bid_spot_struct100_60s_eth,feature,eth,S5,depth_gradient_bid_spot_struct100_60s,B2_bookshape,Bookshape,True,False,True,True,1524.8316,True,False,False,False,True
depth_gradient_bid_spot_struct100_900s_btc,feature,btc,S5,depth_gradient_bid_spot_struct100_900s,B2_bookshape,Bookshape,True,False,True,True,1579.9988,True,False,True,False,True
depth_gradient_bid_spot_struct100_900s_eth,feature,eth,S5,depth_gradient_bid_spot_struct100_900s,B2_bookshape,Bookshape,True,False,True,True,1579.9988,True,True,False,False,True
depth_gradient_bid_spot_struct50_1s_btc,feature,btc,S5,depth_gradient_bid_spot_struct50_1s,B2_bookshape,Bookshape,True,False,True,True,662.8597,False,False,False,False,False
depth_gradient_bid_spot_struct50_1s_eth,feature,eth,S5,depth_gradient_bid_spot_struct50_1s,B2_bookshape,Bookshape,True,False,True,True,662.8597,False,False,False,False,False
depth_gradient_bid_spot_struct50_300s_btc,feature,btc,S5,depth_gradient_bid_spot_struct50_300s,B2_bookshape,Bookshape,True,False,True,True,1116.3818,False,False,False,True,False
depth_gradient_bid_spot_struct50_300s_eth,feature,eth,S5,depth_gradient_bid_spot_struct50_300s,B2_bookshape,Bookshape,True,False,True,True,1116.3818,False,False,True,False,False
depth_gradient_bid_spot_struct50_60s_btc,feature,btc,S5,depth_gradient_bid_spot_struct50_60s,B2_bookshape,Bookshape,True,False,True,True,989.5539,False,False,False,False,False
depth_gradient_bid_spot_struct50_60s_eth,feature,eth,S5,depth_gradient_bid_spot_struct50_60s,B2_bookshape,Bookshape,True,False,True,True,989.5539,True,False,False,False,False
depth_gradient_bid_spot_struct50_900s_btc,feature,btc,S5,depth_gradient_bid_spot_struct50_900s,B2_bookshape,Bookshape,True,False,True,True,1135.1123,True,True,True,True,True
depth_gradient_bid_spot_struct50_900s_eth,feature,eth,S5,depth_gradient_bid_spot_struct50_900s,B2_bookshape,Bookshape,True,False,True,True,1135.1123,True,True,True,True,True
depth_gradient_div_fut_minus_spot_struct100_1s_btc,feature,btc,S5,depth_gradient_div_fut_minus_spot_struct100_1s,B4_cross_market,Cross-Market,True,False,False,True,4036.6917,False,False,False,False,False
depth_gradient_div_fut_minus_spot_struct100_1s_eth,feature,eth,S5,depth_gradient_div_fut_minus_spot_struct100_1s,B4_cross_market,Cross-Market,True,False,False,True,4036.6917,False,False,False,False,False
depth_gradient_div_fut_minus_spot_struct100_300s_btc,feature,btc,S5,depth_gradient_div_fut_minus_spot_struct100_300s,B4_cross_market,Cross-Market,True,False,False,True,2363.3319,True,False,False,True,False
depth_gradient_div_fut_minus_spot_struct100_300s_eth,feature,eth,S5,depth_gradient_div_fut_minus_spot_struct100_300s,B4_cross_market,Cross-Market,True,False,False,True,2363.3319,False,False,True,True,False
depth_gradient_div_fut_minus_spot_struct100_60s_btc,feature,btc,S5,depth_gradient_div_fut_minus_spot_struct100_60s,B4_cross_market,Cross-Market,True,False,False,True,1976.5243,False,False,False,False,False
depth_gradient_div_fut_minus_spot_struct100_60s_eth,feature,eth,S5,depth_gradient_div_fut_minus_spot_struct100_60s,B4_cross_market,Cross-Market,True,False,False,True,1976.5243,False,False,False,True,False
depth_gradient_div_fut_minus_spot_struct100_900s_btc,feature,btc,S5,depth_gradient_div_fut_minus_spot_struct100_900s,B4_cross_market,Cross-Market,True,False,False,True,2169.643,False,False,False,False,False
depth_gradient_div_fut_minus_spot_struct100_900s_eth,feature,eth,S5,depth_gradient_div_fut_minus_spot_struct100_900s,B4_cross_market,Cross-Market,True,False,False,True,2169.643,False,True,True,False,True
depth_gradient_div_fut_minus_spot_struct50_1s_btc,feature,btc,S5,depth_gradient_div_fut_minus_spot_struct50_1s,B4_cross_market,Cross-Market,True,False,True,True,4398.5163,False,False,False,False,False
depth_gradient_div_fut_minus_spot_struct50_1s_eth,feature,eth,S5,depth_gradient_div_fut_minus_spot_struct50_1s,B4_cross_market,Cross-Market,True,False,True,True,4398.5163,False,False,False,False,False
depth_gradient_div_fut_minus_spot_struct50_300s_btc,feature,btc,S5,depth_gradient_div_fut_minus_spot_struct50_300s,B4_cross_market,Cross-Market,True,False,False,True,1960.8454,True,False,False,True,False
depth_gradient_div_fut_minus_spot_struct50_300s_eth,feature,eth,S5,depth_gradient_div_fut_minus_spot_struct50_300s,B4_cross_market,Cross-Market,True,False,False,True,1960.8454,False,False,False,False,False
depth_gradient_div_fut_minus_spot_struct50_60s_btc,feature,btc,S5,depth_gradient_div_fut_minus_spot_struct50_60s,B4_cross_market,Cross-Market,True,False,True,True,1582.6479,False,False,False,False,False
depth_gradient_div_fut_minus_spot_struct50_60s_eth,feature,eth,S5,depth_gradient_div_fut_minus_spot_struct50_60s,B4_cross_market,Cross-Market,True,False,True,True,1582.6479,False,False,False,False,False
depth_gradient_div_fut_minus_spot_struct50_900s_btc,feature,btc,S5,depth_gradient_div_fut_minus_spot_struct50_900s,B4_cross_market,Cross-Market,True,False,False,True,1925.2903,True,True,True,False,True
depth_gradient_div_fut_minus_spot_struct50_900s_eth,feature,eth,S5,depth_gradient_div_fut_minus_spot_struct50_900s,B4_cross_market,Cross-Market,True,False,False,True,1925.2903,False,False,False,False,False
depth_gradient_fut_struct100_1s_btc,feature,btc,S5,depth_gradient_fut_struct100_1s,B2_bookshape,Bookshape,True,False,True,True,1979.0726,False,False,False,False,False
depth_gradient_fut_struct100_1s_eth,feature,eth,S5,depth_gradient_fut_struct100_1s,B2_bookshape,Bookshape,True,False,True,True,1979.0726,False,False,False,False,False
depth_gradient_fut_struct100_300s_btc,feature,btc,S5,depth_gradient_fut_struct100_300s,B2_bookshape,Bookshape,True,False,True,True,2335.2649,False,False,False,False,False
depth_gradient_fut_struct100_300s_eth,feature,eth,S5,depth_gradient_fut_struct100_300s,B2_bookshape,Bookshape,True,False,True,True,2335.2649,False,False,False,False,False
depth_gradient_fut_struct100_60s_btc,feature,btc,S5,depth_gradient_fut_struct100_60s,B2_bookshape,Bookshape,True,False,True,True,2735.7972,False,False,False,False,False
depth_gradient_fut_struct100_60s_eth,feature,eth,S5,depth_gradient_fut_struct100_60s,B2_bookshape,Bookshape,True,False,True,True,2735.7972,True,False,False,False,False
depth_gradient_fut_struct100_900s_btc,feature,btc,S5,depth_gradient_fut_struct100_900s,B2_bookshape,Bookshape,True,False,True,True,2199.3779,True,True,True,False,True
depth_gradient_fut_struct100_900s_eth,feature,eth,S5,depth_gradient_fut_struct100_900s,B2_bookshape,Bookshape,True,False,True,True,2199.3779,True,True,True,False,True
depth_gradient_fut_struct50_1s_btc,feature,btc,S5,depth_gradient_fut_struct50_1s,B2_bookshape,Bookshape,True,False,True,True,357.2058,False,False,False,False,False
depth_gradient_fut_struct50_1s_eth,feature,eth,S5,depth_gradient_fut_struct50_1s,B2_bookshape,Bookshape,True,False,True,True,357.2058,False,False,False,False,False
depth_gradient_fut_struct50_300s_btc,feature,btc,S5,depth_gradient_fut_struct50_300s,B2_bookshape,Bookshape,True,False,False,True,2882.6167,False,True,False,False,False
depth_gradient_fut_struct50_300s_eth,feature,eth,S5,depth_gradient_fut_struct50_300s,B2_bookshape,Bookshape,True,False,False,True,2882.6167,True,True,False,False,False
depth_gradient_fut_struct50_60s_btc,feature,btc,S5,depth_gradient_fut_struct50_60s,B2_bookshape,Bookshape,True,False,True,True,868.6194,False,False,False,True,False
depth_gradient_fut_struct50_60s_eth,feature,eth,S5,depth_gradient_fut_struct50_60s,B2_bookshape,Bookshape,True,False,True,True,868.6194,False,False,False,False,False
depth_gradient_fut_struct50_900s_btc,feature,btc,S5,depth_gradient_fut_struct50_900s,B2_bookshape,Bookshape,True,False,True,True,2604.896,False,True,False,False,True
depth_gradient_fut_struct50_900s_eth,feature,eth,S5,depth_gradient_fut_struct50_900s,B2_bookshape,Bookshape,True,False,True,True,2604.896,False,True,True,False,True
depth_gradient_spot_struct100_1s_btc,feature,btc,S5,depth_gradient_spot_struct100_1s,B2_bookshape,Bookshape,True,False,True,True,2806.7831,False,False,False,False,False
depth_gradient_spot_struct100_1s_eth,feature,eth,S5,depth_gradient_spot_struct100_1s,B2_bookshape,Bookshape,True,False,True,True,2806.7831,False,False,False,False,False
depth_gradient_spot_struct100_300s_btc,feature,btc,S5,depth_gradient_spot_struct100_300s,B2_bookshape,Bookshape,True,False,True,True,2626.0212,False,False,True,False,False
depth_gradient_spot_struct100_300s_eth,feature,eth,S5,depth_gradient_spot_struct100_300s,B2_bookshape,Bookshape,True,False,True,True,2626.0212,False,True,False,True,True
depth_gradient_spot_struct100_60s_btc,feature,btc,S5,depth_gradient_spot_struct100_60s,B2_bookshape,Bookshape,True,False,True,True,2193.6875,False,False,False,True,False
depth_gradient_spot_struct100_60s_eth,feature,eth,S5,depth_gradient_spot_struct100_60s,B2_bookshape,Bookshape,True,False,True,True,2193.6875,False,False,False,True,False
depth_gradient_spot_struct100_900s_btc,feature,btc,S5,depth_gradient_spot_struct100_900s,B2_bookshape,Bookshape,True,False,True,True,2443.1861,True,True,False,True,True
depth_gradient_spot_struct100_900s_eth,feature,eth,S5,depth_gradient_spot_struct100_900s,B2_bookshape,Bookshape,True,False,True,True,2443.1861,True,True,True,False,True
depth_gradient_spot_struct50_1s_btc,feature,btc,S5,depth_gradient_spot_struct50_1s,B2_bookshape,Bookshape,True,False,True,True,2091.9324,False,False,False,False,False
depth_gradient_spot_struct50_1s_eth,feature,eth,S5,depth_gradient_spot_struct50_1s,B2_bookshape,Bookshape,True,False,True,True,2091.9324,False,False,False,False,False
depth_gradient_spot_struct50_300s_btc,feature,btc,S5,depth_gradient_spot_struct50_300s,B2_bookshape,Bookshape,True,False,True,True,402.8324,True,False,False,False,False
depth_gradient_spot_struct50_300s_eth,feature,eth,S5,depth_gradient_spot_struct50_300s,B2_bookshape,Bookshape,True,False,True,True,402.8324,True,True,False,False,False
depth_gradient_spot_struct50_60s_btc,feature,btc,S5,depth_gradient_spot_struct50_60s,B2_bookshape,Bookshape,True,False,True,True,308.2935,False,False,False,False,False
depth_gradient_spot_struct50_60s_eth,feature,eth,S5,depth_gradient_spot_struct50_60s,B2_bookshape,Bookshape,True,False,True,True,308.2935,True,False,False,True,False
depth_gradient_spot_struct50_900s_btc,feature,btc,S5,depth_gradient_spot_struct50_900s,B2_bookshape,Bookshape,True,False,True,True,19.6226,False,False,True,False,True
depth_gradient_spot_struct50_900s_eth,feature,eth,S5,depth_gradient_spot_struct50_900s,B2_bookshape,Bookshape,True,False,True,True,19.6226,True,True,True,False,True
depth_imbalance_struct100_fut_1s_btc,feature,btc,S5,depth_imbalance_struct100_fut_1s,B1_imbalance,Imbalance,True,False,True,True,4315.6116,False,False,False,False,False
depth_imbalance_struct100_fut_1s_eth,feature,eth,S5,depth_imbalance_struct100_fut_1s,B1_imbalance,Imbalance,True,False,True,True,4315.6116,False,False,False,False,False
depth_imbalance_struct100_spot_1s_btc,feature,btc,S5,depth_imbalance_struct100_spot_1s,B1_imbalance,Imbalance,True,False,True,True,3625.8249,False,False,False,False,False
depth_imbalance_struct100_spot_1s_eth,feature,eth,S5,depth_imbalance_struct100_spot_1s,B1_imbalance,Imbalance,True,False,True,True,3625.8249,False,False,False,False,False
depth_imbalance_struct50_fut_1s_btc,feature,btc,S5,depth_imbalance_struct50_fut_1s,B1_imbalance,Imbalance,True,False,True,True,4003.6081,False,False,False,False,False
depth_imbalance_struct50_fut_1s_eth,feature,eth,S5,depth_imbalance_struct50_fut_1s,B1_imbalance,Imbalance,True,False,True,True,4003.6081,False,False,False,False,False
depth_imbalance_struct50_spot_1s_btc,feature,btc,S5,depth_imbalance_struct50_spot_1s,B1_imbalance,Imbalance,True,False,True,True,2788.099,False,False,False,False,False
depth_imbalance_struct50_spot_1s_eth,feature,eth,S5,depth_imbalance_struct50_spot_1s,B1_imbalance,Imbalance,True,False,True,True,2788.099,False,False,False,False,False
depth_notional_ask_10bps_fut_1s_btc,feature,btc,S5,depth_notional_ask_10bps_fut_1s,B2_bookshape,Bookshape,True,False,True,True,1787.7865,False,False,False,False,False
depth_notional_ask_10bps_fut_1s_eth,feature,eth,S5,depth_notional_ask_10bps_fut_1s,B2_bookshape,Bookshape,True,False,True,True,1787.7865,False,False,False,False,False
depth_notional_ask_10bps_spot_1s_btc,feature,btc,S5,depth_notional_ask_10bps_spot_1s,B2_bookshape,Bookshape,True,False,True,True,2105.9957,False,False,False,False,False
depth_notional_ask_10bps_spot_1s_eth,feature,eth,S5,depth_notional_ask_10bps_spot_1s,B2_bookshape,Bookshape,True,False,True,True,2105.9957,False,False,False,False,False
depth_notional_ask_1bps_fut_1s_btc,feature,btc,S5,depth_notional_ask_1bps_fut_1s,B2_bookshape,Bookshape,True,False,True,True,14.0021,True,True,False,True,True
depth_notional_ask_1bps_fut_1s_eth,feature,eth,S5,depth_notional_ask_1bps_fut_1s,B2_bookshape,Bookshape,True,False,True,True,14.0021,False,False,False,True,False
depth_notional_ask_1bps_spot_1s_btc,feature,btc,S5,depth_notional_ask_1bps_spot_1s,B2_bookshape,Bookshape,True,False,True,True,38.9124,False,False,False,True,False
depth_notional_ask_1bps_spot_1s_eth,feature,eth,S5,depth_notional_ask_1bps_spot_1s,B2_bookshape,Bookshape,True,False,True,True,38.9124,False,False,False,True,False
depth_notional_ask_2bps_fut_1s_btc,feature,btc,S5,depth_notional_ask_2bps_fut_1s,B2_bookshape,Bookshape,True,False,True,True,38.0617,False,False,False,False,False
depth_notional_ask_2bps_fut_1s_eth,feature,eth,S5,depth_notional_ask_2bps_fut_1s,B2_bookshape,Bookshape,True,False,True,True,38.0617,False,False,False,False,False
depth_notional_ask_2bps_spot_1s_btc,feature,btc,S5,depth_notional_ask_2bps_spot_1s,B2_bookshape,Bookshape,True,False,True,True,125.0791,False,False,False,True,False
depth_notional_ask_2bps_spot_1s_eth,feature,eth,S5,depth_notional_ask_2bps_spot_1s,B2_bookshape,Bookshape,True,False,True,True,125.0791,False,False,False,False,False
depth_notional_ask_5bps_fut_1s_btc,feature,btc,S5,depth_notional_ask_5bps_fut_1s,B2_bookshape,Bookshape,True,False,True,True,2134.7088,False,False,False,True,False
depth_notional_ask_5bps_fut_1s_eth,feature,eth,S5,depth_notional_ask_5bps_fut_1s,B2_bookshape,Bookshape,True,False,True,True,2134.7088,False,False,False,False,False
depth_notional_ask_5bps_spot_1s_btc,feature,btc,S5,depth_notional_ask_5bps_spot_1s,B2_bookshape,Bookshape,True,False,True,True,1621.6319,False,False,False,False,False
depth_notional_ask_5bps_spot_1s_eth,feature,eth,S5,depth_notional_ask_5bps_spot_1s,B2_bookshape,Bookshape,True,False,True,True,1621.6319,False,False,False,False,False
depth_notional_ask_struct100_fut_1s_btc,feature,btc,S5,depth_notional_ask_struct100_fut_1s,B2_bookshape,Bookshape,True,False,True,True,509.5637,False,False,False,True,False
depth_notional_ask_struct100_fut_1s_eth,feature,eth,S5,depth_notional_ask_struct100_fut_1s,B2_bookshape,Bookshape,True,False,True,True,509.5637,False,False,False,True,False
depth_notional_ask_struct100_fut_300s_btc,feature,btc,S5,depth_notional_ask_struct100_fut_300s,B2_bookshape,Bookshape,True,False,True,True,324.1121,True,False,True,False,False
depth_notional_ask_struct100_fut_300s_eth,feature,eth,S5,depth_notional_ask_struct100_fut_300s,B2_bookshape,Bookshape,True,False,True,True,324.1121,False,True,True,False,True
depth_notional_ask_struct100_fut_60s_btc,feature,btc,S5,depth_notional_ask_struct100_fut_60s,B2_bookshape,Bookshape,True,False,True,True,254.7721,False,False,False,False,False
depth_notional_ask_struct100_fut_60s_eth,feature,eth,S5,depth_notional_ask_struct100_fut_60s,B2_bookshape,Bookshape,True,False,True,True,254.7721,False,False,False,False,False
depth_notional_ask_struct100_fut_900s_btc,feature,btc,S5,depth_notional_ask_struct100_fut_900s,B2_bookshape,Bookshape,True,False,True,True,330.5955,False,True,True,False,True
depth_notional_ask_struct100_fut_900s_eth,feature,eth,S5,depth_notional_ask_struct100_fut_900s,B2_bookshape,Bookshape,True,False,True,True,330.5955,True,False,True,True,True
depth_notional_ask_struct100_spot_1s_btc,feature,btc,S5,depth_notional_ask_struct100_spot_1s,B2_bookshape,Bookshape,True,False,False,True,1833.0949,False,False,False,False,False
depth_notional_ask_struct100_spot_1s_eth,feature,eth,S5,depth_notional_ask_struct100_spot_1s,B2_bookshape,Bookshape,True,False,False,True,1833.0949,True,False,False,True,False
depth_notional_ask_struct100_spot_300s_btc,feature,btc,S5,depth_notional_ask_struct100_spot_300s,B2_bookshape,Bookshape,True,False,True,True,1305.9487,False,False,True,False,False
depth_notional_ask_struct100_spot_300s_eth,feature,eth,S5,depth_notional_ask_struct100_spot_300s,B2_bookshape,Bookshape,True,False,True,True,1305.9487,True,False,False,False,False
depth_notional_ask_struct100_spot_60s_btc,feature,btc,S5,depth_notional_ask_struct100_spot_60s,B2_bookshape,Bookshape,True,False,True,True,1484.7888,True,True,True,False,False
depth_notional_ask_struct100_spot_60s_eth,feature,eth,S5,depth_notional_ask_struct100_spot_60s,B2_bookshape,Bookshape,True,False,True,True,1484.7888,False,True,False,True,False
depth_notional_ask_struct100_spot_900s_btc,feature,btc,S5,depth_notional_ask_struct100_spot_900s,B2_bookshape,Bookshape,True,False,True,True,914.6159,True,True,True,False,True
depth_notional_ask_struct100_spot_900s_eth,feature,eth,S5,depth_notional_ask_struct100_spot_900s,B2_bookshape,Bookshape,True,False,True,True,914.6159,True,True,True,False,True
depth_notional_ask_struct50_fut_1s_btc,feature,btc,S5,depth_notional_ask_struct50_fut_1s,B2_bookshape,Bookshape,True,False,True,True,302.5341,False,False,False,False,False
depth_notional_ask_struct50_fut_1s_eth,feature,eth,S5,depth_notional_ask_struct50_fut_1s,B2_bookshape,Bookshape,True,False,True,True,302.5341,False,False,False,False,False
depth_notional_ask_struct50_fut_300s_btc,feature,btc,S5,depth_notional_ask_struct50_fut_300s,B2_bookshape,Bookshape,True,False,True,True,140.7516,True,False,True,False,False
depth_notional_ask_struct50_fut_300s_eth,feature,eth,S5,depth_notional_ask_struct50_fut_300s,B2_bookshape,Bookshape,True,False,True,True,140.7516,True,True,True,True,True
depth_notional_ask_struct50_fut_60s_btc,feature,btc,S5,depth_notional_ask_struct50_fut_60s,B2_bookshape,Bookshape,True,False,True,True,105.6992,False,False,False,True,False
depth_notional_ask_struct50_fut_60s_eth,feature,eth,S5,depth_notional_ask_struct50_fut_60s,B2_bookshape,Bookshape,True,False,True,True,105.6992,False,False,False,False,False
depth_notional_ask_struct50_fut_900s_btc,feature,btc,S5,depth_notional_ask_struct50_fut_900s,B2_bookshape,Bookshape,True,False,True,True,294.2667,False,True,True,False,True
depth_notional_ask_struct50_fut_900s_eth,feature,eth,S5,depth_notional_ask_struct50_fut_900s,B2_bookshape,Bookshape,True,False,True,True,294.2667,True,False,True,True,True
depth_notional_ask_struct50_spot_1s_btc,feature,btc,S5,depth_notional_ask_struct50_spot_1s,B2_bookshape,Bookshape,True,False,False,True,1044.8961,False,False,False,False,False
depth_notional_ask_struct50_spot_1s_eth,feature,eth,S5,depth_notional_ask_struct50_spot_1s,B2_bookshape,Bookshape,True,False,False,True,1044.8961,False,False,False,False,False
depth_notional_ask_struct50_spot_300s_btc,feature,btc,S5,depth_notional_ask_struct50_spot_300s,B2_bookshape,Bookshape,True,False,True,True,1001.4325,False,True,True,False,True
depth_notional_ask_struct50_spot_300s_eth,feature,eth,S5,depth_notional_ask_struct50_spot_300s,B2_bookshape,Bookshape,True,False,True,True,1001.4325,False,False,False,False,False
depth_notional_ask_struct50_spot_60s_btc,feature,btc,S5,depth_notional_ask_struct50_spot_60s,B2_bookshape,Bookshape,True,False,True,True,979.8822,True,True,False,False,False
depth_notional_ask_struct50_spot_60s_eth,feature,eth,S5,depth_notional_ask_struct50_spot_60s,B2_bookshape,Bookshape,True,False,True,True,979.8822,False,False,False,True,False
depth_notional_ask_struct50_spot_900s_btc,feature,btc,S5,depth_notional_ask_struct50_spot_900s,B2_bookshape,Bookshape,True,False,True,True,1015.9505,True,True,True,False,True
depth_notional_ask_struct50_spot_900s_eth,feature,eth,S5,depth_notional_ask_struct50_spot_900s,B2_bookshape,Bookshape,True,False,True,True,1015.9505,True,True,True,False,True
depth_notional_bid_10bps_fut_1s_btc,feature,btc,S5,depth_notional_bid_10bps_fut_1s,B2_bookshape,Bookshape,True,False,True,True,1286.6643,False,False,False,False,False
depth_notional_bid_10bps_fut_1s_eth,feature,eth,S5,depth_notional_bid_10bps_fut_1s,B2_bookshape,Bookshape,True,False,True,True,1286.6643,False,False,False,False,False
depth_notional_bid_10bps_spot_1s_btc,feature,btc,S5,depth_notional_bid_10bps_spot_1s,B2_bookshape,Bookshape,True,False,True,True,1042.0194,True,False,False,False,False
depth_notional_bid_10bps_spot_1s_eth,feature,eth,S5,depth_notional_bid_10bps_spot_1s,B2_bookshape,Bookshape,True,False,True,True,1042.0194,False,False,False,False,False
depth_notional_bid_1bps_fut_1s_btc,feature,btc,S5,depth_notional_bid_1bps_fut_1s,B2_bookshape,Bookshape,True,False,True,True,10.6903,False,False,False,True,False
depth_notional_bid_1bps_fut_1s_eth,feature,eth,S5,depth_notional_bid_1bps_fut_1s,B2_bookshape,Bookshape,True,False,True,True,10.6903,False,False,False,False,False
depth_notional_bid_1bps_spot_1s_btc,feature,btc,S5,depth_notional_bid_1bps_spot_1s,B2_bookshape,Bookshape,True,False,True,True,33.7243,False,False,False,False,False
depth_notional_bid_1bps_spot_1s_eth,feature,eth,S5,depth_notional_bid_1bps_spot_1s,B2_bookshape,Bookshape,True,False,True,True,33.7243,False,False,False,False,False
depth_notional_bid_2bps_fut_1s_btc,feature,btc,S5,depth_notional_bid_2bps_fut_1s,B2_bookshape,Bookshape,True,False,True,True,19.5967,False,False,True,False,False
depth_notional_bid_2bps_fut_1s_eth,feature,eth,S5,depth_notional_bid_2bps_fut_1s,B2_bookshape,Bookshape,True,False,True,True,19.5967,False,False,False,False,False
depth_notional_bid_2bps_spot_1s_btc,feature,btc,S5,depth_notional_bid_2bps_spot_1s,B2_bookshape,Bookshape,True,False,True,True,53.675,False,False,False,False,False
depth_notional_bid_2bps_spot_1s_eth,feature,eth,S5,depth_notional_bid_2bps_spot_1s,B2_bookshape,Bookshape,True,False,True,True,53.675,False,False,False,False,False
depth_notional_bid_5bps_fut_1s_btc,feature,btc,S5,depth_notional_bid_5bps_fut_1s,B2_bookshape,Bookshape,True,False,True,True,1317.0704,False,False,False,False,False
depth_notional_bid_5bps_fut_1s_eth,feature,eth,S5,depth_notional_bid_5bps_fut_1s,B2_bookshape,Bookshape,True,False,True,True,1317.0704,False,False,False,False,False
depth_notional_bid_5bps_spot_1s_btc,feature,btc,S5,depth_notional_bid_5bps_spot_1s,B2_bookshape,Bookshape,True,False,True,True,709.4432,False,False,False,False,False
depth_notional_bid_5bps_spot_1s_eth,feature,eth,S5,depth_notional_bid_5bps_spot_1s,B2_bookshape,Bookshape,True,False,True,True,709.4432,False,False,False,False,False
depth_notional_bid_struct100_fut_1s_btc,feature,btc,S5,depth_notional_bid_struct100_fut_1s,B2_bookshape,Bookshape,True,False,True,True,1712.6298,False,False,False,True,False
depth_notional_bid_struct100_fut_1s_eth,feature,eth,S5,depth_notional_bid_struct100_fut_1s,B2_bookshape,Bookshape,True,False,True,True,1712.6298,False,False,False,False,False
depth_notional_bid_struct100_fut_300s_btc,feature,btc,S5,depth_notional_bid_struct100_fut_300s,B2_bookshape,Bookshape,True,False,True,True,333.9018,True,True,True,False,True
depth_notional_bid_struct100_fut_300s_eth,feature,eth,S5,depth_notional_bid_struct100_fut_300s,B2_bookshape,Bookshape,True,False,True,True,333.9018,True,False,False,True,False
depth_notional_bid_struct100_fut_60s_btc,feature,btc,S5,depth_notional_bid_struct100_fut_60s,B2_bookshape,Bookshape,True,False,True,True,254.5062,False,False,False,False,False
depth_notional_bid_struct100_fut_60s_eth,feature,eth,S5,depth_notional_bid_struct100_fut_60s,B2_bookshape,Bookshape,True,False,True,True,254.5062,False,False,False,False,False
depth_notional_bid_struct100_fut_900s_btc,feature,btc,S5,depth_notional_bid_struct100_fut_900s,B2_bookshape,Bookshape,True,False,True,True,307.8296,False,False,True,False,True
depth_notional_bid_struct100_fut_900s_eth,feature,eth,S5,depth_notional_bid_struct100_fut_900s,B2_bookshape,Bookshape,True,False,True,True,307.8296,True,True,True,False,True
depth_notional_bid_struct100_spot_1s_btc,feature,btc,S5,depth_notional_bid_struct100_spot_1s,B2_bookshape,Bookshape,True,False,True,True,2711.9641,False,False,False,False,False
depth_notional_bid_struct100_spot_1s_eth,feature,eth,S5,depth_notional_bid_struct100_spot_1s,B2_bookshape,Bookshape,True,False,True,True,2711.9641,False,False,False,True,False
depth_notional_bid_struct100_spot_300s_btc,feature,btc,S5,depth_notional_bid_struct100_spot_300s,B2_bookshape,Bookshape,True,False,False,True,1162.7238,False,False,False,True,False
depth_notional_bid_struct100_spot_300s_eth,feature,eth,S5,depth_notional_bid_struct100_spot_300s,B2_bookshape,Bookshape,True,False,False,True,1162.7238,False,True,True,False,True
depth_notional_bid_struct100_spot_60s_btc,feature,btc,S5,depth_notional_bid_struct100_spot_60s,B2_bookshape,Bookshape,True,False,False,True,1772.7214,False,False,False,False,False
depth_notional_bid_struct100_spot_60s_eth,feature,eth,S5,depth_notional_bid_struct100_spot_60s,B2_bookshape,Bookshape,True,False,False,True,1772.7214,False,False,True,False,False
depth_notional_bid_struct100_spot_900s_btc,feature,btc,S5,depth_notional_bid_struct100_spot_900s,B2_bookshape,Bookshape,True,False,True,True,613.3118,False,True,True,True,True
depth_notional_bid_struct100_spot_900s_eth,feature,eth,S5,depth_notional_bid_struct100_spot_900s,B2_bookshape,Bookshape,True,False,True,True,613.3118,True,True,True,False,True
depth_notional_bid_struct50_fut_1s_btc,feature,btc,S5,depth_notional_bid_struct50_fut_1s,B2_bookshape,Bookshape,True,False,True,True,510.1758,False,False,False,False,False
depth_notional_bid_struct50_fut_1s_eth,feature,eth,S5,depth_notional_bid_struct50_fut_1s,B2_bookshape,Bookshape,True,False,True,True,510.1758,False,False,False,True,False
depth_notional_bid_struct50_fut_300s_btc,feature,btc,S5,depth_notional_bid_struct50_fut_300s,B2_bookshape,Bookshape,True,False,True,True,177.7842,True,False,True,True,False
depth_notional_bid_struct50_fut_300s_eth,feature,eth,S5,depth_notional_bid_struct50_fut_300s,B2_bookshape,Bookshape,True,False,True,True,177.7842,True,False,True,False,True
depth_notional_bid_struct50_fut_60s_btc,feature,btc,S5,depth_notional_bid_struct50_fut_60s,B2_bookshape,Bookshape,True,False,True,True,237.9168,False,True,False,False,False
depth_notional_bid_struct50_fut_60s_eth,feature,eth,S5,depth_notional_bid_struct50_fut_60s,B2_bookshape,Bookshape,True,False,True,True,237.9168,True,False,False,False,True
depth_notional_bid_struct50_fut_900s_btc,feature,btc,S5,depth_notional_bid_struct50_fut_900s,B2_bookshape,Bookshape,True,False,True,True,288.8564,True,True,True,True,False
depth_notional_bid_struct50_fut_900s_eth,feature,eth,S5,depth_notional_bid_struct50_fut_900s,B2_bookshape,Bookshape,True,False,True,True,288.8564,True,True,True,False,True
depth_notional_bid_struct50_spot_1s_btc,feature,btc,S5,depth_notional_bid_struct50_spot_1s,B2_bookshape,Bookshape,True,False,True,True,1451.016,False,False,False,False,False
depth_notional_bid_struct50_spot_1s_eth,feature,eth,S5,depth_notional_bid_struct50_spot_1s,B2_bookshape,Bookshape,True,False,True,True,1451.016,False,False,False,False,False
depth_notional_bid_struct50_spot_300s_btc,feature,btc,S5,depth_notional_bid_struct50_spot_300s,B2_bookshape,Bookshape,True,False,True,True,877.3948,True,False,True,True,False
depth_notional_bid_struct50_spot_300s_eth,feature,eth,S5,depth_notional_bid_struct50_spot_300s,B2_bookshape,Bookshape,True,False,True,True,877.3948,True,True,True,True,True
depth_notional_bid_struct50_spot_60s_btc,feature,btc,S5,depth_notional_bid_struct50_spot_60s,B2_bookshape,Bookshape,True,False,True,True,1034.3451,True,False,False,False,False
depth_notional_bid_struct50_spot_60s_eth,feature,eth,S5,depth_notional_bid_struct50_spot_60s,B2_bookshape,Bookshape,True,False,True,True,1034.3451,False,False,False,False,False
depth_notional_bid_struct50_spot_900s_btc,feature,btc,S5,depth_notional_bid_struct50_spot_900s,B2_bookshape,Bookshape,True,False,True,True,671.4204,True,False,True,False,False
depth_notional_bid_struct50_spot_900s_eth,feature,eth,S5,depth_notional_bid_struct50_spot_900s,B2_bookshape,Bookshape,True,False,True,True,671.4204,False,True,True,False,True
dist_to_day_high_bps_fut_btc,feature,btc,S5,dist_to_day_high_bps_fut,B6_context,Range,True,False,True,True,4056.7215,False,True,True,False,True
dist_to_day_high_bps_fut_eth,feature,eth,S5,dist_to_day_high_bps_fut,B6_context,Range,True,False,True,True,4056.7215,False,False,True,False,True
dist_to_day_high_bps_spot_btc,feature,btc,S5,dist_to_day_high_bps_spot,B6_context,Range,True,False,False,True,3977.769,True,False,True,True,True
dist_to_day_high_bps_spot_eth,feature,eth,S5,dist_to_day_high_bps_spot,B6_context,Range,True,False,False,True,3977.769,True,False,True,False,True
dist_to_day_low_bps_fut_btc,feature,btc,S5,dist_to_day_low_bps_fut,B6_context,Range,True,False,True,True,2679.2081,True,False,True,True,True
dist_to_day_low_bps_fut_eth,feature,eth,S5,dist_to_day_low_bps_fut,B6_context,Range,True,False,True,True,2679.2081,True,True,True,False,False
dist_to_day_low_bps_spot_btc,feature,btc,S5,dist_to_day_low_bps_spot,B6_context,Range,True,False,False,True,2883.0619,True,True,True,False,True
dist_to_day_low_bps_spot_eth,feature,eth,S5,dist_to_day_low_bps_spot,B6_context,Range,True,False,False,True,2883.0619,True,True,True,False,True
dist_to_fib_382_week_bps_fut_btc,feature,btc,S5,dist_to_fib_382_week_bps_fut,B6_context,Range,True,False,True,True,10039.476,False,True,True,False,True
dist_to_fib_500_week_bps_fut_btc,feature,btc,S5,dist_to_fib_500_week_bps_fut,B6_context,Range,True,False,True,True,12732.7009,False,True,True,False,True
dist_to_fib_618_week_bps_fut_btc,feature,btc,S5,dist_to_fib_618_week_bps_fut,B6_context,Range,True,False,True,True,13102.5766,False,False,True,False,False
dist_to_fib_786_week_bps_fut_btc,feature,btc,S5,dist_to_fib_786_week_bps_fut,B6_context,Range,True,False,True,True,9975.2819,False,True,False,False,True
dist_to_monday_high_bps_fut_btc,feature,btc,S5,dist_to_monday_high_bps_fut,B6_context,Session Levels,True,False,True,True,,False,True,True,False,False
dist_to_monday_low_bps_fut_btc,feature,btc,S5,dist_to_monday_low_bps_fut,B6_context,Session Levels,True,False,True,True,,True,False,True,False,False
dist_to_poc_1d_bps_fut_btc,feature,btc,S5,dist_to_poc_1d_bps_fut,B6_context,Volume Profile,True,False,True,True,,False,True,True,False,True
dist_to_poc_1d_bps_fut_eth,feature,eth,S5,dist_to_poc_1d_bps_fut,B6_context,Volume Profile,True,False,True,True,,True,True,True,False,True
dist_to_poc_240m_bps_fut_btc,feature,btc,S5,dist_to_poc_240m_bps_fut,B6_context,Volume Profile,True,False,True,True,,False,False,True,True,True
dist_to_poc_240m_bps_fut_eth,feature,eth,S5,dist_to_poc_240m_bps_fut,B6_context,Volume Profile,True,False,True,True,,True,True,False,False,True
dist_to_poc_60m_bps_fut_btc,feature,btc,S5,dist_to_poc_60m_bps_fut,B6_context,Volume Profile,True,False,True,True,,True,True,False,False,True
dist_to_poc_60m_bps_fut_eth,feature,eth,S5,dist_to_poc_60m_bps_fut,B6_context,Volume Profile,True,False,True,True,,True,True,False,True,False
dist_to_prev_day_high_bps_fut_btc,feature,btc,S5,dist_to_prev_day_high_bps_fut,B6_context,Session Levels,True,False,True,True,,False,True,False,False,True
dist_to_prev_day_high_bps_fut_eth,feature,eth,S5,dist_to_prev_day_high_bps_fut,B6_context,Session Levels,True,False,True,True,,True,True,True,True,True
dist_to_prev_day_low_bps_fut_btc,feature,btc,S5,dist_to_prev_day_low_bps_fut,B6_context,Session Levels,True,False,True,True,,True,False,True,True,True
dist_to_prev_day_low_bps_fut_eth,feature,eth,S5,dist_to_prev_day_low_bps_fut,B6_context,Session Levels,True,False,True,True,,True,True,True,False,True
dist_to_prev_week_high_bps_fut_btc,feature,btc,S5,dist_to_prev_week_high_bps_fut,B6_context,Session Levels,True,False,True,True,,False,False,True,False,True
dist_to_prev_week_low_bps_fut_btc,feature,btc,S5,dist_to_prev_week_low_bps_fut,B6_context,Session Levels,True,False,True,True,,False,False,True,False,True
dist_to_vah_1d_bps_fut_btc,feature,btc,S5,dist_to_vah_1d_bps_fut,B6_context,Volume Profile,True,False,True,True,,True,True,True,True,True
dist_to_vah_1d_bps_fut_eth,feature,eth,S5,dist_to_vah_1d_bps_fut,B6_context,Volume Profile,True,False,True,True,,True,True,True,True,True
dist_to_vah_240m_bps_fut_btc,feature,btc,S5,dist_to_vah_240m_bps_fut,B6_context,Volume Profile,True,False,True,True,,True,False,True,True,True
dist_to_vah_240m_bps_fut_eth,feature,eth,S5,dist_to_vah_240m_bps_fut,B6_context,Volume Profile,True,False,True,True,,True,True,True,False,True
dist_to_vah_60m_bps_fut_btc,feature,btc,S5,dist_to_vah_60m_bps_fut,B6_context,Volume Profile,True,False,True,True,,True,False,True,False,True
dist_to_vah_60m_bps_fut_eth,feature,eth,S5,dist_to_vah_60m_bps_fut,B6_context,Volume Profile,True,False,True,True,,True,True,True,True,True
dist_to_val_1d_bps_fut_btc,feature,btc,S5,dist_to_val_1d_bps_fut,B6_context,Volume Profile,True,False,True,True,,True,True,True,False,True
dist_to_val_1d_bps_fut_eth,feature,eth,S5,dist_to_val_1d_bps_fut,B6_context,Volume Profile,True,False,True,True,,True,True,True,False,True
dist_to_val_240m_bps_fut_btc,feature,btc,S5,dist_to_val_240m_bps_fut,B6_context,Volume Profile,True,False,True,True,,False,False,True,False,True
dist_to_val_240m_bps_fut_eth,feature,eth,S5,dist_to_val_240m_bps_fut,B6_context,Volume Profile,True,False,True,True,,True,True,True,True,True
dist_to_val_60m_bps_fut_btc,feature,btc,S5,dist_to_val_60m_bps_fut,B6_context,Volume Profile,True,False,True,True,,True,True,True,True,True
dist_to_val_60m_bps_fut_eth,feature,eth,S5,dist_to_val_60m_bps_fut,B6_context,Volume Profile,True,False,True,True,,True,True,True,True,True
dist_to_week_high_bps_fut_btc,feature,btc,S5,dist_to_week_high_bps_fut,B6_context,Session Levels,True,False,True,True,,False,False,False,False,False
dist_to_week_low_bps_fut_btc,feature,btc,S5,dist_to_week_low_bps_fut,B6_context,Session Levels,True,False,True,True,,False,False,True,False,True
dist_to_week_open_bps_fut_btc,feature,btc,S5,dist_to_week_open_bps_fut,B6_context,Session Levels,True,False,True,True,,True,False,False,False,True
ema_200_15m_fut_btc,feature,btc,S5,ema_200_15m_fut,B6_context,Trend,False,False,False,False,,False,False,True,True,True
ema_200_15m_fut_eth,feature,eth,S5,ema_200_15m_fut,B6_context,Trend,False,False,False,False,,True,True,True,False,True
ema_200_240m_fut_btc,feature,btc,S5,ema_200_240m_fut,B6_context,Trend,False,False,False,False,,True,True,True,True,True
ema_200_240m_fut_eth,feature,eth,S5,ema_200_240m_fut,B6_context,Trend,False,False,False,False,,False,True,True,False,True
ema_200_5m_fut_btc,feature,btc,S5,ema_200_5m_fut,B6_context,Trend,False,False,False,False,,True,True,True,False,True
ema_200_5m_fut_eth,feature,eth,S5,ema_200_5m_fut,B6_context,Trend,False,False,False,False,,True,True,True,False,True
ema_200_60m_fut_btc,feature,btc,S5,ema_200_60m_fut,B6_context,Trend,False,False,False,False,,True,True,True,False,True
ema_200_60m_fut_eth,feature,eth,S5,ema_200_60m_fut,B6_context,Trend,False,False,False,False,,False,False,True,False,True
ema_50_15m_fut_btc,feature,btc,S5,ema_50_15m_fut,B6_context,Trend,False,False,False,False,,True,True,False,False,True
ema_50_15m_fut_eth,feature,eth,S5,ema_50_15m_fut,B6_context,Trend,False,False,False,False,,True,False,True,False,True
ema_50_240m_fut_btc,feature,btc,S5,ema_50_240m_fut,B6_context,Trend,False,False,False,False,,True,True,True,True,True
ema_50_240m_fut_eth,feature,eth,S5,ema_50_240m_fut,B6_context,Trend,False,False,False,False,,False,False,True,False,True
ema_50_5m_fut_btc,feature,btc,S5,ema_50_5m_fut,B6_context,Trend,False,False,False,False,,False,True,False,False,True
ema_50_5m_fut_eth,feature,eth,S5,ema_50_5m_fut,B6_context,Trend,False,False,False,False,,False,True,False,False,True
ema_50_60m_fut_btc,feature,btc,S5,ema_50_60m_fut,B6_context,Trend,False,False,False,False,,False,True,False,False,True
ema_50_60m_fut_eth,feature,eth,S5,ema_50_60m_fut,B6_context,Trend,False,False,False,False,,False,True,False,False,True
ema_slope_200_15m_bps_fut_btc,feature,btc,S5,ema_slope_200_15m_bps_fut,B6_context,Trend,True,False,True,True,,True,False,True,False,True
ema_slope_200_15m_bps_fut_eth,feature,eth,S5,ema_slope_200_15m_bps_fut,B6_context,Trend,True,False,True,True,,False,False,False,False,False
ema_slope_200_240m_bps_fut_btc,feature,btc,S5,ema_slope_200_240m_bps_fut,B6_context,Trend,True,False,True,True,,True,True,False,False,True
ema_slope_200_240m_bps_fut_eth,feature,eth,S5,ema_slope_200_240m_bps_fut,B6_context,Trend,True,False,True,True,,True,False,True,False,False
ema_slope_200_60m_bps_fut_btc,feature,btc,S5,ema_slope_200_60m_bps_fut,B6_context,Trend,True,False,True,True,,True,False,True,True,True
ema_slope_200_60m_bps_fut_eth,feature,eth,S5,ema_slope_200_60m_bps_fut,B6_context,Trend,True,False,True,True,,False,True,True,True,True
ema_slope_50_15m_bps_fut_btc,feature,btc,S5,ema_slope_50_15m_bps_fut,B6_context,Trend,True,False,True,True,,False,False,True,False,True
ema_slope_50_15m_bps_fut_eth,feature,eth,S5,ema_slope_50_15m_bps_fut,B6_context,Trend,True,False,True,True,,False,True,True,False,True
ema_slope_50_240m_bps_fut_btc,feature,btc,S5,ema_slope_50_240m_bps_fut,B6_context,Trend,True,False,True,True,,True,True,True,False,True
ema_slope_50_240m_bps_fut_eth,feature,eth,S5,ema_slope_50_240m_bps_fut,B6_context,Trend,True,False,True,True,,True,True,True,False,True
ema_slope_50_60m_bps_fut_btc,feature,btc,S5,ema_slope_50_60m_bps_fut,B6_context,Trend,True,False,True,True,,True,True,False,False,True
ema_slope_50_60m_bps_fut_eth,feature,eth,S5,ema_slope_50_60m_bps_fut,B6_context,Trend,True,False,True,True,,False,True,True,False,True
fill_rate_ahead_fut_1bps_15s_btc,feature,btc,S5,fill_rate_ahead_fut_1bps_15s,B3_flow,Liquidity Events,True,False,True,True,693.6168,False,True,True,True,True
fill_rate_ahead_fut_1bps_15s_eth,feature,eth,S5,fill_rate_ahead_fut_1bps_15s,B3_flow,Liquidity Events,True,False,True,True,693.6168,False,True,False,True,False
fill_rate_ahead_spot_1bps_15s_btc,feature,btc,S5,fill_rate_ahead_spot_1bps_15s,B3_flow,Liquidity Events,True,False,True,True,1593.5323,False,True,True,True,True
fill_rate_ahead_spot_1bps_15s_eth,feature,eth,S5,fill_rate_ahead_spot_1bps_15s,B3_flow,Liquidity Events,True,False,True,True,1593.5323,False,True,True,True,True
flow_depth_align_fut_struct100_1s_btc,feature,btc,S5,flow_depth_align_fut_struct100_1s,B5_dynamics,Dynamics,True,True,True,True,5.4142,False,False,False,False,False
flow_depth_align_fut_struct100_1s_eth,feature,eth,S5,flow_depth_align_fut_struct100_1s,B5_dynamics,Dynamics,True,True,True,True,5.4142,False,False,False,False,False
flow_depth_align_fut_struct100_300s_btc,feature,btc,S5,flow_depth_align_fut_struct100_300s,B5_dynamics,Dynamics,True,False,True,True,142.5301,False,False,True,True,False
flow_depth_align_fut_struct100_300s_eth,feature,eth,S5,flow_depth_align_fut_struct100_300s,B5_dynamics,Dynamics,True,False,True,True,142.5301,True,False,False,False,False
flow_depth_align_fut_struct100_60s_btc,feature,btc,S5,flow_depth_align_fut_struct100_60s,B5_dynamics,Dynamics,True,False,True,True,52.921,False,False,False,False,False
flow_depth_align_fut_struct100_60s_eth,feature,eth,S5,flow_depth_align_fut_struct100_60s,B5_dynamics,Dynamics,True,False,True,True,52.921,False,False,False,False,False
flow_depth_align_fut_struct50_1s_btc,feature,btc,S5,flow_depth_align_fut_struct50_1s,B5_dynamics,Dynamics,True,True,True,True,6.0912,False,False,False,False,False
flow_depth_align_fut_struct50_1s_eth,feature,eth,S5,flow_depth_align_fut_struct50_1s,B5_dynamics,Dynamics,True,True,True,True,6.0912,False,False,False,False,False
flow_depth_align_spot_struct100_1s_btc,feature,btc,S5,flow_depth_align_spot_struct100_1s,B5_dynamics,Dynamics,True,True,True,True,7.8112,False,False,False,False,False
flow_depth_align_spot_struct100_1s_eth,feature,eth,S5,flow_depth_align_spot_struct100_1s,B5_dynamics,Dynamics,True,True,True,True,7.8112,False,False,False,False,False
flow_depth_align_spot_struct100_300s_btc,feature,btc,S5,flow_depth_align_spot_struct100_300s,B5_dynamics,Dynamics,True,False,True,True,168.8624,False,False,False,True,False
flow_depth_align_spot_struct100_300s_eth,feature,eth,S5,flow_depth_align_spot_struct100_300s,B5_dynamics,Dynamics,True,False,True,True,168.8624,True,False,True,False,False
flow_depth_align_spot_struct100_60s_btc,feature,btc,S5,flow_depth_align_spot_struct100_60s,B5_dynamics,Dynamics,True,False,True,True,79.3962,False,False,False,True,False
flow_depth_align_spot_struct100_60s_eth,feature,eth,S5,flow_depth_align_spot_struct100_60s,B5_dynamics,Dynamics,True,False,True,True,79.3962,False,False,False,True,False
flow_depth_align_spot_struct50_1s_btc,feature,btc,S5,flow_depth_align_spot_struct50_1s,B5_dynamics,Dynamics,True,False,True,True,14.7309,False,False,False,False,False
flow_depth_align_spot_struct50_1s_eth,feature,eth,S5,flow_depth_align_spot_struct50_1s,B5_dynamics,Dynamics,True,False,True,True,14.7309,False,False,False,False,False
impact_per_liquidity_fut_2bps_300s_btc,feature,btc,S5,impact_per_liquidity_fut_2bps_300s,B2_bookshape,Impact,True,False,False,True,205.0483,False,True,True,False,True
impact_per_liquidity_fut_2bps_300s_eth,feature,eth,S5,impact_per_liquidity_fut_2bps_300s,B2_bookshape,Impact,True,False,False,True,205.0483,False,True,True,True,True
impact_per_liquidity_fut_2bps_60s_btc,feature,btc,S5,impact_per_liquidity_fut_2bps_60s,B2_bookshape,Impact,True,False,False,True,255.8751,False,False,False,False,False
impact_per_liquidity_fut_2bps_60s_eth,feature,eth,S5,impact_per_liquidity_fut_2bps_60s,B2_bookshape,Impact,True,False,False,True,255.8751,False,False,False,False,False
impact_per_liquidity_fut_2bps_900s_btc,feature,btc,S5,impact_per_liquidity_fut_2bps_900s,B2_bookshape,Impact,True,False,False,True,127.3693,False,True,False,False,True
impact_per_liquidity_fut_2bps_900s_eth,feature,eth,S5,impact_per_liquidity_fut_2bps_900s,B2_bookshape,Impact,True,False,False,True,127.3693,False,True,True,False,True
impact_per_liquidity_fut_5bps_300s_btc,feature,btc,S5,impact_per_liquidity_fut_5bps_300s,B2_bookshape,Impact,True,False,True,True,27.3006,True,True,False,True,True
impact_per_liquidity_fut_5bps_300s_eth,feature,eth,S5,impact_per_liquidity_fut_5bps_300s,B2_bookshape,Impact,True,False,True,True,27.3006,False,False,True,False,False
impact_per_liquidity_fut_5bps_60s_btc,feature,btc,S5,impact_per_liquidity_fut_5bps_60s,B2_bookshape,Impact,True,False,True,True,52.3409,True,False,False,True,False
impact_per_liquidity_fut_5bps_60s_eth,feature,eth,S5,impact_per_liquidity_fut_5bps_60s,B2_bookshape,Impact,True,False,True,True,52.3409,True,True,False,True,True
impact_per_liquidity_fut_5bps_900s_btc,feature,btc,S5,impact_per_liquidity_fut_5bps_900s,B2_bookshape,Impact,True,False,True,True,20.7552,True,False,True,False,True
impact_per_liquidity_fut_5bps_900s_eth,feature,eth,S5,impact_per_liquidity_fut_5bps_900s,B2_bookshape,Impact,True,False,True,True,20.7552,True,True,True,False,True
impact_per_liquidity_spot_2bps_300s_btc,feature,btc,S5,impact_per_liquidity_spot_2bps_300s,B2_bookshape,Impact,True,False,True,True,48.4219,True,True,False,False,True
impact_per_liquidity_spot_2bps_300s_eth,feature,eth,S5,impact_per_liquidity_spot_2bps_300s,B2_bookshape,Impact,True,False,True,True,48.4219,False,False,True,False,False
impact_per_liquidity_spot_2bps_60s_btc,feature,btc,S5,impact_per_liquidity_spot_2bps_60s,B2_bookshape,Impact,True,False,True,True,49.8251,False,True,False,True,False
impact_per_liquidity_spot_2bps_60s_eth,feature,eth,S5,impact_per_liquidity_spot_2bps_60s,B2_bookshape,Impact,True,False,True,True,49.8251,True,True,False,False,True
impact_per_liquidity_spot_2bps_900s_btc,feature,btc,S5,impact_per_liquidity_spot_2bps_900s,B2_bookshape,Impact,True,False,True,True,51.032,True,False,False,False,True
impact_per_liquidity_spot_2bps_900s_eth,feature,eth,S5,impact_per_liquidity_spot_2bps_900s,B2_bookshape,Impact,True,False,True,True,51.032,False,False,False,True,False
impact_per_liquidity_spot_5bps_300s_btc,feature,btc,S5,impact_per_liquidity_spot_5bps_300s,B2_bookshape,Impact,True,False,True,True,80.8946,False,True,True,True,True
impact_per_liquidity_spot_5bps_300s_eth,feature,eth,S5,impact_per_liquidity_spot_5bps_300s,B2_bookshape,Impact,True,False,True,True,80.8946,True,False,True,False,True
impact_per_liquidity_spot_5bps_60s_btc,feature,btc,S5,impact_per_liquidity_spot_5bps_60s,B2_bookshape,Impact,True,False,True,True,234.2934,False,False,False,False,False
impact_per_liquidity_spot_5bps_60s_eth,feature,eth,S5,impact_per_liquidity_spot_5bps_60s,B2_bookshape,Impact,True,False,True,True,234.2934,True,True,False,False,False
impact_per_liquidity_spot_5bps_900s_btc,feature,btc,S5,impact_per_liquidity_spot_5bps_900s,B2_bookshape,Impact,True,False,True,True,100.7521,True,True,False,True,True
impact_per_liquidity_spot_5bps_900s_eth,feature,eth,S5,impact_per_liquidity_spot_5bps_900s,B2_bookshape,Impact,True,False,True,True,100.7521,True,False,True,False,True
impact_per_signed_fut_15s_btc,feature,btc,S5,impact_per_signed_fut_15s,B2_bookshape,Impact,True,True,True,True,3.6145,False,False,False,False,False
impact_per_signed_fut_15s_eth,feature,eth,S5,impact_per_signed_fut_15s,B2_bookshape,Impact,True,True,True,True,3.6145,False,False,False,False,False
impact_per_signed_fut_5s_btc,feature,btc,S5,impact_per_signed_fut_5s,B2_bookshape,Impact,True,True,True,True,2.3523,False,False,False,False,False
impact_per_signed_fut_5s_eth,feature,eth,S5,impact_per_signed_fut_5s,B2_bookshape,Impact,True,True,True,True,2.3523,False,False,False,False,False
impact_per_signed_fut_60s_btc,feature,btc,S5,impact_per_signed_fut_60s,B2_bookshape,Impact,True,True,True,True,6.6503,False,False,False,True,False
impact_per_signed_fut_60s_eth,feature,eth,S5,impact_per_signed_fut_60s,B2_bookshape,Impact,True,True,True,True,6.6503,False,False,False,False,False
impact_per_signed_fut_900s_btc,feature,btc,S5,impact_per_signed_fut_900s,B2_bookshape,Impact,True,False,True,True,16.9808,True,True,True,False,True
impact_per_signed_fut_900s_eth,feature,eth,S5,impact_per_signed_fut_900s,B2_bookshape,Impact,True,False,True,True,16.9808,True,True,True,True,True
impact_per_signed_fut_persist_60s_btc,feature,btc,S5,impact_per_signed_fut_persist_60s,B5_dynamics,Dynamics,True,False,False,True,1726.7655,False,False,False,False,False
impact_per_signed_fut_persist_60s_eth,feature,eth,S5,impact_per_signed_fut_persist_60s,B5_dynamics,Dynamics,True,False,False,True,1726.7655,False,False,False,False,False
impact_per_signed_fut_persist_900s_btc,feature,btc,S5,impact_per_signed_fut_persist_900s,B5_dynamics,Dynamics,True,False,False,True,2284.4166,False,True,False,False,True
impact_per_signed_fut_persist_900s_eth,feature,eth,S5,impact_per_signed_fut_persist_900s,B5_dynamics,Dynamics,True,False,False,True,2284.4166,False,True,True,False,True
impact_per_signed_shock_fut_15s_btc,feature,btc,S5,impact_per_signed_shock_fut_15s,B5_dynamics,Dynamics,True,False,True,True,10.8753,False,False,False,False,False
impact_per_signed_shock_fut_15s_eth,feature,eth,S5,impact_per_signed_shock_fut_15s,B5_dynamics,Dynamics,True,False,True,True,10.8753,False,False,False,False,False
impact_per_signed_shock_fut_5s_btc,feature,btc,S5,impact_per_signed_shock_fut_5s,B5_dynamics,Dynamics,True,False,True,True,12.1082,False,False,False,False,False
impact_per_signed_shock_fut_5s_eth,feature,eth,S5,impact_per_signed_shock_fut_5s,B5_dynamics,Dynamics,True,False,True,True,12.1082,False,False,False,False,False
impact_per_signed_shock_fut_60s_btc,feature,btc,S5,impact_per_signed_shock_fut_60s,B5_dynamics,Dynamics,True,True,True,True,6.8811,True,False,False,True,False
impact_per_signed_shock_fut_60s_eth,feature,eth,S5,impact_per_signed_shock_fut_60s,B5_dynamics,Dynamics,True,True,True,True,6.8811,False,False,False,True,False
impact_per_signed_shock_spot_15s_btc,feature,btc,S5,impact_per_signed_shock_spot_15s,B5_dynamics,Dynamics,True,True,True,True,8.8096,False,False,False,False,False
impact_per_signed_shock_spot_15s_eth,feature,eth,S5,impact_per_signed_shock_spot_15s,B5_dynamics,Dynamics,True,True,True,True,8.8096,False,False,False,False,False
impact_per_signed_shock_spot_5s_btc,feature,btc,S5,impact_per_signed_shock_spot_5s,B5_dynamics,Dynamics,True,False,True,True,17.1767,False,False,False,False,False
impact_per_signed_shock_spot_5s_eth,feature,eth,S5,impact_per_signed_shock_spot_5s,B5_dynamics,Dynamics,True,False,True,True,17.1767,False,False,False,False,False
impact_per_signed_shock_spot_60s_btc,feature,btc,S5,impact_per_signed_shock_spot_60s,B5_dynamics,Dynamics,True,True,True,True,6.0846,False,False,False,False,False
impact_per_signed_shock_spot_60s_eth,feature,eth,S5,impact_per_signed_shock_spot_60s,B5_dynamics,Dynamics,True,True,True,True,6.0846,False,True,False,True,False
impact_per_signed_spot_15s_btc,feature,btc,S5,impact_per_signed_spot_15s,B2_bookshape,Impact,True,True,True,True,3.229,False,False,False,False,False
impact_per_signed_spot_15s_eth,feature,eth,S5,impact_per_signed_spot_15s,B2_bookshape,Impact,True,True,True,True,3.229,False,False,False,False,False
impact_per_signed_spot_5s_btc,feature,btc,S5,impact_per_signed_spot_5s,B2_bookshape,Impact,True,True,True,True,2.3743,False,False,False,False,False
impact_per_signed_spot_5s_eth,feature,eth,S5,impact_per_signed_spot_5s,B2_bookshape,Impact,True,True,True,True,2.3743,False,False,False,False,False
impact_per_signed_spot_60s_btc,feature,btc,S5,impact_per_signed_spot_60s,B2_bookshape,Impact,True,True,True,True,6.2236,False,False,False,False,False
impact_per_signed_spot_60s_eth,feature,eth,S5,impact_per_signed_spot_60s,B2_bookshape,Impact,True,True,True,True,6.2236,False,False,False,False,False
impact_per_signed_spot_900s_btc,feature,btc,S5,impact_per_signed_spot_900s,B2_bookshape,Impact,True,False,True,True,14.3373,True,True,True,False,True
impact_per_signed_spot_900s_eth,feature,eth,S5,impact_per_signed_spot_900s,B2_bookshape,Impact,True,False,True,True,14.3373,True,True,True,False,True
impact_per_signed_spot_persist_60s_btc,feature,btc,S5,impact_per_signed_spot_persist_60s,B5_dynamics,Dynamics,True,False,True,True,2278.753,False,False,False,False,False
impact_per_signed_spot_persist_60s_eth,feature,eth,S5,impact_per_signed_spot_persist_60s,B5_dynamics,Dynamics,True,False,True,True,2278.753,False,False,False,False,False
impact_per_signed_spot_persist_900s_btc,feature,btc,S5,impact_per_signed_spot_persist_900s,B5_dynamics,Dynamics,True,False,True,True,2128.8353,False,False,True,False,False
impact_per_signed_spot_persist_900s_eth,feature,eth,S5,impact_per_signed_spot_persist_900s,B5_dynamics,Dynamics,True,False,True,True,2128.8353,False,False,False,False,False
l2_update_count_fut_5bps_1s_btc,feature,btc,S5,l2_update_count_fut_5bps_1s,B3_flow,Activity,True,False,False,True,2710.6153,False,False,False,False,False
l2_update_count_fut_5bps_5s_btc,feature,btc,S5,l2_update_count_fut_5bps_5s,B3_flow,Activity,True,False,False,True,3593.1583,False,False,False,False,False
l2_update_count_fut_5bps_5s_eth,feature,eth,S5,l2_update_count_fut_5bps_5s,B3_flow,Activity,True,False,False,True,3593.1583,False,False,False,False,False
l2_update_count_spot_5bps_5s_btc,feature,btc,S5,l2_update_count_spot_5bps_5s,B3_flow,Activity,True,False,False,True,2075.0669,False,False,False,False,False
liq_cluster_asymmetry_fut_struct100_300s_btc,feature,btc,S5,liq_cluster_asymmetry_fut_struct100_300s,B2_bookshape,Bookshape,True,False,True,True,23.1148,True,True,True,True,False
liq_cluster_asymmetry_fut_struct100_300s_eth,feature,eth,S5,liq_cluster_asymmetry_fut_struct100_300s,B2_bookshape,Bookshape,True,False,True,True,23.1148,True,False,False,True,False
liq_cluster_asymmetry_fut_struct100_60s_btc,feature,btc,S5,liq_cluster_asymmetry_fut_struct100_60s,B2_bookshape,Bookshape,True,True,True,True,9.15,False,False,False,True,False
liq_cluster_asymmetry_fut_struct100_60s_eth,feature,eth,S5,liq_cluster_asymmetry_fut_struct100_60s,B2_bookshape,Bookshape,True,True,True,True,9.15,False,False,False,False,False
liq_cluster_asymmetry_fut_struct50_300s_btc,feature,btc,S5,liq_cluster_asymmetry_fut_struct50_300s,B2_bookshape,Bookshape,True,False,True,True,13.563,True,True,False,False,False
liq_cluster_asymmetry_fut_struct50_300s_eth,feature,eth,S5,liq_cluster_asymmetry_fut_struct50_300s,B2_bookshape,Bookshape,True,False,True,True,13.563,True,False,True,True,False
liq_cluster_asymmetry_fut_struct50_60s_btc,feature,btc,S5,liq_cluster_asymmetry_fut_struct50_60s,B2_bookshape,Bookshape,True,False,True,True,14.2823,False,False,False,True,False
liq_cluster_asymmetry_fut_struct50_60s_eth,feature,eth,S5,liq_cluster_asymmetry_fut_struct50_60s,B2_bookshape,Bookshape,True,False,True,True,14.2823,False,False,False,True,False
liq_cluster_asymmetry_spot_struct100_300s_btc,feature,btc,S5,liq_cluster_asymmetry_spot_struct100_300s,B2_bookshape,Bookshape,True,False,True,True,11.791,True,False,False,True,False
liq_cluster_asymmetry_spot_struct100_300s_eth,feature,eth,S5,liq_cluster_asymmetry_spot_struct100_300s,B2_bookshape,Bookshape,True,False,True,True,11.791,False,False,False,False,False
liq_cluster_asymmetry_spot_struct100_60s_btc,feature,btc,S5,liq_cluster_asymmetry_spot_struct100_60s,B2_bookshape,Bookshape,True,False,True,True,10.6432,False,False,False,False,False
liq_cluster_asymmetry_spot_struct100_60s_eth,feature,eth,S5,liq_cluster_asymmetry_spot_struct100_60s,B2_bookshape,Bookshape,True,False,True,True,10.6432,False,False,False,False,False
liq_cluster_asymmetry_spot_struct50_300s_btc,feature,btc,S5,liq_cluster_asymmetry_spot_struct50_300s,B2_bookshape,Bookshape,True,False,True,True,13.9069,False,False,False,True,False
liq_cluster_asymmetry_spot_struct50_300s_eth,feature,eth,S5,liq_cluster_asymmetry_spot_struct50_300s,B2_bookshape,Bookshape,True,False,True,True,13.9069,False,False,True,True,False
liq_cluster_asymmetry_spot_struct50_60s_btc,feature,btc,S5,liq_cluster_asymmetry_spot_struct50_60s,B2_bookshape,Bookshape,True,False,True,True,15.7823,False,False,False,True,False
liq_cluster_asymmetry_spot_struct50_60s_eth,feature,eth,S5,liq_cluster_asymmetry_spot_struct50_60s,B2_bookshape,Bookshape,True,False,True,True,15.7823,False,False,False,False,False
liq_concentration_ask_fut_struct100_1s_btc,feature,btc,S5,liq_concentration_ask_fut_struct100_1s,B2_bookshape,Bookshape,True,False,True,True,1789.9411,False,False,False,False,False
liq_concentration_ask_fut_struct100_1s_eth,feature,eth,S5,liq_concentration_ask_fut_struct100_1s,B2_bookshape,Bookshape,True,False,True,True,1789.9411,False,False,False,False,False
liq_concentration_ask_fut_struct100_300s_btc,feature,btc,S5,liq_concentration_ask_fut_struct100_300s,B2_bookshape,Bookshape,True,False,True,True,1632.8703,False,False,False,False,False
liq_concentration_ask_fut_struct100_300s_eth,feature,eth,S5,liq_concentration_ask_fut_struct100_300s,B2_bookshape,Bookshape,True,False,True,True,1632.8703,True,True,True,True,True
liq_concentration_ask_fut_struct100_60s_btc,feature,btc,S5,liq_concentration_ask_fut_struct100_60s,B2_bookshape,Bookshape,True,False,True,True,1438.6689,False,False,False,False,False
liq_concentration_ask_fut_struct100_60s_eth,feature,eth,S5,liq_concentration_ask_fut_struct100_60s,B2_bookshape,Bookshape,True,False,True,True,1438.6689,False,False,True,False,False
liq_concentration_ask_fut_struct100_900s_btc,feature,btc,S5,liq_concentration_ask_fut_struct100_900s,B2_bookshape,Bookshape,True,False,True,True,1731.2577,True,True,True,False,True
liq_concentration_ask_fut_struct100_900s_eth,feature,eth,S5,liq_concentration_ask_fut_struct100_900s,B2_bookshape,Bookshape,True,False,True,True,1731.2577,True,True,True,False,True
liq_concentration_ask_fut_struct50_1s_btc,feature,btc,S5,liq_concentration_ask_fut_struct50_1s,B2_bookshape,Bookshape,True,False,False,True,1077.7355,False,False,False,False,False
liq_concentration_ask_fut_struct50_1s_eth,feature,eth,S5,liq_concentration_ask_fut_struct50_1s,B2_bookshape,Bookshape,True,False,False,True,1077.7355,False,False,False,False,False
liq_concentration_ask_fut_struct50_300s_btc,feature,btc,S5,liq_concentration_ask_fut_struct50_300s,B2_bookshape,Bookshape,True,False,False,True,1111.9075,False,False,False,False,False
liq_concentration_ask_fut_struct50_300s_eth,feature,eth,S5,liq_concentration_ask_fut_struct50_300s,B2_bookshape,Bookshape,True,False,False,True,1111.9075,True,True,True,False,True
liq_concentration_ask_fut_struct50_60s_btc,feature,btc,S5,liq_concentration_ask_fut_struct50_60s,B2_bookshape,Bookshape,True,False,False,True,841.8547,False,False,False,False,False
liq_concentration_ask_fut_struct50_60s_eth,feature,eth,S5,liq_concentration_ask_fut_struct50_60s,B2_bookshape,Bookshape,True,False,False,True,841.8547,True,False,False,False,False
liq_concentration_ask_fut_struct50_900s_btc,feature,btc,S5,liq_concentration_ask_fut_struct50_900s,B2_bookshape,Bookshape,True,False,False,True,1217.8718,True,True,True,False,True
liq_concentration_ask_fut_struct50_900s_eth,feature,eth,S5,liq_concentration_ask_fut_struct50_900s,B2_bookshape,Bookshape,True,False,False,True,1217.8718,True,True,False,False,False
liq_concentration_ask_spot_struct100_1s_btc,feature,btc,S5,liq_concentration_ask_spot_struct100_1s,B2_bookshape,Bookshape,True,False,True,True,4130.3898,False,False,False,False,False
liq_concentration_ask_spot_struct100_1s_eth,feature,eth,S5,liq_concentration_ask_spot_struct100_1s,B2_bookshape,Bookshape,True,False,True,True,4130.3898,False,False,False,False,False
liq_concentration_ask_spot_struct100_300s_btc,feature,btc,S5,liq_concentration_ask_spot_struct100_300s,B2_bookshape,Bookshape,True,False,True,True,3648.6373,False,False,False,False,False
liq_concentration_ask_spot_struct100_300s_eth,feature,eth,S5,liq_concentration_ask_spot_struct100_300s,B2_bookshape,Bookshape,True,False,True,True,3648.6373,True,False,False,False,False
liq_concentration_ask_spot_struct100_60s_btc,feature,btc,S5,liq_concentration_ask_spot_struct100_60s,B2_bookshape,Bookshape,True,False,True,True,3229.901,True,True,False,True,False
liq_concentration_ask_spot_struct100_60s_eth,feature,eth,S5,liq_concentration_ask_spot_struct100_60s,B2_bookshape,Bookshape,True,False,True,True,3229.901,False,False,False,False,False
liq_concentration_ask_spot_struct100_900s_btc,feature,btc,S5,liq_concentration_ask_spot_struct100_900s,B2_bookshape,Bookshape,True,False,True,True,3719.8561,True,True,True,False,True
liq_concentration_ask_spot_struct100_900s_eth,feature,eth,S5,liq_concentration_ask_spot_struct100_900s,B2_bookshape,Bookshape,True,False,True,True,3719.8561,True,True,True,False,True
liq_concentration_ask_spot_struct50_1s_btc,feature,btc,S5,liq_concentration_ask_spot_struct50_1s,B2_bookshape,Bookshape,True,False,True,True,2005.4372,False,False,False,False,False
liq_concentration_ask_spot_struct50_1s_eth,feature,eth,S5,liq_concentration_ask_spot_struct50_1s,B2_bookshape,Bookshape,True,False,True,True,2005.4372,False,False,False,False,False
liq_concentration_ask_spot_struct50_300s_btc,feature,btc,S5,liq_concentration_ask_spot_struct50_300s,B2_bookshape,Bookshape,True,False,False,True,1782.811,False,True,False,False,False
liq_concentration_ask_spot_struct50_300s_eth,feature,eth,S5,liq_concentration_ask_spot_struct50_300s,B2_bookshape,Bookshape,True,False,False,True,1782.811,True,True,True,True,True
liq_concentration_ask_spot_struct50_60s_btc,feature,btc,S5,liq_concentration_ask_spot_struct50_60s,B2_bookshape,Bookshape,True,False,False,True,1430.0153,False,False,False,False,False
liq_concentration_ask_spot_struct50_60s_eth,feature,eth,S5,liq_concentration_ask_spot_struct50_60s,B2_bookshape,Bookshape,True,False,False,True,1430.0153,False,False,False,True,False
liq_concentration_ask_spot_struct50_900s_btc,feature,btc,S5,liq_concentration_ask_spot_struct50_900s,B2_bookshape,Bookshape,True,False,False,True,2066.4299,True,True,False,True,True
liq_concentration_ask_spot_struct50_900s_eth,feature,eth,S5,liq_concentration_ask_spot_struct50_900s,B2_bookshape,Bookshape,True,False,False,True,2066.4299,True,True,True,True,True
liq_concentration_bid_fut_struct100_1s_btc,feature,btc,S5,liq_concentration_bid_fut_struct100_1s,B2_bookshape,Bookshape,True,False,True,True,2564.0402,False,False,False,False,False
liq_concentration_bid_fut_struct100_1s_eth,feature,eth,S5,liq_concentration_bid_fut_struct100_1s,B2_bookshape,Bookshape,True,False,True,True,2564.0402,False,False,False,False,False
liq_concentration_bid_fut_struct100_300s_btc,feature,btc,S5,liq_concentration_bid_fut_struct100_300s,B2_bookshape,Bookshape,True,False,True,True,1782.2596,True,False,False,False,False
liq_concentration_bid_fut_struct100_300s_eth,feature,eth,S5,liq_concentration_bid_fut_struct100_300s,B2_bookshape,Bookshape,True,False,True,True,1782.2596,False,True,True,False,False
liq_concentration_bid_fut_struct100_60s_btc,feature,btc,S5,liq_concentration_bid_fut_struct100_60s,B2_bookshape,Bookshape,True,False,True,True,1664.9171,False,False,False,False,False
liq_concentration_bid_fut_struct100_60s_eth,feature,eth,S5,liq_concentration_bid_fut_struct100_60s,B2_bookshape,Bookshape,True,False,True,True,1664.9171,False,False,True,True,False
liq_concentration_bid_fut_struct100_900s_btc,feature,btc,S5,liq_concentration_bid_fut_struct100_900s,B2_bookshape,Bookshape,True,False,True,True,1859.5934,True,True,True,False,True
liq_concentration_bid_fut_struct100_900s_eth,feature,eth,S5,liq_concentration_bid_fut_struct100_900s,B2_bookshape,Bookshape,True,False,True,True,1859.5934,True,True,True,False,True
liq_concentration_bid_fut_struct50_1s_btc,feature,btc,S5,liq_concentration_bid_fut_struct50_1s,B2_bookshape,Bookshape,True,False,True,True,1485.6628,False,True,False,False,False
liq_concentration_bid_fut_struct50_1s_eth,feature,eth,S5,liq_concentration_bid_fut_struct50_1s,B2_bookshape,Bookshape,True,False,True,True,1485.6628,False,False,False,False,False
liq_concentration_bid_fut_struct50_300s_btc,feature,btc,S5,liq_concentration_bid_fut_struct50_300s,B2_bookshape,Bookshape,True,False,True,True,1044.934,False,False,False,False,False
liq_concentration_bid_fut_struct50_300s_eth,feature,eth,S5,liq_concentration_bid_fut_struct50_300s,B2_bookshape,Bookshape,True,False,True,True,1044.934,True,False,False,False,False
liq_concentration_bid_fut_struct50_60s_btc,feature,btc,S5,liq_concentration_bid_fut_struct50_60s,B2_bookshape,Bookshape,True,False,False,True,877.5132,False,False,False,False,False
liq_concentration_bid_fut_struct50_60s_eth,feature,eth,S5,liq_concentration_bid_fut_struct50_60s,B2_bookshape,Bookshape,True,False,False,True,877.5132,False,False,False,True,False
liq_concentration_bid_fut_struct50_900s_btc,feature,btc,S5,liq_concentration_bid_fut_struct50_900s,B2_bookshape,Bookshape,True,False,True,True,1064.4593,False,False,False,False,False
liq_concentration_bid_fut_struct50_900s_eth,feature,eth,S5,liq_concentration_bid_fut_struct50_900s,B2_bookshape,Bookshape,True,False,True,True,1064.4593,True,True,False,False,True
liq_concentration_bid_spot_struct100_1s_btc,feature,btc,S5,liq_concentration_bid_spot_struct100_1s,B2_bookshape,Bookshape,True,False,True,True,4156.8291,False,False,False,True,False
liq_concentration_bid_spot_struct100_1s_eth,feature,eth,S5,liq_concentration_bid_spot_struct100_1s,B2_bookshape,Bookshape,True,False,True,True,4156.8291,False,False,False,False,False
liq_concentration_bid_spot_struct100_300s_btc,feature,btc,S5,liq_concentration_bid_spot_struct100_300s,B2_bookshape,Bookshape,True,False,True,True,3554.553,False,True,False,False,False
liq_concentration_bid_spot_struct100_300s_eth,feature,eth,S5,liq_concentration_bid_spot_struct100_300s,B2_bookshape,Bookshape,True,False,True,True,3554.553,True,True,True,False,True
liq_concentration_bid_spot_struct100_60s_btc,feature,btc,S5,liq_concentration_bid_spot_struct100_60s,B2_bookshape,Bookshape,True,False,True,True,3278.6791,False,False,False,True,False
liq_concentration_bid_spot_struct100_60s_eth,feature,eth,S5,liq_concentration_bid_spot_struct100_60s,B2_bookshape,Bookshape,True,False,True,True,3278.6791,True,False,False,True,True
liq_concentration_bid_spot_struct100_900s_btc,feature,btc,S5,liq_concentration_bid_spot_struct100_900s,B2_bookshape,Bookshape,True,False,True,True,4088.6844,True,True,True,False,True
liq_concentration_bid_spot_struct100_900s_eth,feature,eth,S5,liq_concentration_bid_spot_struct100_900s,B2_bookshape,Bookshape,True,False,True,True,4088.6844,True,True,True,False,True
liq_concentration_bid_spot_struct50_1s_btc,feature,btc,S5,liq_concentration_bid_spot_struct50_1s,B2_bookshape,Bookshape,True,False,True,True,2204.5385,False,False,False,False,False
liq_concentration_bid_spot_struct50_1s_eth,feature,eth,S5,liq_concentration_bid_spot_struct50_1s,B2_bookshape,Bookshape,True,False,True,True,2204.5385,False,False,False,False,False
liq_concentration_bid_spot_struct50_300s_btc,feature,btc,S5,liq_concentration_bid_spot_struct50_300s,B2_bookshape,Bookshape,True,False,False,True,1831.2213,False,False,False,False,False
liq_concentration_bid_spot_struct50_300s_eth,feature,eth,S5,liq_concentration_bid_spot_struct50_300s,B2_bookshape,Bookshape,True,False,False,True,1831.2213,False,False,True,False,False
liq_concentration_bid_spot_struct50_60s_btc,feature,btc,S5,liq_concentration_bid_spot_struct50_60s,B2_bookshape,Bookshape,True,False,True,True,1694.6173,False,False,False,False,False
liq_concentration_bid_spot_struct50_60s_eth,feature,eth,S5,liq_concentration_bid_spot_struct50_60s,B2_bookshape,Bookshape,True,False,True,True,1694.6173,False,False,False,False,False
liq_concentration_bid_spot_struct50_900s_btc,feature,btc,S5,liq_concentration_bid_spot_struct50_900s,B2_bookshape,Bookshape,True,False,True,True,2429.5965,False,False,True,True,True
liq_concentration_bid_spot_struct50_900s_eth,feature,eth,S5,liq_concentration_bid_spot_struct50_900s,B2_bookshape,Bookshape,True,False,True,True,2429.5965,True,True,False,False,True
liq_concentration_div_fut_minus_spot_struct100_1s_btc,feature,btc,S5,liq_concentration_div_fut_minus_spot_struct100_1s,B4_cross_market,Cross-Market,True,False,True,True,4159.8406,False,False,False,False,False
liq_concentration_div_fut_minus_spot_struct100_1s_eth,feature,eth,S5,liq_concentration_div_fut_minus_spot_struct100_1s,B4_cross_market,Cross-Market,True,False,True,True,4159.8406,False,False,False,False,False
liq_concentration_div_fut_minus_spot_struct100_300s_btc,feature,btc,S5,liq_concentration_div_fut_minus_spot_struct100_300s,B4_cross_market,Cross-Market,True,False,True,True,1386.5345,True,True,False,False,False
liq_concentration_div_fut_minus_spot_struct100_300s_eth,feature,eth,S5,liq_concentration_div_fut_minus_spot_struct100_300s,B4_cross_market,Cross-Market,True,False,True,True,1386.5345,False,False,True,False,False
liq_concentration_div_fut_minus_spot_struct100_60s_btc,feature,btc,S5,liq_concentration_div_fut_minus_spot_struct100_60s,B4_cross_market,Cross-Market,True,False,True,True,1520.0081,False,False,False,False,False
liq_concentration_div_fut_minus_spot_struct100_60s_eth,feature,eth,S5,liq_concentration_div_fut_minus_spot_struct100_60s,B4_cross_market,Cross-Market,True,False,True,True,1520.0081,False,False,False,True,False
liq_concentration_div_fut_minus_spot_struct100_900s_btc,feature,btc,S5,liq_concentration_div_fut_minus_spot_struct100_900s,B4_cross_market,Cross-Market,True,False,True,True,1661.3889,True,True,True,True,True
liq_concentration_div_fut_minus_spot_struct100_900s_eth,feature,eth,S5,liq_concentration_div_fut_minus_spot_struct100_900s,B4_cross_market,Cross-Market,True,False,True,True,1661.3889,True,False,True,False,True
liq_concentration_div_fut_minus_spot_struct50_1s_btc,feature,btc,S5,liq_concentration_div_fut_minus_spot_struct50_1s,B4_cross_market,Cross-Market,True,False,False,True,3294.9554,False,False,False,False,False
liq_concentration_div_fut_minus_spot_struct50_1s_eth,feature,eth,S5,liq_concentration_div_fut_minus_spot_struct50_1s,B4_cross_market,Cross-Market,True,False,False,True,3294.9554,False,False,False,False,False
liq_concentration_div_fut_minus_spot_struct50_300s_btc,feature,btc,S5,liq_concentration_div_fut_minus_spot_struct50_300s,B4_cross_market,Cross-Market,True,False,True,True,232.6607,True,False,True,False,False
liq_concentration_div_fut_minus_spot_struct50_300s_eth,feature,eth,S5,liq_concentration_div_fut_minus_spot_struct50_300s,B4_cross_market,Cross-Market,True,False,True,True,232.6607,False,False,False,False,False
liq_concentration_div_fut_minus_spot_struct50_60s_btc,feature,btc,S5,liq_concentration_div_fut_minus_spot_struct50_60s,B4_cross_market,Cross-Market,True,False,True,True,531.288,False,False,False,False,False
liq_concentration_div_fut_minus_spot_struct50_60s_eth,feature,eth,S5,liq_concentration_div_fut_minus_spot_struct50_60s,B4_cross_market,Cross-Market,True,False,True,True,531.288,False,False,False,True,False
liq_concentration_div_fut_minus_spot_struct50_900s_btc,feature,btc,S5,liq_concentration_div_fut_minus_spot_struct50_900s,B4_cross_market,Cross-Market,True,False,True,True,252.3143,False,True,True,True,True
liq_concentration_div_fut_minus_spot_struct50_900s_eth,feature,eth,S5,liq_concentration_div_fut_minus_spot_struct50_900s,B4_cross_market,Cross-Market,True,False,True,True,252.3143,True,True,True,False,False
liq_concentration_fut_struct100_1s_btc,feature,btc,S5,liq_concentration_fut_struct100_1s,B2_bookshape,Bookshape,True,False,True,True,3988.1296,False,False,False,False,False
liq_concentration_fut_struct100_1s_eth,feature,eth,S5,liq_concentration_fut_struct100_1s,B2_bookshape,Bookshape,True,False,True,True,3988.1296,False,False,False,True,False
liq_concentration_fut_struct100_300s_btc,feature,btc,S5,liq_concentration_fut_struct100_300s,B2_bookshape,Bookshape,True,False,True,True,1946.1342,False,False,False,False,False
liq_concentration_fut_struct100_300s_eth,feature,eth,S5,liq_concentration_fut_struct100_300s,B2_bookshape,Bookshape,True,False,True,True,1946.1342,False,False,True,True,False
liq_concentration_fut_struct100_60s_btc,feature,btc,S5,liq_concentration_fut_struct100_60s,B2_bookshape,Bookshape,True,False,True,True,1851.1914,False,False,False,False,False
liq_concentration_fut_struct100_60s_eth,feature,eth,S5,liq_concentration_fut_struct100_60s,B2_bookshape,Bookshape,True,False,True,True,1851.1914,False,False,False,False,False
liq_concentration_fut_struct100_900s_btc,feature,btc,S5,liq_concentration_fut_struct100_900s,B2_bookshape,Bookshape,True,False,True,True,2283.6502,True,True,True,False,True
liq_concentration_fut_struct100_900s_eth,feature,eth,S5,liq_concentration_fut_struct100_900s,B2_bookshape,Bookshape,True,False,True,True,2283.6502,True,True,True,False,True
liq_concentration_fut_struct50_1s_btc,feature,btc,S5,liq_concentration_fut_struct50_1s,B2_bookshape,Bookshape,True,False,True,True,1345.6665,False,False,False,False,False
liq_concentration_fut_struct50_1s_eth,feature,eth,S5,liq_concentration_fut_struct50_1s,B2_bookshape,Bookshape,True,False,True,True,1345.6665,False,False,False,False,False
liq_concentration_fut_struct50_300s_btc,feature,btc,S5,liq_concentration_fut_struct50_300s,B2_bookshape,Bookshape,True,False,True,True,2752.3449,False,True,False,True,False
liq_concentration_fut_struct50_300s_eth,feature,eth,S5,liq_concentration_fut_struct50_300s,B2_bookshape,Bookshape,True,False,True,True,2752.3449,False,False,False,False,False
liq_concentration_fut_struct50_60s_btc,feature,btc,S5,liq_concentration_fut_struct50_60s,B2_bookshape,Bookshape,True,False,True,True,2519.4905,False,False,False,True,False
liq_concentration_fut_struct50_60s_eth,feature,eth,S5,liq_concentration_fut_struct50_60s,B2_bookshape,Bookshape,True,False,True,True,2519.4905,False,False,False,False,False
liq_concentration_fut_struct50_900s_btc,feature,btc,S5,liq_concentration_fut_struct50_900s,B2_bookshape,Bookshape,True,False,False,True,2521.7254,True,True,True,True,True
liq_concentration_fut_struct50_900s_eth,feature,eth,S5,liq_concentration_fut_struct50_900s,B2_bookshape,Bookshape,True,False,False,True,2521.7254,True,True,True,False,True
liq_concentration_spot_struct100_1s_btc,feature,btc,S5,liq_concentration_spot_struct100_1s,B2_bookshape,Bookshape,True,False,True,True,2128.7915,False,False,False,False,False
liq_concentration_spot_struct100_1s_eth,feature,eth,S5,liq_concentration_spot_struct100_1s,B2_bookshape,Bookshape,True,False,True,True,2128.7915,False,False,False,False,False
liq_concentration_spot_struct100_300s_btc,feature,btc,S5,liq_concentration_spot_struct100_300s,B2_bookshape,Bookshape,True,False,True,True,2421.9727,True,False,False,False,False
liq_concentration_spot_struct100_300s_eth,feature,eth,S5,liq_concentration_spot_struct100_300s,B2_bookshape,Bookshape,True,False,True,True,2421.9727,True,True,True,False,True
liq_concentration_spot_struct100_60s_btc,feature,btc,S5,liq_concentration_spot_struct100_60s,B2_bookshape,Bookshape,True,False,True,True,2790.3274,False,False,False,True,False
liq_concentration_spot_struct100_60s_eth,feature,eth,S5,liq_concentration_spot_struct100_60s,B2_bookshape,Bookshape,True,False,True,True,2790.3274,False,False,False,True,False
liq_concentration_spot_struct100_900s_btc,feature,btc,S5,liq_concentration_spot_struct100_900s,B2_bookshape,Bookshape,True,False,True,True,2349.8062,False,True,True,False,True
liq_concentration_spot_struct100_900s_eth,feature,eth,S5,liq_concentration_spot_struct100_900s,B2_bookshape,Bookshape,True,False,True,True,2349.8062,True,False,True,False,True
liq_concentration_spot_struct50_1s_btc,feature,btc,S5,liq_concentration_spot_struct50_1s,B2_bookshape,Bookshape,True,False,True,True,2429.5443,False,False,False,False,False
liq_concentration_spot_struct50_1s_eth,feature,eth,S5,liq_concentration_spot_struct50_1s,B2_bookshape,Bookshape,True,False,True,True,2429.5443,False,False,False,False,False
liq_concentration_spot_struct50_300s_btc,feature,btc,S5,liq_concentration_spot_struct50_300s,B2_bookshape,Bookshape,True,False,True,True,2568.4465,False,False,False,False,False
liq_concentration_spot_struct50_300s_eth,feature,eth,S5,liq_concentration_spot_struct50_300s,B2_bookshape,Bookshape,True,False,True,True,2568.4465,True,False,False,False,False
liq_concentration_spot_struct50_60s_btc,feature,btc,S5,liq_concentration_spot_struct50_60s,B2_bookshape,Bookshape,True,False,True,True,2919.8095,True,False,False,False,False
liq_concentration_spot_struct50_60s_eth,feature,eth,S5,liq_concentration_spot_struct50_60s,B2_bookshape,Bookshape,True,False,True,True,2919.8095,False,False,False,True,False
liq_concentration_spot_struct50_900s_btc,feature,btc,S5,liq_concentration_spot_struct50_900s,B2_bookshape,Bookshape,True,False,True,True,2429.1879,True,False,True,False,True
liq_concentration_spot_struct50_900s_eth,feature,eth,S5,liq_concentration_spot_struct50_900s,B2_bookshape,Bookshape,True,False,True,True,2429.1879,True,True,True,True,True
liq_imb_div_fut_minus_spot_struct100_1s_btc,feature,btc,S5,liq_imb_div_fut_minus_spot_struct100_1s,B4_cross_market,Cross-Market,True,False,True,True,4190.256,False,False,False,False,False
liq_imb_div_fut_minus_spot_struct100_1s_eth,feature,eth,S5,liq_imb_div_fut_minus_spot_struct100_1s,B4_cross_market,Cross-Market,True,False,True,True,4190.256,False,False,False,False,False
liq_imb_div_fut_minus_spot_struct100_300s_btc,feature,btc,S5,liq_imb_div_fut_minus_spot_struct100_300s,B4_cross_market,Cross-Market,True,False,True,True,5114.4933,False,True,True,False,False
liq_imb_div_fut_minus_spot_struct100_300s_eth,feature,eth,S5,liq_imb_div_fut_minus_spot_struct100_300s,B4_cross_market,Cross-Market,True,False,True,True,5114.4933,False,True,False,False,True
liq_imb_div_fut_minus_spot_struct100_60s_btc,feature,btc,S5,liq_imb_div_fut_minus_spot_struct100_60s,B4_cross_market,Cross-Market,True,False,True,True,4750.2816,True,False,False,False,False
liq_imb_div_fut_minus_spot_struct100_60s_eth,feature,eth,S5,liq_imb_div_fut_minus_spot_struct100_60s,B4_cross_market,Cross-Market,True,False,True,True,4750.2816,True,False,False,True,False
liq_imb_div_fut_minus_spot_struct100_900s_btc,feature,btc,S5,liq_imb_div_fut_minus_spot_struct100_900s,B4_cross_market,Cross-Market,True,False,True,True,5517.458,True,False,False,False,False
liq_imb_div_fut_minus_spot_struct100_900s_eth,feature,eth,S5,liq_imb_div_fut_minus_spot_struct100_900s,B4_cross_market,Cross-Market,True,False,True,True,5517.458,True,False,True,True,True
liq_imb_div_fut_minus_spot_struct50_1s_btc,feature,btc,S5,liq_imb_div_fut_minus_spot_struct50_1s,B4_cross_market,Cross-Market,True,False,True,True,5085.5931,False,False,False,False,False
liq_imb_div_fut_minus_spot_struct50_1s_eth,feature,eth,S5,liq_imb_div_fut_minus_spot_struct50_1s,B4_cross_market,Cross-Market,True,False,True,True,5085.5931,False,False,False,False,False
liq_imb_div_fut_minus_spot_struct50_300s_btc,feature,btc,S5,liq_imb_div_fut_minus_spot_struct50_300s,B4_cross_market,Cross-Market,True,False,True,True,5388.5605,True,False,False,False,False
liq_imb_div_fut_minus_spot_struct50_300s_eth,feature,eth,S5,liq_imb_div_fut_minus_spot_struct50_300s,B4_cross_market,Cross-Market,True,False,True,True,5388.5605,True,True,True,False,False
liq_imb_div_fut_minus_spot_struct50_60s_btc,feature,btc,S5,liq_imb_div_fut_minus_spot_struct50_60s,B4_cross_market,Cross-Market,True,False,True,True,5625.6875,True,False,False,False,False
liq_imb_div_fut_minus_spot_struct50_60s_eth,feature,eth,S5,liq_imb_div_fut_minus_spot_struct50_60s,B4_cross_market,Cross-Market,True,False,True,True,5625.6875,True,False,False,True,False
liq_imb_div_fut_minus_spot_struct50_900s_btc,feature,btc,S5,liq_imb_div_fut_minus_spot_struct50_900s,B4_cross_market,Cross-Market,True,False,True,True,5551.3382,False,False,True,False,False
liq_imb_div_fut_minus_spot_struct50_900s_eth,feature,eth,S5,liq_imb_div_fut_minus_spot_struct50_900s,B4_cross_market,Cross-Market,True,False,True,True,5551.3382,True,True,True,False,False
liq_imb_fut_struct100_300s_btc,feature,btc,S5,liq_imb_fut_struct100_300s,B1_imbalance,Imbalance,True,False,True,True,4909.7894,True,True,True,True,False
liq_imb_fut_struct100_300s_eth,feature,eth,S5,liq_imb_fut_struct100_300s,B1_imbalance,Imbalance,True,False,True,True,4909.7894,False,False,True,True,False
liq_imb_fut_struct100_60s_btc,feature,btc,S5,liq_imb_fut_struct100_60s,B1_imbalance,Imbalance,True,False,True,True,5265.0343,True,False,False,False,False
liq_imb_fut_struct100_60s_eth,feature,eth,S5,liq_imb_fut_struct100_60s,B1_imbalance,Imbalance,True,False,True,True,5265.0343,False,False,False,False,False
liq_imb_fut_struct100_900s_btc,feature,btc,S5,liq_imb_fut_struct100_900s,B1_imbalance,Imbalance,True,False,True,True,5585.9775,True,False,True,False,True
liq_imb_fut_struct100_900s_eth,feature,eth,S5,liq_imb_fut_struct100_900s,B1_imbalance,Imbalance,True,False,True,True,5585.9775,False,True,True,True,True
liq_imb_fut_struct50_300s_btc,feature,btc,S5,liq_imb_fut_struct50_300s,B1_imbalance,Imbalance,True,False,True,True,5369.2698,True,False,True,True,False
liq_imb_fut_struct50_300s_eth,feature,eth,S5,liq_imb_fut_struct50_300s,B1_imbalance,Imbalance,True,False,True,True,5369.2698,False,False,True,False,False
liq_imb_fut_struct50_60s_btc,feature,btc,S5,liq_imb_fut_struct50_60s,B1_imbalance,Imbalance,True,False,True,True,5722.8166,False,False,False,False,False
liq_imb_fut_struct50_60s_eth,feature,eth,S5,liq_imb_fut_struct50_60s,B1_imbalance,Imbalance,True,False,True,True,5722.8166,True,False,False,True,False
liq_imb_fut_struct50_900s_btc,feature,btc,S5,liq_imb_fut_struct50_900s,B1_imbalance,Imbalance,True,False,True,True,5713.8586,True,True,True,False,False
liq_imb_fut_struct50_900s_eth,feature,eth,S5,liq_imb_fut_struct50_900s,B1_imbalance,Imbalance,True,False,True,True,5713.8586,True,True,True,False,True
liq_imb_persist_sf_struct100_300s_btc,feature,btc,S5,liq_imb_persist_sf_struct100_300s,B4_cross_market,Cross-Market,True,False,False,True,3229.668,False,False,False,False,False
liq_imb_persist_sf_struct100_300s_eth,feature,eth,S5,liq_imb_persist_sf_struct100_300s,B4_cross_market,Cross-Market,True,False,False,True,3229.668,False,False,False,False,False
liq_imb_persist_sf_struct100_900s_btc,feature,btc,S5,liq_imb_persist_sf_struct100_900s,B4_cross_market,Cross-Market,True,False,True,True,83.6488,False,False,False,False,False
liq_imb_persist_sf_struct100_900s_eth,feature,eth,S5,liq_imb_persist_sf_struct100_900s,B4_cross_market,Cross-Market,True,False,True,True,83.6488,False,False,False,False,False
liq_imb_persist_sf_struct50_300s_btc,feature,btc,S5,liq_imb_persist_sf_struct50_300s,B4_cross_market,Cross-Market,True,False,False,True,5916.8082,False,False,False,False,False
liq_imb_persist_sf_struct50_300s_eth,feature,eth,S5,liq_imb_persist_sf_struct50_300s,B4_cross_market,Cross-Market,True,False,False,True,5916.8082,False,False,False,False,False
liq_imb_persist_sf_struct50_900s_btc,feature,btc,S5,liq_imb_persist_sf_struct50_900s,B4_cross_market,Cross-Market,True,False,True,True,5916.8082,False,False,False,False,False
liq_imb_persist_sf_struct50_900s_eth,feature,eth,S5,liq_imb_persist_sf_struct50_900s,B4_cross_market,Cross-Market,True,False,True,True,5916.8082,False,False,False,False,False
liq_imb_sf_struct100_300s_btc,feature,btc,S5,liq_imb_sf_struct100_300s,B4_cross_market,Cross-Market,True,True,True,True,1.7652,True,True,False,True,False
liq_imb_sf_struct100_300s_eth,feature,eth,S5,liq_imb_sf_struct100_300s,B4_cross_market,Cross-Market,True,True,True,True,1.7652,True,False,True,True,False
liq_imb_sf_struct100_900s_btc,feature,btc,S5,liq_imb_sf_struct100_900s,B4_cross_market,Cross-Market,True,True,True,True,2.4941,True,False,True,False,True
liq_imb_sf_struct100_900s_eth,feature,eth,S5,liq_imb_sf_struct100_900s,B4_cross_market,Cross-Market,True,True,True,True,2.4941,True,True,False,False,True
liq_imb_sf_struct50_300s_btc,feature,btc,S5,liq_imb_sf_struct50_300s,B4_cross_market,Cross-Market,True,False,False,True,5000.6454,True,False,False,False,False
liq_imb_sf_struct50_300s_eth,feature,eth,S5,liq_imb_sf_struct50_300s,B4_cross_market,Cross-Market,True,False,False,True,5000.6454,True,False,False,False,False
liq_imb_sf_struct50_900s_btc,feature,btc,S5,liq_imb_sf_struct50_900s,B4_cross_market,Cross-Market,True,False,True,True,5000.6454,False,False,False,False,False
liq_imb_sf_struct50_900s_eth,feature,eth,S5,liq_imb_sf_struct50_900s,B4_cross_market,Cross-Market,True,False,True,True,5000.6454,True,True,False,False,False
liq_imb_spot_struct100_300s_btc,feature,btc,S5,liq_imb_spot_struct100_300s,B1_imbalance,Imbalance,True,False,True,True,5506.0899,True,False,False,False,False
liq_imb_spot_struct100_300s_eth,feature,eth,S5,liq_imb_spot_struct100_300s,B1_imbalance,Imbalance,True,False,True,True,5506.0899,True,True,True,False,True
liq_imb_spot_struct100_60s_btc,feature,btc,S5,liq_imb_spot_struct100_60s,B1_imbalance,Imbalance,True,False,True,True,5337.7088,False,False,False,False,False
liq_imb_spot_struct100_60s_eth,feature,eth,S5,liq_imb_spot_struct100_60s,B1_imbalance,Imbalance,True,False,True,True,5337.7088,True,False,True,False,False
liq_imb_spot_struct100_900s_btc,feature,btc,S5,liq_imb_spot_struct100_900s,B1_imbalance,Imbalance,True,False,True,True,5106.0209,False,True,True,False,True
liq_imb_spot_struct100_900s_eth,feature,eth,S5,liq_imb_spot_struct100_900s,B1_imbalance,Imbalance,True,False,True,True,5106.0209,True,False,True,False,True
liq_imb_spot_struct50_300s_btc,feature,btc,S5,liq_imb_spot_struct50_300s,B1_imbalance,Imbalance,True,False,True,True,5260.9723,False,True,True,False,True
liq_imb_spot_struct50_300s_eth,feature,eth,S5,liq_imb_spot_struct50_300s,B1_imbalance,Imbalance,True,False,True,True,5260.9723,True,False,True,True,True
liq_imb_spot_struct50_60s_btc,feature,btc,S5,liq_imb_spot_struct50_60s,B1_imbalance,Imbalance,True,False,True,True,5656.8215,False,False,False,False,False
liq_imb_spot_struct50_60s_eth,feature,eth,S5,liq_imb_spot_struct50_60s,B1_imbalance,Imbalance,True,False,True,True,5656.8215,False,False,False,False,False
liq_imb_spot_struct50_900s_btc,feature,btc,S5,liq_imb_spot_struct50_900s,B1_imbalance,Imbalance,True,False,True,True,5783.077,True,True,True,False,True
liq_imb_spot_struct50_900s_eth,feature,eth,S5,liq_imb_spot_struct50_900s,B1_imbalance,Imbalance,True,False,True,True,5783.077,False,True,False,True,True
liq_sum_fut_10bps_1s_btc,feature,btc,S5,liq_sum_fut_10bps_1s,B2_bookshape,Bookshape,True,False,True,True,3435.1766,False,False,False,True,False
liq_sum_fut_10bps_1s_eth,feature,eth,S5,liq_sum_fut_10bps_1s,B2_bookshape,Bookshape,True,False,True,True,3435.1766,False,False,False,False,False
liq_sum_fut_1s_btc,feature,btc,S5,liq_sum_fut_1s,B2_bookshape,Bookshape,True,False,True,True,3748.3938,False,False,False,False,False
liq_sum_fut_1s_eth,feature,eth,S5,liq_sum_fut_1s,B2_bookshape,Bookshape,True,False,True,True,3748.3938,False,False,False,False,False
liq_sum_fut_300s_btc,feature,btc,S5,liq_sum_fut_300s,B2_bookshape,Bookshape,True,False,True,True,88.5139,True,True,True,True,True
liq_sum_fut_300s_eth,feature,eth,S5,liq_sum_fut_300s,B2_bookshape,Bookshape,True,False,True,True,88.5139,False,True,False,False,False
liq_sum_fut_60s_btc,feature,btc,S5,liq_sum_fut_60s,B2_bookshape,Bookshape,True,False,True,True,76.8484,True,False,False,True,False
liq_sum_fut_60s_eth,feature,eth,S5,liq_sum_fut_60s,B2_bookshape,Bookshape,True,False,True,True,76.8484,False,False,False,False,False
liq_sum_fut_900s_btc,feature,btc,S5,liq_sum_fut_900s,B2_bookshape,Bookshape,True,False,True,True,162.2596,False,True,True,False,True
liq_sum_fut_900s_eth,feature,eth,S5,liq_sum_fut_900s,B2_bookshape,Bookshape,True,False,True,True,162.2596,True,True,True,False,True
liq_sum_spot_10bps_1s_btc,feature,btc,S5,liq_sum_spot_10bps_1s,B2_bookshape,Bookshape,True,False,True,True,3531.7773,False,False,False,False,False
liq_sum_spot_10bps_1s_eth,feature,eth,S5,liq_sum_spot_10bps_1s,B2_bookshape,Bookshape,True,False,True,True,3531.7773,False,False,False,False,False
liq_sum_spot_1s_btc,feature,btc,S5,liq_sum_spot_1s,B2_bookshape,Bookshape,True,False,True,True,3720.0189,False,False,False,False,False
liq_sum_spot_1s_eth,feature,eth,S5,liq_sum_spot_1s,B2_bookshape,Bookshape,True,False,True,True,3720.0189,False,False,False,False,False
liq_sum_spot_300s_btc,feature,btc,S5,liq_sum_spot_300s,B2_bookshape,Bookshape,True,False,False,True,227.2172,False,True,True,True,True
liq_sum_spot_300s_eth,feature,eth,S5,liq_sum_spot_300s,B2_bookshape,Bookshape,True,False,False,True,227.2172,True,True,True,False,False
liq_sum_spot_60s_btc,feature,btc,S5,liq_sum_spot_60s,B2_bookshape,Bookshape,True,False,True,True,265.038,True,False,False,False,False
liq_sum_spot_60s_eth,feature,eth,S5,liq_sum_spot_60s,B2_bookshape,Bookshape,True,False,True,True,265.038,False,False,True,False,True
liq_sum_spot_900s_btc,feature,btc,S5,liq_sum_spot_900s,B2_bookshape,Bookshape,True,False,True,True,254.8788,True,True,True,True,True
liq_sum_spot_900s_eth,feature,eth,S5,liq_sum_spot_900s,B2_bookshape,Bookshape,True,False,True,True,254.8788,True,True,True,False,True
lwp_mid_10bps_fut_60s_btc,feature,btc,S5,lwp_mid_10bps_fut_60s,B6_context,Price,True,False,False,True,5457.1119,False,False,True,False,False
lwp_mid_10bps_fut_60s_eth,feature,eth,S5,lwp_mid_10bps_fut_60s,B6_context,Price,True,False,False,True,5457.1119,True,False,False,False,False
lwp_mid_10bps_spot_60s_btc,feature,btc,S5,lwp_mid_10bps_spot_60s,B6_context,Price,True,False,False,True,5113.5473,False,False,False,False,False
lwp_mid_10bps_spot_60s_eth,feature,eth,S5,lwp_mid_10bps_spot_60s,B6_context,Price,True,False,False,True,5113.5473,False,False,False,False,False
mad_absorption_break_fut_15s_btc,feature,btc,S5,mad_absorption_break_fut_15s,B5_dynamics,Dynamics,True,False,True,True,21.2637,False,False,False,False,False
mad_absorption_break_fut_15s_eth,feature,eth,S5,mad_absorption_break_fut_15s,B5_dynamics,Dynamics,True,False,True,True,21.2637,False,False,False,True,False
mad_absorption_break_fut_60s_btc,feature,btc,S5,mad_absorption_break_fut_60s,B5_dynamics,Dynamics,True,False,True,True,13.6635,False,False,False,True,False
mad_absorption_break_fut_60s_eth,feature,eth,S5,mad_absorption_break_fut_60s,B5_dynamics,Dynamics,True,False,True,True,13.6635,False,False,False,False,False
mad_absorption_break_spot_15s_btc,feature,btc,S5,mad_absorption_break_spot_15s,B5_dynamics,Dynamics,True,False,True,True,20.1851,False,False,False,False,False
mad_absorption_break_spot_15s_eth,feature,eth,S5,mad_absorption_break_spot_15s,B5_dynamics,Dynamics,True,False,True,True,20.1851,False,False,False,False,False
mad_absorption_break_spot_60s_btc,feature,btc,S5,mad_absorption_break_spot_60s,B5_dynamics,Dynamics,True,False,True,True,13.086,True,False,False,False,False
mad_absorption_break_spot_60s_eth,feature,eth,S5,mad_absorption_break_spot_60s,B5_dynamics,Dynamics,True,False,True,True,13.086,False,False,False,False,False
mad_impact_per_signed_fut_15s_btc,feature,btc,S5,mad_impact_per_signed_fut_15s,B5_dynamics,Dynamics,True,False,True,True,127.4342,False,True,True,False,True
mad_impact_per_signed_fut_15s_eth,feature,eth,S5,mad_impact_per_signed_fut_15s,B5_dynamics,Dynamics,True,False,True,True,127.4342,True,True,True,True,False
mad_impact_per_signed_fut_5s_btc,feature,btc,S5,mad_impact_per_signed_fut_5s,B5_dynamics,Dynamics,True,False,True,True,972.1741,True,True,True,True,True
mad_impact_per_signed_fut_5s_eth,feature,eth,S5,mad_impact_per_signed_fut_5s,B5_dynamics,Dynamics,True,False,True,True,972.1741,True,True,True,True,True
mad_impact_per_signed_fut_60s_btc,feature,btc,S5,mad_impact_per_signed_fut_60s,B5_dynamics,Dynamics,True,False,True,True,35.1837,True,True,False,True,False
mad_impact_per_signed_fut_60s_eth,feature,eth,S5,mad_impact_per_signed_fut_60s,B5_dynamics,Dynamics,True,False,True,True,35.1837,True,True,False,False,False
mad_impact_per_signed_spot_15s_btc,feature,btc,S5,mad_impact_per_signed_spot_15s,B5_dynamics,Dynamics,True,False,True,True,270.9012,False,True,True,False,True
mad_impact_per_signed_spot_15s_eth,feature,eth,S5,mad_impact_per_signed_spot_15s,B5_dynamics,Dynamics,True,False,True,True,270.9012,True,True,False,True,True
mad_impact_per_signed_spot_5s_btc,feature,btc,S5,mad_impact_per_signed_spot_5s,B5_dynamics,Dynamics,True,False,True,True,1095.8756,False,False,True,False,True
mad_impact_per_signed_spot_5s_eth,feature,eth,S5,mad_impact_per_signed_spot_5s,B5_dynamics,Dynamics,True,False,True,True,1095.8756,False,True,True,False,True
mad_impact_per_signed_spot_60s_btc,feature,btc,S5,mad_impact_per_signed_spot_60s,B5_dynamics,Dynamics,True,False,True,True,68.1136,True,False,True,True,True
mad_impact_per_signed_spot_60s_eth,feature,eth,S5,mad_impact_per_signed_spot_60s,B5_dynamics,Dynamics,True,False,True,True,68.1136,True,True,False,False,False
mad_net_pressure_fut_10bps_15s_btc,feature,btc,S5,mad_net_pressure_fut_10bps_15s,B5_dynamics,Dynamics,True,False,True,True,10.412,False,False,False,False,False
mad_net_pressure_fut_10bps_15s_eth,feature,eth,S5,mad_net_pressure_fut_10bps_15s,B5_dynamics,Dynamics,True,False,True,True,10.412,False,False,False,False,False
mad_net_pressure_fut_10bps_5s_btc,feature,btc,S5,mad_net_pressure_fut_10bps_5s,B5_dynamics,Dynamics,True,True,True,True,9.3547,False,False,False,False,False
mad_net_pressure_fut_10bps_5s_eth,feature,eth,S5,mad_net_pressure_fut_10bps_5s,B5_dynamics,Dynamics,True,True,True,True,9.3547,False,False,False,False,False
mad_net_pressure_fut_10bps_60s_btc,feature,btc,S5,mad_net_pressure_fut_10bps_60s,B5_dynamics,Dynamics,True,False,True,True,18.3078,False,False,False,False,False
mad_net_pressure_fut_10bps_60s_eth,feature,eth,S5,mad_net_pressure_fut_10bps_60s,B5_dynamics,Dynamics,True,False,True,True,18.3078,True,False,False,False,False
mad_net_pressure_fut_1bps_15s_btc,feature,btc,S5,mad_net_pressure_fut_1bps_15s,B5_dynamics,Dynamics,True,False,True,True,95.5702,False,False,False,False,False
mad_net_pressure_fut_1bps_15s_eth,feature,eth,S5,mad_net_pressure_fut_1bps_15s,B5_dynamics,Dynamics,True,False,True,True,95.5702,False,False,False,False,False
mad_net_pressure_fut_1bps_5s_btc,feature,btc,S5,mad_net_pressure_fut_1bps_5s,B5_dynamics,Dynamics,True,False,True,True,63.8089,False,False,False,False,False
mad_net_pressure_fut_1bps_5s_eth,feature,eth,S5,mad_net_pressure_fut_1bps_5s,B5_dynamics,Dynamics,True,False,True,True,63.8089,False,False,False,False,False
mad_net_pressure_fut_1bps_60s_btc,feature,btc,S5,mad_net_pressure_fut_1bps_60s,B5_dynamics,Dynamics,True,False,True,True,107.7082,False,False,False,False,False
mad_net_pressure_fut_1bps_60s_eth,feature,eth,S5,mad_net_pressure_fut_1bps_60s,B5_dynamics,Dynamics,True,False,True,True,107.7082,False,False,False,True,False
mad_net_pressure_fut_2bps_15s_btc,feature,btc,S5,mad_net_pressure_fut_2bps_15s,B5_dynamics,Dynamics,True,True,True,True,6.4375,False,False,False,False,False
mad_net_pressure_fut_2bps_15s_eth,feature,eth,S5,mad_net_pressure_fut_2bps_15s,B5_dynamics,Dynamics,True,True,True,True,6.4375,False,False,False,False,False
mad_net_pressure_fut_2bps_5s_btc,feature,btc,S5,mad_net_pressure_fut_2bps_5s,B5_dynamics,Dynamics,True,True,True,True,4.0081,False,False,False,False,False
mad_net_pressure_fut_2bps_5s_eth,feature,eth,S5,mad_net_pressure_fut_2bps_5s,B5_dynamics,Dynamics,True,True,True,True,4.0081,False,False,False,False,False
mad_net_pressure_fut_2bps_60s_btc,feature,btc,S5,mad_net_pressure_fut_2bps_60s,B5_dynamics,Dynamics,True,False,True,True,13.6936,False,False,False,False,False
mad_net_pressure_fut_2bps_60s_eth,feature,eth,S5,mad_net_pressure_fut_2bps_60s,B5_dynamics,Dynamics,True,False,True,True,13.6936,False,False,False,False,False
mad_net_pressure_fut_5bps_15s_btc,feature,btc,S5,mad_net_pressure_fut_5bps_15s,B5_dynamics,Dynamics,True,True,True,True,6.6224,False,False,False,False,False
mad_net_pressure_fut_5bps_15s_eth,feature,eth,S5,mad_net_pressure_fut_5bps_15s,B5_dynamics,Dynamics,True,True,True,True,6.6224,False,False,False,True,False
mad_net_pressure_fut_5bps_5s_btc,feature,btc,S5,mad_net_pressure_fut_5bps_5s,B5_dynamics,Dynamics,True,True,True,True,4.7693,False,False,False,False,False
mad_net_pressure_fut_5bps_5s_eth,feature,eth,S5,mad_net_pressure_fut_5bps_5s,B5_dynamics,Dynamics,True,True,True,True,4.7693,False,False,False,False,False
mad_net_pressure_fut_5bps_60s_btc,feature,btc,S5,mad_net_pressure_fut_5bps_60s,B5_dynamics,Dynamics,True,False,True,True,17.6399,False,False,False,False,False
mad_net_pressure_fut_5bps_60s_eth,feature,eth,S5,mad_net_pressure_fut_5bps_60s,B5_dynamics,Dynamics,True,False,True,True,17.6399,False,False,False,False,False
mad_net_pressure_spot_10bps_15s_btc,feature,btc,S5,mad_net_pressure_spot_10bps_15s,B5_dynamics,Dynamics,True,False,True,True,13.3104,False,False,False,True,False
mad_net_pressure_spot_10bps_15s_eth,feature,eth,S5,mad_net_pressure_spot_10bps_15s,B5_dynamics,Dynamics,True,False,True,True,13.3104,False,False,False,False,False
mad_net_pressure_spot_10bps_5s_btc,feature,btc,S5,mad_net_pressure_spot_10bps_5s,B5_dynamics,Dynamics,True,False,True,True,11.9978,False,False,False,False,False
mad_net_pressure_spot_10bps_5s_eth,feature,eth,S5,mad_net_pressure_spot_10bps_5s,B5_dynamics,Dynamics,True,False,True,True,11.9978,False,False,False,False,False
mad_net_pressure_spot_10bps_60s_btc,feature,btc,S5,mad_net_pressure_spot_10bps_60s,B5_dynamics,Dynamics,True,False,True,True,22.622,False,False,False,False,False
mad_net_pressure_spot_10bps_60s_eth,feature,eth,S5,mad_net_pressure_spot_10bps_60s,B5_dynamics,Dynamics,True,False,True,True,22.622,False,False,False,False,False
mad_net_pressure_spot_1bps_15s_btc,feature,btc,S5,mad_net_pressure_spot_1bps_15s,B5_dynamics,Dynamics,True,False,True,True,225.5367,False,False,False,False,False
mad_net_pressure_spot_1bps_15s_eth,feature,eth,S5,mad_net_pressure_spot_1bps_15s,B5_dynamics,Dynamics,True,False,True,True,225.5367,False,False,False,False,False
mad_net_pressure_spot_1bps_5s_btc,feature,btc,S5,mad_net_pressure_spot_1bps_5s,B5_dynamics,Dynamics,True,False,True,True,93.1037,False,False,False,False,False
mad_net_pressure_spot_1bps_5s_eth,feature,eth,S5,mad_net_pressure_spot_1bps_5s,B5_dynamics,Dynamics,True,False,True,True,93.1037,False,False,False,False,False
mad_net_pressure_spot_1bps_60s_btc,feature,btc,S5,mad_net_pressure_spot_1bps_60s,B5_dynamics,Dynamics,True,False,True,True,247.1531,False,False,False,True,False
mad_net_pressure_spot_1bps_60s_eth,feature,eth,S5,mad_net_pressure_spot_1bps_60s,B5_dynamics,Dynamics,True,False,True,True,247.1531,True,False,False,True,False
mad_net_pressure_spot_2bps_15s_btc,feature,btc,S5,mad_net_pressure_spot_2bps_15s,B5_dynamics,Dynamics,True,False,True,True,14.2749,False,False,False,False,False
mad_net_pressure_spot_2bps_15s_eth,feature,eth,S5,mad_net_pressure_spot_2bps_15s,B5_dynamics,Dynamics,True,False,True,True,14.2749,False,False,False,False,False
mad_net_pressure_spot_2bps_5s_btc,feature,btc,S5,mad_net_pressure_spot_2bps_5s,B5_dynamics,Dynamics,True,False,True,True,20.2437,False,False,False,False,False
mad_net_pressure_spot_2bps_5s_eth,feature,eth,S5,mad_net_pressure_spot_2bps_5s,B5_dynamics,Dynamics,True,False,True,True,20.2437,False,False,False,False,False
mad_net_pressure_spot_2bps_60s_btc,feature,btc,S5,mad_net_pressure_spot_2bps_60s,B5_dynamics,Dynamics,True,False,True,True,25.8877,False,False,False,False,False
mad_net_pressure_spot_2bps_60s_eth,feature,eth,S5,mad_net_pressure_spot_2bps_60s,B5_dynamics,Dynamics,True,False,True,True,25.8877,False,False,False,False,False
mad_net_pressure_spot_5bps_15s_btc,feature,btc,S5,mad_net_pressure_spot_5bps_15s,B5_dynamics,Dynamics,True,False,True,True,11.3116,False,False,False,True,False
mad_net_pressure_spot_5bps_15s_eth,feature,eth,S5,mad_net_pressure_spot_5bps_15s,B5_dynamics,Dynamics,True,False,True,True,11.3116,False,False,False,False,False
mad_net_pressure_spot_5bps_5s_btc,feature,btc,S5,mad_net_pressure_spot_5bps_5s,B5_dynamics,Dynamics,True,False,True,True,14.5165,False,False,False,False,False
mad_net_pressure_spot_5bps_5s_eth,feature,eth,S5,mad_net_pressure_spot_5bps_5s,B5_dynamics,Dynamics,True,False,True,True,14.5165,False,False,False,False,False
mad_net_pressure_spot_5bps_60s_btc,feature,btc,S5,mad_net_pressure_spot_5bps_60s,B5_dynamics,Dynamics,True,False,True,True,21.1318,False,False,False,False,False
mad_net_pressure_spot_5bps_60s_eth,feature,eth,S5,mad_net_pressure_spot_5bps_60s,B5_dynamics,Dynamics,True,False,True,True,21.1318,True,False,False,False,False
mad_pull_rate_fut_10bps_15s_btc,feature,btc,S5,mad_pull_rate_fut_10bps_15s,B5_dynamics,Dynamics,True,False,False,True,3168.5731,False,False,False,False,False
mad_pull_rate_fut_10bps_15s_eth,feature,eth,S5,mad_pull_rate_fut_10bps_15s,B5_dynamics,Dynamics,True,False,False,True,3168.5731,False,False,False,False,False
mad_pull_rate_fut_10bps_5s_btc,feature,btc,S5,mad_pull_rate_fut_10bps_5s,B5_dynamics,Dynamics,True,False,False,True,4758.2973,False,False,False,False,False
mad_pull_rate_fut_10bps_5s_eth,feature,eth,S5,mad_pull_rate_fut_10bps_5s,B5_dynamics,Dynamics,True,False,False,True,4758.2973,False,False,False,False,False
mad_pull_rate_fut_10bps_60s_btc,feature,btc,S5,mad_pull_rate_fut_10bps_60s,B5_dynamics,Dynamics,True,False,False,True,3768.9826,False,False,False,False,False
mad_pull_rate_fut_10bps_60s_eth,feature,eth,S5,mad_pull_rate_fut_10bps_60s,B5_dynamics,Dynamics,True,False,False,True,3768.9826,False,False,False,False,False
mad_pull_rate_fut_1bps_5s_btc,feature,btc,S5,mad_pull_rate_fut_1bps_5s,B5_dynamics,Dynamics,True,False,False,True,3775.5702,False,False,False,True,False
mad_pull_rate_fut_1bps_5s_eth,feature,eth,S5,mad_pull_rate_fut_1bps_5s,B5_dynamics,Dynamics,True,False,False,True,3775.5702,False,False,False,False,False
mad_pull_rate_fut_1bps_60s_btc,feature,btc,S5,mad_pull_rate_fut_1bps_60s,B5_dynamics,Dynamics,True,False,False,True,5635.7568,False,False,False,True,False
mad_pull_rate_fut_1bps_60s_eth,feature,eth,S5,mad_pull_rate_fut_1bps_60s,B5_dynamics,Dynamics,True,False,False,True,5635.7568,False,False,False,False,False
mad_pull_rate_fut_2bps_5s_btc,feature,btc,S5,mad_pull_rate_fut_2bps_5s,B5_dynamics,Dynamics,True,False,False,True,4096.8651,False,False,False,False,False
mad_pull_rate_fut_2bps_5s_eth,feature,eth,S5,mad_pull_rate_fut_2bps_5s,B5_dynamics,Dynamics,True,False,False,True,4096.8651,False,False,False,True,False
mad_pull_rate_fut_5bps_15s_btc,feature,btc,S5,mad_pull_rate_fut_5bps_15s,B5_dynamics,Dynamics,True,False,True,True,3094.4931,False,False,False,True,False
mad_pull_rate_fut_5bps_15s_eth,feature,eth,S5,mad_pull_rate_fut_5bps_15s,B5_dynamics,Dynamics,True,False,True,True,3094.4931,False,False,False,False,False
mad_pull_rate_fut_5bps_5s_btc,feature,btc,S5,mad_pull_rate_fut_5bps_5s,B5_dynamics,Dynamics,True,False,True,True,4860.1754,False,False,False,False,False
mad_pull_rate_fut_5bps_5s_eth,feature,eth,S5,mad_pull_rate_fut_5bps_5s,B5_dynamics,Dynamics,True,False,True,True,4860.1754,False,False,False,False,False
mad_pull_rate_fut_5bps_60s_btc,feature,btc,S5,mad_pull_rate_fut_5bps_60s,B5_dynamics,Dynamics,True,False,True,True,4593.0155,True,False,False,False,False
mad_pull_rate_fut_5bps_60s_eth,feature,eth,S5,mad_pull_rate_fut_5bps_60s,B5_dynamics,Dynamics,True,False,True,True,4593.0155,False,False,False,True,False
mad_pull_rate_spot_10bps_15s_btc,feature,btc,S5,mad_pull_rate_spot_10bps_15s,B5_dynamics,Dynamics,True,False,False,True,3187.1438,False,False,False,False,False
mad_pull_rate_spot_10bps_15s_eth,feature,eth,S5,mad_pull_rate_spot_10bps_15s,B5_dynamics,Dynamics,True,False,False,True,3187.1438,False,False,False,False,False
mad_pull_rate_spot_10bps_5s_btc,feature,btc,S5,mad_pull_rate_spot_10bps_5s,B5_dynamics,Dynamics,True,False,False,True,5319.1373,False,False,False,False,False
mad_pull_rate_spot_10bps_5s_eth,feature,eth,S5,mad_pull_rate_spot_10bps_5s,B5_dynamics,Dynamics,True,False,False,True,5319.1373,False,False,False,False,False
mad_pull_rate_spot_10bps_60s_btc,feature,btc,S5,mad_pull_rate_spot_10bps_60s,B5_dynamics,Dynamics,True,False,False,True,4504.8394,True,False,False,False,False
mad_pull_rate_spot_10bps_60s_eth,feature,eth,S5,mad_pull_rate_spot_10bps_60s,B5_dynamics,Dynamics,True,False,False,True,4504.8394,False,False,False,False,False
mad_pull_rate_spot_1bps_5s_btc,feature,btc,S5,mad_pull_rate_spot_1bps_5s,B5_dynamics,Dynamics,True,False,False,True,3472.4752,False,False,False,False,False
mad_pull_rate_spot_1bps_5s_eth,feature,eth,S5,mad_pull_rate_spot_1bps_5s,B5_dynamics,Dynamics,True,False,False,True,3472.4752,False,False,False,True,False
mad_pull_rate_spot_1bps_60s_btc,feature,btc,S5,mad_pull_rate_spot_1bps_60s,B5_dynamics,Dynamics,True,False,False,True,4910.4661,True,False,False,False,False
mad_pull_rate_spot_1bps_60s_eth,feature,eth,S5,mad_pull_rate_spot_1bps_60s,B5_dynamics,Dynamics,True,False,False,True,4910.4661,False,False,True,False,False
mad_pull_rate_spot_2bps_5s_btc,feature,btc,S5,mad_pull_rate_spot_2bps_5s,B5_dynamics,Dynamics,True,False,False,True,4779.8432,False,False,False,False,False
mad_pull_rate_spot_2bps_5s_eth,feature,eth,S5,mad_pull_rate_spot_2bps_5s,B5_dynamics,Dynamics,True,False,False,True,4779.8432,False,False,False,False,False
mad_pull_rate_spot_5bps_15s_btc,feature,btc,S5,mad_pull_rate_spot_5bps_15s,B5_dynamics,Dynamics,True,False,True,True,3243.2853,False,False,False,False,False
mad_pull_rate_spot_5bps_15s_eth,feature,eth,S5,mad_pull_rate_spot_5bps_15s,B5_dynamics,Dynamics,True,False,True,True,3243.2853,False,False,False,True,False
mad_pull_rate_spot_5bps_5s_btc,feature,btc,S5,mad_pull_rate_spot_5bps_5s,B5_dynamics,Dynamics,True,False,True,True,5179.3494,False,False,False,False,False
mad_pull_rate_spot_5bps_5s_eth,feature,eth,S5,mad_pull_rate_spot_5bps_5s,B5_dynamics,Dynamics,True,False,True,True,5179.3494,False,False,False,False,False
mad_pull_rate_spot_5bps_60s_btc,feature,btc,S5,mad_pull_rate_spot_5bps_60s,B5_dynamics,Dynamics,True,False,True,True,3059.9846,False,False,False,False,False
mad_pull_rate_spot_5bps_60s_eth,feature,eth,S5,mad_pull_rate_spot_5bps_60s,B5_dynamics,Dynamics,True,False,True,True,3059.9846,False,False,False,False,False
mad_queue_pressure_fut_10bps_15s_btc,feature,btc,S5,mad_queue_pressure_fut_10bps_15s,B5_dynamics,Dynamics,True,False,True,True,15.8553,False,False,False,False,False
mad_queue_pressure_fut_10bps_15s_eth,feature,eth,S5,mad_queue_pressure_fut_10bps_15s,B5_dynamics,Dynamics,True,False,True,True,15.8553,False,False,False,False,False
mad_queue_pressure_fut_10bps_5s_btc,feature,btc,S5,mad_queue_pressure_fut_10bps_5s,B5_dynamics,Dynamics,True,False,True,True,19.2606,False,False,False,False,False
mad_queue_pressure_fut_10bps_5s_eth,feature,eth,S5,mad_queue_pressure_fut_10bps_5s,B5_dynamics,Dynamics,True,False,True,True,19.2606,False,False,False,False,False
mad_queue_pressure_fut_10bps_60s_btc,feature,btc,S5,mad_queue_pressure_fut_10bps_60s,B5_dynamics,Dynamics,True,False,True,True,15.2485,True,False,False,True,False
mad_queue_pressure_fut_10bps_60s_eth,feature,eth,S5,mad_queue_pressure_fut_10bps_60s,B5_dynamics,Dynamics,True,False,True,True,15.2485,False,False,False,True,False
mad_queue_pressure_fut_1bps_5s_btc,feature,btc,S5,mad_queue_pressure_fut_1bps_5s,B5_dynamics,Dynamics,True,False,True,True,13.6575,False,False,False,False,False
mad_queue_pressure_fut_1bps_5s_eth,feature,eth,S5,mad_queue_pressure_fut_1bps_5s,B5_dynamics,Dynamics,True,False,True,True,13.6575,False,False,False,False,False
mad_queue_pressure_fut_2bps_15s_btc,feature,btc,S5,mad_queue_pressure_fut_2bps_15s,B5_dynamics,Dynamics,True,True,True,True,9.5314,False,False,False,False,False
mad_queue_pressure_fut_2bps_15s_eth,feature,eth,S5,mad_queue_pressure_fut_2bps_15s,B5_dynamics,Dynamics,True,True,True,True,9.5314,False,False,False,False,False
mad_queue_pressure_fut_2bps_5s_btc,feature,btc,S5,mad_queue_pressure_fut_2bps_5s,B5_dynamics,Dynamics,True,True,True,True,9.5196,False,False,False,False,False
mad_queue_pressure_fut_2bps_5s_eth,feature,eth,S5,mad_queue_pressure_fut_2bps_5s,B5_dynamics,Dynamics,True,True,True,True,9.5196,False,False,False,False,False
mad_queue_pressure_fut_2bps_60s_btc,feature,btc,S5,mad_queue_pressure_fut_2bps_60s,B5_dynamics,Dynamics,True,False,True,True,16.2913,False,False,False,False,False
mad_queue_pressure_fut_2bps_60s_eth,feature,eth,S5,mad_queue_pressure_fut_2bps_60s,B5_dynamics,Dynamics,True,False,True,True,16.2913,False,False,False,False,False
mad_queue_pressure_fut_5bps_15s_btc,feature,btc,S5,mad_queue_pressure_fut_5bps_15s,B5_dynamics,Dynamics,True,False,True,True,11.3191,False,False,False,False,False
mad_queue_pressure_fut_5bps_15s_eth,feature,eth,S5,mad_queue_pressure_fut_5bps_15s,B5_dynamics,Dynamics,True,False,True,True,11.3191,False,False,False,True,False
mad_queue_pressure_fut_5bps_5s_btc,feature,btc,S5,mad_queue_pressure_fut_5bps_5s,B5_dynamics,Dynamics,True,False,True,True,13.6804,False,False,False,False,False
mad_queue_pressure_fut_5bps_5s_eth,feature,eth,S5,mad_queue_pressure_fut_5bps_5s,B5_dynamics,Dynamics,True,False,True,True,13.6804,False,False,False,False,False
mad_queue_pressure_fut_5bps_60s_btc,feature,btc,S5,mad_queue_pressure_fut_5bps_60s,B5_dynamics,Dynamics,True,False,True,True,16.2895,True,False,False,False,False
mad_queue_pressure_fut_5bps_60s_eth,feature,eth,S5,mad_queue_pressure_fut_5bps_60s,B5_dynamics,Dynamics,True,False,True,True,16.2895,False,False,False,False,False
mad_queue_pressure_spot_10bps_15s_btc,feature,btc,S5,mad_queue_pressure_spot_10bps_15s,B5_dynamics,Dynamics,True,False,True,True,12.6414,False,False,False,False,False
mad_queue_pressure_spot_10bps_15s_eth,feature,eth,S5,mad_queue_pressure_spot_10bps_15s,B5_dynamics,Dynamics,True,False,True,True,12.6414,False,False,False,True,False
mad_queue_pressure_spot_10bps_5s_btc,feature,btc,S5,mad_queue_pressure_spot_10bps_5s,B5_dynamics,Dynamics,True,False,True,True,18.066,False,False,False,False,False
mad_queue_pressure_spot_10bps_60s_btc,feature,btc,S5,mad_queue_pressure_spot_10bps_60s,B5_dynamics,Dynamics,True,False,True,True,17.497,False,False,False,False,False
mad_queue_pressure_spot_10bps_60s_eth,feature,eth,S5,mad_queue_pressure_spot_10bps_60s,B5_dynamics,Dynamics,True,False,True,True,17.497,False,False,False,True,False
mad_queue_pressure_spot_1bps_5s_btc,feature,btc,S5,mad_queue_pressure_spot_1bps_5s,B5_dynamics,Dynamics,True,False,True,True,28.5288,False,False,False,False,False
mad_queue_pressure_spot_1bps_5s_eth,feature,eth,S5,mad_queue_pressure_spot_1bps_5s,B5_dynamics,Dynamics,True,False,True,True,28.5288,False,False,False,False,False
mad_queue_pressure_spot_2bps_15s_btc,feature,btc,S5,mad_queue_pressure_spot_2bps_15s,B5_dynamics,Dynamics,True,False,True,True,25.9767,False,False,False,False,False
mad_queue_pressure_spot_2bps_15s_eth,feature,eth,S5,mad_queue_pressure_spot_2bps_15s,B5_dynamics,Dynamics,True,False,True,True,25.9767,False,False,False,False,False
mad_queue_pressure_spot_2bps_5s_btc,feature,btc,S5,mad_queue_pressure_spot_2bps_5s,B5_dynamics,Dynamics,True,False,True,True,14.9737,False,False,False,False,False
mad_queue_pressure_spot_2bps_5s_eth,feature,eth,S5,mad_queue_pressure_spot_2bps_5s,B5_dynamics,Dynamics,True,False,True,True,14.9737,False,False,False,False,False
mad_queue_pressure_spot_2bps_60s_btc,feature,btc,S5,mad_queue_pressure_spot_2bps_60s,B5_dynamics,Dynamics,True,False,True,True,24.2652,False,False,False,True,False
mad_queue_pressure_spot_2bps_60s_eth,feature,eth,S5,mad_queue_pressure_spot_2bps_60s,B5_dynamics,Dynamics,True,False,True,True,24.2652,False,False,False,False,False
mad_queue_pressure_spot_5bps_15s_btc,feature,btc,S5,mad_queue_pressure_spot_5bps_15s,B5_dynamics,Dynamics,True,False,True,True,13.7792,False,False,False,False,False
mad_queue_pressure_spot_5bps_15s_eth,feature,eth,S5,mad_queue_pressure_spot_5bps_15s,B5_dynamics,Dynamics,True,False,True,True,13.7792,False,False,False,False,False
mad_queue_pressure_spot_5bps_5s_btc,feature,btc,S5,mad_queue_pressure_spot_5bps_5s,B5_dynamics,Dynamics,True,False,True,True,15.8585,False,False,False,False,False
mad_queue_pressure_spot_5bps_5s_eth,feature,eth,S5,mad_queue_pressure_spot_5bps_5s,B5_dynamics,Dynamics,True,False,True,True,15.8585,False,False,False,False,False
mad_queue_pressure_spot_5bps_60s_btc,feature,btc,S5,mad_queue_pressure_spot_5bps_60s,B5_dynamics,Dynamics,True,False,True,True,17.9623,False,False,False,True,False
mad_queue_pressure_spot_5bps_60s_eth,feature,eth,S5,mad_queue_pressure_spot_5bps_60s,B5_dynamics,Dynamics,True,False,True,True,17.9623,True,False,False,False,False
mad_refill_rate_fut_10bps_15s_btc,feature,btc,S5,mad_refill_rate_fut_10bps_15s,B5_dynamics,Dynamics,True,False,True,True,73.7712,False,False,False,False,False
mad_refill_rate_fut_10bps_15s_eth,feature,eth,S5,mad_refill_rate_fut_10bps_15s,B5_dynamics,Dynamics,True,False,True,True,73.7712,False,False,False,False,False
mad_refill_rate_fut_10bps_5s_btc,feature,btc,S5,mad_refill_rate_fut_10bps_5s,B5_dynamics,Dynamics,True,False,True,True,38.6737,False,False,False,False,False
mad_refill_rate_fut_10bps_5s_eth,feature,eth,S5,mad_refill_rate_fut_10bps_5s,B5_dynamics,Dynamics,True,False,True,True,38.6737,False,False,False,False,False
mad_refill_rate_fut_10bps_60s_btc,feature,btc,S5,mad_refill_rate_fut_10bps_60s,B5_dynamics,Dynamics,True,False,True,True,540.0348,False,False,False,False,False
mad_refill_rate_fut_10bps_60s_eth,feature,eth,S5,mad_refill_rate_fut_10bps_60s,B5_dynamics,Dynamics,True,False,True,True,540.0348,False,False,False,False,False
mad_refill_rate_fut_1bps_60s_btc,feature,btc,S5,mad_refill_rate_fut_1bps_60s,B5_dynamics,Dynamics,True,False,True,True,43.5493,False,True,False,True,False
mad_refill_rate_fut_1bps_60s_eth,feature,eth,S5,mad_refill_rate_fut_1bps_60s,B5_dynamics,Dynamics,True,False,True,True,43.5493,False,False,True,False,False
mad_refill_rate_fut_2bps_5s_btc,feature,btc,S5,mad_refill_rate_fut_2bps_5s,B5_dynamics,Dynamics,True,False,True,True,11.9237,False,False,False,False,False
mad_refill_rate_fut_2bps_5s_eth,feature,eth,S5,mad_refill_rate_fut_2bps_5s,B5_dynamics,Dynamics,True,False,True,True,11.9237,False,False,False,False,False
mad_refill_rate_fut_5bps_15s_btc,feature,btc,S5,mad_refill_rate_fut_5bps_15s,B5_dynamics,Dynamics,True,False,True,True,28.5214,False,False,False,False,False
mad_refill_rate_fut_5bps_15s_eth,feature,eth,S5,mad_refill_rate_fut_5bps_15s,B5_dynamics,Dynamics,True,False,True,True,28.5214,False,False,False,False,False
mad_refill_rate_fut_5bps_5s_btc,feature,btc,S5,mad_refill_rate_fut_5bps_5s,B5_dynamics,Dynamics,True,False,True,True,15.8627,False,False,False,False,False
mad_refill_rate_fut_5bps_5s_eth,feature,eth,S5,mad_refill_rate_fut_5bps_5s,B5_dynamics,Dynamics,True,False,True,True,15.8627,False,False,False,False,False
mad_refill_rate_fut_5bps_60s_btc,feature,btc,S5,mad_refill_rate_fut_5bps_60s,B5_dynamics,Dynamics,True,False,True,True,279.9822,False,False,False,False,False
mad_refill_rate_fut_5bps_60s_eth,feature,eth,S5,mad_refill_rate_fut_5bps_60s,B5_dynamics,Dynamics,True,False,True,True,279.9822,False,False,False,True,False
mad_refill_rate_spot_10bps_15s_btc,feature,btc,S5,mad_refill_rate_spot_10bps_15s,B5_dynamics,Dynamics,True,False,True,True,182.0005,False,False,False,False,False
mad_refill_rate_spot_10bps_15s_eth,feature,eth,S5,mad_refill_rate_spot_10bps_15s,B5_dynamics,Dynamics,True,False,True,True,182.0005,False,False,False,True,False
mad_refill_rate_spot_10bps_5s_btc,feature,btc,S5,mad_refill_rate_spot_10bps_5s,B5_dynamics,Dynamics,True,False,True,True,86.621,False,False,False,False,False
mad_refill_rate_spot_10bps_5s_eth,feature,eth,S5,mad_refill_rate_spot_10bps_5s,B5_dynamics,Dynamics,True,False,True,True,86.621,False,False,False,False,False
mad_refill_rate_spot_10bps_60s_btc,feature,btc,S5,mad_refill_rate_spot_10bps_60s,B5_dynamics,Dynamics,True,False,True,True,1626.0178,False,False,False,False,False
mad_refill_rate_spot_10bps_60s_eth,feature,eth,S5,mad_refill_rate_spot_10bps_60s,B5_dynamics,Dynamics,True,False,True,True,1626.0178,False,False,False,True,False
mad_refill_rate_spot_1bps_60s_btc,feature,btc,S5,mad_refill_rate_spot_1bps_60s,B5_dynamics,Dynamics,True,False,True,True,52.0388,False,True,False,True,False
mad_refill_rate_spot_1bps_60s_eth,feature,eth,S5,mad_refill_rate_spot_1bps_60s,B5_dynamics,Dynamics,True,False,True,True,52.0388,True,False,False,True,False
mad_refill_rate_spot_2bps_5s_btc,feature,btc,S5,mad_refill_rate_spot_2bps_5s,B5_dynamics,Dynamics,True,False,True,True,12.7321,False,False,False,False,False
mad_refill_rate_spot_2bps_5s_eth,feature,eth,S5,mad_refill_rate_spot_2bps_5s,B5_dynamics,Dynamics,True,False,True,True,12.7321,False,False,False,False,False
mad_refill_rate_spot_5bps_15s_btc,feature,btc,S5,mad_refill_rate_spot_5bps_15s,B5_dynamics,Dynamics,True,False,True,True,61.991,False,False,False,True,False
mad_refill_rate_spot_5bps_15s_eth,feature,eth,S5,mad_refill_rate_spot_5bps_15s,B5_dynamics,Dynamics,True,False,True,True,61.991,False,False,False,False,False
mad_refill_rate_spot_5bps_5s_btc,feature,btc,S5,mad_refill_rate_spot_5bps_5s,B5_dynamics,Dynamics,True,False,True,True,33.4953,False,False,False,True,False
mad_refill_rate_spot_5bps_5s_eth,feature,eth,S5,mad_refill_rate_spot_5bps_5s,B5_dynamics,Dynamics,True,False,True,True,33.4953,False,False,False,False,False
mad_refill_rate_spot_5bps_60s_btc,feature,btc,S5,mad_refill_rate_spot_5bps_60s,B5_dynamics,Dynamics,True,False,True,True,286.6891,False,False,False,False,False
mad_refill_rate_spot_5bps_60s_eth,feature,eth,S5,mad_refill_rate_spot_5bps_60s,B5_dynamics,Dynamics,True,False,True,True,286.6891,False,False,False,True,False
mad_taker_imbalance_fut_15s_btc,feature,btc,S5,mad_taker_imbalance_fut_15s,B5_dynamics,Dynamics,True,False,True,True,31.8642,True,True,True,True,True
mad_taker_imbalance_fut_15s_eth,feature,eth,S5,mad_taker_imbalance_fut_15s,B5_dynamics,Dynamics,True,False,True,True,31.8642,True,False,True,False,False
mad_taker_imbalance_fut_5s_btc,feature,btc,S5,mad_taker_imbalance_fut_5s,B5_dynamics,Dynamics,True,False,True,True,457.7386,False,True,False,True,True
mad_taker_imbalance_fut_5s_eth,feature,eth,S5,mad_taker_imbalance_fut_5s,B5_dynamics,Dynamics,True,False,True,True,457.7386,True,False,True,False,False
mad_taker_imbalance_fut_60s_btc,feature,btc,S5,mad_taker_imbalance_fut_60s,B5_dynamics,Dynamics,True,False,True,True,16.3338,True,True,False,False,True
mad_taker_imbalance_fut_60s_eth,feature,eth,S5,mad_taker_imbalance_fut_60s,B5_dynamics,Dynamics,True,False,True,True,16.3338,True,False,True,False,False
mad_taker_imbalance_spot_15s_btc,feature,btc,S5,mad_taker_imbalance_spot_15s,B5_dynamics,Dynamics,True,False,True,True,57.0282,True,True,False,False,False
mad_taker_imbalance_spot_15s_eth,feature,eth,S5,mad_taker_imbalance_spot_15s,B5_dynamics,Dynamics,True,False,True,True,57.0282,True,False,True,False,False
mad_taker_imbalance_spot_5s_btc,feature,btc,S5,mad_taker_imbalance_spot_5s,B5_dynamics,Dynamics,True,False,True,True,191.4738,False,False,False,True,False
mad_taker_imbalance_spot_5s_eth,feature,eth,S5,mad_taker_imbalance_spot_5s,B5_dynamics,Dynamics,True,False,True,True,191.4738,True,False,True,True,False
mad_taker_imbalance_spot_60s_btc,feature,btc,S5,mad_taker_imbalance_spot_60s,B5_dynamics,Dynamics,True,False,True,True,21.1538,True,True,True,False,True
mad_taker_imbalance_spot_60s_eth,feature,eth,S5,mad_taker_imbalance_spot_60s,B5_dynamics,Dynamics,True,False,True,True,21.1538,True,False,True,True,False
mad_vacuum_score_fut_10bps_15s_btc,feature,btc,S5,mad_vacuum_score_fut_10bps_15s,B5_dynamics,Dynamics,True,False,True,True,19.7613,False,False,False,False,False
mad_vacuum_score_fut_10bps_15s_eth,feature,eth,S5,mad_vacuum_score_fut_10bps_15s,B5_dynamics,Dynamics,True,False,True,True,19.7613,False,False,False,False,False
mad_vacuum_score_fut_10bps_5s_btc,feature,btc,S5,mad_vacuum_score_fut_10bps_5s,B5_dynamics,Dynamics,True,False,True,True,77.9003,False,False,False,False,False
mad_vacuum_score_fut_10bps_5s_eth,feature,eth,S5,mad_vacuum_score_fut_10bps_5s,B5_dynamics,Dynamics,True,False,True,True,77.9003,False,False,False,False,False
mad_vacuum_score_fut_10bps_60s_btc,feature,btc,S5,mad_vacuum_score_fut_10bps_60s,B5_dynamics,Dynamics,True,False,True,True,11.8954,False,False,False,False,False
mad_vacuum_score_fut_10bps_60s_eth,feature,eth,S5,mad_vacuum_score_fut_10bps_60s,B5_dynamics,Dynamics,True,False,True,True,11.8954,False,False,False,False,False
mad_vacuum_score_fut_5bps_15s_btc,feature,btc,S5,mad_vacuum_score_fut_5bps_15s,B5_dynamics,Dynamics,True,False,True,True,26.5627,False,False,False,False,False
mad_vacuum_score_fut_5bps_15s_eth,feature,eth,S5,mad_vacuum_score_fut_5bps_15s,B5_dynamics,Dynamics,True,False,True,True,26.5627,False,False,False,False,False
mad_vacuum_score_fut_5bps_5s_btc,feature,btc,S5,mad_vacuum_score_fut_5bps_5s,B5_dynamics,Dynamics,True,False,True,True,73.4996,False,False,False,False,False
mad_vacuum_score_fut_5bps_5s_eth,feature,eth,S5,mad_vacuum_score_fut_5bps_5s,B5_dynamics,Dynamics,True,False,True,True,73.4996,False,False,False,False,False
mad_vacuum_score_fut_5bps_60s_btc,feature,btc,S5,mad_vacuum_score_fut_5bps_60s,B5_dynamics,Dynamics,True,False,True,True,20.1885,False,False,False,True,False
mad_vacuum_score_fut_5bps_60s_eth,feature,eth,S5,mad_vacuum_score_fut_5bps_60s,B5_dynamics,Dynamics,True,False,True,True,20.1885,False,False,False,False,False
mad_vacuum_score_spot_10bps_15s_btc,feature,btc,S5,mad_vacuum_score_spot_10bps_15s,B5_dynamics,Dynamics,True,False,True,True,31.3254,False,False,False,False,False
mad_vacuum_score_spot_10bps_15s_eth,feature,eth,S5,mad_vacuum_score_spot_10bps_15s,B5_dynamics,Dynamics,True,False,True,True,31.3254,False,False,False,False,False
mad_vacuum_score_spot_10bps_5s_btc,feature,btc,S5,mad_vacuum_score_spot_10bps_5s,B5_dynamics,Dynamics,True,False,True,True,76.1831,False,False,False,False,False
mad_vacuum_score_spot_10bps_5s_eth,feature,eth,S5,mad_vacuum_score_spot_10bps_5s,B5_dynamics,Dynamics,True,False,True,True,76.1831,False,False,False,False,False
mad_vacuum_score_spot_10bps_60s_btc,feature,btc,S5,mad_vacuum_score_spot_10bps_60s,B5_dynamics,Dynamics,True,False,True,True,13.0932,False,False,False,False,False
mad_vacuum_score_spot_10bps_60s_eth,feature,eth,S5,mad_vacuum_score_spot_10bps_60s,B5_dynamics,Dynamics,True,False,True,True,13.0932,True,False,False,True,False
mad_vacuum_score_spot_5bps_15s_btc,feature,btc,S5,mad_vacuum_score_spot_5bps_15s,B5_dynamics,Dynamics,True,False,True,True,45.137,False,False,False,False,False
mad_vacuum_score_spot_5bps_15s_eth,feature,eth,S5,mad_vacuum_score_spot_5bps_15s,B5_dynamics,Dynamics,True,False,True,True,45.137,False,False,False,False,False
mad_vacuum_score_spot_5bps_5s_btc,feature,btc,S5,mad_vacuum_score_spot_5bps_5s,B5_dynamics,Dynamics,True,False,True,True,62.6147,False,False,False,False,False
mad_vacuum_score_spot_5bps_5s_eth,feature,eth,S5,mad_vacuum_score_spot_5bps_5s,B5_dynamics,Dynamics,True,False,True,True,62.6147,False,False,False,False,False
mad_vacuum_score_spot_5bps_60s_btc,feature,btc,S5,mad_vacuum_score_spot_5bps_60s,B5_dynamics,Dynamics,True,False,True,True,23.5708,False,False,False,True,False
mad_vacuum_score_spot_5bps_60s_eth,feature,eth,S5,mad_vacuum_score_spot_5bps_60s,B5_dynamics,Dynamics,True,False,True,True,23.5708,True,False,False,False,False
max_bps_ask_fut_1s_btc,feature,btc,S5,max_bps_ask_fut_1s,B2_bookshape,Bookshape,True,False,False,True,1807.4711,False,True,True,False,True
max_bps_ask_fut_1s_eth,feature,eth,S5,max_bps_ask_fut_1s,B2_bookshape,Bookshape,True,False,False,True,1807.4711,False,False,False,False,False
max_bps_ask_fut_300s_btc,feature,btc,S5,max_bps_ask_fut_300s,B2_bookshape,Bookshape,True,False,False,True,2663.7195,False,True,True,True,True
max_bps_ask_fut_300s_eth,feature,eth,S5,max_bps_ask_fut_300s,B2_bookshape,Bookshape,True,False,False,True,2663.7195,True,False,False,True,True
max_bps_ask_fut_60s_btc,feature,btc,S5,max_bps_ask_fut_60s,B2_bookshape,Bookshape,True,False,False,True,2755.9257,False,True,True,True,True
max_bps_ask_fut_60s_eth,feature,eth,S5,max_bps_ask_fut_60s,B2_bookshape,Bookshape,True,False,False,True,2755.9257,True,False,True,False,False
max_bps_ask_fut_900s_btc,feature,btc,S5,max_bps_ask_fut_900s,B2_bookshape,Bookshape,True,False,True,True,3278.3057,True,True,True,True,True
max_bps_ask_fut_900s_eth,feature,eth,S5,max_bps_ask_fut_900s,B2_bookshape,Bookshape,True,False,True,True,3278.3057,False,False,True,False,True
max_bps_ask_spot_1s_btc,feature,btc,S5,max_bps_ask_spot_1s,B2_bookshape,Bookshape,True,False,True,True,160.6437,True,False,False,True,False
max_bps_ask_spot_1s_eth,feature,eth,S5,max_bps_ask_spot_1s,B2_bookshape,Bookshape,True,False,True,True,160.6437,False,True,True,True,True
max_bps_ask_spot_300s_btc,feature,btc,S5,max_bps_ask_spot_300s,B2_bookshape,Bookshape,True,False,True,True,1598.3385,True,True,False,True,False
max_bps_ask_spot_300s_eth,feature,eth,S5,max_bps_ask_spot_300s,B2_bookshape,Bookshape,True,False,True,True,1598.3385,True,True,True,True,True
max_bps_ask_spot_60s_btc,feature,btc,S5,max_bps_ask_spot_60s,B2_bookshape,Bookshape,True,False,True,True,312.8438,True,False,False,False,False
max_bps_ask_spot_60s_eth,feature,eth,S5,max_bps_ask_spot_60s,B2_bookshape,Bookshape,True,False,True,True,312.8438,False,False,True,False,False
max_bps_ask_spot_900s_btc,feature,btc,S5,max_bps_ask_spot_900s,B2_bookshape,Bookshape,True,False,True,True,181.8062,True,False,True,False,True
max_bps_ask_spot_900s_eth,feature,eth,S5,max_bps_ask_spot_900s,B2_bookshape,Bookshape,True,False,True,True,181.8062,True,True,True,False,True
max_bps_bid_fut_1s_btc,feature,btc,S5,max_bps_bid_fut_1s,B2_bookshape,Bookshape,True,False,False,True,1182.7239,False,False,False,False,False
max_bps_bid_fut_1s_eth,feature,eth,S5,max_bps_bid_fut_1s,B2_bookshape,Bookshape,True,False,False,True,1182.7239,False,False,False,True,False
max_bps_bid_fut_300s_btc,feature,btc,S5,max_bps_bid_fut_300s,B2_bookshape,Bookshape,True,False,False,True,2938.2971,True,False,True,False,True
max_bps_bid_fut_300s_eth,feature,eth,S5,max_bps_bid_fut_300s,B2_bookshape,Bookshape,True,False,False,True,2938.2971,False,True,True,False,False
max_bps_bid_fut_60s_btc,feature,btc,S5,max_bps_bid_fut_60s,B2_bookshape,Bookshape,True,False,False,True,2615.9603,False,False,False,True,False
max_bps_bid_fut_60s_eth,feature,eth,S5,max_bps_bid_fut_60s,B2_bookshape,Bookshape,True,False,False,True,2615.9603,False,True,True,False,True
max_bps_bid_fut_900s_btc,feature,btc,S5,max_bps_bid_fut_900s,B2_bookshape,Bookshape,True,False,True,True,2851.1363,True,True,True,False,True
max_bps_bid_fut_900s_eth,feature,eth,S5,max_bps_bid_fut_900s,B2_bookshape,Bookshape,True,False,True,True,2851.1363,False,True,True,True,True
max_bps_bid_spot_1s_btc,feature,btc,S5,max_bps_bid_spot_1s,B2_bookshape,Bookshape,True,False,True,True,1232.7825,True,True,False,False,True
max_bps_bid_spot_1s_eth,feature,eth,S5,max_bps_bid_spot_1s,B2_bookshape,Bookshape,True,False,True,True,1232.7825,True,False,True,False,False
max_bps_bid_spot_300s_btc,feature,btc,S5,max_bps_bid_spot_300s,B2_bookshape,Bookshape,True,False,True,True,1956.1844,True,True,True,True,True
max_bps_bid_spot_300s_eth,feature,eth,S5,max_bps_bid_spot_300s,B2_bookshape,Bookshape,True,False,True,True,1956.1844,True,False,True,False,True
max_bps_bid_spot_60s_btc,feature,btc,S5,max_bps_bid_spot_60s,B2_bookshape,Bookshape,True,False,True,True,1253.2156,True,False,False,True,False
max_bps_bid_spot_60s_eth,feature,eth,S5,max_bps_bid_spot_60s,B2_bookshape,Bookshape,True,False,True,True,1253.2156,False,True,False,False,False
max_bps_bid_spot_900s_btc,feature,btc,S5,max_bps_bid_spot_900s,B2_bookshape,Bookshape,True,False,True,True,1854.8223,True,False,True,True,True
max_bps_bid_spot_900s_eth,feature,eth,S5,max_bps_bid_spot_900s,B2_bookshape,Bookshape,True,False,True,True,1854.8223,True,True,True,False,True
max_liq_distance_ask_10bps_fut_1s_btc,feature,btc,S5,max_liq_distance_ask_10bps_fut_1s,B2_bookshape,Bookshape,True,False,True,True,21.3944,False,False,False,False,False
max_liq_distance_ask_10bps_fut_1s_eth,feature,eth,S5,max_liq_distance_ask_10bps_fut_1s,B2_bookshape,Bookshape,True,False,True,True,21.3944,False,False,False,False,False
max_liq_distance_ask_10bps_spot_1s_btc,feature,btc,S5,max_liq_distance_ask_10bps_spot_1s,B2_bookshape,Bookshape,True,False,True,True,21.4729,False,False,False,False,False
max_liq_distance_ask_10bps_spot_1s_eth,feature,eth,S5,max_liq_distance_ask_10bps_spot_1s,B2_bookshape,Bookshape,True,False,True,True,21.4729,False,False,False,False,False
max_liq_distance_ask_5bps_fut_1s_btc,feature,btc,S5,max_liq_distance_ask_5bps_fut_1s,B2_bookshape,Bookshape,True,False,True,True,27.3201,False,False,False,False,False
max_liq_distance_ask_5bps_fut_1s_eth,feature,eth,S5,max_liq_distance_ask_5bps_fut_1s,B2_bookshape,Bookshape,True,False,True,True,27.3201,True,False,False,False,False
max_liq_distance_ask_5bps_spot_1s_btc,feature,btc,S5,max_liq_distance_ask_5bps_spot_1s,B2_bookshape,Bookshape,True,False,True,True,62.5616,False,False,False,False,False
max_liq_distance_ask_5bps_spot_1s_eth,feature,eth,S5,max_liq_distance_ask_5bps_spot_1s,B2_bookshape,Bookshape,True,False,True,True,62.5616,False,False,False,False,False
max_liq_distance_ask_fut_5bps_300s_btc,feature,btc,S5,max_liq_distance_ask_fut_5bps_300s,B2_bookshape,Bookshape,True,False,True,True,267.154,True,False,False,True,False
max_liq_distance_ask_fut_5bps_300s_eth,feature,eth,S5,max_liq_distance_ask_fut_5bps_300s,B2_bookshape,Bookshape,True,False,True,True,267.154,False,True,False,True,True
max_liq_distance_ask_fut_5bps_60s_btc,feature,btc,S5,max_liq_distance_ask_fut_5bps_60s,B2_bookshape,Bookshape,True,False,True,True,198.7073,False,False,False,False,False
max_liq_distance_ask_fut_5bps_60s_eth,feature,eth,S5,max_liq_distance_ask_fut_5bps_60s,B2_bookshape,Bookshape,True,False,True,True,198.7073,False,True,False,False,False
max_liq_distance_ask_spot_5bps_300s_btc,feature,btc,S5,max_liq_distance_ask_spot_5bps_300s,B2_bookshape,Bookshape,True,False,True,True,1153.1853,True,False,False,False,False
max_liq_distance_ask_spot_5bps_300s_eth,feature,eth,S5,max_liq_distance_ask_spot_5bps_300s,B2_bookshape,Bookshape,True,False,True,True,1153.1853,False,False,False,False,False
max_liq_distance_ask_spot_5bps_60s_btc,feature,btc,S5,max_liq_distance_ask_spot_5bps_60s,B2_bookshape,Bookshape,True,False,True,True,620.4067,True,False,False,False,False
max_liq_distance_ask_spot_5bps_60s_eth,feature,eth,S5,max_liq_distance_ask_spot_5bps_60s,B2_bookshape,Bookshape,True,False,True,True,620.4067,False,False,False,False,False
max_liq_distance_ask_struct100_fut_1s_btc,feature,btc,S5,max_liq_distance_ask_struct100_fut_1s,B2_bookshape,Bookshape,True,False,True,True,323.1763,False,False,False,False,False
max_liq_distance_ask_struct100_fut_1s_eth,feature,eth,S5,max_liq_distance_ask_struct100_fut_1s,B2_bookshape,Bookshape,True,False,True,True,323.1763,False,False,False,True,False
max_liq_distance_ask_struct100_spot_1s_btc,feature,btc,S5,max_liq_distance_ask_struct100_spot_1s,B2_bookshape,Bookshape,True,False,True,True,306.5432,False,False,False,False,False
max_liq_distance_ask_struct100_spot_1s_eth,feature,eth,S5,max_liq_distance_ask_struct100_spot_1s,B2_bookshape,Bookshape,True,False,True,True,306.5432,False,False,False,True,False
max_liq_distance_ask_struct50_fut_1s_btc,feature,btc,S5,max_liq_distance_ask_struct50_fut_1s,B2_bookshape,Bookshape,True,False,True,True,73.5968,False,False,False,False,False
max_liq_distance_ask_struct50_fut_1s_eth,feature,eth,S5,max_liq_distance_ask_struct50_fut_1s,B2_bookshape,Bookshape,True,False,True,True,73.5968,False,False,False,False,False
max_liq_distance_ask_struct50_spot_1s_btc,feature,btc,S5,max_liq_distance_ask_struct50_spot_1s,B2_bookshape,Bookshape,True,False,True,True,135.8742,False,False,False,False,False
max_liq_distance_ask_struct50_spot_1s_eth,feature,eth,S5,max_liq_distance_ask_struct50_spot_1s,B2_bookshape,Bookshape,True,False,True,True,135.8742,False,False,False,False,False
max_liq_distance_bid_10bps_fut_1s_btc,feature,btc,S5,max_liq_distance_bid_10bps_fut_1s,B2_bookshape,Bookshape,True,False,True,True,24.1176,False,False,False,False,False
max_liq_distance_bid_10bps_fut_1s_eth,feature,eth,S5,max_liq_distance_bid_10bps_fut_1s,B2_bookshape,Bookshape,True,False,True,True,24.1176,False,False,False,False,False
max_liq_distance_bid_10bps_spot_1s_btc,feature,btc,S5,max_liq_distance_bid_10bps_spot_1s,B2_bookshape,Bookshape,True,False,True,True,19.4748,False,False,False,False,False
max_liq_distance_bid_10bps_spot_1s_eth,feature,eth,S5,max_liq_distance_bid_10bps_spot_1s,B2_bookshape,Bookshape,True,False,True,True,19.4748,False,False,False,False,False
max_liq_distance_bid_5bps_fut_1s_btc,feature,btc,S5,max_liq_distance_bid_5bps_fut_1s,B2_bookshape,Bookshape,True,False,True,True,27.2604,False,False,False,False,False
max_liq_distance_bid_5bps_fut_1s_eth,feature,eth,S5,max_liq_distance_bid_5bps_fut_1s,B2_bookshape,Bookshape,True,False,True,True,27.2604,True,False,False,True,False
max_liq_distance_bid_5bps_spot_1s_btc,feature,btc,S5,max_liq_distance_bid_5bps_spot_1s,B2_bookshape,Bookshape,True,False,True,True,61.8659,False,False,False,False,False
max_liq_distance_bid_5bps_spot_1s_eth,feature,eth,S5,max_liq_distance_bid_5bps_spot_1s,B2_bookshape,Bookshape,True,False,True,True,61.8659,False,False,False,False,False
max_liq_distance_bid_fut_5bps_300s_btc,feature,btc,S5,max_liq_distance_bid_fut_5bps_300s,B2_bookshape,Bookshape,True,False,True,True,302.6768,False,False,True,False,False
max_liq_distance_bid_fut_5bps_300s_eth,feature,eth,S5,max_liq_distance_bid_fut_5bps_300s,B2_bookshape,Bookshape,True,False,True,True,302.6768,False,True,False,False,True
max_liq_distance_bid_fut_5bps_60s_btc,feature,btc,S5,max_liq_distance_bid_fut_5bps_60s,B2_bookshape,Bookshape,True,False,True,True,207.7471,False,False,False,False,False
max_liq_distance_bid_fut_5bps_60s_eth,feature,eth,S5,max_liq_distance_bid_fut_5bps_60s,B2_bookshape,Bookshape,True,False,True,True,207.7471,False,False,False,True,False
max_liq_distance_bid_spot_5bps_300s_btc,feature,btc,S5,max_liq_distance_bid_spot_5bps_300s,B2_bookshape,Bookshape,True,False,True,True,755.4742,True,True,False,False,False
max_liq_distance_bid_spot_5bps_300s_eth,feature,eth,S5,max_liq_distance_bid_spot_5bps_300s,B2_bookshape,Bookshape,True,False,True,True,755.4742,False,True,False,True,True
max_liq_distance_bid_spot_5bps_60s_btc,feature,btc,S5,max_liq_distance_bid_spot_5bps_60s,B2_bookshape,Bookshape,True,False,True,True,413.4063,False,False,False,False,False
max_liq_distance_bid_spot_5bps_60s_eth,feature,eth,S5,max_liq_distance_bid_spot_5bps_60s,B2_bookshape,Bookshape,True,False,True,True,413.4063,False,False,False,False,False
max_liq_distance_bid_struct100_fut_1s_btc,feature,btc,S5,max_liq_distance_bid_struct100_fut_1s,B2_bookshape,Bookshape,True,False,True,True,348.4736,False,False,False,False,False
max_liq_distance_bid_struct100_fut_1s_eth,feature,eth,S5,max_liq_distance_bid_struct100_fut_1s,B2_bookshape,Bookshape,True,False,True,True,348.4736,False,False,False,False,False
max_liq_distance_bid_struct100_spot_1s_btc,feature,btc,S5,max_liq_distance_bid_struct100_spot_1s,B2_bookshape,Bookshape,True,False,True,True,255.2512,False,False,False,True,False
max_liq_distance_bid_struct100_spot_1s_eth,feature,eth,S5,max_liq_distance_bid_struct100_spot_1s,B2_bookshape,Bookshape,True,False,True,True,255.2512,False,False,False,True,False
max_liq_distance_bid_struct50_fut_1s_btc,feature,btc,S5,max_liq_distance_bid_struct50_fut_1s,B2_bookshape,Bookshape,True,False,True,True,102.0439,False,False,False,False,False
max_liq_distance_bid_struct50_fut_1s_eth,feature,eth,S5,max_liq_distance_bid_struct50_fut_1s,B2_bookshape,Bookshape,True,False,True,True,102.0439,False,False,False,False,False
max_liq_distance_bid_struct50_spot_1s_btc,feature,btc,S5,max_liq_distance_bid_struct50_spot_1s,B2_bookshape,Bookshape,True,False,True,True,126.2573,False,False,False,False,False
max_liq_distance_bid_struct50_spot_1s_eth,feature,eth,S5,max_liq_distance_bid_struct50_spot_1s,B2_bookshape,Bookshape,True,False,True,True,126.2573,False,False,False,False,False
median_absorption_break_fut_15s_btc,feature,btc,S5,median_absorption_break_fut_15s,B5_dynamics,Dynamics,True,False,True,True,36.1354,False,False,False,True,False
median_absorption_break_fut_15s_eth,feature,eth,S5,median_absorption_break_fut_15s,B5_dynamics,Dynamics,True,False,True,True,36.1354,False,False,False,True,False
median_absorption_break_fut_60s_btc,feature,btc,S5,median_absorption_break_fut_60s,B5_dynamics,Dynamics,True,False,True,True,27.5964,False,False,False,True,False
median_absorption_break_fut_60s_eth,feature,eth,S5,median_absorption_break_fut_60s,B5_dynamics,Dynamics,True,False,True,True,27.5964,False,True,False,True,False
median_absorption_break_spot_15s_btc,feature,btc,S5,median_absorption_break_spot_15s,B5_dynamics,Dynamics,True,False,True,True,31.8354,False,False,False,True,False
median_absorption_break_spot_15s_eth,feature,eth,S5,median_absorption_break_spot_15s,B5_dynamics,Dynamics,True,False,True,True,31.8354,False,False,False,True,False
median_absorption_break_spot_60s_btc,feature,btc,S5,median_absorption_break_spot_60s,B5_dynamics,Dynamics,True,False,True,True,21.3534,True,False,False,True,False
median_absorption_break_spot_60s_eth,feature,eth,S5,median_absorption_break_spot_60s,B5_dynamics,Dynamics,True,False,True,True,21.3534,True,False,False,True,False
median_impact_per_signed_fut_15s_btc,feature,btc,S5,median_impact_per_signed_fut_15s,B5_dynamics,Dynamics,True,False,True,True,179.6526,True,False,True,True,False
median_impact_per_signed_fut_15s_eth,feature,eth,S5,median_impact_per_signed_fut_15s,B5_dynamics,Dynamics,True,False,True,True,179.6526,False,True,False,True,False
median_impact_per_signed_fut_5s_btc,feature,btc,S5,median_impact_per_signed_fut_5s,B5_dynamics,Dynamics,True,False,True,True,284.9887,False,True,True,False,True
median_impact_per_signed_fut_5s_eth,feature,eth,S5,median_impact_per_signed_fut_5s,B5_dynamics,Dynamics,True,False,True,True,284.9887,False,False,True,False,True
median_impact_per_signed_fut_60s_btc,feature,btc,S5,median_impact_per_signed_fut_60s,B5_dynamics,Dynamics,True,False,True,True,17.9454,False,True,True,True,True
median_impact_per_signed_fut_60s_eth,feature,eth,S5,median_impact_per_signed_fut_60s,B5_dynamics,Dynamics,True,False,True,True,17.9454,True,True,False,False,True
median_impact_per_signed_spot_15s_btc,feature,btc,S5,median_impact_per_signed_spot_15s,B5_dynamics,Dynamics,True,False,True,True,199.7123,True,True,False,False,True
median_impact_per_signed_spot_15s_eth,feature,eth,S5,median_impact_per_signed_spot_15s,B5_dynamics,Dynamics,True,False,True,True,199.7123,True,False,False,True,False
median_impact_per_signed_spot_5s_btc,feature,btc,S5,median_impact_per_signed_spot_5s,B5_dynamics,Dynamics,True,False,True,True,304.5909,True,True,True,True,True
median_impact_per_signed_spot_5s_eth,feature,eth,S5,median_impact_per_signed_spot_5s,B5_dynamics,Dynamics,True,False,True,True,304.5909,True,True,True,True,True
median_impact_per_signed_spot_60s_btc,feature,btc,S5,median_impact_per_signed_spot_60s,B5_dynamics,Dynamics,True,False,True,True,133.4313,True,True,False,False,False
median_impact_per_signed_spot_60s_eth,feature,eth,S5,median_impact_per_signed_spot_60s,B5_dynamics,Dynamics,True,False,True,True,133.4313,True,True,False,True,False
median_net_pressure_fut_10bps_15s_btc,feature,btc,S5,median_net_pressure_fut_10bps_15s,B5_dynamics,Dynamics,True,False,True,True,14.6298,False,False,False,False,False
median_net_pressure_fut_10bps_15s_eth,feature,eth,S5,median_net_pressure_fut_10bps_15s,B5_dynamics,Dynamics,True,False,True,True,14.6298,False,False,False,False,False
median_net_pressure_fut_10bps_5s_btc,feature,btc,S5,median_net_pressure_fut_10bps_5s,B5_dynamics,Dynamics,True,False,True,True,16.9916,False,False,False,False,False
median_net_pressure_fut_10bps_5s_eth,feature,eth,S5,median_net_pressure_fut_10bps_5s,B5_dynamics,Dynamics,True,False,True,True,16.9916,False,False,False,False,False
median_net_pressure_fut_10bps_60s_btc,feature,btc,S5,median_net_pressure_fut_10bps_60s,B5_dynamics,Dynamics,True,True,True,True,6.3029,False,False,False,True,False
median_net_pressure_fut_10bps_60s_eth,feature,eth,S5,median_net_pressure_fut_10bps_60s,B5_dynamics,Dynamics,True,True,True,True,6.3029,False,False,False,False,False
median_net_pressure_fut_1bps_15s_btc,feature,btc,S5,median_net_pressure_fut_1bps_15s,B5_dynamics,Dynamics,True,False,True,True,11.7715,False,False,False,False,False
median_net_pressure_fut_1bps_15s_eth,feature,eth,S5,median_net_pressure_fut_1bps_15s,B5_dynamics,Dynamics,True,False,True,True,11.7715,False,False,False,True,False
median_net_pressure_fut_1bps_5s_btc,feature,btc,S5,median_net_pressure_fut_1bps_5s,B5_dynamics,Dynamics,True,False,True,True,119.2902,False,False,False,False,False
median_net_pressure_fut_1bps_5s_eth,feature,eth,S5,median_net_pressure_fut_1bps_5s,B5_dynamics,Dynamics,True,False,True,True,119.2902,False,False,False,False,False
median_net_pressure_fut_1bps_60s_btc,feature,btc,S5,median_net_pressure_fut_1bps_60s,B5_dynamics,Dynamics,True,False,True,True,36.6295,True,True,False,False,True
median_net_pressure_fut_1bps_60s_eth,feature,eth,S5,median_net_pressure_fut_1bps_60s,B5_dynamics,Dynamics,True,False,True,True,36.6295,False,True,False,True,True
median_net_pressure_fut_2bps_15s_btc,feature,btc,S5,median_net_pressure_fut_2bps_15s,B5_dynamics,Dynamics,True,True,True,True,7.4651,False,False,False,False,False
median_net_pressure_fut_2bps_15s_eth,feature,eth,S5,median_net_pressure_fut_2bps_15s,B5_dynamics,Dynamics,True,True,True,True,7.4651,False,False,False,False,False
median_net_pressure_fut_2bps_5s_btc,feature,btc,S5,median_net_pressure_fut_2bps_5s,B5_dynamics,Dynamics,True,False,True,True,11.1933,False,False,False,False,False
median_net_pressure_fut_2bps_5s_eth,feature,eth,S5,median_net_pressure_fut_2bps_5s,B5_dynamics,Dynamics,True,False,True,True,11.1933,False,False,False,False,False
median_net_pressure_fut_2bps_60s_btc,feature,btc,S5,median_net_pressure_fut_2bps_60s,B5_dynamics,Dynamics,True,True,True,True,4.7979,False,False,False,True,False
median_net_pressure_fut_2bps_60s_eth,feature,eth,S5,median_net_pressure_fut_2bps_60s,B5_dynamics,Dynamics,True,True,True,True,4.7979,False,False,False,False,False
median_net_pressure_fut_5bps_15s_btc,feature,btc,S5,median_net_pressure_fut_5bps_15s,B5_dynamics,Dynamics,True,True,True,True,6.1683,False,False,False,False,False
median_net_pressure_fut_5bps_15s_eth,feature,eth,S5,median_net_pressure_fut_5bps_15s,B5_dynamics,Dynamics,True,True,True,True,6.1683,False,False,False,False,False
median_net_pressure_fut_5bps_5s_btc,feature,btc,S5,median_net_pressure_fut_5bps_5s,B5_dynamics,Dynamics,True,False,True,True,11.3078,False,False,False,False,False
median_net_pressure_fut_5bps_5s_eth,feature,eth,S5,median_net_pressure_fut_5bps_5s,B5_dynamics,Dynamics,True,False,True,True,11.3078,False,False,False,False,False
median_net_pressure_fut_5bps_60s_btc,feature,btc,S5,median_net_pressure_fut_5bps_60s,B5_dynamics,Dynamics,True,True,True,True,4.6111,False,False,False,True,False
median_net_pressure_fut_5bps_60s_eth,feature,eth,S5,median_net_pressure_fut_5bps_60s,B5_dynamics,Dynamics,True,True,True,True,4.6111,False,False,False,False,False
median_net_pressure_spot_10bps_15s_btc,feature,btc,S5,median_net_pressure_spot_10bps_15s,B5_dynamics,Dynamics,True,False,True,True,19.3388,False,False,False,False,False
median_net_pressure_spot_10bps_15s_eth,feature,eth,S5,median_net_pressure_spot_10bps_15s,B5_dynamics,Dynamics,True,False,True,True,19.3388,False,False,False,False,False
median_net_pressure_spot_10bps_5s_btc,feature,btc,S5,median_net_pressure_spot_10bps_5s,B5_dynamics,Dynamics,True,False,True,True,23.3297,False,False,False,False,False
median_net_pressure_spot_10bps_5s_eth,feature,eth,S5,median_net_pressure_spot_10bps_5s,B5_dynamics,Dynamics,True,False,True,True,23.3297,False,False,False,False,False
median_net_pressure_spot_10bps_60s_btc,feature,btc,S5,median_net_pressure_spot_10bps_60s,B5_dynamics,Dynamics,True,False,True,True,20.4436,False,False,False,False,False
median_net_pressure_spot_10bps_60s_eth,feature,eth,S5,median_net_pressure_spot_10bps_60s,B5_dynamics,Dynamics,True,False,True,True,20.4436,False,False,False,False,False
median_net_pressure_spot_1bps_15s_btc,feature,btc,S5,median_net_pressure_spot_1bps_15s,B5_dynamics,Dynamics,True,False,True,True,21.2581,False,False,False,True,False
median_net_pressure_spot_1bps_15s_eth,feature,eth,S5,median_net_pressure_spot_1bps_15s,B5_dynamics,Dynamics,True,False,True,True,21.2581,False,False,False,False,False
median_net_pressure_spot_1bps_5s_btc,feature,btc,S5,median_net_pressure_spot_1bps_5s,B5_dynamics,Dynamics,True,False,True,True,86.4942,False,False,False,False,False
median_net_pressure_spot_1bps_5s_eth,feature,eth,S5,median_net_pressure_spot_1bps_5s,B5_dynamics,Dynamics,True,False,True,True,86.4942,False,False,False,False,False
median_net_pressure_spot_1bps_60s_btc,feature,btc,S5,median_net_pressure_spot_1bps_60s,B5_dynamics,Dynamics,True,False,True,True,63.7965,True,False,False,True,False
median_net_pressure_spot_1bps_60s_eth,feature,eth,S5,median_net_pressure_spot_1bps_60s,B5_dynamics,Dynamics,True,False,True,True,63.7965,False,True,True,True,False
median_net_pressure_spot_2bps_15s_btc,feature,btc,S5,median_net_pressure_spot_2bps_15s,B5_dynamics,Dynamics,True,False,True,True,11.8096,False,False,False,False,False
median_net_pressure_spot_2bps_15s_eth,feature,eth,S5,median_net_pressure_spot_2bps_15s,B5_dynamics,Dynamics,True,False,True,True,11.8096,False,False,False,False,False
median_net_pressure_spot_2bps_5s_btc,feature,btc,S5,median_net_pressure_spot_2bps_5s,B5_dynamics,Dynamics,True,False,True,True,28.2526,False,False,False,False,False
median_net_pressure_spot_2bps_5s_eth,feature,eth,S5,median_net_pressure_spot_2bps_5s,B5_dynamics,Dynamics,True,False,True,True,28.2526,False,False,False,False,False
median_net_pressure_spot_2bps_60s_btc,feature,btc,S5,median_net_pressure_spot_2bps_60s,B5_dynamics,Dynamics,True,False,True,True,16.1457,False,False,False,True,False
median_net_pressure_spot_2bps_60s_eth,feature,eth,S5,median_net_pressure_spot_2bps_60s,B5_dynamics,Dynamics,True,False,True,True,16.1457,False,False,False,False,False
median_net_pressure_spot_5bps_15s_btc,feature,btc,S5,median_net_pressure_spot_5bps_15s,B5_dynamics,Dynamics,True,False,True,True,17.1972,False,False,False,False,False
median_net_pressure_spot_5bps_15s_eth,feature,eth,S5,median_net_pressure_spot_5bps_15s,B5_dynamics,Dynamics,True,False,True,True,17.1972,False,False,False,False,False
median_net_pressure_spot_5bps_5s_btc,feature,btc,S5,median_net_pressure_spot_5bps_5s,B5_dynamics,Dynamics,True,False,True,True,29.7047,False,False,False,False,False
median_net_pressure_spot_5bps_5s_eth,feature,eth,S5,median_net_pressure_spot_5bps_5s,B5_dynamics,Dynamics,True,False,True,True,29.7047,False,False,False,False,False
median_net_pressure_spot_5bps_60s_btc,feature,btc,S5,median_net_pressure_spot_5bps_60s,B5_dynamics,Dynamics,True,False,True,True,16.6189,False,False,False,False,False
median_net_pressure_spot_5bps_60s_eth,feature,eth,S5,median_net_pressure_spot_5bps_60s,B5_dynamics,Dynamics,True,False,True,True,16.6189,False,False,False,False,False
median_pull_rate_fut_10bps_15s_btc,feature,btc,S5,median_pull_rate_fut_10bps_15s,B5_dynamics,Dynamics,True,False,False,True,3446.6306,False,False,False,True,False
median_pull_rate_fut_10bps_15s_eth,feature,eth,S5,median_pull_rate_fut_10bps_15s,B5_dynamics,Dynamics,True,False,False,True,3446.6306,False,False,False,False,False
median_pull_rate_fut_10bps_5s_btc,feature,btc,S5,median_pull_rate_fut_10bps_5s,B5_dynamics,Dynamics,True,False,False,True,4937.5098,False,False,False,False,False
median_pull_rate_fut_10bps_5s_eth,feature,eth,S5,median_pull_rate_fut_10bps_5s,B5_dynamics,Dynamics,True,False,False,True,4937.5098,False,False,False,False,False
median_pull_rate_fut_10bps_60s_btc,feature,btc,S5,median_pull_rate_fut_10bps_60s,B5_dynamics,Dynamics,True,False,False,True,4972.5074,True,False,False,False,False
median_pull_rate_fut_10bps_60s_eth,feature,eth,S5,median_pull_rate_fut_10bps_60s,B5_dynamics,Dynamics,True,False,False,True,4972.5074,True,False,True,False,False
median_pull_rate_fut_1bps_5s_btc,feature,btc,S5,median_pull_rate_fut_1bps_5s,B5_dynamics,Dynamics,True,False,False,True,4367.3452,False,False,False,False,False
median_pull_rate_fut_1bps_5s_eth,feature,eth,S5,median_pull_rate_fut_1bps_5s,B5_dynamics,Dynamics,True,False,False,True,4367.3452,False,False,False,False,False
median_pull_rate_fut_1bps_60s_btc,feature,btc,S5,median_pull_rate_fut_1bps_60s,B5_dynamics,Dynamics,True,False,False,True,5223.9855,False,True,False,False,False
median_pull_rate_fut_1bps_60s_eth,feature,eth,S5,median_pull_rate_fut_1bps_60s,B5_dynamics,Dynamics,True,False,False,True,5223.9855,False,True,False,False,True
median_pull_rate_fut_2bps_5s_btc,feature,btc,S5,median_pull_rate_fut_2bps_5s,B5_dynamics,Dynamics,True,False,False,True,4173.7398,False,False,False,False,False
median_pull_rate_fut_2bps_5s_eth,feature,eth,S5,median_pull_rate_fut_2bps_5s,B5_dynamics,Dynamics,True,False,False,True,4173.7398,False,False,False,False,False
median_pull_rate_fut_5bps_15s_btc,feature,btc,S5,median_pull_rate_fut_5bps_15s,B5_dynamics,Dynamics,True,False,True,True,4560.3554,False,False,False,False,False
median_pull_rate_fut_5bps_15s_eth,feature,eth,S5,median_pull_rate_fut_5bps_15s,B5_dynamics,Dynamics,True,False,True,True,4560.3554,False,False,False,False,False
median_pull_rate_fut_5bps_5s_btc,feature,btc,S5,median_pull_rate_fut_5bps_5s,B5_dynamics,Dynamics,True,False,True,True,4728.7054,False,False,False,False,False
median_pull_rate_fut_5bps_5s_eth,feature,eth,S5,median_pull_rate_fut_5bps_5s,B5_dynamics,Dynamics,True,False,True,True,4728.7054,False,False,False,False,False
median_pull_rate_fut_5bps_60s_btc,feature,btc,S5,median_pull_rate_fut_5bps_60s,B5_dynamics,Dynamics,True,False,True,True,5036.7613,False,False,False,False,False
median_pull_rate_fut_5bps_60s_eth,feature,eth,S5,median_pull_rate_fut_5bps_60s,B5_dynamics,Dynamics,True,False,True,True,5036.7613,False,False,False,False,False
median_pull_rate_spot_10bps_15s_btc,feature,btc,S5,median_pull_rate_spot_10bps_15s,B5_dynamics,Dynamics,True,False,False,True,2926.25,False,False,False,False,False
median_pull_rate_spot_10bps_15s_eth,feature,eth,S5,median_pull_rate_spot_10bps_15s,B5_dynamics,Dynamics,True,False,False,True,2926.25,False,False,False,False,False
median_pull_rate_spot_10bps_5s_btc,feature,btc,S5,median_pull_rate_spot_10bps_5s,B5_dynamics,Dynamics,True,False,False,True,5245.4984,False,False,False,True,False
median_pull_rate_spot_10bps_5s_eth,feature,eth,S5,median_pull_rate_spot_10bps_5s,B5_dynamics,Dynamics,True,False,False,True,5245.4984,False,False,False,False,False
median_pull_rate_spot_10bps_60s_btc,feature,btc,S5,median_pull_rate_spot_10bps_60s,B5_dynamics,Dynamics,True,False,False,True,5476.9179,False,True,False,False,False
median_pull_rate_spot_10bps_60s_eth,feature,eth,S5,median_pull_rate_spot_10bps_60s,B5_dynamics,Dynamics,True,False,False,True,5476.9179,False,False,False,False,False
median_pull_rate_spot_1bps_5s_btc,feature,btc,S5,median_pull_rate_spot_1bps_5s,B5_dynamics,Dynamics,True,False,False,True,3744.8321,False,False,False,False,False
median_pull_rate_spot_1bps_5s_eth,feature,eth,S5,median_pull_rate_spot_1bps_5s,B5_dynamics,Dynamics,True,False,False,True,3744.8321,False,False,False,False,False
median_pull_rate_spot_1bps_60s_btc,feature,btc,S5,median_pull_rate_spot_1bps_60s,B5_dynamics,Dynamics,True,False,False,True,5142.9486,False,False,False,False,False
median_pull_rate_spot_1bps_60s_eth,feature,eth,S5,median_pull_rate_spot_1bps_60s,B5_dynamics,Dynamics,True,False,False,True,5142.9486,False,False,False,False,False
median_pull_rate_spot_2bps_5s_btc,feature,btc,S5,median_pull_rate_spot_2bps_5s,B5_dynamics,Dynamics,True,False,False,True,5681.7914,False,False,False,False,False
median_pull_rate_spot_2bps_5s_eth,feature,eth,S5,median_pull_rate_spot_2bps_5s,B5_dynamics,Dynamics,True,False,False,True,5681.7914,False,False,False,False,False
median_pull_rate_spot_5bps_15s_btc,feature,btc,S5,median_pull_rate_spot_5bps_15s,B5_dynamics,Dynamics,True,False,True,True,4680.5167,False,False,False,True,False
median_pull_rate_spot_5bps_15s_eth,feature,eth,S5,median_pull_rate_spot_5bps_15s,B5_dynamics,Dynamics,True,False,True,True,4680.5167,False,False,False,False,False
median_pull_rate_spot_5bps_5s_btc,feature,btc,S5,median_pull_rate_spot_5bps_5s,B5_dynamics,Dynamics,True,False,True,True,4511.2507,False,False,False,False,False
median_pull_rate_spot_5bps_5s_eth,feature,eth,S5,median_pull_rate_spot_5bps_5s,B5_dynamics,Dynamics,True,False,True,True,4511.2507,False,False,False,False,False
median_pull_rate_spot_5bps_60s_btc,feature,btc,S5,median_pull_rate_spot_5bps_60s,B5_dynamics,Dynamics,True,False,True,True,5396.4667,False,False,False,False,False
median_pull_rate_spot_5bps_60s_eth,feature,eth,S5,median_pull_rate_spot_5bps_60s,B5_dynamics,Dynamics,True,False,True,True,5396.4667,False,False,False,False,False
median_queue_pressure_fut_10bps_15s_btc,feature,btc,S5,median_queue_pressure_fut_10bps_15s,B5_dynamics,Dynamics,True,False,False,True,196.6039,False,False,False,False,False
median_queue_pressure_fut_10bps_15s_eth,feature,eth,S5,median_queue_pressure_fut_10bps_15s,B5_dynamics,Dynamics,True,False,False,True,196.6039,False,False,False,False,False
median_queue_pressure_fut_10bps_5s_btc,feature,btc,S5,median_queue_pressure_fut_10bps_5s,B5_dynamics,Dynamics,True,False,False,True,1067.805,False,False,False,False,False
median_queue_pressure_fut_10bps_5s_eth,feature,eth,S5,median_queue_pressure_fut_10bps_5s,B5_dynamics,Dynamics,True,False,False,True,1067.805,False,False,False,False,False
median_queue_pressure_fut_10bps_60s_btc,feature,btc,S5,median_queue_pressure_fut_10bps_60s,B5_dynamics,Dynamics,True,False,True,True,121.703,True,False,False,False,False
median_queue_pressure_fut_10bps_60s_eth,feature,eth,S5,median_queue_pressure_fut_10bps_60s,B5_dynamics,Dynamics,True,False,True,True,121.703,False,False,False,False,False
median_queue_pressure_fut_1bps_5s_btc,feature,btc,S5,median_queue_pressure_fut_1bps_5s,B5_dynamics,Dynamics,True,False,True,True,196.6049,False,False,False,False,False
median_queue_pressure_fut_1bps_5s_eth,feature,eth,S5,median_queue_pressure_fut_1bps_5s,B5_dynamics,Dynamics,True,False,True,True,196.6049,False,False,False,False,False
median_queue_pressure_fut_2bps_15s_btc,feature,btc,S5,median_queue_pressure_fut_2bps_15s,B5_dynamics,Dynamics,True,False,True,True,47.001,False,False,False,False,False
median_queue_pressure_fut_2bps_15s_eth,feature,eth,S5,median_queue_pressure_fut_2bps_15s,B5_dynamics,Dynamics,True,False,True,True,47.001,False,False,False,False,False
median_queue_pressure_fut_2bps_5s_btc,feature,btc,S5,median_queue_pressure_fut_2bps_5s,B5_dynamics,Dynamics,True,False,True,True,250.8749,False,False,False,False,False
median_queue_pressure_fut_2bps_5s_eth,feature,eth,S5,median_queue_pressure_fut_2bps_5s,B5_dynamics,Dynamics,True,False,True,True,250.8749,False,False,False,False,False
median_queue_pressure_fut_2bps_60s_btc,feature,btc,S5,median_queue_pressure_fut_2bps_60s,B5_dynamics,Dynamics,True,False,True,True,52.4829,False,True,False,True,False
median_queue_pressure_fut_2bps_60s_eth,feature,eth,S5,median_queue_pressure_fut_2bps_60s,B5_dynamics,Dynamics,True,False,True,True,52.4829,False,False,False,False,False
median_queue_pressure_fut_5bps_15s_btc,feature,btc,S5,median_queue_pressure_fut_5bps_15s,B5_dynamics,Dynamics,True,False,True,True,130.3432,False,False,False,False,False
median_queue_pressure_fut_5bps_15s_eth,feature,eth,S5,median_queue_pressure_fut_5bps_15s,B5_dynamics,Dynamics,True,False,True,True,130.3432,False,False,False,False,False
median_queue_pressure_fut_5bps_5s_btc,feature,btc,S5,median_queue_pressure_fut_5bps_5s,B5_dynamics,Dynamics,True,False,False,True,501.4453,False,False,False,False,False
median_queue_pressure_fut_5bps_5s_eth,feature,eth,S5,median_queue_pressure_fut_5bps_5s,B5_dynamics,Dynamics,True,False,False,True,501.4453,False,False,False,False,False
median_queue_pressure_fut_5bps_60s_btc,feature,btc,S5,median_queue_pressure_fut_5bps_60s,B5_dynamics,Dynamics,True,False,True,True,78.8934,False,False,False,False,False
median_queue_pressure_fut_5bps_60s_eth,feature,eth,S5,median_queue_pressure_fut_5bps_60s,B5_dynamics,Dynamics,True,False,True,True,78.8934,False,False,False,False,False
median_queue_pressure_spot_10bps_15s_btc,feature,btc,S5,median_queue_pressure_spot_10bps_15s,B5_dynamics,Dynamics,True,False,True,True,300.6051,False,False,False,False,False
median_queue_pressure_spot_10bps_15s_eth,feature,eth,S5,median_queue_pressure_spot_10bps_15s,B5_dynamics,Dynamics,True,False,True,True,300.6051,False,False,False,False,False
median_queue_pressure_spot_10bps_5s_btc,feature,btc,S5,median_queue_pressure_spot_10bps_5s,B5_dynamics,Dynamics,True,False,False,True,979.8586,False,False,False,False,False
median_queue_pressure_spot_10bps_5s_eth,feature,eth,S5,median_queue_pressure_spot_10bps_5s,B5_dynamics,Dynamics,True,False,False,True,979.8586,False,False,False,False,False
median_queue_pressure_spot_10bps_60s_btc,feature,btc,S5,median_queue_pressure_spot_10bps_60s,B5_dynamics,Dynamics,True,False,True,True,185.2497,True,False,True,True,False
median_queue_pressure_spot_10bps_60s_eth,feature,eth,S5,median_queue_pressure_spot_10bps_60s,B5_dynamics,Dynamics,True,False,True,True,185.2497,False,False,False,False,False
median_queue_pressure_spot_1bps_5s_btc,feature,btc,S5,median_queue_pressure_spot_1bps_5s,B5_dynamics,Dynamics,True,False,True,True,404.363,False,False,False,False,False
median_queue_pressure_spot_1bps_5s_eth,feature,eth,S5,median_queue_pressure_spot_1bps_5s,B5_dynamics,Dynamics,True,False,True,True,404.363,False,False,False,False,False
median_queue_pressure_spot_2bps_15s_btc,feature,btc,S5,median_queue_pressure_spot_2bps_15s,B5_dynamics,Dynamics,True,False,True,True,98.4077,False,False,False,True,False
median_queue_pressure_spot_2bps_15s_eth,feature,eth,S5,median_queue_pressure_spot_2bps_15s,B5_dynamics,Dynamics,True,False,True,True,98.4077,False,False,False,True,False
median_queue_pressure_spot_2bps_5s_btc,feature,btc,S5,median_queue_pressure_spot_2bps_5s,B5_dynamics,Dynamics,True,False,True,True,459.6172,False,False,False,False,False
median_queue_pressure_spot_2bps_5s_eth,feature,eth,S5,median_queue_pressure_spot_2bps_5s,B5_dynamics,Dynamics,True,False,True,True,459.6172,False,False,False,False,False
median_queue_pressure_spot_2bps_60s_btc,feature,btc,S5,median_queue_pressure_spot_2bps_60s,B5_dynamics,Dynamics,True,False,True,True,71.9446,True,False,False,False,False
median_queue_pressure_spot_2bps_60s_eth,feature,eth,S5,median_queue_pressure_spot_2bps_60s,B5_dynamics,Dynamics,True,False,True,True,71.9446,False,True,False,True,False
median_queue_pressure_spot_5bps_15s_btc,feature,btc,S5,median_queue_pressure_spot_5bps_15s,B5_dynamics,Dynamics,True,False,True,True,219.7715,False,False,False,True,False
median_queue_pressure_spot_5bps_15s_eth,feature,eth,S5,median_queue_pressure_spot_5bps_15s,B5_dynamics,Dynamics,True,False,True,True,219.7715,False,False,False,False,False
median_queue_pressure_spot_5bps_5s_btc,feature,btc,S5,median_queue_pressure_spot_5bps_5s,B5_dynamics,Dynamics,True,False,True,True,635.9644,False,False,False,False,False
median_queue_pressure_spot_5bps_5s_eth,feature,eth,S5,median_queue_pressure_spot_5bps_5s,B5_dynamics,Dynamics,True,False,True,True,635.9644,False,False,False,False,False
median_queue_pressure_spot_5bps_60s_btc,feature,btc,S5,median_queue_pressure_spot_5bps_60s,B5_dynamics,Dynamics,True,False,True,True,124.3991,True,False,True,False,True
median_queue_pressure_spot_5bps_60s_eth,feature,eth,S5,median_queue_pressure_spot_5bps_60s,B5_dynamics,Dynamics,True,False,True,True,124.3991,False,False,False,True,False
median_refill_rate_fut_10bps_15s_btc,feature,btc,S5,median_refill_rate_fut_10bps_15s,B5_dynamics,Dynamics,True,False,True,True,638.1982,False,False,False,False,False
median_refill_rate_fut_10bps_15s_eth,feature,eth,S5,median_refill_rate_fut_10bps_15s,B5_dynamics,Dynamics,True,False,True,True,638.1982,False,False,False,False,False
median_refill_rate_fut_10bps_5s_btc,feature,btc,S5,median_refill_rate_fut_10bps_5s,B5_dynamics,Dynamics,True,False,True,True,257.5422,False,False,False,False,False
median_refill_rate_fut_10bps_5s_eth,feature,eth,S5,median_refill_rate_fut_10bps_5s,B5_dynamics,Dynamics,True,False,True,True,257.5422,False,False,False,True,False
median_refill_rate_fut_10bps_60s_btc,feature,btc,S5,median_refill_rate_fut_10bps_60s,B5_dynamics,Dynamics,True,False,True,True,2224.1212,False,False,False,False,False
median_refill_rate_fut_10bps_60s_eth,feature,eth,S5,median_refill_rate_fut_10bps_60s,B5_dynamics,Dynamics,True,False,True,True,2224.1212,True,False,False,False,False
median_refill_rate_fut_1bps_60s_btc,feature,btc,S5,median_refill_rate_fut_1bps_60s,B5_dynamics,Dynamics,True,False,True,True,418.8554,False,True,True,True,True
median_refill_rate_fut_1bps_60s_eth,feature,eth,S5,median_refill_rate_fut_1bps_60s,B5_dynamics,Dynamics,True,False,True,True,418.8554,True,False,False,False,False
median_refill_rate_fut_2bps_5s_btc,feature,btc,S5,median_refill_rate_fut_2bps_5s,B5_dynamics,Dynamics,True,False,True,True,79.9821,False,False,False,True,False
median_refill_rate_fut_2bps_5s_eth,feature,eth,S5,median_refill_rate_fut_2bps_5s,B5_dynamics,Dynamics,True,False,True,True,79.9821,False,False,False,False,False
median_refill_rate_fut_5bps_15s_btc,feature,btc,S5,median_refill_rate_fut_5bps_15s,B5_dynamics,Dynamics,True,False,True,True,253.0279,False,False,False,False,False
median_refill_rate_fut_5bps_15s_eth,feature,eth,S5,median_refill_rate_fut_5bps_15s,B5_dynamics,Dynamics,True,False,True,True,253.0279,False,False,False,False,False
median_refill_rate_fut_5bps_5s_btc,feature,btc,S5,median_refill_rate_fut_5bps_5s,B5_dynamics,Dynamics,True,False,True,True,162.5536,False,False,False,False,False
median_refill_rate_fut_5bps_5s_eth,feature,eth,S5,median_refill_rate_fut_5bps_5s,B5_dynamics,Dynamics,True,False,True,True,162.5536,False,False,False,False,False
median_refill_rate_fut_5bps_60s_btc,feature,btc,S5,median_refill_rate_fut_5bps_60s,B5_dynamics,Dynamics,True,False,True,True,880.8972,False,False,False,False,False
median_refill_rate_fut_5bps_60s_eth,feature,eth,S5,median_refill_rate_fut_5bps_60s,B5_dynamics,Dynamics,True,False,True,True,880.8972,False,False,False,False,False
median_refill_rate_spot_10bps_15s_btc,feature,btc,S5,median_refill_rate_spot_10bps_15s,B5_dynamics,Dynamics,True,False,True,True,772.7889,False,False,False,True,False
median_refill_rate_spot_10bps_15s_eth,feature,eth,S5,median_refill_rate_spot_10bps_15s,B5_dynamics,Dynamics,True,False,True,True,772.7889,False,False,False,True,False
median_refill_rate_spot_10bps_5s_btc,feature,btc,S5,median_refill_rate_spot_10bps_5s,B5_dynamics,Dynamics,True,False,True,True,431.1206,False,False,False,False,False
median_refill_rate_spot_10bps_5s_eth,feature,eth,S5,median_refill_rate_spot_10bps_5s,B5_dynamics,Dynamics,True,False,True,True,431.1206,False,False,False,False,False
median_refill_rate_spot_10bps_60s_btc,feature,btc,S5,median_refill_rate_spot_10bps_60s,B5_dynamics,Dynamics,True,False,True,True,2237.316,False,False,False,False,False
median_refill_rate_spot_10bps_60s_eth,feature,eth,S5,median_refill_rate_spot_10bps_60s,B5_dynamics,Dynamics,True,False,True,True,2237.316,False,False,False,True,False
median_refill_rate_spot_1bps_60s_btc,feature,btc,S5,median_refill_rate_spot_1bps_60s,B5_dynamics,Dynamics,True,False,True,True,355.1118,False,False,True,False,True
median_refill_rate_spot_1bps_60s_eth,feature,eth,S5,median_refill_rate_spot_1bps_60s,B5_dynamics,Dynamics,True,False,True,True,355.1118,False,True,True,False,True
median_refill_rate_spot_2bps_5s_btc,feature,btc,S5,median_refill_rate_spot_2bps_5s,B5_dynamics,Dynamics,True,False,True,True,104.4023,False,False,False,False,False
median_refill_rate_spot_2bps_5s_eth,feature,eth,S5,median_refill_rate_spot_2bps_5s,B5_dynamics,Dynamics,True,False,True,True,104.4023,False,False,False,False,False
median_refill_rate_spot_5bps_15s_btc,feature,btc,S5,median_refill_rate_spot_5bps_15s,B5_dynamics,Dynamics,True,False,True,True,346.2378,False,False,False,True,False
median_refill_rate_spot_5bps_15s_eth,feature,eth,S5,median_refill_rate_spot_5bps_15s,B5_dynamics,Dynamics,True,False,True,True,346.2378,False,False,False,True,False
median_refill_rate_spot_5bps_5s_btc,feature,btc,S5,median_refill_rate_spot_5bps_5s,B5_dynamics,Dynamics,True,False,True,True,301.7332,False,False,False,False,False
median_refill_rate_spot_5bps_5s_eth,feature,eth,S5,median_refill_rate_spot_5bps_5s,B5_dynamics,Dynamics,True,False,True,True,301.7332,False,False,False,False,False
median_refill_rate_spot_5bps_60s_btc,feature,btc,S5,median_refill_rate_spot_5bps_60s,B5_dynamics,Dynamics,True,False,True,True,1154.3055,False,False,False,False,False
median_refill_rate_spot_5bps_60s_eth,feature,eth,S5,median_refill_rate_spot_5bps_60s,B5_dynamics,Dynamics,True,False,True,True,1154.3055,False,False,False,False,False
median_taker_imbalance_fut_15s_btc,feature,btc,S5,median_taker_imbalance_fut_15s,B5_dynamics,Dynamics,True,False,False,True,62.9824,False,True,False,False,False
median_taker_imbalance_fut_15s_eth,feature,eth,S5,median_taker_imbalance_fut_15s,B5_dynamics,Dynamics,True,False,False,True,62.9824,True,True,False,False,False
median_taker_imbalance_fut_5s_btc,feature,btc,S5,median_taker_imbalance_fut_5s,B5_dynamics,Dynamics,True,False,False,True,80.7262,False,True,False,False,False
median_taker_imbalance_fut_5s_eth,feature,eth,S5,median_taker_imbalance_fut_5s,B5_dynamics,Dynamics,True,False,False,True,80.7262,False,False,False,True,False
median_taker_imbalance_fut_60s_btc,feature,btc,S5,median_taker_imbalance_fut_60s,B5_dynamics,Dynamics,True,False,True,True,49.4178,False,False,False,False,False
median_taker_imbalance_fut_60s_eth,feature,eth,S5,median_taker_imbalance_fut_60s,B5_dynamics,Dynamics,True,False,True,True,49.4178,False,False,False,False,False
median_taker_imbalance_spot_15s_btc,feature,btc,S5,median_taker_imbalance_spot_15s,B5_dynamics,Dynamics,True,False,False,True,69.855,True,True,False,False,True
median_taker_imbalance_spot_15s_eth,feature,eth,S5,median_taker_imbalance_spot_15s,B5_dynamics,Dynamics,True,False,False,True,69.855,True,False,False,False,False
median_taker_imbalance_spot_5s_btc,feature,btc,S5,median_taker_imbalance_spot_5s,B5_dynamics,Dynamics,True,False,False,True,51.061,True,False,False,True,False
median_taker_imbalance_spot_5s_eth,feature,eth,S5,median_taker_imbalance_spot_5s,B5_dynamics,Dynamics,True,False,False,True,51.061,False,False,True,False,False
median_taker_imbalance_spot_60s_btc,feature,btc,S5,median_taker_imbalance_spot_60s,B5_dynamics,Dynamics,True,False,True,True,55.5829,True,False,True,False,False
median_taker_imbalance_spot_60s_eth,feature,eth,S5,median_taker_imbalance_spot_60s,B5_dynamics,Dynamics,True,False,True,True,55.5829,True,False,True,True,True
median_vacuum_score_fut_10bps_15s_btc,feature,btc,S5,median_vacuum_score_fut_10bps_15s,B5_dynamics,Dynamics,True,True,True,True,6.1915,False,False,False,False,False
median_vacuum_score_fut_10bps_15s_eth,feature,eth,S5,median_vacuum_score_fut_10bps_15s,B5_dynamics,Dynamics,True,True,True,True,6.1915,False,False,False,False,False
median_vacuum_score_fut_10bps_5s_btc,feature,btc,S5,median_vacuum_score_fut_10bps_5s,B5_dynamics,Dynamics,True,True,True,True,7.676,False,False,False,False,False
median_vacuum_score_fut_10bps_5s_eth,feature,eth,S5,median_vacuum_score_fut_10bps_5s,B5_dynamics,Dynamics,True,True,True,True,7.676,False,False,False,False,False
median_vacuum_score_fut_10bps_60s_btc,feature,btc,S5,median_vacuum_score_fut_10bps_60s,B5_dynamics,Dynamics,True,True,True,True,8.4608,False,False,False,True,False
median_vacuum_score_fut_10bps_60s_eth,feature,eth,S5,median_vacuum_score_fut_10bps_60s,B5_dynamics,Dynamics,True,True,True,True,8.4608,True,False,False,True,False
median_vacuum_score_fut_5bps_15s_btc,feature,btc,S5,median_vacuum_score_fut_5bps_15s,B5_dynamics,Dynamics,True,True,True,True,4.3694,False,False,False,False,False
median_vacuum_score_fut_5bps_15s_eth,feature,eth,S5,median_vacuum_score_fut_5bps_15s,B5_dynamics,Dynamics,True,True,True,True,4.3694,False,False,False,False,False
median_vacuum_score_fut_5bps_5s_btc,feature,btc,S5,median_vacuum_score_fut_5bps_5s,B5_dynamics,Dynamics,True,True,True,True,5.8966,False,False,False,False,False
median_vacuum_score_fut_5bps_5s_eth,feature,eth,S5,median_vacuum_score_fut_5bps_5s,B5_dynamics,Dynamics,True,True,True,True,5.8966,False,False,False,False,False
median_vacuum_score_fut_5bps_60s_btc,feature,btc,S5,median_vacuum_score_fut_5bps_60s,B5_dynamics,Dynamics,True,False,True,True,10.275,False,False,False,False,False
median_vacuum_score_fut_5bps_60s_eth,feature,eth,S5,median_vacuum_score_fut_5bps_60s,B5_dynamics,Dynamics,True,False,True,True,10.275,True,False,False,False,False
median_vacuum_score_spot_10bps_15s_btc,feature,btc,S5,median_vacuum_score_spot_10bps_15s,B5_dynamics,Dynamics,True,False,True,True,13.368,False,False,False,False,False
median_vacuum_score_spot_10bps_15s_eth,feature,eth,S5,median_vacuum_score_spot_10bps_15s,B5_dynamics,Dynamics,True,False,True,True,13.368,False,False,False,False,False
median_vacuum_score_spot_10bps_5s_btc,feature,btc,S5,median_vacuum_score_spot_10bps_5s,B5_dynamics,Dynamics,True,True,True,True,6.9557,False,False,False,False,False
median_vacuum_score_spot_10bps_5s_eth,feature,eth,S5,median_vacuum_score_spot_10bps_5s,B5_dynamics,Dynamics,True,True,True,True,6.9557,False,False,False,False,False
median_vacuum_score_spot_10bps_60s_btc,feature,btc,S5,median_vacuum_score_spot_10bps_60s,B5_dynamics,Dynamics,True,False,True,True,10.8356,False,False,False,True,False
median_vacuum_score_spot_10bps_60s_eth,feature,eth,S5,median_vacuum_score_spot_10bps_60s,B5_dynamics,Dynamics,True,False,True,True,10.8356,False,False,False,True,False
median_vacuum_score_spot_5bps_15s_btc,feature,btc,S5,median_vacuum_score_spot_5bps_15s,B5_dynamics,Dynamics,True,True,True,True,8.135,False,False,False,False,False
median_vacuum_score_spot_5bps_15s_eth,feature,eth,S5,median_vacuum_score_spot_5bps_15s,B5_dynamics,Dynamics,True,True,True,True,8.135,False,False,False,False,False
median_vacuum_score_spot_5bps_5s_eth,feature,eth,S5,median_vacuum_score_spot_5bps_5s,B5_dynamics,Dynamics,True,True,True,True,4.7294,False,False,False,False,False
median_vacuum_score_spot_5bps_60s_btc,feature,btc,S5,median_vacuum_score_spot_5bps_60s,B5_dynamics,Dynamics,True,False,True,True,12.6685,False,False,False,True,False
median_vacuum_score_spot_5bps_60s_eth,feature,eth,S5,median_vacuum_score_spot_5bps_60s,B5_dynamics,Dynamics,True,False,True,True,12.6685,False,False,False,True,False
mid_fut_1s_btc,feature,btc,S5,mid_fut_1s,B6_context,Price,False,False,False,False,,False,False,True,False,False
mid_fut_1s_eth,feature,eth,S5,mid_fut_1s,B6_context,Price,False,False,False,False,,False,False,False,False,False
mid_spot_1s_btc,feature,btc,S5,mid_spot_1s,B6_context,Price,False,False,False,False,,False,False,False,False,False
mid_spot_1s_eth,feature,eth,S5,mid_spot_1s,B6_context,Price,False,False,False,False,,False,False,False,False,False
monday_high_fut_btc,feature,btc,S5,monday_high_fut,B6_context,Level Artefact,False,False,False,False,,False,False,False,False,False
monday_low_fut_btc,feature,btc,S5,monday_low_fut,B6_context,Level Artefact,False,False,False,False,,False,False,False,False,False
net_add_fut_10bps_15s_btc,feature,btc,S5,net_add_fut_10bps_15s,B1_imbalance,Pressure,True,False,False,True,6670.6291,False,False,False,False,False
net_add_fut_10bps_15s_eth,feature,eth,S5,net_add_fut_10bps_15s,B1_imbalance,Pressure,True,False,False,True,6670.6291,False,False,False,False,False
net_add_fut_10bps_1s_btc,feature,btc,S5,net_add_fut_10bps_1s,B1_imbalance,Pressure,True,False,False,True,5766.2173,False,False,False,True,False
net_add_fut_10bps_1s_eth,feature,eth,S5,net_add_fut_10bps_1s,B1_imbalance,Pressure,True,False,False,True,5766.2173,False,False,False,False,False
net_add_fut_10bps_5s_btc,feature,btc,S5,net_add_fut_10bps_5s,B1_imbalance,Pressure,True,False,False,True,5015.7101,False,False,False,False,False
net_add_fut_10bps_5s_eth,feature,eth,S5,net_add_fut_10bps_5s,B1_imbalance,Pressure,True,False,False,True,5015.7101,False,False,False,False,False
net_add_fut_10bps_60s_btc,feature,btc,S5,net_add_fut_10bps_60s,B1_imbalance,Pressure,True,False,False,True,6672.1228,False,False,False,False,False
net_add_fut_10bps_60s_eth,feature,eth,S5,net_add_fut_10bps_60s,B1_imbalance,Pressure,True,False,False,True,6672.1228,False,False,False,False,False
net_add_fut_2bps_15s_btc,feature,btc,S5,net_add_fut_2bps_15s,B1_imbalance,Pressure,True,False,False,True,6684.6293,False,False,False,False,False
net_add_fut_2bps_15s_eth,feature,eth,S5,net_add_fut_2bps_15s,B1_imbalance,Pressure,True,False,False,True,6684.6293,False,False,False,False,False
net_add_fut_2bps_1s_btc,feature,btc,S5,net_add_fut_2bps_1s,B1_imbalance,Pressure,True,False,False,True,6602.0056,False,False,False,True,False
net_add_fut_2bps_1s_eth,feature,eth,S5,net_add_fut_2bps_1s,B1_imbalance,Pressure,True,False,False,True,6602.0056,False,False,False,True,False
net_add_fut_2bps_5s_btc,feature,btc,S5,net_add_fut_2bps_5s,B1_imbalance,Pressure,True,False,False,True,5006.8963,False,False,False,False,False
net_add_fut_2bps_5s_eth,feature,eth,S5,net_add_fut_2bps_5s,B1_imbalance,Pressure,True,False,False,True,5006.8963,False,False,False,False,False
net_add_fut_2bps_60s_btc,feature,btc,S5,net_add_fut_2bps_60s,B1_imbalance,Pressure,True,False,False,True,6672.3505,False,False,False,False,False
net_add_fut_2bps_60s_eth,feature,eth,S5,net_add_fut_2bps_60s,B1_imbalance,Pressure,True,False,False,True,6672.3505,False,False,False,False,False
net_add_fut_5bps_15s_btc,feature,btc,S5,net_add_fut_5bps_15s,B1_imbalance,Pressure,True,False,False,True,6668.9764,False,False,False,False,False
net_add_fut_5bps_15s_eth,feature,eth,S5,net_add_fut_5bps_15s,B1_imbalance,Pressure,True,False,False,True,6668.9764,False,False,False,False,False
net_add_fut_5bps_1s_btc,feature,btc,S5,net_add_fut_5bps_1s,B1_imbalance,Pressure,True,False,False,True,6464.4662,False,False,False,False,False
net_add_fut_5bps_1s_eth,feature,eth,S5,net_add_fut_5bps_1s,B1_imbalance,Pressure,True,False,False,True,6464.4662,False,False,False,False,False
net_add_fut_5bps_5s_btc,feature,btc,S5,net_add_fut_5bps_5s,B1_imbalance,Pressure,True,False,False,True,5006.5381,False,False,False,False,False
net_add_fut_5bps_5s_eth,feature,eth,S5,net_add_fut_5bps_5s,B1_imbalance,Pressure,True,False,False,True,5006.5381,False,False,False,False,False
net_add_fut_5bps_60s_btc,feature,btc,S5,net_add_fut_5bps_60s,B1_imbalance,Pressure,True,False,False,True,6669.1041,False,False,False,False,False
net_add_fut_5bps_60s_eth,feature,eth,S5,net_add_fut_5bps_60s,B1_imbalance,Pressure,True,False,False,True,6669.1041,False,False,False,False,False
net_add_fut_5bps_900s_btc,feature,btc,S5,net_add_fut_5bps_900s,B1_imbalance,Pressure,True,False,True,True,18.4326,False,False,False,False,False
net_add_fut_5bps_900s_eth,feature,eth,S5,net_add_fut_5bps_900s,B1_imbalance,Pressure,True,False,True,True,18.4326,False,False,False,False,False
net_add_persist_fut_10bps_15s_btc,feature,btc,S5,net_add_persist_fut_10bps_15s,B5_dynamics,Dynamics,True,True,True,True,7.81,False,False,False,False,False
net_add_persist_fut_10bps_15s_eth,feature,eth,S5,net_add_persist_fut_10bps_15s,B5_dynamics,Dynamics,True,True,True,True,7.81,False,False,False,False,False
net_add_persist_fut_10bps_60s_btc,feature,btc,S5,net_add_persist_fut_10bps_60s,B5_dynamics,Dynamics,True,True,True,True,6.628,False,False,False,False,False
net_add_persist_fut_10bps_60s_eth,feature,eth,S5,net_add_persist_fut_10bps_60s,B5_dynamics,Dynamics,True,True,True,True,6.628,False,False,False,False,False
net_add_persist_fut_2bps_15s_btc,feature,btc,S5,net_add_persist_fut_2bps_15s,B5_dynamics,Dynamics,True,False,True,True,10.3969,False,False,False,False,False
net_add_persist_fut_2bps_15s_eth,feature,eth,S5,net_add_persist_fut_2bps_15s,B5_dynamics,Dynamics,True,False,True,True,10.3969,False,False,False,False,False
net_add_persist_fut_2bps_60s_btc,feature,btc,S5,net_add_persist_fut_2bps_60s,B5_dynamics,Dynamics,True,False,True,True,11.2969,False,False,False,False,False
net_add_persist_fut_2bps_60s_eth,feature,eth,S5,net_add_persist_fut_2bps_60s,B5_dynamics,Dynamics,True,False,True,True,11.2969,False,False,False,False,False
net_add_persist_fut_5bps_15s_btc,feature,btc,S5,net_add_persist_fut_5bps_15s,B5_dynamics,Dynamics,True,True,True,True,6.4569,False,False,False,False,False
net_add_persist_fut_5bps_15s_eth,feature,eth,S5,net_add_persist_fut_5bps_15s,B5_dynamics,Dynamics,True,True,True,True,6.4569,False,False,False,False,False
net_add_persist_fut_5bps_60s_btc,feature,btc,S5,net_add_persist_fut_5bps_60s,B5_dynamics,Dynamics,True,True,True,True,6.7186,False,False,False,True,False
net_add_persist_fut_5bps_60s_eth,feature,eth,S5,net_add_persist_fut_5bps_60s,B5_dynamics,Dynamics,True,True,True,True,6.7186,False,False,False,False,False
net_add_persist_sf_5bps_900s_btc,feature,btc,S5,net_add_persist_sf_5bps_900s,B4_cross_market,Cross-Market,True,False,True,True,65.2974,True,True,False,False,False
net_add_persist_sf_5bps_900s_eth,feature,eth,S5,net_add_persist_sf_5bps_900s,B4_cross_market,Cross-Market,True,False,True,True,65.2974,True,False,True,False,False
net_add_persist_spot_10bps_15s_btc,feature,btc,S5,net_add_persist_spot_10bps_15s,B5_dynamics,Dynamics,True,True,True,True,6.7314,False,False,False,False,False
net_add_persist_spot_10bps_15s_eth,feature,eth,S5,net_add_persist_spot_10bps_15s,B5_dynamics,Dynamics,True,True,True,True,6.7314,False,False,False,False,False
net_add_persist_spot_10bps_60s_btc,feature,btc,S5,net_add_persist_spot_10bps_60s,B5_dynamics,Dynamics,True,True,True,True,4.9932,False,False,False,False,False
net_add_persist_spot_10bps_60s_eth,feature,eth,S5,net_add_persist_spot_10bps_60s,B5_dynamics,Dynamics,True,True,True,True,4.9932,False,False,False,False,False
net_add_persist_spot_2bps_15s_btc,feature,btc,S5,net_add_persist_spot_2bps_15s,B5_dynamics,Dynamics,True,True,True,True,8.4679,False,False,False,False,False
net_add_persist_spot_2bps_15s_eth,feature,eth,S5,net_add_persist_spot_2bps_15s,B5_dynamics,Dynamics,True,True,True,True,8.4679,False,False,False,False,False
net_add_persist_spot_2bps_60s_btc,feature,btc,S5,net_add_persist_spot_2bps_60s,B5_dynamics,Dynamics,True,True,True,True,9.6502,False,False,False,False,False
net_add_persist_spot_2bps_60s_eth,feature,eth,S5,net_add_persist_spot_2bps_60s,B5_dynamics,Dynamics,True,True,True,True,9.6502,False,False,False,False,False
net_add_persist_spot_5bps_15s_btc,feature,btc,S5,net_add_persist_spot_5bps_15s,B5_dynamics,Dynamics,True,True,True,True,8.3736,False,False,False,False,False
net_add_persist_spot_5bps_15s_eth,feature,eth,S5,net_add_persist_spot_5bps_15s,B5_dynamics,Dynamics,True,True,True,True,8.3736,False,False,False,False,False
net_add_persist_spot_5bps_60s_btc,feature,btc,S5,net_add_persist_spot_5bps_60s,B5_dynamics,Dynamics,True,True,True,True,9.3185,False,False,False,False,False
net_add_persist_spot_5bps_60s_eth,feature,eth,S5,net_add_persist_spot_5bps_60s,B5_dynamics,Dynamics,True,True,True,True,9.3185,False,False,False,False,False
net_add_pressure_fut_10bps_15s_btc,feature,btc,S5,net_add_pressure_fut_10bps_15s,B1_imbalance,Pressure,True,False,False,True,6670.6502,False,False,False,False,False
net_add_pressure_fut_10bps_15s_eth,feature,eth,S5,net_add_pressure_fut_10bps_15s,B1_imbalance,Pressure,True,False,False,True,6670.6502,False,False,False,False,False
net_add_pressure_fut_10bps_1s_btc,feature,btc,S5,net_add_pressure_fut_10bps_1s,B1_imbalance,Pressure,True,False,True,True,5766.2173,False,False,False,False,False
net_add_pressure_fut_10bps_1s_eth,feature,eth,S5,net_add_pressure_fut_10bps_1s,B1_imbalance,Pressure,True,False,True,True,5766.2173,False,False,False,False,False
net_add_pressure_fut_10bps_300s_btc,feature,btc,S5,net_add_pressure_fut_10bps_300s,B1_imbalance,Pressure,True,False,True,True,15.1947,False,False,False,False,False
net_add_pressure_fut_10bps_300s_eth,feature,eth,S5,net_add_pressure_fut_10bps_300s,B1_imbalance,Pressure,True,False,True,True,15.1947,False,False,False,False,False
net_add_pressure_fut_10bps_60s_btc,feature,btc,S5,net_add_pressure_fut_10bps_60s,B1_imbalance,Pressure,True,False,False,True,6672.2983,False,False,False,False,False
net_add_pressure_fut_10bps_60s_eth,feature,eth,S5,net_add_pressure_fut_10bps_60s,B1_imbalance,Pressure,True,False,False,True,6672.2983,False,False,False,False,False
net_add_pressure_fut_10bps_900s_btc,feature,btc,S5,net_add_pressure_fut_10bps_900s,B1_imbalance,Pressure,True,False,True,True,13.2868,False,False,False,False,False
net_add_pressure_fut_10bps_900s_eth,feature,eth,S5,net_add_pressure_fut_10bps_900s,B1_imbalance,Pressure,True,False,True,True,13.2868,False,False,False,False,False
net_add_pressure_fut_2bps_15s_btc,feature,btc,S5,net_add_pressure_fut_2bps_15s,B1_imbalance,Pressure,True,False,False,True,6684.6322,False,False,False,False,False
net_add_pressure_fut_2bps_15s_eth,feature,eth,S5,net_add_pressure_fut_2bps_15s,B1_imbalance,Pressure,True,False,False,True,6684.6322,False,False,False,False,False
net_add_pressure_fut_2bps_1s_btc,feature,btc,S5,net_add_pressure_fut_2bps_1s,B1_imbalance,Pressure,True,False,True,True,6602.0056,False,False,False,False,False
net_add_pressure_fut_2bps_1s_eth,feature,eth,S5,net_add_pressure_fut_2bps_1s,B1_imbalance,Pressure,True,False,True,True,6602.0056,False,False,False,True,False
net_add_pressure_fut_2bps_60s_btc,feature,btc,S5,net_add_pressure_fut_2bps_60s,B1_imbalance,Pressure,True,False,False,True,6672.3616,False,False,False,False,False
net_add_pressure_fut_2bps_60s_eth,feature,eth,S5,net_add_pressure_fut_2bps_60s,B1_imbalance,Pressure,True,False,False,True,6672.3616,False,False,False,False,False
net_add_pressure_fut_5bps_15s_btc,feature,btc,S5,net_add_pressure_fut_5bps_15s,B1_imbalance,Pressure,True,False,False,True,6668.9938,False,False,False,False,False
net_add_pressure_fut_5bps_15s_eth,feature,eth,S5,net_add_pressure_fut_5bps_15s,B1_imbalance,Pressure,True,False,False,True,6668.9938,False,False,False,False,False
net_add_pressure_fut_5bps_1s_btc,feature,btc,S5,net_add_pressure_fut_5bps_1s,B1_imbalance,Pressure,True,False,True,True,6464.4662,False,False,False,False,False
net_add_pressure_fut_5bps_1s_eth,feature,eth,S5,net_add_pressure_fut_5bps_1s,B1_imbalance,Pressure,True,False,True,True,6464.4662,False,False,False,False,False
net_add_pressure_fut_5bps_300s_btc,feature,btc,S5,net_add_pressure_fut_5bps_300s,B1_imbalance,Pressure,True,False,True,True,15.7379,False,False,False,False,False
net_add_pressure_fut_5bps_300s_eth,feature,eth,S5,net_add_pressure_fut_5bps_300s,B1_imbalance,Pressure,True,False,True,True,15.7379,False,False,False,False,False
net_add_pressure_fut_5bps_60s_btc,feature,btc,S5,net_add_pressure_fut_5bps_60s,B1_imbalance,Pressure,True,False,False,True,6669.315,False,False,False,False,False
net_add_pressure_fut_5bps_60s_eth,feature,eth,S5,net_add_pressure_fut_5bps_60s,B1_imbalance,Pressure,True,False,False,True,6669.315,False,False,False,False,False
net_add_pressure_spot_10bps_15s_btc,feature,btc,S5,net_add_pressure_spot_10bps_15s,B1_imbalance,Pressure,True,False,False,True,6675.4207,False,False,False,False,False
net_add_pressure_spot_10bps_15s_eth,feature,eth,S5,net_add_pressure_spot_10bps_15s,B1_imbalance,Pressure,True,False,False,True,6675.4207,False,False,False,False,False
net_add_pressure_spot_10bps_1s_btc,feature,btc,S5,net_add_pressure_spot_10bps_1s,B1_imbalance,Pressure,True,False,False,True,5291.7106,False,False,False,False,False
net_add_pressure_spot_10bps_1s_eth,feature,eth,S5,net_add_pressure_spot_10bps_1s,B1_imbalance,Pressure,True,False,False,True,5291.7106,False,False,False,False,False
net_add_pressure_spot_10bps_300s_btc,feature,btc,S5,net_add_pressure_spot_10bps_300s,B1_imbalance,Pressure,True,False,True,True,38.6851,False,False,False,False,False
net_add_pressure_spot_10bps_300s_eth,feature,eth,S5,net_add_pressure_spot_10bps_300s,B1_imbalance,Pressure,True,False,True,True,38.6851,False,False,False,False,False
net_add_pressure_spot_10bps_60s_btc,feature,btc,S5,net_add_pressure_spot_10bps_60s,B1_imbalance,Pressure,True,False,False,True,6680.2205,False,False,False,False,False
net_add_pressure_spot_10bps_60s_eth,feature,eth,S5,net_add_pressure_spot_10bps_60s,B1_imbalance,Pressure,True,False,False,True,6680.2205,False,False,False,False,False
net_add_pressure_spot_10bps_900s_btc,feature,btc,S5,net_add_pressure_spot_10bps_900s,B1_imbalance,Pressure,True,False,True,True,30.6675,False,False,False,False,False
net_add_pressure_spot_10bps_900s_eth,feature,eth,S5,net_add_pressure_spot_10bps_900s,B1_imbalance,Pressure,True,False,True,True,30.6675,False,False,False,False,False
net_add_pressure_spot_2bps_15s_btc,feature,btc,S5,net_add_pressure_spot_2bps_15s,B1_imbalance,Pressure,True,False,False,True,6720.8711,False,False,False,False,False
net_add_pressure_spot_2bps_15s_eth,feature,eth,S5,net_add_pressure_spot_2bps_15s,B1_imbalance,Pressure,True,False,False,True,6720.8711,False,False,False,False,False
net_add_pressure_spot_2bps_1s_btc,feature,btc,S5,net_add_pressure_spot_2bps_1s,B1_imbalance,Pressure,True,False,False,True,6983.0976,False,False,False,False,False
net_add_pressure_spot_2bps_1s_eth,feature,eth,S5,net_add_pressure_spot_2bps_1s,B1_imbalance,Pressure,True,False,False,True,6983.0976,False,False,False,False,False
net_add_pressure_spot_2bps_60s_btc,feature,btc,S5,net_add_pressure_spot_2bps_60s,B1_imbalance,Pressure,True,False,False,True,6678.7384,False,False,False,False,False
net_add_pressure_spot_2bps_60s_eth,feature,eth,S5,net_add_pressure_spot_2bps_60s,B1_imbalance,Pressure,True,False,False,True,6678.7384,False,False,False,False,False
net_add_pressure_spot_5bps_15s_btc,feature,btc,S5,net_add_pressure_spot_5bps_15s,B1_imbalance,Pressure,True,False,False,True,6679.3176,False,False,False,False,False
net_add_pressure_spot_5bps_15s_eth,feature,eth,S5,net_add_pressure_spot_5bps_15s,B1_imbalance,Pressure,True,False,False,True,6679.3176,False,False,False,False,False
net_add_pressure_spot_5bps_1s_btc,feature,btc,S5,net_add_pressure_spot_5bps_1s,B1_imbalance,Pressure,True,False,False,True,6277.1345,False,False,False,False,False
net_add_pressure_spot_5bps_1s_eth,feature,eth,S5,net_add_pressure_spot_5bps_1s,B1_imbalance,Pressure,True,False,False,True,6277.1345,False,False,False,False,False
net_add_pressure_spot_5bps_300s_btc,feature,btc,S5,net_add_pressure_spot_5bps_300s,B1_imbalance,Pressure,True,False,True,True,45.5369,False,False,False,False,False
net_add_pressure_spot_5bps_300s_eth,feature,eth,S5,net_add_pressure_spot_5bps_300s,B1_imbalance,Pressure,True,False,True,True,45.5369,False,False,False,False,False
net_add_pressure_spot_5bps_60s_btc,feature,btc,S5,net_add_pressure_spot_5bps_60s,B1_imbalance,Pressure,True,False,False,True,6680.2448,False,False,False,False,False
net_add_pressure_spot_5bps_60s_eth,feature,eth,S5,net_add_pressure_spot_5bps_60s,B1_imbalance,Pressure,True,False,False,True,6680.2448,False,False,False,False,False
net_add_robust_z_fut_10bps_15s_btc,feature,btc,S5,net_add_robust_z_fut_10bps_15s,B1_imbalance,Pressure,True,True,True,True,7.5591,False,False,False,False,False
net_add_robust_z_fut_10bps_15s_eth,feature,eth,S5,net_add_robust_z_fut_10bps_15s,B1_imbalance,Pressure,True,True,True,True,7.5591,False,False,False,False,False
net_add_robust_z_fut_10bps_60s_btc,feature,btc,S5,net_add_robust_z_fut_10bps_60s,B1_imbalance,Pressure,True,False,False,True,5006.2389,False,False,False,False,False
net_add_robust_z_fut_10bps_60s_eth,feature,eth,S5,net_add_robust_z_fut_10bps_60s,B1_imbalance,Pressure,True,False,False,True,5006.2389,False,False,False,False,False
net_add_robust_z_fut_2bps_15s_btc,feature,btc,S5,net_add_robust_z_fut_2bps_15s,B1_imbalance,Pressure,True,True,True,True,8.2726,False,False,False,False,False
net_add_robust_z_fut_2bps_15s_eth,feature,eth,S5,net_add_robust_z_fut_2bps_15s,B1_imbalance,Pressure,True,True,True,True,8.2726,False,False,False,False,False
net_add_robust_z_fut_2bps_60s_btc,feature,btc,S5,net_add_robust_z_fut_2bps_60s,B1_imbalance,Pressure,True,False,True,True,47.8439,False,False,False,False,False
net_add_robust_z_fut_2bps_60s_eth,feature,eth,S5,net_add_robust_z_fut_2bps_60s,B1_imbalance,Pressure,True,False,True,True,47.8439,False,False,False,False,False
net_add_robust_z_fut_5bps_15s_btc,feature,btc,S5,net_add_robust_z_fut_5bps_15s,B1_imbalance,Pressure,True,True,True,True,8.6162,False,False,False,False,False
net_add_robust_z_fut_5bps_15s_eth,feature,eth,S5,net_add_robust_z_fut_5bps_15s,B1_imbalance,Pressure,True,True,True,True,8.6162,False,False,False,False,False
net_add_robust_z_fut_5bps_60s_btc,feature,btc,S5,net_add_robust_z_fut_5bps_60s,B1_imbalance,Pressure,True,False,False,True,5004.2704,False,False,False,False,False
net_add_robust_z_fut_5bps_60s_eth,feature,eth,S5,net_add_robust_z_fut_5bps_60s,B1_imbalance,Pressure,True,False,False,True,5004.2704,False,False,False,False,False
net_add_robust_z_spot_10bps_15s_btc,feature,btc,S5,net_add_robust_z_spot_10bps_15s,B1_imbalance,Pressure,True,True,True,True,7.6622,False,False,False,False,False
net_add_robust_z_spot_10bps_15s_eth,feature,eth,S5,net_add_robust_z_spot_10bps_15s,B1_imbalance,Pressure,True,True,True,True,7.6622,False,False,False,False,False
net_add_robust_z_spot_10bps_60s_btc,feature,btc,S5,net_add_robust_z_spot_10bps_60s,B1_imbalance,Pressure,True,False,False,True,5013.7285,False,False,False,False,False
net_add_robust_z_spot_10bps_60s_eth,feature,eth,S5,net_add_robust_z_spot_10bps_60s,B1_imbalance,Pressure,True,False,False,True,5013.7285,False,False,False,False,False
net_add_robust_z_spot_2bps_15s_btc,feature,btc,S5,net_add_robust_z_spot_2bps_15s,B1_imbalance,Pressure,True,True,True,True,8.0223,False,False,False,False,False
net_add_robust_z_spot_2bps_15s_eth,feature,eth,S5,net_add_robust_z_spot_2bps_15s,B1_imbalance,Pressure,True,True,True,True,8.0223,False,False,False,False,False
net_add_robust_z_spot_2bps_60s_btc,feature,btc,S5,net_add_robust_z_spot_2bps_60s,B1_imbalance,Pressure,True,False,True,True,88.8786,False,False,False,False,False
net_add_robust_z_spot_5bps_15s_btc,feature,btc,S5,net_add_robust_z_spot_5bps_15s,B1_imbalance,Pressure,True,True,True,True,9.9224,False,False,False,False,False
net_add_robust_z_spot_5bps_15s_eth,feature,eth,S5,net_add_robust_z_spot_5bps_15s,B1_imbalance,Pressure,True,True,True,True,9.9224,False,False,False,False,False
net_add_robust_z_spot_5bps_60s_btc,feature,btc,S5,net_add_robust_z_spot_5bps_60s,B1_imbalance,Pressure,True,False,False,True,5015.5479,False,False,False,False,False
net_add_robust_z_spot_5bps_60s_eth,feature,eth,S5,net_add_robust_z_spot_5bps_60s,B1_imbalance,Pressure,True,False,False,True,5015.5479,False,False,False,False,False
net_add_sf_5bps_900s_btc,feature,btc,S5,net_add_sf_5bps_900s,B4_cross_market,Cross-Market,True,True,True,True,1.7077,False,False,False,False,False
net_add_sf_5bps_900s_eth,feature,eth,S5,net_add_sf_5bps_900s,B4_cross_market,Cross-Market,True,True,True,True,1.7077,False,False,False,False,False
net_add_spot_10bps_15s_btc,feature,btc,S5,net_add_spot_10bps_15s,B1_imbalance,Pressure,True,False,False,True,6675.4249,False,False,False,False,False
net_add_spot_10bps_15s_eth,feature,eth,S5,net_add_spot_10bps_15s,B1_imbalance,Pressure,True,False,False,True,6675.4249,False,False,False,False,False
net_add_spot_10bps_1s_btc,feature,btc,S5,net_add_spot_10bps_1s,B1_imbalance,Pressure,True,False,True,True,5291.7106,False,False,False,False,False
net_add_spot_10bps_1s_eth,feature,eth,S5,net_add_spot_10bps_1s,B1_imbalance,Pressure,True,False,True,True,5291.7106,False,False,False,False,False
net_add_spot_10bps_5s_btc,feature,btc,S5,net_add_spot_10bps_5s,B1_imbalance,Pressure,True,False,False,True,5026.3572,False,False,False,False,False
net_add_spot_10bps_5s_eth,feature,eth,S5,net_add_spot_10bps_5s,B1_imbalance,Pressure,True,False,False,True,5026.3572,False,False,False,False,False
net_add_spot_10bps_60s_btc,feature,btc,S5,net_add_spot_10bps_60s,B1_imbalance,Pressure,True,False,False,True,6679.6762,False,False,False,False,False
net_add_spot_10bps_60s_eth,feature,eth,S5,net_add_spot_10bps_60s,B1_imbalance,Pressure,True,False,False,True,6679.6762,False,False,False,False,False
net_add_spot_2bps_15s_btc,feature,btc,S5,net_add_spot_2bps_15s,B1_imbalance,Pressure,True,False,False,True,6721.0673,False,False,False,False,False
net_add_spot_2bps_1s_btc,feature,btc,S5,net_add_spot_2bps_1s,B1_imbalance,Pressure,True,False,True,True,6983.0976,False,False,False,False,False
net_add_spot_2bps_1s_eth,feature,eth,S5,net_add_spot_2bps_1s,B1_imbalance,Pressure,True,False,True,True,6983.0976,False,False,False,False,False
net_add_spot_2bps_5s_btc,feature,btc,S5,net_add_spot_2bps_5s,B1_imbalance,Pressure,True,False,False,True,5016.7121,False,False,False,False,False
net_add_spot_2bps_5s_eth,feature,eth,S5,net_add_spot_2bps_5s,B1_imbalance,Pressure,True,False,False,True,5016.7121,False,False,False,False,False
net_add_spot_2bps_60s_btc,feature,btc,S5,net_add_spot_2bps_60s,B1_imbalance,Pressure,True,False,False,True,6678.5887,False,False,False,False,False
net_add_spot_2bps_60s_eth,feature,eth,S5,net_add_spot_2bps_60s,B1_imbalance,Pressure,True,False,False,True,6678.5887,False,False,False,False,False
net_add_spot_5bps_15s_btc,feature,btc,S5,net_add_spot_5bps_15s,B1_imbalance,Pressure,True,False,False,True,6679.2285,False,False,False,False,False
net_add_spot_5bps_15s_eth,feature,eth,S5,net_add_spot_5bps_15s,B1_imbalance,Pressure,True,False,False,True,6679.2285,False,False,False,False,False
net_add_spot_5bps_1s_btc,feature,btc,S5,net_add_spot_5bps_1s,B1_imbalance,Pressure,True,False,True,True,6277.1345,False,False,False,False,False
net_add_spot_5bps_1s_eth,feature,eth,S5,net_add_spot_5bps_1s,B1_imbalance,Pressure,True,False,True,True,6277.1345,False,False,False,False,False
net_add_spot_5bps_5s_btc,feature,btc,S5,net_add_spot_5bps_5s,B1_imbalance,Pressure,True,False,False,True,5027.6494,False,False,False,False,False
net_add_spot_5bps_5s_eth,feature,eth,S5,net_add_spot_5bps_5s,B1_imbalance,Pressure,True,False,False,True,5027.6494,False,False,False,False,False
net_add_spot_5bps_60s_btc,feature,btc,S5,net_add_spot_5bps_60s,B1_imbalance,Pressure,True,False,False,True,6679.917,False,False,False,False,False
net_add_spot_5bps_60s_eth,feature,eth,S5,net_add_spot_5bps_60s,B1_imbalance,Pressure,True,False,False,True,6679.917,False,False,False,False,False
net_add_spot_5bps_900s_btc,feature,btc,S5,net_add_spot_5bps_900s,B1_imbalance,Pressure,True,False,True,True,81.7016,False,False,False,False,False
net_add_spot_5bps_900s_eth,feature,eth,S5,net_add_spot_5bps_900s,B1_imbalance,Pressure,True,False,True,True,81.7016,False,False,False,False,False
net_cancel_fut_10bps_15s_btc,feature,btc,S5,net_cancel_fut_10bps_15s,B1_imbalance,Pressure,True,False,True,True,81.4528,False,False,False,False,False
net_cancel_fut_10bps_15s_eth,feature,eth,S5,net_cancel_fut_10bps_15s,B1_imbalance,Pressure,True,False,True,True,81.4528,False,False,False,False,False
net_cancel_fut_10bps_1s_btc,feature,btc,S5,net_cancel_fut_10bps_1s,B1_imbalance,Pressure,True,False,True,True,5830.9015,False,False,False,False,False
net_cancel_fut_10bps_1s_eth,feature,eth,S5,net_cancel_fut_10bps_1s,B1_imbalance,Pressure,True,False,True,True,5830.9015,False,False,False,False,False
net_cancel_fut_10bps_5s_btc,feature,btc,S5,net_cancel_fut_10bps_5s,B1_imbalance,Pressure,True,False,True,True,59.6149,False,False,False,False,False
net_cancel_fut_10bps_5s_eth,feature,eth,S5,net_cancel_fut_10bps_5s,B1_imbalance,Pressure,True,False,True,True,59.6149,False,False,False,False,False
net_cancel_fut_10bps_60s_btc,feature,btc,S5,net_cancel_fut_10bps_60s,B1_imbalance,Pressure,True,False,True,True,406.298,False,False,False,False,False
net_cancel_fut_10bps_60s_eth,feature,eth,S5,net_cancel_fut_10bps_60s,B1_imbalance,Pressure,True,False,True,True,406.298,False,False,False,False,False
net_cancel_fut_2bps_15s_btc,feature,btc,S5,net_cancel_fut_2bps_15s,B1_imbalance,Pressure,True,False,True,True,5968.1517,False,False,False,False,False
net_cancel_fut_2bps_15s_eth,feature,eth,S5,net_cancel_fut_2bps_15s,B1_imbalance,Pressure,True,False,True,True,5968.1517,False,False,False,False,False
net_cancel_fut_2bps_1s_btc,feature,btc,S5,net_cancel_fut_2bps_1s,B1_imbalance,Pressure,True,False,True,True,6400.0423,False,False,False,False,False
net_cancel_fut_2bps_1s_eth,feature,eth,S5,net_cancel_fut_2bps_1s,B1_imbalance,Pressure,True,False,True,True,6400.0423,False,False,False,False,False
net_cancel_fut_2bps_5s_btc,feature,btc,S5,net_cancel_fut_2bps_5s,B1_imbalance,Pressure,True,False,True,True,29.6729,False,False,False,False,False
net_cancel_fut_2bps_5s_eth,feature,eth,S5,net_cancel_fut_2bps_5s,B1_imbalance,Pressure,True,False,True,True,29.6729,False,False,False,False,False
net_cancel_fut_2bps_60s_btc,feature,btc,S5,net_cancel_fut_2bps_60s,B1_imbalance,Pressure,True,False,True,True,5616.1563,True,True,False,False,False
net_cancel_fut_2bps_60s_eth,feature,eth,S5,net_cancel_fut_2bps_60s,B1_imbalance,Pressure,True,False,True,True,5616.1563,False,False,False,True,False
net_cancel_fut_5bps_15s_btc,feature,btc,S5,net_cancel_fut_5bps_15s,B1_imbalance,Pressure,True,False,True,True,5017.6718,False,False,False,False,False
net_cancel_fut_5bps_15s_eth,feature,eth,S5,net_cancel_fut_5bps_15s,B1_imbalance,Pressure,True,False,True,True,5017.6718,False,False,False,False,False
net_cancel_fut_5bps_1s_btc,feature,btc,S5,net_cancel_fut_5bps_1s,B1_imbalance,Pressure,True,False,True,True,6358.4232,False,False,False,False,False
net_cancel_fut_5bps_1s_eth,feature,eth,S5,net_cancel_fut_5bps_1s,B1_imbalance,Pressure,True,False,True,True,6358.4232,False,False,False,False,False
net_cancel_fut_5bps_5s_btc,feature,btc,S5,net_cancel_fut_5bps_5s,B1_imbalance,Pressure,True,False,True,True,25.8819,False,False,False,False,False
net_cancel_fut_5bps_5s_eth,feature,eth,S5,net_cancel_fut_5bps_5s,B1_imbalance,Pressure,True,False,True,True,25.8819,False,False,False,False,False
net_cancel_fut_5bps_60s_btc,feature,btc,S5,net_cancel_fut_5bps_60s,B1_imbalance,Pressure,True,False,True,True,5061.5895,False,False,False,True,False
net_cancel_fut_5bps_60s_eth,feature,eth,S5,net_cancel_fut_5bps_60s,B1_imbalance,Pressure,True,False,True,True,5061.5895,False,False,False,False,False
net_cancel_fut_5bps_900s_btc,feature,btc,S5,net_cancel_fut_5bps_900s,B1_imbalance,Pressure,True,False,True,True,422.9595,True,False,False,True,False
net_cancel_fut_5bps_900s_eth,feature,eth,S5,net_cancel_fut_5bps_900s,B1_imbalance,Pressure,True,False,True,True,422.9595,True,True,False,False,True
net_cancel_persist_fut_10bps_15s_btc,feature,btc,S5,net_cancel_persist_fut_10bps_15s,B5_dynamics,Dynamics,True,False,True,True,14.4593,False,False,False,False,False
net_cancel_persist_fut_10bps_15s_eth,feature,eth,S5,net_cancel_persist_fut_10bps_15s,B5_dynamics,Dynamics,True,False,True,True,14.4593,False,False,False,False,False
net_cancel_persist_fut_10bps_60s_btc,feature,btc,S5,net_cancel_persist_fut_10bps_60s,B5_dynamics,Dynamics,True,False,True,True,12.1051,True,False,False,False,False
net_cancel_persist_fut_10bps_60s_eth,feature,eth,S5,net_cancel_persist_fut_10bps_60s,B5_dynamics,Dynamics,True,False,True,True,12.1051,False,False,False,False,False
net_cancel_persist_fut_2bps_15s_btc,feature,btc,S5,net_cancel_persist_fut_2bps_15s,B5_dynamics,Dynamics,True,True,True,True,8.1825,False,False,False,False,False
net_cancel_persist_fut_2bps_15s_eth,feature,eth,S5,net_cancel_persist_fut_2bps_15s,B5_dynamics,Dynamics,True,True,True,True,8.1825,False,False,False,False,False
net_cancel_persist_fut_2bps_60s_btc,feature,btc,S5,net_cancel_persist_fut_2bps_60s,B5_dynamics,Dynamics,True,True,True,True,7.4768,False,False,False,False,False
net_cancel_persist_fut_2bps_60s_eth,feature,eth,S5,net_cancel_persist_fut_2bps_60s,B5_dynamics,Dynamics,True,True,True,True,7.4768,False,False,False,False,False
net_cancel_persist_fut_5bps_15s_btc,feature,btc,S5,net_cancel_persist_fut_5bps_15s,B5_dynamics,Dynamics,True,False,True,True,13.2994,False,False,False,False,False
net_cancel_persist_fut_5bps_15s_eth,feature,eth,S5,net_cancel_persist_fut_5bps_15s,B5_dynamics,Dynamics,True,False,True,True,13.2994,False,False,False,False,False
net_cancel_persist_fut_5bps_60s_btc,feature,btc,S5,net_cancel_persist_fut_5bps_60s,B5_dynamics,Dynamics,True,True,True,True,8.8523,False,False,False,False,False
net_cancel_persist_fut_5bps_60s_eth,feature,eth,S5,net_cancel_persist_fut_5bps_60s,B5_dynamics,Dynamics,True,True,True,True,8.8523,False,False,False,True,False
net_cancel_persist_sf_5bps_900s_btc,feature,btc,S5,net_cancel_persist_sf_5bps_900s,B4_cross_market,Cross-Market,True,True,True,True,6.1694,True,True,False,True,False
net_cancel_persist_sf_5bps_900s_eth,feature,eth,S5,net_cancel_persist_sf_5bps_900s,B4_cross_market,Cross-Market,True,True,True,True,6.1694,True,False,True,False,False
net_cancel_persist_spot_10bps_15s_btc,feature,btc,S5,net_cancel_persist_spot_10bps_15s,B5_dynamics,Dynamics,True,False,True,True,16.7129,False,False,False,False,False
net_cancel_persist_spot_10bps_15s_eth,feature,eth,S5,net_cancel_persist_spot_10bps_15s,B5_dynamics,Dynamics,True,False,True,True,16.7129,False,False,False,True,False
net_cancel_persist_spot_10bps_60s_btc,feature,btc,S5,net_cancel_persist_spot_10bps_60s,B5_dynamics,Dynamics,True,False,True,True,12.5746,False,False,False,False,False
net_cancel_persist_spot_10bps_60s_eth,feature,eth,S5,net_cancel_persist_spot_10bps_60s,B5_dynamics,Dynamics,True,False,True,True,12.5746,False,False,False,True,False
net_cancel_persist_spot_2bps_15s_btc,feature,btc,S5,net_cancel_persist_spot_2bps_15s,B5_dynamics,Dynamics,True,False,True,True,16.5225,False,False,False,False,False
net_cancel_persist_spot_2bps_15s_eth,feature,eth,S5,net_cancel_persist_spot_2bps_15s,B5_dynamics,Dynamics,True,False,True,True,16.5225,False,False,False,False,False
net_cancel_persist_spot_2bps_60s_btc,feature,btc,S5,net_cancel_persist_spot_2bps_60s,B5_dynamics,Dynamics,True,False,True,True,14.1371,True,False,False,False,False
net_cancel_persist_spot_2bps_60s_eth,feature,eth,S5,net_cancel_persist_spot_2bps_60s,B5_dynamics,Dynamics,True,False,True,True,14.1371,False,False,False,True,False
net_cancel_persist_spot_5bps_15s_btc,feature,btc,S5,net_cancel_persist_spot_5bps_15s,B5_dynamics,Dynamics,True,False,True,True,19.6008,False,False,False,False,False
net_cancel_persist_spot_5bps_15s_eth,feature,eth,S5,net_cancel_persist_spot_5bps_15s,B5_dynamics,Dynamics,True,False,True,True,19.6008,False,False,False,False,False
net_cancel_persist_spot_5bps_60s_btc,feature,btc,S5,net_cancel_persist_spot_5bps_60s,B5_dynamics,Dynamics,True,True,True,True,9.5716,True,False,False,False,False
net_cancel_persist_spot_5bps_60s_eth,feature,eth,S5,net_cancel_persist_spot_5bps_60s,B5_dynamics,Dynamics,True,True,True,True,9.5716,False,False,False,False,False
net_cancel_pressure_fut_10bps_1s_btc,feature,btc,S5,net_cancel_pressure_fut_10bps_1s,B1_imbalance,Pressure,True,False,True,True,5830.9015,False,False,False,False,False
net_cancel_pressure_fut_10bps_1s_eth,feature,eth,S5,net_cancel_pressure_fut_10bps_1s,B1_imbalance,Pressure,True,False,True,True,5830.9015,False,False,False,False,False
net_cancel_pressure_fut_2bps_15s_btc,feature,btc,S5,net_cancel_pressure_fut_2bps_15s,B1_imbalance,Pressure,True,False,True,True,5968.1452,False,False,False,False,False
net_cancel_pressure_fut_2bps_15s_eth,feature,eth,S5,net_cancel_pressure_fut_2bps_15s,B1_imbalance,Pressure,True,False,True,True,5968.1452,False,False,False,False,False
net_cancel_pressure_fut_2bps_1s_btc,feature,btc,S5,net_cancel_pressure_fut_2bps_1s,B1_imbalance,Pressure,True,False,True,True,6400.0423,False,False,False,False,False
net_cancel_pressure_fut_2bps_1s_eth,feature,eth,S5,net_cancel_pressure_fut_2bps_1s,B1_imbalance,Pressure,True,False,True,True,6400.0423,False,False,False,False,False
net_cancel_pressure_fut_2bps_60s_btc,feature,btc,S5,net_cancel_pressure_fut_2bps_60s,B1_imbalance,Pressure,True,False,True,True,5614.4682,True,True,False,False,False
net_cancel_pressure_fut_2bps_60s_eth,feature,eth,S5,net_cancel_pressure_fut_2bps_60s,B1_imbalance,Pressure,True,False,True,True,5614.4682,False,False,False,False,False
net_cancel_pressure_fut_5bps_15s_btc,feature,btc,S5,net_cancel_pressure_fut_5bps_15s,B1_imbalance,Pressure,True,False,True,True,5017.6836,False,False,False,False,False
net_cancel_pressure_fut_5bps_15s_eth,feature,eth,S5,net_cancel_pressure_fut_5bps_15s,B1_imbalance,Pressure,True,False,True,True,5017.6836,False,False,False,False,False
net_cancel_pressure_fut_5bps_1s_btc,feature,btc,S5,net_cancel_pressure_fut_5bps_1s,B1_imbalance,Pressure,True,False,True,True,6358.4232,False,False,False,False,False
net_cancel_pressure_fut_5bps_1s_eth,feature,eth,S5,net_cancel_pressure_fut_5bps_1s,B1_imbalance,Pressure,True,False,True,True,6358.4232,False,False,False,False,False
net_cancel_pressure_fut_5bps_60s_btc,feature,btc,S5,net_cancel_pressure_fut_5bps_60s,B1_imbalance,Pressure,True,False,True,True,5061.5389,False,False,False,True,False
net_cancel_pressure_fut_5bps_60s_eth,feature,eth,S5,net_cancel_pressure_fut_5bps_60s,B1_imbalance,Pressure,True,False,True,True,5061.5389,False,False,False,False,False
net_cancel_pressure_spot_10bps_1s_btc,feature,btc,S5,net_cancel_pressure_spot_10bps_1s,B1_imbalance,Pressure,True,False,True,True,5254.9294,False,False,False,False,False
net_cancel_pressure_spot_10bps_1s_eth,feature,eth,S5,net_cancel_pressure_spot_10bps_1s,B1_imbalance,Pressure,True,False,True,True,5254.9294,False,False,False,False,False
net_cancel_pressure_spot_2bps_15s_btc,feature,btc,S5,net_cancel_pressure_spot_2bps_15s,B1_imbalance,Pressure,True,False,True,True,5510.7609,False,False,False,False,False
net_cancel_pressure_spot_2bps_15s_eth,feature,eth,S5,net_cancel_pressure_spot_2bps_15s,B1_imbalance,Pressure,True,False,True,True,5510.7609,False,False,False,False,False
net_cancel_pressure_spot_2bps_1s_btc,feature,btc,S5,net_cancel_pressure_spot_2bps_1s,B1_imbalance,Pressure,True,False,True,True,6729.5377,False,False,False,False,False
net_cancel_pressure_spot_2bps_1s_eth,feature,eth,S5,net_cancel_pressure_spot_2bps_1s,B1_imbalance,Pressure,True,False,True,True,6729.5377,False,False,False,False,False
net_cancel_pressure_spot_2bps_60s_btc,feature,btc,S5,net_cancel_pressure_spot_2bps_60s,B1_imbalance,Pressure,True,False,True,True,5280.0583,True,False,False,False,False
net_cancel_pressure_spot_2bps_60s_eth,feature,eth,S5,net_cancel_pressure_spot_2bps_60s,B1_imbalance,Pressure,True,False,True,True,5280.0583,False,False,False,False,False
net_cancel_pressure_spot_5bps_15s_btc,feature,btc,S5,net_cancel_pressure_spot_5bps_15s,B1_imbalance,Pressure,True,False,True,True,5017.5715,False,False,False,False,False
net_cancel_pressure_spot_5bps_15s_eth,feature,eth,S5,net_cancel_pressure_spot_5bps_15s,B1_imbalance,Pressure,True,False,True,True,5017.5715,False,False,False,False,False
net_cancel_pressure_spot_5bps_1s_btc,feature,btc,S5,net_cancel_pressure_spot_5bps_1s,B1_imbalance,Pressure,True,False,True,True,5729.6058,False,False,False,False,False
net_cancel_pressure_spot_5bps_1s_eth,feature,eth,S5,net_cancel_pressure_spot_5bps_1s,B1_imbalance,Pressure,True,False,True,True,5729.6058,False,False,False,False,False
net_cancel_pressure_spot_5bps_60s_btc,feature,btc,S5,net_cancel_pressure_spot_5bps_60s,B1_imbalance,Pressure,True,False,True,True,5029.8,False,False,False,False,False
net_cancel_pressure_spot_5bps_60s_eth,feature,eth,S5,net_cancel_pressure_spot_5bps_60s,B1_imbalance,Pressure,True,False,True,True,5029.8,False,False,False,False,False
net_cancel_robust_z_fut_10bps_15s_btc,feature,btc,S5,net_cancel_robust_z_fut_10bps_15s,B1_imbalance,Pressure,True,True,True,True,7.7714,False,False,False,False,False
net_cancel_robust_z_fut_10bps_15s_eth,feature,eth,S5,net_cancel_robust_z_fut_10bps_15s,B1_imbalance,Pressure,True,True,True,True,7.7714,False,False,False,False,False
net_cancel_robust_z_fut_10bps_60s_btc,feature,btc,S5,net_cancel_robust_z_fut_10bps_60s,B1_imbalance,Pressure,True,True,True,True,7.4781,False,False,False,False,False
net_cancel_robust_z_fut_10bps_60s_eth,feature,eth,S5,net_cancel_robust_z_fut_10bps_60s,B1_imbalance,Pressure,True,True,True,True,7.4781,False,False,False,False,False
net_cancel_robust_z_fut_2bps_15s_btc,feature,btc,S5,net_cancel_robust_z_fut_2bps_15s,B1_imbalance,Pressure,True,True,True,True,7.6656,False,False,False,False,False
net_cancel_robust_z_fut_2bps_15s_eth,feature,eth,S5,net_cancel_robust_z_fut_2bps_15s,B1_imbalance,Pressure,True,True,True,True,7.6656,False,False,False,False,False
net_cancel_robust_z_fut_2bps_60s_btc,feature,btc,S5,net_cancel_robust_z_fut_2bps_60s,B1_imbalance,Pressure,True,True,True,True,5.3106,False,False,False,False,False
net_cancel_robust_z_fut_2bps_60s_eth,feature,eth,S5,net_cancel_robust_z_fut_2bps_60s,B1_imbalance,Pressure,True,True,True,True,5.3106,False,False,False,True,False
net_cancel_robust_z_fut_5bps_15s_btc,feature,btc,S5,net_cancel_robust_z_fut_5bps_15s,B1_imbalance,Pressure,True,True,True,True,6.8931,False,False,False,False,False
net_cancel_robust_z_fut_5bps_15s_eth,feature,eth,S5,net_cancel_robust_z_fut_5bps_15s,B1_imbalance,Pressure,True,True,True,True,6.8931,False,False,False,False,False
net_cancel_robust_z_fut_5bps_60s_btc,feature,btc,S5,net_cancel_robust_z_fut_5bps_60s,B1_imbalance,Pressure,True,True,True,True,5.7283,False,False,False,False,False
net_cancel_robust_z_fut_5bps_60s_eth,feature,eth,S5,net_cancel_robust_z_fut_5bps_60s,B1_imbalance,Pressure,True,True,True,True,5.7283,False,False,False,False,False
net_cancel_robust_z_spot_10bps_15s_btc,feature,btc,S5,net_cancel_robust_z_spot_10bps_15s,B1_imbalance,Pressure,True,True,True,True,8.685,False,False,False,False,False
net_cancel_robust_z_spot_10bps_15s_eth,feature,eth,S5,net_cancel_robust_z_spot_10bps_15s,B1_imbalance,Pressure,True,True,True,True,8.685,False,False,False,False,False
net_cancel_robust_z_spot_10bps_60s_btc,feature,btc,S5,net_cancel_robust_z_spot_10bps_60s,B1_imbalance,Pressure,True,False,True,True,11.4424,False,False,False,True,False
net_cancel_robust_z_spot_10bps_60s_eth,feature,eth,S5,net_cancel_robust_z_spot_10bps_60s,B1_imbalance,Pressure,True,False,True,True,11.4424,False,False,False,True,False
net_cancel_robust_z_spot_2bps_15s_btc,feature,btc,S5,net_cancel_robust_z_spot_2bps_15s,B1_imbalance,Pressure,True,True,True,True,8.1489,False,False,False,False,False
net_cancel_robust_z_spot_2bps_15s_eth,feature,eth,S5,net_cancel_robust_z_spot_2bps_15s,B1_imbalance,Pressure,True,True,True,True,8.1489,False,False,False,False,False
net_cancel_robust_z_spot_2bps_60s_btc,feature,btc,S5,net_cancel_robust_z_spot_2bps_60s,B1_imbalance,Pressure,True,False,True,True,11.1603,False,False,False,False,False
net_cancel_robust_z_spot_2bps_60s_eth,feature,eth,S5,net_cancel_robust_z_spot_2bps_60s,B1_imbalance,Pressure,True,False,True,True,11.1603,False,False,False,False,False
net_cancel_robust_z_spot_5bps_15s_btc,feature,btc,S5,net_cancel_robust_z_spot_5bps_15s,B1_imbalance,Pressure,True,False,True,True,10.5983,False,False,False,False,False
net_cancel_robust_z_spot_5bps_15s_eth,feature,eth,S5,net_cancel_robust_z_spot_5bps_15s,B1_imbalance,Pressure,True,False,True,True,10.5983,False,False,False,False,False
net_cancel_robust_z_spot_5bps_60s_btc,feature,btc,S5,net_cancel_robust_z_spot_5bps_60s,B1_imbalance,Pressure,True,False,True,True,15.249,False,False,False,False,False
net_cancel_robust_z_spot_5bps_60s_eth,feature,eth,S5,net_cancel_robust_z_spot_5bps_60s,B1_imbalance,Pressure,True,False,True,True,15.249,False,False,False,False,False
net_cancel_sf_5bps_900s_btc,feature,btc,S5,net_cancel_sf_5bps_900s,B4_cross_market,Cross-Market,True,True,True,True,2.089,True,False,False,False,False
net_cancel_sf_5bps_900s_eth,feature,eth,S5,net_cancel_sf_5bps_900s,B4_cross_market,Cross-Market,True,True,True,True,2.089,True,True,False,False,True
net_cancel_spot_10bps_15s_btc,feature,btc,S5,net_cancel_spot_10bps_15s,B1_imbalance,Pressure,True,False,True,True,55.8029,False,False,False,False,False
net_cancel_spot_10bps_15s_eth,feature,eth,S5,net_cancel_spot_10bps_15s,B1_imbalance,Pressure,True,False,True,True,55.8029,False,False,False,True,False
net_cancel_spot_10bps_1s_btc,feature,btc,S5,net_cancel_spot_10bps_1s,B1_imbalance,Pressure,True,False,True,True,5254.9294,False,False,False,False,False
net_cancel_spot_10bps_1s_eth,feature,eth,S5,net_cancel_spot_10bps_1s,B1_imbalance,Pressure,True,False,True,True,5254.9294,False,False,False,False,False
net_cancel_spot_10bps_5s_btc,feature,btc,S5,net_cancel_spot_10bps_5s,B1_imbalance,Pressure,True,False,True,True,90.001,False,False,False,False,False
net_cancel_spot_10bps_5s_eth,feature,eth,S5,net_cancel_spot_10bps_5s,B1_imbalance,Pressure,True,False,True,True,90.001,False,False,False,False,False
net_cancel_spot_10bps_60s_btc,feature,btc,S5,net_cancel_spot_10bps_60s,B1_imbalance,Pressure,True,False,True,True,111.5422,False,False,False,False,False
net_cancel_spot_10bps_60s_eth,feature,eth,S5,net_cancel_spot_10bps_60s,B1_imbalance,Pressure,True,False,True,True,111.5422,False,False,False,True,False
net_cancel_spot_2bps_15s_btc,feature,btc,S5,net_cancel_spot_2bps_15s,B1_imbalance,Pressure,True,False,True,True,5510.833,False,False,False,False,False
net_cancel_spot_2bps_15s_eth,feature,eth,S5,net_cancel_spot_2bps_15s,B1_imbalance,Pressure,True,False,True,True,5510.833,False,False,False,False,False
net_cancel_spot_2bps_1s_eth,feature,eth,S5,net_cancel_spot_2bps_1s,B1_imbalance,Pressure,True,False,True,True,6729.5377,False,False,False,False,False
net_cancel_spot_2bps_5s_btc,feature,btc,S5,net_cancel_spot_2bps_5s,B1_imbalance,Pressure,True,False,True,True,44.9121,False,False,False,False,False
net_cancel_spot_2bps_5s_eth,feature,eth,S5,net_cancel_spot_2bps_5s,B1_imbalance,Pressure,True,False,True,True,44.9121,False,False,False,False,False
net_cancel_spot_2bps_60s_btc,feature,btc,S5,net_cancel_spot_2bps_60s,B1_imbalance,Pressure,True,False,True,True,5283.011,False,False,False,False,False
net_cancel_spot_2bps_60s_eth,feature,eth,S5,net_cancel_spot_2bps_60s,B1_imbalance,Pressure,True,False,True,True,5283.011,False,False,False,False,False
net_cancel_spot_5bps_15s_btc,feature,btc,S5,net_cancel_spot_5bps_15s,B1_imbalance,Pressure,True,False,True,True,5017.5854,False,False,False,False,False
net_cancel_spot_5bps_15s_eth,feature,eth,S5,net_cancel_spot_5bps_15s,B1_imbalance,Pressure,True,False,True,True,5017.5854,False,False,False,False,False
net_cancel_spot_5bps_1s_btc,feature,btc,S5,net_cancel_spot_5bps_1s,B1_imbalance,Pressure,True,False,True,True,5729.6058,False,False,False,False,False
net_cancel_spot_5bps_1s_eth,feature,eth,S5,net_cancel_spot_5bps_1s,B1_imbalance,Pressure,True,False,True,True,5729.6058,False,False,False,False,False
net_cancel_spot_5bps_5s_btc,feature,btc,S5,net_cancel_spot_5bps_5s,B1_imbalance,Pressure,True,False,True,True,44.0466,False,False,False,False,False
net_cancel_spot_5bps_5s_eth,feature,eth,S5,net_cancel_spot_5bps_5s,B1_imbalance,Pressure,True,False,True,True,44.0466,False,False,False,False,False
net_cancel_spot_5bps_60s_btc,feature,btc,S5,net_cancel_spot_5bps_60s,B1_imbalance,Pressure,True,False,True,True,5029.6996,False,False,False,True,False
net_cancel_spot_5bps_60s_eth,feature,eth,S5,net_cancel_spot_5bps_60s,B1_imbalance,Pressure,True,False,True,True,5029.6996,False,False,False,False,False
net_cancel_spot_5bps_900s_btc,feature,btc,S5,net_cancel_spot_5bps_900s,B1_imbalance,Pressure,True,False,True,True,209.0162,True,False,True,True,True
net_cancel_spot_5bps_900s_eth,feature,eth,S5,net_cancel_spot_5bps_900s,B1_imbalance,Pressure,True,False,True,True,209.0162,True,False,False,False,False
net_pressure_flip_rate_fut_10bps_300s_btc,feature,btc,S5,net_pressure_flip_rate_fut_10bps_300s,B5_dynamics,Dynamics,True,False,False,True,5606.7573,False,False,False,True,False
net_pressure_flip_rate_fut_10bps_300s_eth,feature,eth,S5,net_pressure_flip_rate_fut_10bps_300s,B5_dynamics,Dynamics,True,False,False,True,5606.7573,False,False,False,False,False
net_pressure_flip_rate_fut_10bps_60s_btc,feature,btc,S5,net_pressure_flip_rate_fut_10bps_60s,B5_dynamics,Dynamics,True,False,False,True,5028.8342,False,False,False,False,False
net_pressure_flip_rate_fut_10bps_60s_eth,feature,eth,S5,net_pressure_flip_rate_fut_10bps_60s,B5_dynamics,Dynamics,True,False,False,True,5028.8342,False,False,False,False,False
net_pressure_flip_rate_fut_5bps_300s_btc,feature,btc,S5,net_pressure_flip_rate_fut_5bps_300s,B5_dynamics,Dynamics,True,False,False,True,6149.7869,False,False,False,True,False
net_pressure_flip_rate_fut_5bps_300s_eth,feature,eth,S5,net_pressure_flip_rate_fut_5bps_300s,B5_dynamics,Dynamics,True,False,False,True,6149.7869,False,False,False,False,False
net_pressure_flip_rate_fut_5bps_60s_btc,feature,btc,S5,net_pressure_flip_rate_fut_5bps_60s,B5_dynamics,Dynamics,True,False,False,True,5033.7676,False,False,False,True,False
net_pressure_flip_rate_fut_5bps_60s_eth,feature,eth,S5,net_pressure_flip_rate_fut_5bps_60s,B5_dynamics,Dynamics,True,False,False,True,5033.7676,False,False,False,False,False
net_pressure_flip_rate_spot_10bps_300s_btc,feature,btc,S5,net_pressure_flip_rate_spot_10bps_300s,B5_dynamics,Dynamics,True,False,False,True,5543.5467,False,True,False,False,False
net_pressure_flip_rate_spot_10bps_300s_eth,feature,eth,S5,net_pressure_flip_rate_spot_10bps_300s,B5_dynamics,Dynamics,True,False,False,True,5543.5467,False,False,False,False,False
net_pressure_flip_rate_spot_10bps_60s_btc,feature,btc,S5,net_pressure_flip_rate_spot_10bps_60s,B5_dynamics,Dynamics,True,False,False,True,5038.2563,False,False,False,False,False
net_pressure_flip_rate_spot_10bps_60s_eth,feature,eth,S5,net_pressure_flip_rate_spot_10bps_60s,B5_dynamics,Dynamics,True,False,False,True,5038.2563,False,False,False,False,False
net_pressure_flip_rate_spot_5bps_300s_btc,feature,btc,S5,net_pressure_flip_rate_spot_5bps_300s,B5_dynamics,Dynamics,True,False,False,True,5709.727,False,False,False,False,False
net_pressure_flip_rate_spot_5bps_300s_eth,feature,eth,S5,net_pressure_flip_rate_spot_5bps_300s,B5_dynamics,Dynamics,True,False,False,True,5709.727,True,False,False,True,False
net_pressure_flip_rate_spot_5bps_60s_btc,feature,btc,S5,net_pressure_flip_rate_spot_5bps_60s,B5_dynamics,Dynamics,True,False,False,True,5038.1385,False,False,False,False,False
net_pressure_flip_rate_spot_5bps_60s_eth,feature,eth,S5,net_pressure_flip_rate_spot_5bps_60s,B5_dynamics,Dynamics,True,False,False,True,5038.1385,False,False,False,False,False
net_pressure_fut_10bps_15s_btc,feature,btc,S5,net_pressure_fut_10bps_15s,B1_imbalance,Pressure,True,False,True,True,6670.6502,False,False,False,False,False
net_pressure_fut_10bps_15s_eth,feature,eth,S5,net_pressure_fut_10bps_15s,B1_imbalance,Pressure,True,False,True,True,6670.6502,False,False,False,False,False
net_pressure_fut_10bps_5s_btc,feature,btc,S5,net_pressure_fut_10bps_5s,B1_imbalance,Pressure,True,False,True,True,5015.7101,False,False,False,False,False
net_pressure_fut_10bps_5s_eth,feature,eth,S5,net_pressure_fut_10bps_5s,B1_imbalance,Pressure,True,False,True,True,5015.7101,False,False,False,False,False
net_pressure_fut_10bps_60s_btc,feature,btc,S5,net_pressure_fut_10bps_60s,B1_imbalance,Pressure,True,False,True,True,6672.2983,False,False,False,False,False
net_pressure_fut_10bps_60s_eth,feature,eth,S5,net_pressure_fut_10bps_60s,B1_imbalance,Pressure,True,False,True,True,6672.2983,False,False,False,False,False
net_pressure_fut_1bps_15s_btc,feature,btc,S5,net_pressure_fut_1bps_15s,B1_imbalance,Pressure,True,False,True,True,32.2708,False,False,False,False,False
net_pressure_fut_1bps_15s_eth,feature,eth,S5,net_pressure_fut_1bps_15s,B1_imbalance,Pressure,True,False,True,True,32.2708,False,False,False,False,False
net_pressure_fut_1bps_5s_btc,feature,btc,S5,net_pressure_fut_1bps_5s,B1_imbalance,Pressure,True,False,True,True,153.2709,False,False,False,False,False
net_pressure_fut_1bps_5s_eth,feature,eth,S5,net_pressure_fut_1bps_5s,B1_imbalance,Pressure,True,False,True,True,153.2709,False,False,False,False,False
net_pressure_fut_1bps_60s_btc,feature,btc,S5,net_pressure_fut_1bps_60s,B1_imbalance,Pressure,True,False,True,True,28.2891,False,False,False,True,False
net_pressure_fut_1bps_60s_eth,feature,eth,S5,net_pressure_fut_1bps_60s,B1_imbalance,Pressure,True,False,True,True,28.2891,False,False,False,False,False
net_pressure_fut_2bps_15s_btc,feature,btc,S5,net_pressure_fut_2bps_15s,B1_imbalance,Pressure,True,False,True,True,6684.6322,False,False,False,False,False
net_pressure_fut_2bps_15s_eth,feature,eth,S5,net_pressure_fut_2bps_15s,B1_imbalance,Pressure,True,False,True,True,6684.6322,False,False,False,False,False
net_pressure_fut_2bps_5s_btc,feature,btc,S5,net_pressure_fut_2bps_5s,B1_imbalance,Pressure,True,False,True,True,5006.8963,False,False,False,False,False
net_pressure_fut_2bps_5s_eth,feature,eth,S5,net_pressure_fut_2bps_5s,B1_imbalance,Pressure,True,False,True,True,5006.8963,False,False,False,False,False
net_pressure_fut_2bps_60s_btc,feature,btc,S5,net_pressure_fut_2bps_60s,B1_imbalance,Pressure,True,False,True,True,6672.3616,False,False,False,False,False
net_pressure_fut_2bps_60s_eth,feature,eth,S5,net_pressure_fut_2bps_60s,B1_imbalance,Pressure,True,False,True,True,6672.3616,False,False,False,False,False
net_pressure_fut_5bps_15s_btc,feature,btc,S5,net_pressure_fut_5bps_15s,B1_imbalance,Pressure,True,False,True,True,6668.9938,False,False,False,False,False
net_pressure_fut_5bps_15s_eth,feature,eth,S5,net_pressure_fut_5bps_15s,B1_imbalance,Pressure,True,False,True,True,6668.9938,False,False,False,False,False
net_pressure_fut_5bps_5s_btc,feature,btc,S5,net_pressure_fut_5bps_5s,B1_imbalance,Pressure,True,False,True,True,5006.5381,False,False,False,False,False
net_pressure_fut_5bps_5s_eth,feature,eth,S5,net_pressure_fut_5bps_5s,B1_imbalance,Pressure,True,False,True,True,5006.5381,False,False,False,False,False
net_pressure_fut_5bps_60s_btc,feature,btc,S5,net_pressure_fut_5bps_60s,B1_imbalance,Pressure,True,False,True,True,6669.315,False,False,False,False,False
net_pressure_fut_5bps_60s_eth,feature,eth,S5,net_pressure_fut_5bps_60s,B1_imbalance,Pressure,True,False,True,True,6669.315,False,False,False,False,False
net_pressure_logratio_2bps_5bps_fut_15s_btc,feature,btc,S5,net_pressure_logratio_2bps_5bps_fut_15s,B1_imbalance,Pressure,True,False,False,True,6673.3894,False,False,False,False,False
net_pressure_logratio_2bps_5bps_fut_15s_eth,feature,eth,S5,net_pressure_logratio_2bps_5bps_fut_15s,B1_imbalance,Pressure,True,False,False,True,6673.3894,False,False,False,False,False
net_pressure_logratio_2bps_5bps_fut_1s_btc,feature,btc,S5,net_pressure_logratio_2bps_5bps_fut_1s,B1_imbalance,Pressure,True,False,False,True,6673.3894,False,False,False,False,False
net_pressure_logratio_2bps_5bps_fut_1s_eth,feature,eth,S5,net_pressure_logratio_2bps_5bps_fut_1s,B1_imbalance,Pressure,True,False,False,True,6673.3894,False,False,False,False,False
net_pressure_logratio_2bps_5bps_fut_5s_btc,feature,btc,S5,net_pressure_logratio_2bps_5bps_fut_5s,B1_imbalance,Pressure,True,True,True,True,5.0013,False,False,False,False,False
net_pressure_logratio_2bps_5bps_fut_5s_eth,feature,eth,S5,net_pressure_logratio_2bps_5bps_fut_5s,B1_imbalance,Pressure,True,True,True,True,5.0013,False,False,False,False,False
net_pressure_logratio_2bps_5bps_fut_60s_btc,feature,btc,S5,net_pressure_logratio_2bps_5bps_fut_60s,B1_imbalance,Pressure,True,False,True,True,6673.3894,False,False,False,False,False
net_pressure_logratio_2bps_5bps_spot_15s_btc,feature,btc,S5,net_pressure_logratio_2bps_5bps_spot_15s,B1_imbalance,Pressure,True,False,False,True,6673.0303,False,False,False,False,False
net_pressure_logratio_2bps_5bps_spot_15s_eth,feature,eth,S5,net_pressure_logratio_2bps_5bps_spot_15s,B1_imbalance,Pressure,True,False,False,True,6673.0303,False,False,False,False,False
net_pressure_logratio_2bps_5bps_spot_1s_btc,feature,btc,S5,net_pressure_logratio_2bps_5bps_spot_1s,B1_imbalance,Pressure,True,False,False,True,6673.0303,False,False,False,False,False
net_pressure_logratio_2bps_5bps_spot_1s_eth,feature,eth,S5,net_pressure_logratio_2bps_5bps_spot_1s,B1_imbalance,Pressure,True,False,False,True,6673.0303,False,False,False,False,False
net_pressure_logratio_2bps_5bps_spot_5s_btc,feature,btc,S5,net_pressure_logratio_2bps_5bps_spot_5s,B1_imbalance,Pressure,True,True,True,True,4.4355,False,False,False,False,False
net_pressure_logratio_2bps_5bps_spot_5s_eth,feature,eth,S5,net_pressure_logratio_2bps_5bps_spot_5s,B1_imbalance,Pressure,True,True,True,True,4.4355,False,False,False,False,False
net_pressure_logratio_2bps_5bps_spot_60s_btc,feature,btc,S5,net_pressure_logratio_2bps_5bps_spot_60s,B1_imbalance,Pressure,True,False,True,True,6673.0303,False,False,False,False,False
net_pressure_logratio_2bps_5bps_spot_60s_eth,feature,eth,S5,net_pressure_logratio_2bps_5bps_spot_60s,B1_imbalance,Pressure,True,False,True,True,6673.0303,False,False,False,False,False
net_pressure_logratio_5bps_10bps_fut_15s_btc,feature,btc,S5,net_pressure_logratio_5bps_10bps_fut_15s,B1_imbalance,Pressure,True,False,False,True,6669.9202,False,False,False,False,False
net_pressure_logratio_5bps_10bps_fut_1s_btc,feature,btc,S5,net_pressure_logratio_5bps_10bps_fut_1s,B1_imbalance,Pressure,True,False,False,True,6669.9202,False,False,False,False,False
net_pressure_logratio_5bps_10bps_fut_1s_eth,feature,eth,S5,net_pressure_logratio_5bps_10bps_fut_1s,B1_imbalance,Pressure,True,False,False,True,6669.9202,False,False,False,False,False
net_pressure_logratio_5bps_10bps_fut_5s_btc,feature,btc,S5,net_pressure_logratio_5bps_10bps_fut_5s,B1_imbalance,Pressure,True,True,True,True,4.2956,False,False,False,False,False
net_pressure_logratio_5bps_10bps_fut_5s_eth,feature,eth,S5,net_pressure_logratio_5bps_10bps_fut_5s,B1_imbalance,Pressure,True,True,True,True,4.2956,False,False,False,False,False
net_pressure_logratio_5bps_10bps_fut_60s_btc,feature,btc,S5,net_pressure_logratio_5bps_10bps_fut_60s,B1_imbalance,Pressure,True,False,True,True,6669.9202,False,False,False,False,False
net_pressure_logratio_5bps_10bps_spot_15s_btc,feature,btc,S5,net_pressure_logratio_5bps_10bps_spot_15s,B1_imbalance,Pressure,True,False,False,True,6669.02,False,False,False,False,False
net_pressure_logratio_5bps_10bps_spot_15s_eth,feature,eth,S5,net_pressure_logratio_5bps_10bps_spot_15s,B1_imbalance,Pressure,True,False,False,True,6669.02,False,False,False,False,False
net_pressure_logratio_5bps_10bps_spot_1s_btc,feature,btc,S5,net_pressure_logratio_5bps_10bps_spot_1s,B1_imbalance,Pressure,True,False,False,True,6669.02,False,False,False,False,False
net_pressure_logratio_5bps_10bps_spot_1s_eth,feature,eth,S5,net_pressure_logratio_5bps_10bps_spot_1s,B1_imbalance,Pressure,True,False,False,True,6669.02,False,False,False,False,False
net_pressure_logratio_5bps_10bps_spot_5s_btc,feature,btc,S5,net_pressure_logratio_5bps_10bps_spot_5s,B1_imbalance,Pressure,True,True,True,True,4.0987,False,False,False,False,False
net_pressure_logratio_5bps_10bps_spot_5s_eth,feature,eth,S5,net_pressure_logratio_5bps_10bps_spot_5s,B1_imbalance,Pressure,True,True,True,True,4.0987,False,False,False,False,False
net_pressure_logratio_5bps_10bps_spot_60s_btc,feature,btc,S5,net_pressure_logratio_5bps_10bps_spot_60s,B1_imbalance,Pressure,True,False,True,True,6669.02,False,False,False,False,False
net_pressure_logratio_5bps_10bps_spot_60s_eth,feature,eth,S5,net_pressure_logratio_5bps_10bps_spot_60s,B1_imbalance,Pressure,True,False,True,True,6669.02,False,False,False,False,False
net_pressure_pct_rank_fut_2bps_15s_btc,feature,btc,S5,net_pressure_pct_rank_fut_2bps_15s,B1_imbalance,Pressure,True,False,True,True,10.4128,False,False,False,False,False
net_pressure_pct_rank_fut_2bps_15s_eth,feature,eth,S5,net_pressure_pct_rank_fut_2bps_15s,B1_imbalance,Pressure,True,False,True,True,10.4128,False,False,False,False,False
net_pressure_pct_rank_fut_2bps_5s_btc,feature,btc,S5,net_pressure_pct_rank_fut_2bps_5s,B1_imbalance,Pressure,True,False,True,True,15.4049,False,False,False,False,False
net_pressure_pct_rank_fut_2bps_60s_btc,feature,btc,S5,net_pressure_pct_rank_fut_2bps_60s,B1_imbalance,Pressure,True,False,True,True,14.9039,False,False,False,False,False
net_pressure_pct_rank_fut_2bps_60s_eth,feature,eth,S5,net_pressure_pct_rank_fut_2bps_60s,B1_imbalance,Pressure,True,False,True,True,14.9039,False,False,False,False,False
net_pressure_pct_rank_fut_5bps_15s_btc,feature,btc,S5,net_pressure_pct_rank_fut_5bps_15s,B1_imbalance,Pressure,True,True,True,True,9.7339,False,False,False,False,False
net_pressure_pct_rank_fut_5bps_15s_eth,feature,eth,S5,net_pressure_pct_rank_fut_5bps_15s,B1_imbalance,Pressure,True,True,True,True,9.7339,False,False,False,False,False
net_pressure_pct_rank_fut_5bps_5s_eth,feature,eth,S5,net_pressure_pct_rank_fut_5bps_5s,B1_imbalance,Pressure,True,True,True,True,8.3398,False,False,False,False,False
net_pressure_pct_rank_fut_5bps_60s_btc,feature,btc,S5,net_pressure_pct_rank_fut_5bps_60s,B1_imbalance,Pressure,True,False,True,True,19.0317,False,False,False,False,False
net_pressure_pct_rank_fut_5bps_60s_eth,feature,eth,S5,net_pressure_pct_rank_fut_5bps_60s,B1_imbalance,Pressure,True,False,True,True,19.0317,False,False,False,False,False
net_pressure_persist_fut_10bps_300s_btc,feature,btc,S5,net_pressure_persist_fut_10bps_300s,B5_dynamics,Dynamics,True,False,True,True,5606.7573,False,False,False,False,False
net_pressure_persist_fut_10bps_300s_eth,feature,eth,S5,net_pressure_persist_fut_10bps_300s,B5_dynamics,Dynamics,True,False,True,True,5606.7573,False,False,False,False,False
net_pressure_persist_fut_10bps_60s_btc,feature,btc,S5,net_pressure_persist_fut_10bps_60s,B5_dynamics,Dynamics,True,False,True,True,5028.8342,False,False,False,False,False
net_pressure_persist_fut_10bps_60s_eth,feature,eth,S5,net_pressure_persist_fut_10bps_60s,B5_dynamics,Dynamics,True,False,True,True,5028.8342,False,False,False,False,False
net_pressure_persist_fut_5bps_300s_btc,feature,btc,S5,net_pressure_persist_fut_5bps_300s,B5_dynamics,Dynamics,True,False,True,True,6149.7869,False,False,False,False,False
net_pressure_persist_fut_5bps_300s_eth,feature,eth,S5,net_pressure_persist_fut_5bps_300s,B5_dynamics,Dynamics,True,False,True,True,6149.7869,False,False,False,False,False
net_pressure_persist_fut_5bps_60s_btc,feature,btc,S5,net_pressure_persist_fut_5bps_60s,B5_dynamics,Dynamics,True,False,True,True,5033.7676,False,False,False,False,False
net_pressure_persist_fut_5bps_60s_eth,feature,eth,S5,net_pressure_persist_fut_5bps_60s,B5_dynamics,Dynamics,True,False,True,True,5033.7676,False,False,False,False,False
net_pressure_persist_spot_10bps_300s_btc,feature,btc,S5,net_pressure_persist_spot_10bps_300s,B5_dynamics,Dynamics,True,False,False,True,5543.5467,False,False,False,False,False
net_pressure_persist_spot_10bps_300s_eth,feature,eth,S5,net_pressure_persist_spot_10bps_300s,B5_dynamics,Dynamics,True,False,False,True,5543.5467,False,False,False,False,False
net_pressure_persist_spot_10bps_60s_btc,feature,btc,S5,net_pressure_persist_spot_10bps_60s,B5_dynamics,Dynamics,True,False,True,True,5038.2563,False,False,False,False,False
net_pressure_persist_spot_10bps_60s_eth,feature,eth,S5,net_pressure_persist_spot_10bps_60s,B5_dynamics,Dynamics,True,False,True,True,5038.2563,False,False,False,False,False
net_pressure_persist_spot_5bps_300s_btc,feature,btc,S5,net_pressure_persist_spot_5bps_300s,B5_dynamics,Dynamics,True,False,True,True,5709.727,False,True,False,False,False
net_pressure_persist_spot_5bps_300s_eth,feature,eth,S5,net_pressure_persist_spot_5bps_300s,B5_dynamics,Dynamics,True,False,True,True,5709.727,True,False,False,True,False
net_pressure_persist_spot_5bps_60s_btc,feature,btc,S5,net_pressure_persist_spot_5bps_60s,B5_dynamics,Dynamics,True,False,True,True,5038.1385,False,False,False,False,False
net_pressure_persist_spot_5bps_60s_eth,feature,eth,S5,net_pressure_persist_spot_5bps_60s,B5_dynamics,Dynamics,True,False,True,True,5038.1385,False,False,False,False,False
net_pressure_robust_z_fut_10bps_300s_btc,feature,btc,S5,net_pressure_robust_z_fut_10bps_300s,B1_imbalance,Pressure,True,False,True,True,15.4246,False,False,False,False,False
net_pressure_robust_z_fut_10bps_300s_eth,feature,eth,S5,net_pressure_robust_z_fut_10bps_300s,B1_imbalance,Pressure,True,False,True,True,15.4246,False,False,False,False,False
net_pressure_robust_z_fut_10bps_60s_btc,feature,btc,S5,net_pressure_robust_z_fut_10bps_60s,B1_imbalance,Pressure,True,False,True,True,5006.2389,False,False,False,False,False
net_pressure_robust_z_fut_10bps_60s_eth,feature,eth,S5,net_pressure_robust_z_fut_10bps_60s,B1_imbalance,Pressure,True,False,True,True,5006.2389,False,False,False,False,False
net_pressure_robust_z_fut_5bps_300s_btc,feature,btc,S5,net_pressure_robust_z_fut_5bps_300s,B1_imbalance,Pressure,True,False,True,True,15.8442,False,False,False,False,False
net_pressure_robust_z_fut_5bps_300s_eth,feature,eth,S5,net_pressure_robust_z_fut_5bps_300s,B1_imbalance,Pressure,True,False,True,True,15.8442,False,False,False,False,False
net_pressure_robust_z_fut_5bps_60s_btc,feature,btc,S5,net_pressure_robust_z_fut_5bps_60s,B1_imbalance,Pressure,True,False,True,True,5004.2704,False,False,False,False,False
net_pressure_robust_z_fut_5bps_60s_eth,feature,eth,S5,net_pressure_robust_z_fut_5bps_60s,B1_imbalance,Pressure,True,False,True,True,5004.2704,False,False,False,False,False
net_pressure_robust_z_spot_10bps_300s_btc,feature,btc,S5,net_pressure_robust_z_spot_10bps_300s,B1_imbalance,Pressure,True,False,True,True,45.9073,False,False,False,False,False
net_pressure_robust_z_spot_10bps_300s_eth,feature,eth,S5,net_pressure_robust_z_spot_10bps_300s,B1_imbalance,Pressure,True,False,True,True,45.9073,False,False,False,False,False
net_pressure_robust_z_spot_10bps_60s_btc,feature,btc,S5,net_pressure_robust_z_spot_10bps_60s,B1_imbalance,Pressure,True,False,True,True,5013.7285,False,False,False,False,False
net_pressure_robust_z_spot_10bps_60s_eth,feature,eth,S5,net_pressure_robust_z_spot_10bps_60s,B1_imbalance,Pressure,True,False,True,True,5013.7285,False,False,False,False,False
net_pressure_robust_z_spot_5bps_300s_btc,feature,btc,S5,net_pressure_robust_z_spot_5bps_300s,B1_imbalance,Pressure,True,False,True,True,35.0823,False,False,False,False,False
net_pressure_robust_z_spot_5bps_300s_eth,feature,eth,S5,net_pressure_robust_z_spot_5bps_300s,B1_imbalance,Pressure,True,False,True,True,35.0823,False,False,False,False,False
net_pressure_robust_z_spot_5bps_60s_eth,feature,eth,S5,net_pressure_robust_z_spot_5bps_60s,B1_imbalance,Pressure,True,False,True,True,5015.5479,False,False,False,False,False
net_pressure_shock_fut_10bps_15s_btc,feature,btc,S5,net_pressure_shock_fut_10bps_15s,B5_dynamics,Dynamics,True,True,True,True,6.8569,False,False,False,False,False
net_pressure_shock_fut_10bps_5s_eth,feature,eth,S5,net_pressure_shock_fut_10bps_5s,B5_dynamics,Dynamics,True,True,True,True,4.7006,False,False,False,False,False
net_pressure_shock_fut_10bps_60s_btc,feature,btc,S5,net_pressure_shock_fut_10bps_60s,B5_dynamics,Dynamics,True,False,True,True,13.1409,False,False,False,False,False
net_pressure_shock_fut_10bps_60s_eth,feature,eth,S5,net_pressure_shock_fut_10bps_60s,B5_dynamics,Dynamics,True,False,True,True,13.1409,False,False,False,False,False
net_pressure_shock_fut_1bps_15s_btc,feature,btc,S5,net_pressure_shock_fut_1bps_15s,B5_dynamics,Dynamics,True,True,True,True,6.3205,False,False,False,False,False
net_pressure_shock_fut_1bps_15s_eth,feature,eth,S5,net_pressure_shock_fut_1bps_15s,B5_dynamics,Dynamics,True,True,True,True,6.3205,False,False,False,False,False
net_pressure_shock_fut_1bps_5s_btc,feature,btc,S5,net_pressure_shock_fut_1bps_5s,B5_dynamics,Dynamics,True,True,True,True,2.4837,False,False,False,False,False
net_pressure_shock_fut_1bps_5s_eth,feature,eth,S5,net_pressure_shock_fut_1bps_5s,B5_dynamics,Dynamics,True,True,True,True,2.4837,False,False,False,False,False
net_pressure_shock_fut_1bps_60s_btc,feature,btc,S5,net_pressure_shock_fut_1bps_60s,B5_dynamics,Dynamics,True,False,True,True,10.2538,False,False,False,False,False
net_pressure_shock_fut_1bps_60s_eth,feature,eth,S5,net_pressure_shock_fut_1bps_60s,B5_dynamics,Dynamics,True,False,True,True,10.2538,False,False,False,False,False
net_pressure_shock_fut_2bps_15s_btc,feature,btc,S5,net_pressure_shock_fut_2bps_15s,B5_dynamics,Dynamics,True,False,True,True,57.4178,False,False,False,False,False
net_pressure_shock_fut_2bps_15s_eth,feature,eth,S5,net_pressure_shock_fut_2bps_15s,B5_dynamics,Dynamics,True,False,True,True,57.4178,False,False,False,False,False
net_pressure_shock_fut_2bps_5s_btc,feature,btc,S5,net_pressure_shock_fut_2bps_5s,B5_dynamics,Dynamics,True,False,True,True,14.9282,False,False,False,False,False
net_pressure_shock_fut_2bps_5s_eth,feature,eth,S5,net_pressure_shock_fut_2bps_5s,B5_dynamics,Dynamics,True,False,True,True,14.9282,False,False,False,False,False
net_pressure_shock_fut_2bps_60s_btc,feature,btc,S5,net_pressure_shock_fut_2bps_60s,B5_dynamics,Dynamics,True,False,True,True,54.1084,False,False,False,False,False
net_pressure_shock_fut_2bps_60s_eth,feature,eth,S5,net_pressure_shock_fut_2bps_60s,B5_dynamics,Dynamics,True,False,True,True,54.1084,False,False,False,False,False
net_pressure_shock_fut_5bps_15s_btc,feature,btc,S5,net_pressure_shock_fut_5bps_15s,B5_dynamics,Dynamics,True,False,True,True,11.4573,False,False,False,False,False
net_pressure_shock_fut_5bps_15s_eth,feature,eth,S5,net_pressure_shock_fut_5bps_15s,B5_dynamics,Dynamics,True,False,True,True,11.4573,False,False,False,False,False
net_pressure_shock_fut_5bps_5s_eth,feature,eth,S5,net_pressure_shock_fut_5bps_5s,B5_dynamics,Dynamics,True,True,True,True,4.1347,False,False,False,False,False
net_pressure_shock_fut_5bps_60s_btc,feature,btc,S5,net_pressure_shock_fut_5bps_60s,B5_dynamics,Dynamics,True,False,True,True,35.6016,False,False,False,False,False
net_pressure_shock_fut_5bps_60s_eth,feature,eth,S5,net_pressure_shock_fut_5bps_60s,B5_dynamics,Dynamics,True,False,True,True,35.6016,False,False,False,False,False
net_pressure_shock_spot_10bps_15s_btc,feature,btc,S5,net_pressure_shock_spot_10bps_15s,B5_dynamics,Dynamics,True,True,True,True,8.3347,False,False,False,False,False
net_pressure_shock_spot_10bps_15s_eth,feature,eth,S5,net_pressure_shock_spot_10bps_15s,B5_dynamics,Dynamics,True,True,True,True,8.3347,False,False,False,False,False
net_pressure_shock_spot_10bps_5s_btc,feature,btc,S5,net_pressure_shock_spot_10bps_5s,B5_dynamics,Dynamics,True,True,True,True,5.5117,False,False,False,False,False
net_pressure_shock_spot_10bps_60s_btc,feature,btc,S5,net_pressure_shock_spot_10bps_60s,B5_dynamics,Dynamics,True,False,True,True,27.5284,False,False,False,False,False
net_pressure_shock_spot_10bps_60s_eth,feature,eth,S5,net_pressure_shock_spot_10bps_60s,B5_dynamics,Dynamics,True,False,True,True,27.5284,False,False,False,False,False
net_pressure_shock_spot_1bps_15s_btc,feature,btc,S5,net_pressure_shock_spot_1bps_15s,B5_dynamics,Dynamics,True,True,True,True,3.589,False,False,False,False,False
net_pressure_shock_spot_1bps_15s_eth,feature,eth,S5,net_pressure_shock_spot_1bps_15s,B5_dynamics,Dynamics,True,True,True,True,3.589,False,False,False,False,False
net_pressure_shock_spot_1bps_5s_btc,feature,btc,S5,net_pressure_shock_spot_1bps_5s,B5_dynamics,Dynamics,True,True,True,True,4.7329,False,False,False,False,False
net_pressure_shock_spot_1bps_5s_eth,feature,eth,S5,net_pressure_shock_spot_1bps_5s,B5_dynamics,Dynamics,True,True,True,True,4.7329,False,False,False,False,False
net_pressure_shock_spot_1bps_60s_btc,feature,btc,S5,net_pressure_shock_spot_1bps_60s,B5_dynamics,Dynamics,True,True,True,True,9.8288,False,False,False,True,False
net_pressure_shock_spot_1bps_60s_eth,feature,eth,S5,net_pressure_shock_spot_1bps_60s,B5_dynamics,Dynamics,True,True,True,True,9.8288,False,False,False,False,False
net_pressure_shock_spot_2bps_15s_btc,feature,btc,S5,net_pressure_shock_spot_2bps_15s,B5_dynamics,Dynamics,True,False,True,True,75.4718,False,False,False,False,False
net_pressure_shock_spot_2bps_5s_btc,feature,btc,S5,net_pressure_shock_spot_2bps_5s,B5_dynamics,Dynamics,True,False,True,True,10.2009,False,False,False,False,False
net_pressure_shock_spot_2bps_5s_eth,feature,eth,S5,net_pressure_shock_spot_2bps_5s,B5_dynamics,Dynamics,True,False,True,True,10.2009,False,False,False,False,False
net_pressure_shock_spot_2bps_60s_btc,feature,btc,S5,net_pressure_shock_spot_2bps_60s,B5_dynamics,Dynamics,True,False,True,True,85.7691,False,False,False,False,False
net_pressure_shock_spot_2bps_60s_eth,feature,eth,S5,net_pressure_shock_spot_2bps_60s,B5_dynamics,Dynamics,True,False,True,True,85.7691,False,False,False,False,False
net_pressure_shock_spot_5bps_15s_btc,feature,btc,S5,net_pressure_shock_spot_5bps_15s,B5_dynamics,Dynamics,True,False,True,True,14.7702,False,False,False,False,False
net_pressure_shock_spot_5bps_15s_eth,feature,eth,S5,net_pressure_shock_spot_5bps_15s,B5_dynamics,Dynamics,True,False,True,True,14.7702,False,False,False,False,False
net_pressure_shock_spot_5bps_5s_btc,feature,btc,S5,net_pressure_shock_spot_5bps_5s,B5_dynamics,Dynamics,True,False,True,True,12.433,False,False,False,False,False
net_pressure_shock_spot_5bps_60s_btc,feature,btc,S5,net_pressure_shock_spot_5bps_60s,B5_dynamics,Dynamics,True,False,True,True,36.8296,False,False,False,False,False
net_pressure_shock_spot_5bps_60s_eth,feature,eth,S5,net_pressure_shock_spot_5bps_60s,B5_dynamics,Dynamics,True,False,True,True,36.8296,False,False,False,False,False
net_pressure_spot_10bps_15s_btc,feature,btc,S5,net_pressure_spot_10bps_15s,B1_imbalance,Pressure,True,False,True,True,6675.4207,False,False,False,False,False
net_pressure_spot_10bps_15s_eth,feature,eth,S5,net_pressure_spot_10bps_15s,B1_imbalance,Pressure,True,False,True,True,6675.4207,False,False,False,False,False
net_pressure_spot_10bps_5s_btc,feature,btc,S5,net_pressure_spot_10bps_5s,B1_imbalance,Pressure,True,False,True,True,5026.3572,False,False,False,False,False
net_pressure_spot_10bps_5s_eth,feature,eth,S5,net_pressure_spot_10bps_5s,B1_imbalance,Pressure,True,False,True,True,5026.3572,False,False,False,False,False
net_pressure_spot_10bps_60s_btc,feature,btc,S5,net_pressure_spot_10bps_60s,B1_imbalance,Pressure,True,False,True,True,6680.2205,False,False,False,False,False
net_pressure_spot_10bps_60s_eth,feature,eth,S5,net_pressure_spot_10bps_60s,B1_imbalance,Pressure,True,False,True,True,6680.2205,False,False,False,False,False
net_pressure_spot_1bps_15s_btc,feature,btc,S5,net_pressure_spot_1bps_15s,B1_imbalance,Pressure,True,False,True,True,34.2986,False,False,False,True,False
net_pressure_spot_1bps_15s_eth,feature,eth,S5,net_pressure_spot_1bps_15s,B1_imbalance,Pressure,True,False,True,True,34.2986,False,False,False,False,False
net_pressure_spot_1bps_5s_btc,feature,btc,S5,net_pressure_spot_1bps_5s,B1_imbalance,Pressure,True,False,True,True,118.8079,False,False,False,False,False
net_pressure_spot_1bps_5s_eth,feature,eth,S5,net_pressure_spot_1bps_5s,B1_imbalance,Pressure,True,False,True,True,118.8079,False,False,False,False,False
net_pressure_spot_1bps_60s_btc,feature,btc,S5,net_pressure_spot_1bps_60s,B1_imbalance,Pressure,True,False,True,True,31.1242,False,False,False,False,False
net_pressure_spot_1bps_60s_eth,feature,eth,S5,net_pressure_spot_1bps_60s,B1_imbalance,Pressure,True,False,True,True,31.1242,False,False,False,True,False
net_pressure_spot_2bps_15s_btc,feature,btc,S5,net_pressure_spot_2bps_15s,B1_imbalance,Pressure,True,False,True,True,6720.8711,False,False,False,False,False
net_pressure_spot_2bps_15s_eth,feature,eth,S5,net_pressure_spot_2bps_15s,B1_imbalance,Pressure,True,False,True,True,6720.8711,False,False,False,False,False
net_pressure_spot_2bps_5s_btc,feature,btc,S5,net_pressure_spot_2bps_5s,B1_imbalance,Pressure,True,False,True,True,5016.7121,False,False,False,False,False
net_pressure_spot_2bps_5s_eth,feature,eth,S5,net_pressure_spot_2bps_5s,B1_imbalance,Pressure,True,False,True,True,5016.7121,False,False,False,False,False
net_pressure_spot_2bps_60s_btc,feature,btc,S5,net_pressure_spot_2bps_60s,B1_imbalance,Pressure,True,False,True,True,6678.7384,False,False,False,False,False
net_pressure_spot_2bps_60s_eth,feature,eth,S5,net_pressure_spot_2bps_60s,B1_imbalance,Pressure,True,False,True,True,6678.7384,False,False,False,False,False
net_pressure_spot_5bps_15s_btc,feature,btc,S5,net_pressure_spot_5bps_15s,B1_imbalance,Pressure,True,False,True,True,6679.3176,False,False,False,False,False
net_pressure_spot_5bps_15s_eth,feature,eth,S5,net_pressure_spot_5bps_15s,B1_imbalance,Pressure,True,False,True,True,6679.3176,False,False,False,False,False
net_pressure_spot_5bps_5s_btc,feature,btc,S5,net_pressure_spot_5bps_5s,B1_imbalance,Pressure,True,False,True,True,5027.6494,False,False,False,False,False
net_pressure_spot_5bps_5s_eth,feature,eth,S5,net_pressure_spot_5bps_5s,B1_imbalance,Pressure,True,False,True,True,5027.6494,False,False,False,False,False
net_pressure_spot_5bps_60s_btc,feature,btc,S5,net_pressure_spot_5bps_60s,B1_imbalance,Pressure,True,False,True,True,6680.2448,False,False,False,False,False
net_pressure_spot_5bps_60s_eth,feature,eth,S5,net_pressure_spot_5bps_60s,B1_imbalance,Pressure,True,False,True,True,6680.2448,False,False,False,False,False
notional_fut_1s_btc,feature,btc,S5,notional_fut_1s,B3_flow,Activity,True,False,True,True,5557.1455,False,False,False,False,False
notional_fut_1s_eth,feature,eth,S5,notional_fut_1s,B3_flow,Activity,True,False,True,True,5557.1455,False,False,False,False,False
notional_spot_1s_btc,feature,btc,S5,notional_spot_1s,B3_flow,Activity,True,False,True,True,5161.9924,False,False,False,False,False
notional_spot_1s_eth,feature,eth,S5,notional_spot_1s,B3_flow,Activity,True,False,True,True,5161.9924,False,False,False,False,False
participation_rate_fut_1s_btc,feature,btc,S5,participation_rate_fut_1s,B3_flow,Activity,True,False,True,True,26.6364,False,False,False,False,False
participation_rate_fut_1s_eth,feature,eth,S5,participation_rate_fut_1s,B3_flow,Activity,True,False,True,True,26.6364,False,False,False,True,False
participation_rate_spot_1s_btc,feature,btc,S5,participation_rate_spot_1s,B3_flow,Activity,True,False,True,True,15.7403,False,False,False,False,False
participation_rate_spot_1s_eth,feature,eth,S5,participation_rate_spot_1s,B3_flow,Activity,True,False,True,True,15.7403,False,False,False,False,False
poc_1d_fut_btc,feature,btc,S5,poc_1d_fut,B6_context,Volume Profile Artefact,False,False,False,False,,False,True,True,False,True
poc_1d_fut_eth,feature,eth,S5,poc_1d_fut,B6_context,Volume Profile Artefact,False,False,False,False,,True,False,False,False,True
poc_240m_fut_btc,feature,btc,S5,poc_240m_fut,B6_context,Volume Profile Artefact,False,False,False,False,,False,False,False,False,False
poc_240m_fut_eth,feature,eth,S5,poc_240m_fut,B6_context,Volume Profile Artefact,False,False,False,False,,False,False,False,False,True
poc_60m_fut_btc,feature,btc,S5,poc_60m_fut,B6_context,Volume Profile Artefact,False,False,False,False,,False,True,False,False,True
poc_60m_fut_eth,feature,eth,S5,poc_60m_fut,B6_context,Volume Profile Artefact,False,False,False,False,,False,False,False,False,False
poc_migration_1d_bps_fut_btc,feature,btc,S5,poc_migration_1d_bps_fut,B6_context,Volume Profile Artefact,True,False,True,True,,False,False,True,False,True
poc_migration_1d_bps_fut_eth,feature,eth,S5,poc_migration_1d_bps_fut,B6_context,Volume Profile Artefact,True,False,True,True,,True,True,True,False,True
poc_migration_240m_bps_fut_btc,feature,btc,S5,poc_migration_240m_bps_fut,B6_context,Volume Profile Artefact,True,False,True,True,,True,False,True,False,True
poc_migration_240m_bps_fut_eth,feature,eth,S5,poc_migration_240m_bps_fut,B6_context,Volume Profile Artefact,True,False,True,True,,True,True,True,False,True
poc_migration_60m_bps_fut_btc,feature,btc,S5,poc_migration_60m_bps_fut,B6_context,Volume Profile Artefact,True,False,True,True,,True,True,True,True,True
poc_migration_60m_bps_fut_eth,feature,eth,S5,poc_migration_60m_bps_fut,B6_context,Volume Profile Artefact,True,False,True,True,,False,True,True,True,True
prev_day_high_fut_btc,feature,btc,S5,prev_day_high_fut,B6_context,Level Artefact,False,False,False,False,,False,True,False,False,True
prev_day_high_fut_eth,feature,eth,S5,prev_day_high_fut,B6_context,Level Artefact,False,False,False,False,,False,True,False,False,True
prev_day_high_spot_btc,feature,btc,S5,prev_day_high_spot,B6_context,Level Artefact,False,False,False,False,,False,True,False,False,False
prev_day_high_spot_eth,feature,eth,S5,prev_day_high_spot,B6_context,Level Artefact,False,False,False,False,,True,False,True,False,False
prev_day_low_fut_btc,feature,btc,S5,prev_day_low_fut,B6_context,Level Artefact,False,False,False,False,,False,False,False,False,False
prev_day_low_fut_eth,feature,eth,S5,prev_day_low_fut,B6_context,Level Artefact,False,False,False,False,,False,False,True,False,False
prev_day_low_spot_btc,feature,btc,S5,prev_day_low_spot,B6_context,Level Artefact,False,False,False,False,,False,False,False,False,False
prev_day_low_spot_eth,feature,eth,S5,prev_day_low_spot,B6_context,Level Artefact,False,False,False,False,,False,False,False,False,False
prev_week_high_fut_btc,feature,btc,S5,prev_week_high_fut,B6_context,Level Artefact,False,False,False,False,,False,False,False,False,False
prev_week_low_fut_btc,feature,btc,S5,prev_week_low_fut,B6_context,Level Artefact,False,False,False,False,,False,False,False,False,False
price_acceleration_spot_300s_btc,feature,btc,S5,price_acceleration_spot_300s,B6_context,Price,True,False,True,True,16.1443,False,False,False,False,False
price_acceleration_spot_300s_eth,feature,eth,S5,price_acceleration_spot_300s,B6_context,Price,True,False,True,True,16.1443,False,False,False,False,False
price_acceleration_spot_60s_btc,feature,btc,S5,price_acceleration_spot_60s,B6_context,Price,True,False,True,True,17.1531,False,False,False,False,False
price_acceleration_spot_60s_eth,feature,eth,S5,price_acceleration_spot_60s,B6_context,Price,True,False,True,True,17.1531,False,False,False,False,False
price_acceleration_spot_900s_btc,feature,btc,S5,price_acceleration_spot_900s,B6_context,Price,True,False,True,True,25.6961,False,False,False,False,False
price_acceleration_spot_900s_eth,feature,eth,S5,price_acceleration_spot_900s,B6_context,Price,True,False,True,True,25.6961,False,False,False,False,False
price_deviation_fut_1s_btc,feature,btc,S5,price_deviation_fut_1s,B6_context,Price,True,False,True,True,567.2228,False,False,False,False,False
price_deviation_fut_1s_eth,feature,eth,S5,price_deviation_fut_1s,B6_context,Price,True,False,True,True,567.2228,False,False,False,False,False
price_deviation_spot_1s_btc,feature,btc,S5,price_deviation_spot_1s,B6_context,Price,True,False,True,True,529.6186,False,False,False,False,False
price_deviation_spot_1s_eth,feature,eth,S5,price_deviation_spot_1s,B6_context,Price,True,False,True,True,529.6186,False,False,False,True,False
price_vs_ema_200_15m_bps_fut_btc,feature,btc,S5,price_vs_ema_200_15m_bps_fut,B6_context,Trend,True,False,True,True,,True,True,True,False,True
price_vs_ema_200_15m_bps_fut_eth,feature,eth,S5,price_vs_ema_200_15m_bps_fut,B6_context,Trend,True,False,True,True,,True,False,True,False,False
price_vs_ema_200_240m_bps_fut_btc,feature,btc,S5,price_vs_ema_200_240m_bps_fut,B6_context,Trend,True,False,True,True,,True,True,True,False,True
price_vs_ema_200_240m_bps_fut_eth,feature,eth,S5,price_vs_ema_200_240m_bps_fut,B6_context,Trend,True,False,True,True,,True,True,True,False,True
price_vs_ema_200_5m_bps_fut_btc,feature,btc,S5,price_vs_ema_200_5m_bps_fut,B6_context,Trend,True,False,True,True,,True,True,False,False,True
price_vs_ema_200_5m_bps_fut_eth,feature,eth,S5,price_vs_ema_200_5m_bps_fut,B6_context,Trend,True,False,True,True,,True,True,False,False,True
price_vs_ema_200_60m_bps_fut_btc,feature,btc,S5,price_vs_ema_200_60m_bps_fut,B6_context,Trend,True,False,True,True,,False,True,True,False,True
price_vs_ema_200_60m_bps_fut_eth,feature,eth,S5,price_vs_ema_200_60m_bps_fut,B6_context,Trend,True,False,True,True,,True,False,True,True,True
price_vs_ema_50_15m_bps_fut_btc,feature,btc,S5,price_vs_ema_50_15m_bps_fut,B6_context,Trend,True,False,True,True,,False,False,False,False,False
price_vs_ema_50_15m_bps_fut_eth,feature,eth,S5,price_vs_ema_50_15m_bps_fut,B6_context,Trend,True,False,True,True,,False,True,True,False,True
price_vs_ema_50_240m_bps_fut_btc,feature,btc,S5,price_vs_ema_50_240m_bps_fut,B6_context,Trend,True,False,True,True,,True,False,True,False,False
price_vs_ema_50_240m_bps_fut_eth,feature,eth,S5,price_vs_ema_50_240m_bps_fut,B6_context,Trend,True,False,True,True,,False,True,False,False,True
price_vs_ema_50_5m_bps_fut_btc,feature,btc,S5,price_vs_ema_50_5m_bps_fut,B6_context,Trend,True,False,True,True,,False,True,True,False,True
price_vs_ema_50_5m_bps_fut_eth,feature,eth,S5,price_vs_ema_50_5m_bps_fut,B6_context,Trend,True,False,True,True,,True,False,True,True,False
price_vs_ema_50_60m_bps_fut_btc,feature,btc,S5,price_vs_ema_50_60m_bps_fut,B6_context,Trend,True,False,True,True,,False,True,False,False,True
price_vs_ema_50_60m_bps_fut_eth,feature,eth,S5,price_vs_ema_50_60m_bps_fut,B6_context,Trend,True,False,True,True,,False,False,False,False,False
price_vs_va_1d_fut_btc,feature,btc,S5,price_vs_va_1d_fut,B6_context,Volume Profile,True,False,True,True,,False,False,False,False,False
price_vs_va_1d_fut_eth,feature,eth,S5,price_vs_va_1d_fut,B6_context,Volume Profile,True,False,True,True,,False,False,False,False,False
price_vs_va_240m_fut_btc,feature,btc,S5,price_vs_va_240m_fut,B6_context,Volume Profile,True,False,True,True,,False,False,False,False,False
price_vs_va_240m_fut_eth,feature,eth,S5,price_vs_va_240m_fut,B6_context,Volume Profile,True,False,True,True,,False,False,False,False,False
price_vs_va_60m_fut_btc,feature,btc,S5,price_vs_va_60m_fut,B6_context,Volume Profile,True,False,True,True,,False,False,False,False,False
price_vs_va_60m_fut_eth,feature,eth,S5,price_vs_va_60m_fut,B6_context,Volume Profile,True,False,True,True,,False,False,False,False,False
pull_rate_fut_10bps_15s_btc,feature,btc,S5,pull_rate_fut_10bps_15s,B3_flow,Liquidity Events,True,False,False,True,3305.196,False,False,False,False,False
pull_rate_fut_10bps_15s_eth,feature,eth,S5,pull_rate_fut_10bps_15s,B3_flow,Liquidity Events,True,False,False,True,3305.196,False,False,False,True,False
pull_rate_fut_10bps_5s_btc,feature,btc,S5,pull_rate_fut_10bps_5s,B3_flow,Liquidity Events,True,False,False,True,5935.4266,False,False,False,False,False
pull_rate_fut_10bps_5s_eth,feature,eth,S5,pull_rate_fut_10bps_5s,B3_flow,Liquidity Events,True,False,False,True,5935.4266,False,False,False,False,False
pull_rate_fut_10bps_60s_btc,feature,btc,S5,pull_rate_fut_10bps_60s,B3_flow,Liquidity Events,True,False,False,True,5065.6732,False,False,False,False,False
pull_rate_fut_10bps_60s_eth,feature,eth,S5,pull_rate_fut_10bps_60s,B3_flow,Liquidity Events,True,False,False,True,5065.6732,False,False,False,False,False
pull_rate_fut_1bps_15s_btc,feature,btc,S5,pull_rate_fut_1bps_15s,B3_flow,Liquidity Events,True,False,True,True,71.6744,False,False,False,True,False
pull_rate_fut_1bps_15s_eth,feature,eth,S5,pull_rate_fut_1bps_15s,B3_flow,Liquidity Events,True,False,True,True,71.6744,False,False,True,True,False
pull_rate_fut_1bps_5s_btc,feature,btc,S5,pull_rate_fut_1bps_5s,B3_flow,Liquidity Events,True,False,False,True,4848.1151,False,False,False,False,False
pull_rate_fut_1bps_5s_eth,feature,eth,S5,pull_rate_fut_1bps_5s,B3_flow,Liquidity Events,True,False,False,True,4848.1151,False,False,False,False,False
pull_rate_fut_1bps_60s_btc,feature,btc,S5,pull_rate_fut_1bps_60s,B3_flow,Liquidity Events,True,False,False,True,7533.697,False,False,False,False,False
pull_rate_fut_1bps_60s_eth,feature,eth,S5,pull_rate_fut_1bps_60s,B3_flow,Liquidity Events,True,False,False,True,7533.697,False,False,True,True,True
pull_rate_fut_2bps_15s_btc,feature,btc,S5,pull_rate_fut_2bps_15s,B3_flow,Liquidity Events,True,False,True,True,44.9864,False,False,False,False,False
pull_rate_fut_2bps_15s_eth,feature,eth,S5,pull_rate_fut_2bps_15s,B3_flow,Liquidity Events,True,False,True,True,44.9864,False,False,False,False,False
pull_rate_fut_2bps_5s_btc,feature,btc,S5,pull_rate_fut_2bps_5s,B3_flow,Liquidity Events,True,False,False,True,5821.223,False,False,False,False,False
pull_rate_fut_2bps_5s_eth,feature,eth,S5,pull_rate_fut_2bps_5s,B3_flow,Liquidity Events,True,False,False,True,5821.223,False,False,False,False,False
pull_rate_fut_2bps_60s_btc,feature,btc,S5,pull_rate_fut_2bps_60s,B3_flow,Liquidity Events,True,False,True,True,171.829,False,True,True,False,True
pull_rate_fut_2bps_60s_eth,feature,eth,S5,pull_rate_fut_2bps_60s,B3_flow,Liquidity Events,True,False,True,True,171.829,False,True,True,True,True
pull_rate_fut_5bps_15s_btc,feature,btc,S5,pull_rate_fut_5bps_15s,B3_flow,Liquidity Events,True,False,True,True,5931.6443,False,False,False,False,False
pull_rate_fut_5bps_15s_eth,feature,eth,S5,pull_rate_fut_5bps_15s,B3_flow,Liquidity Events,True,False,True,True,5931.6443,False,False,False,False,False
pull_rate_fut_5bps_5s_btc,feature,btc,S5,pull_rate_fut_5bps_5s,B3_flow,Liquidity Events,True,False,True,True,4531.6977,False,False,False,False,False
pull_rate_fut_5bps_5s_eth,feature,eth,S5,pull_rate_fut_5bps_5s,B3_flow,Liquidity Events,True,False,True,True,4531.6977,False,False,False,False,False
pull_rate_fut_5bps_60s_btc,feature,btc,S5,pull_rate_fut_5bps_60s,B3_flow,Liquidity Events,True,False,True,True,5722.7551,False,False,True,False,False
pull_rate_fut_5bps_60s_eth,feature,eth,S5,pull_rate_fut_5bps_60s,B3_flow,Liquidity Events,True,False,True,True,5722.7551,False,False,False,True,False
pull_rate_shock_fut_10bps_15s_btc,feature,btc,S5,pull_rate_shock_fut_10bps_15s,B5_dynamics,Dynamics,True,False,True,True,63.1397,False,False,False,False,False
pull_rate_shock_fut_10bps_15s_eth,feature,eth,S5,pull_rate_shock_fut_10bps_15s,B5_dynamics,Dynamics,True,False,True,True,63.1397,False,False,False,False,False
pull_rate_shock_fut_10bps_5s_btc,feature,btc,S5,pull_rate_shock_fut_10bps_5s,B5_dynamics,Dynamics,True,False,True,True,56.0696,False,False,False,False,False
pull_rate_shock_fut_10bps_5s_eth,feature,eth,S5,pull_rate_shock_fut_10bps_5s,B5_dynamics,Dynamics,True,False,True,True,56.0696,False,False,False,False,False
pull_rate_shock_fut_10bps_60s_btc,feature,btc,S5,pull_rate_shock_fut_10bps_60s,B5_dynamics,Dynamics,True,False,False,True,247.9312,False,False,False,False,False
pull_rate_shock_fut_10bps_60s_eth,feature,eth,S5,pull_rate_shock_fut_10bps_60s,B5_dynamics,Dynamics,True,False,False,True,247.9312,False,False,False,False,False
pull_rate_shock_fut_1bps_5s_btc,feature,btc,S5,pull_rate_shock_fut_1bps_5s,B5_dynamics,Dynamics,True,False,True,True,55.3991,False,False,False,False,False
pull_rate_shock_fut_1bps_5s_eth,feature,eth,S5,pull_rate_shock_fut_1bps_5s,B5_dynamics,Dynamics,True,False,True,True,55.3991,False,False,False,False,False
pull_rate_shock_fut_1bps_60s_btc,feature,btc,S5,pull_rate_shock_fut_1bps_60s,B5_dynamics,Dynamics,True,False,True,True,361.6755,False,False,False,True,False
pull_rate_shock_fut_1bps_60s_eth,feature,eth,S5,pull_rate_shock_fut_1bps_60s,B5_dynamics,Dynamics,True,False,True,True,361.6755,False,False,False,False,False
pull_rate_shock_fut_2bps_5s_btc,feature,btc,S5,pull_rate_shock_fut_2bps_5s,B5_dynamics,Dynamics,True,False,True,True,54.1324,False,False,False,False,False
pull_rate_shock_fut_2bps_5s_eth,feature,eth,S5,pull_rate_shock_fut_2bps_5s,B5_dynamics,Dynamics,True,False,True,True,54.1324,False,False,False,False,False
pull_rate_shock_fut_5bps_15s_btc,feature,btc,S5,pull_rate_shock_fut_5bps_15s,B5_dynamics,Dynamics,True,False,True,True,62.6777,False,False,False,False,False
pull_rate_shock_fut_5bps_15s_eth,feature,eth,S5,pull_rate_shock_fut_5bps_15s,B5_dynamics,Dynamics,True,False,True,True,62.6777,False,False,False,False,False
pull_rate_shock_fut_5bps_5s_btc,feature,btc,S5,pull_rate_shock_fut_5bps_5s,B5_dynamics,Dynamics,True,False,True,True,56.3589,False,False,False,False,False
pull_rate_shock_fut_5bps_5s_eth,feature,eth,S5,pull_rate_shock_fut_5bps_5s,B5_dynamics,Dynamics,True,False,True,True,56.3589,False,False,False,False,False
pull_rate_shock_fut_5bps_60s_btc,feature,btc,S5,pull_rate_shock_fut_5bps_60s,B5_dynamics,Dynamics,True,False,True,True,319.4695,False,False,False,False,False
pull_rate_shock_fut_5bps_60s_eth,feature,eth,S5,pull_rate_shock_fut_5bps_60s,B5_dynamics,Dynamics,True,False,True,True,319.4695,False,False,False,False,False
pull_rate_shock_spot_10bps_15s_btc,feature,btc,S5,pull_rate_shock_spot_10bps_15s,B5_dynamics,Dynamics,True,False,True,True,88.6594,False,False,False,False,False
pull_rate_shock_spot_10bps_15s_eth,feature,eth,S5,pull_rate_shock_spot_10bps_15s,B5_dynamics,Dynamics,True,False,True,True,88.6594,False,False,False,False,False
pull_rate_shock_spot_10bps_5s_btc,feature,btc,S5,pull_rate_shock_spot_10bps_5s,B5_dynamics,Dynamics,True,False,True,True,38.0051,False,False,False,False,False
pull_rate_shock_spot_10bps_60s_btc,feature,btc,S5,pull_rate_shock_spot_10bps_60s,B5_dynamics,Dynamics,True,False,False,True,902.4229,False,False,False,True,False
pull_rate_shock_spot_10bps_60s_eth,feature,eth,S5,pull_rate_shock_spot_10bps_60s,B5_dynamics,Dynamics,True,False,False,True,902.4229,False,False,False,False,False
pull_rate_shock_spot_1bps_5s_btc,feature,btc,S5,pull_rate_shock_spot_1bps_5s,B5_dynamics,Dynamics,True,False,True,True,31.0312,False,False,False,False,False
pull_rate_shock_spot_1bps_5s_eth,feature,eth,S5,pull_rate_shock_spot_1bps_5s,B5_dynamics,Dynamics,True,False,True,True,31.0312,False,False,False,False,False
pull_rate_shock_spot_1bps_60s_btc,feature,btc,S5,pull_rate_shock_spot_1bps_60s,B5_dynamics,Dynamics,True,False,False,True,562.354,False,False,False,False,False
pull_rate_shock_spot_1bps_60s_eth,feature,eth,S5,pull_rate_shock_spot_1bps_60s,B5_dynamics,Dynamics,True,False,False,True,562.354,False,False,False,False,False
pull_rate_shock_spot_2bps_5s_btc,feature,btc,S5,pull_rate_shock_spot_2bps_5s,B5_dynamics,Dynamics,True,False,True,True,33.4596,False,False,False,False,False
pull_rate_shock_spot_2bps_5s_eth,feature,eth,S5,pull_rate_shock_spot_2bps_5s,B5_dynamics,Dynamics,True,False,True,True,33.4596,False,False,False,False,False
pull_rate_shock_spot_5bps_15s_btc,feature,btc,S5,pull_rate_shock_spot_5bps_15s,B5_dynamics,Dynamics,True,False,True,True,88.3258,False,False,False,False,False
pull_rate_shock_spot_5bps_15s_eth,feature,eth,S5,pull_rate_shock_spot_5bps_15s,B5_dynamics,Dynamics,True,False,True,True,88.3258,False,False,False,False,False
pull_rate_shock_spot_5bps_5s_eth,feature,eth,S5,pull_rate_shock_spot_5bps_5s,B5_dynamics,Dynamics,True,False,True,True,34.2913,False,False,False,False,False
pull_rate_shock_spot_5bps_60s_btc,feature,btc,S5,pull_rate_shock_spot_5bps_60s,B5_dynamics,Dynamics,True,False,True,True,732.3035,False,False,False,False,False
pull_rate_shock_spot_5bps_60s_eth,feature,eth,S5,pull_rate_shock_spot_5bps_60s,B5_dynamics,Dynamics,True,False,True,True,732.3035,False,False,False,True,False
pull_rate_spot_10bps_15s_btc,feature,btc,S5,pull_rate_spot_10bps_15s,B3_flow,Liquidity Events,True,False,False,True,1775.0752,False,False,False,True,False
pull_rate_spot_10bps_15s_eth,feature,eth,S5,pull_rate_spot_10bps_15s,B3_flow,Liquidity Events,True,False,False,True,1775.0752,False,False,False,False,False
pull_rate_spot_10bps_5s_btc,feature,btc,S5,pull_rate_spot_10bps_5s,B3_flow,Liquidity Events,True,False,False,True,5774.2752,False,False,False,False,False
pull_rate_spot_10bps_5s_eth,feature,eth,S5,pull_rate_spot_10bps_5s,B3_flow,Liquidity Events,True,False,False,True,5774.2752,False,False,False,False,False
pull_rate_spot_10bps_60s_btc,feature,btc,S5,pull_rate_spot_10bps_60s,B3_flow,Liquidity Events,True,False,False,True,5147.5587,False,False,False,False,False
pull_rate_spot_10bps_60s_eth,feature,eth,S5,pull_rate_spot_10bps_60s,B3_flow,Liquidity Events,True,False,False,True,5147.5587,False,False,False,False,False
pull_rate_spot_1bps_15s_btc,feature,btc,S5,pull_rate_spot_1bps_15s,B3_flow,Liquidity Events,True,False,True,True,127.2237,False,False,True,True,False
pull_rate_spot_1bps_15s_eth,feature,eth,S5,pull_rate_spot_1bps_15s,B3_flow,Liquidity Events,True,False,True,True,127.2237,False,False,False,True,False
pull_rate_spot_1bps_5s_btc,feature,btc,S5,pull_rate_spot_1bps_5s,B3_flow,Liquidity Events,True,False,False,True,4996.5561,False,False,False,True,False
pull_rate_spot_1bps_5s_eth,feature,eth,S5,pull_rate_spot_1bps_5s,B3_flow,Liquidity Events,True,False,False,True,4996.5561,False,False,False,False,False
pull_rate_spot_1bps_60s_btc,feature,btc,S5,pull_rate_spot_1bps_60s,B3_flow,Liquidity Events,True,False,False,True,6799.396,False,False,True,False,False
pull_rate_spot_1bps_60s_eth,feature,eth,S5,pull_rate_spot_1bps_60s,B3_flow,Liquidity Events,True,False,False,True,6799.396,False,False,True,False,True
pull_rate_spot_2bps_15s_btc,feature,btc,S5,pull_rate_spot_2bps_15s,B3_flow,Liquidity Events,True,False,True,True,148.185,False,True,True,True,True
pull_rate_spot_2bps_15s_eth,feature,eth,S5,pull_rate_spot_2bps_15s,B3_flow,Liquidity Events,True,False,True,True,148.185,False,False,True,False,False
pull_rate_spot_2bps_5s_btc,feature,btc,S5,pull_rate_spot_2bps_5s,B3_flow,Liquidity Events,True,False,False,True,5127.894,False,False,False,False,False
pull_rate_spot_2bps_5s_eth,feature,eth,S5,pull_rate_spot_2bps_5s,B3_flow,Liquidity Events,True,False,False,True,5127.894,False,False,False,False,False
pull_rate_spot_2bps_60s_btc,feature,btc,S5,pull_rate_spot_2bps_60s,B3_flow,Liquidity Events,True,False,True,True,296.6437,False,True,True,False,True
pull_rate_spot_2bps_60s_eth,feature,eth,S5,pull_rate_spot_2bps_60s,B3_flow,Liquidity Events,True,False,True,True,296.6437,False,True,False,True,True
pull_rate_spot_5bps_15s_btc,feature,btc,S5,pull_rate_spot_5bps_15s,B3_flow,Liquidity Events,True,False,True,True,4548.774,False,False,False,True,False
pull_rate_spot_5bps_15s_eth,feature,eth,S5,pull_rate_spot_5bps_15s,B3_flow,Liquidity Events,True,False,True,True,4548.774,False,False,False,False,False
pull_rate_spot_5bps_5s_btc,feature,btc,S5,pull_rate_spot_5bps_5s,B3_flow,Liquidity Events,True,False,True,True,5214.4316,False,False,False,False,False
pull_rate_spot_5bps_5s_eth,feature,eth,S5,pull_rate_spot_5bps_5s,B3_flow,Liquidity Events,True,False,True,True,5214.4316,False,False,False,True,False
pull_rate_spot_5bps_60s_btc,feature,btc,S5,pull_rate_spot_5bps_60s,B3_flow,Liquidity Events,True,False,True,True,5353.6683,True,True,False,True,False
pull_rate_spot_5bps_60s_eth,feature,eth,S5,pull_rate_spot_5bps_60s,B3_flow,Liquidity Events,True,False,True,True,5353.6683,False,False,False,False,False
queue_imb_fut_1bps_15s_btc,feature,btc,S5,queue_imb_fut_1bps_15s,B1_imbalance,Pressure,True,False,False,True,113.2747,False,False,False,False,False
queue_imb_fut_1bps_15s_eth,feature,eth,S5,queue_imb_fut_1bps_15s,B1_imbalance,Pressure,True,False,False,True,113.2747,False,False,False,False,False
queue_imb_fut_1bps_1s_btc,feature,btc,S5,queue_imb_fut_1bps_1s,B1_imbalance,Pressure,True,False,False,True,5095.2141,False,True,False,True,False
queue_imb_fut_1bps_1s_eth,feature,eth,S5,queue_imb_fut_1bps_1s,B1_imbalance,Pressure,True,False,False,True,5095.2141,False,True,False,False,False
queue_imb_fut_1bps_5s_btc,feature,btc,S5,queue_imb_fut_1bps_5s,B1_imbalance,Pressure,True,False,False,True,5058.3136,False,False,False,False,False
queue_imb_fut_1bps_5s_eth,feature,eth,S5,queue_imb_fut_1bps_5s,B1_imbalance,Pressure,True,False,False,True,5058.3136,False,False,False,False,False
queue_imb_fut_1bps_60s_btc,feature,btc,S5,queue_imb_fut_1bps_60s,B1_imbalance,Pressure,True,False,False,True,113.1994,False,False,False,True,False
queue_imb_fut_1bps_60s_eth,feature,eth,S5,queue_imb_fut_1bps_60s,B1_imbalance,Pressure,True,False,False,True,113.1994,False,False,False,True,False
queue_imb_fut_2bps_1s_btc,feature,btc,S5,queue_imb_fut_2bps_1s,B1_imbalance,Pressure,True,False,False,True,5076.195,True,False,False,False,False
queue_imb_fut_2bps_1s_eth,feature,eth,S5,queue_imb_fut_2bps_1s,B1_imbalance,Pressure,True,False,False,True,5076.195,False,False,False,False,False
queue_imb_fut_5bps_1s_btc,feature,btc,S5,queue_imb_fut_5bps_1s,B1_imbalance,Pressure,True,False,False,True,5104.4459,False,False,False,False,False
queue_imb_fut_5bps_1s_eth,feature,eth,S5,queue_imb_fut_5bps_1s,B1_imbalance,Pressure,True,False,False,True,5104.4459,False,False,False,False,False
queue_imb_persist_fut_1bps_300s_btc,feature,btc,S5,queue_imb_persist_fut_1bps_300s,B5_dynamics,Dynamics,True,False,False,True,1562.561,False,True,True,False,True
queue_imb_persist_fut_1bps_300s_eth,feature,eth,S5,queue_imb_persist_fut_1bps_300s,B5_dynamics,Dynamics,True,False,False,True,1562.561,False,False,False,False,False
queue_imb_persist_fut_1bps_900s_btc,feature,btc,S5,queue_imb_persist_fut_1bps_900s,B5_dynamics,Dynamics,True,False,False,True,823.3578,False,True,True,False,True
queue_imb_persist_fut_1bps_900s_eth,feature,eth,S5,queue_imb_persist_fut_1bps_900s,B5_dynamics,Dynamics,True,False,False,True,823.3578,True,True,True,False,True
queue_imb_persist_spot_1bps_300s_btc,feature,btc,S5,queue_imb_persist_spot_1bps_300s,B5_dynamics,Dynamics,True,False,False,True,1819.6356,False,False,True,False,True
queue_imb_persist_spot_1bps_300s_eth,feature,eth,S5,queue_imb_persist_spot_1bps_300s,B5_dynamics,Dynamics,True,False,False,True,1819.6356,False,True,True,False,True
queue_imb_persist_spot_1bps_900s_btc,feature,btc,S5,queue_imb_persist_spot_1bps_900s,B5_dynamics,Dynamics,True,False,False,True,774.4967,False,True,True,False,True
queue_imb_persist_spot_1bps_900s_eth,feature,eth,S5,queue_imb_persist_spot_1bps_900s,B5_dynamics,Dynamics,True,False,False,True,774.4967,True,True,True,True,True
queue_imb_spot_1bps_15s_btc,feature,btc,S5,queue_imb_spot_1bps_15s,B1_imbalance,Pressure,True,False,False,True,76.9942,False,False,False,False,False
queue_imb_spot_1bps_15s_eth,feature,eth,S5,queue_imb_spot_1bps_15s,B1_imbalance,Pressure,True,False,False,True,76.9942,False,False,False,False,False
queue_imb_spot_1bps_1s_btc,feature,btc,S5,queue_imb_spot_1bps_1s,B1_imbalance,Pressure,True,False,False,True,5057.8973,False,False,False,True,False
queue_imb_spot_1bps_1s_eth,feature,eth,S5,queue_imb_spot_1bps_1s,B1_imbalance,Pressure,True,False,False,True,5057.8973,False,False,False,False,False
queue_imb_spot_1bps_5s_btc,feature,btc,S5,queue_imb_spot_1bps_5s,B1_imbalance,Pressure,True,False,False,True,5150.2826,False,False,False,False,False
queue_imb_spot_1bps_5s_eth,feature,eth,S5,queue_imb_spot_1bps_5s,B1_imbalance,Pressure,True,False,False,True,5150.2826,False,False,False,False,False
queue_imb_spot_1bps_60s_btc,feature,btc,S5,queue_imb_spot_1bps_60s,B1_imbalance,Pressure,True,False,False,True,66.9355,False,False,False,True,False
queue_imb_spot_1bps_60s_eth,feature,eth,S5,queue_imb_spot_1bps_60s,B1_imbalance,Pressure,True,False,False,True,66.9355,False,False,False,False,False
queue_imb_spot_2bps_1s_btc,feature,btc,S5,queue_imb_spot_2bps_1s,B1_imbalance,Pressure,True,False,False,True,5077.529,False,False,False,False,False
queue_imb_spot_2bps_1s_eth,feature,eth,S5,queue_imb_spot_2bps_1s,B1_imbalance,Pressure,True,False,False,True,5077.529,False,False,False,False,False
queue_imb_spot_5bps_1s_btc,feature,btc,S5,queue_imb_spot_5bps_1s,B1_imbalance,Pressure,True,False,False,True,5147.6802,False,False,False,False,False
queue_imb_spot_5bps_1s_eth,feature,eth,S5,queue_imb_spot_5bps_1s,B1_imbalance,Pressure,True,False,False,True,5147.6802,False,False,False,False,False
queue_pressure_div_fut_minus_spot_1bps_15s_btc,feature,btc,S5,queue_pressure_div_fut_minus_spot_1bps_15s,B4_cross_market,Cross-Market,True,False,True,True,4877.3252,False,False,False,False,False
queue_pressure_div_fut_minus_spot_1bps_15s_eth,feature,eth,S5,queue_pressure_div_fut_minus_spot_1bps_15s,B4_cross_market,Cross-Market,True,False,True,True,4877.3252,False,False,False,False,False
queue_pressure_div_fut_minus_spot_1bps_60s_btc,feature,btc,S5,queue_pressure_div_fut_minus_spot_1bps_60s,B4_cross_market,Cross-Market,True,False,True,True,4915.1472,False,False,False,False,False
queue_pressure_div_fut_minus_spot_1bps_60s_eth,feature,eth,S5,queue_pressure_div_fut_minus_spot_1bps_60s,B4_cross_market,Cross-Market,True,False,True,True,4915.1472,True,False,False,True,False
queue_pressure_fut_10bps_15s_btc,feature,btc,S5,queue_pressure_fut_10bps_15s,B1_imbalance,Pressure,True,False,True,True,259.7291,False,False,False,False,False
queue_pressure_fut_10bps_15s_eth,feature,eth,S5,queue_pressure_fut_10bps_15s,B1_imbalance,Pressure,True,False,True,True,259.7291,False,False,False,False,False
queue_pressure_fut_10bps_5s_btc,feature,btc,S5,queue_pressure_fut_10bps_5s,B1_imbalance,Pressure,True,False,True,True,1040.3489,False,False,False,False,False
queue_pressure_fut_10bps_5s_eth,feature,eth,S5,queue_pressure_fut_10bps_5s,B1_imbalance,Pressure,True,False,True,True,1040.3489,False,False,False,False,False
queue_pressure_fut_10bps_60s_btc,feature,btc,S5,queue_pressure_fut_10bps_60s,B1_imbalance,Pressure,True,False,True,True,173.1427,False,False,False,False,False
queue_pressure_fut_10bps_60s_eth,feature,eth,S5,queue_pressure_fut_10bps_60s,B1_imbalance,Pressure,True,False,True,True,173.1427,False,False,False,False,False
queue_pressure_fut_1bps_15s_btc,feature,btc,S5,queue_pressure_fut_1bps_15s,B1_imbalance,Pressure,True,False,False,True,5414.7351,False,False,False,False,False
queue_pressure_fut_1bps_15s_eth,feature,eth,S5,queue_pressure_fut_1bps_15s,B1_imbalance,Pressure,True,False,False,True,5414.7351,False,False,False,False,False
queue_pressure_fut_1bps_1s_btc,feature,btc,S5,queue_pressure_fut_1bps_1s,B1_imbalance,Pressure,True,False,False,True,5095.2141,True,True,True,True,False
queue_pressure_fut_1bps_1s_eth,feature,eth,S5,queue_pressure_fut_1bps_1s,B1_imbalance,Pressure,True,False,False,True,5095.2141,False,True,False,True,False
queue_pressure_fut_1bps_5s_btc,feature,btc,S5,queue_pressure_fut_1bps_5s,B1_imbalance,Pressure,True,False,True,True,5058.3136,False,False,False,False,False
queue_pressure_fut_1bps_5s_eth,feature,eth,S5,queue_pressure_fut_1bps_5s,B1_imbalance,Pressure,True,False,True,True,5058.3136,False,False,False,False,False
queue_pressure_fut_1bps_60s_btc,feature,btc,S5,queue_pressure_fut_1bps_60s,B1_imbalance,Pressure,True,False,False,True,5378.4676,True,False,False,False,False
queue_pressure_fut_1bps_60s_eth,feature,eth,S5,queue_pressure_fut_1bps_60s,B1_imbalance,Pressure,True,False,False,True,5378.4676,False,False,False,False,False
queue_pressure_fut_2bps_15s_btc,feature,btc,S5,queue_pressure_fut_2bps_15s,B1_imbalance,Pressure,True,False,True,True,84.7677,False,False,False,False,False
queue_pressure_fut_2bps_15s_eth,feature,eth,S5,queue_pressure_fut_2bps_15s,B1_imbalance,Pressure,True,False,True,True,84.7677,False,False,False,False,False
queue_pressure_fut_2bps_1s_btc,feature,btc,S5,queue_pressure_fut_2bps_1s,B1_imbalance,Pressure,True,False,False,True,5076.195,False,False,False,False,False
queue_pressure_fut_2bps_1s_eth,feature,eth,S5,queue_pressure_fut_2bps_1s,B1_imbalance,Pressure,True,False,False,True,5076.195,False,False,False,True,False
queue_pressure_fut_2bps_5s_btc,feature,btc,S5,queue_pressure_fut_2bps_5s,B1_imbalance,Pressure,True,False,True,True,255.1108,False,False,False,False,False
queue_pressure_fut_2bps_5s_eth,feature,eth,S5,queue_pressure_fut_2bps_5s,B1_imbalance,Pressure,True,False,True,True,255.1108,False,False,False,False,False
queue_pressure_fut_2bps_60s_btc,feature,btc,S5,queue_pressure_fut_2bps_60s,B1_imbalance,Pressure,True,False,True,True,52.8631,True,False,False,False,False
queue_pressure_fut_2bps_60s_eth,feature,eth,S5,queue_pressure_fut_2bps_60s,B1_imbalance,Pressure,True,False,True,True,52.8631,False,False,False,False,False
queue_pressure_fut_5bps_15s_btc,feature,btc,S5,queue_pressure_fut_5bps_15s,B1_imbalance,Pressure,True,False,True,True,176.0596,False,False,False,False,False
queue_pressure_fut_5bps_15s_eth,feature,eth,S5,queue_pressure_fut_5bps_15s,B1_imbalance,Pressure,True,False,True,True,176.0596,False,False,False,False,False
queue_pressure_fut_5bps_1s_btc,feature,btc,S5,queue_pressure_fut_5bps_1s,B1_imbalance,Pressure,True,False,False,True,5104.4459,False,False,False,False,False
queue_pressure_fut_5bps_1s_eth,feature,eth,S5,queue_pressure_fut_5bps_1s,B1_imbalance,Pressure,True,False,False,True,5104.4459,False,False,False,False,False
queue_pressure_fut_5bps_5s_btc,feature,btc,S5,queue_pressure_fut_5bps_5s,B1_imbalance,Pressure,True,False,True,True,471.9513,False,False,False,False,False
queue_pressure_fut_5bps_5s_eth,feature,eth,S5,queue_pressure_fut_5bps_5s,B1_imbalance,Pressure,True,False,True,True,471.9513,False,False,False,False,False
queue_pressure_fut_5bps_60s_btc,feature,btc,S5,queue_pressure_fut_5bps_60s,B1_imbalance,Pressure,True,False,True,True,107.1416,False,False,False,True,False
queue_pressure_fut_5bps_60s_eth,feature,eth,S5,queue_pressure_fut_5bps_60s,B1_imbalance,Pressure,True,False,True,True,107.1416,False,False,False,False,False
queue_pressure_log_div_1bps_1s_btc,feature,btc,S5,queue_pressure_log_div_1bps_1s,B1_imbalance,Pressure,True,False,True,True,2661.3646,False,False,False,False,False
queue_pressure_log_div_1bps_1s_eth,feature,eth,S5,queue_pressure_log_div_1bps_1s,B1_imbalance,Pressure,True,False,True,True,2661.3646,False,False,False,False,False
queue_pressure_log_div_2bps_1s_btc,feature,btc,S5,queue_pressure_log_div_2bps_1s,B1_imbalance,Pressure,True,False,True,True,3793.0669,False,False,False,False,False
queue_pressure_log_div_2bps_1s_eth,feature,eth,S5,queue_pressure_log_div_2bps_1s,B1_imbalance,Pressure,True,False,True,True,3793.0669,False,False,False,False,False
queue_pressure_log_div_5bps_1s_btc,feature,btc,S5,queue_pressure_log_div_5bps_1s,B1_imbalance,Pressure,True,False,True,True,4345.2959,False,False,False,False,False
queue_pressure_log_div_5bps_1s_eth,feature,eth,S5,queue_pressure_log_div_5bps_1s,B1_imbalance,Pressure,True,False,True,True,4345.2959,False,False,False,False,False
queue_pressure_log_fut_1bps_1s_btc,feature,btc,S5,queue_pressure_log_fut_1bps_1s,B1_imbalance,Pressure,True,False,True,True,1737.5809,False,False,True,False,True
queue_pressure_log_fut_1bps_1s_eth,feature,eth,S5,queue_pressure_log_fut_1bps_1s,B1_imbalance,Pressure,True,False,True,True,1737.5809,False,False,False,False,False
queue_pressure_log_fut_2bps_1s_btc,feature,btc,S5,queue_pressure_log_fut_2bps_1s,B1_imbalance,Pressure,True,False,True,True,1320.7413,False,False,False,False,False
queue_pressure_log_fut_2bps_1s_eth,feature,eth,S5,queue_pressure_log_fut_2bps_1s,B1_imbalance,Pressure,True,False,True,True,1320.7413,False,False,False,True,False
queue_pressure_log_fut_5bps_1s_btc,feature,btc,S5,queue_pressure_log_fut_5bps_1s,B1_imbalance,Pressure,True,False,True,True,2656.5812,False,False,False,False,False
queue_pressure_log_fut_5bps_1s_eth,feature,eth,S5,queue_pressure_log_fut_5bps_1s,B1_imbalance,Pressure,True,False,True,True,2656.5812,False,False,False,False,False
queue_pressure_log_spot_1bps_1s_btc,feature,btc,S5,queue_pressure_log_spot_1bps_1s,B1_imbalance,Pressure,True,False,False,True,3113.725,False,False,False,False,False
queue_pressure_log_spot_1bps_1s_eth,feature,eth,S5,queue_pressure_log_spot_1bps_1s,B1_imbalance,Pressure,True,False,False,True,3113.725,False,False,False,True,False
queue_pressure_log_spot_2bps_1s_btc,feature,btc,S5,queue_pressure_log_spot_2bps_1s,B1_imbalance,Pressure,True,False,False,True,3559.1718,False,False,False,False,False
queue_pressure_log_spot_2bps_1s_eth,feature,eth,S5,queue_pressure_log_spot_2bps_1s,B1_imbalance,Pressure,True,False,False,True,3559.1718,False,False,False,False,False
queue_pressure_log_spot_5bps_1s_btc,feature,btc,S5,queue_pressure_log_spot_5bps_1s,B1_imbalance,Pressure,True,False,False,True,2106.5713,False,False,False,False,False
queue_pressure_log_spot_5bps_1s_eth,feature,eth,S5,queue_pressure_log_spot_5bps_1s,B1_imbalance,Pressure,True,False,False,True,2106.5713,False,False,False,False,False
queue_pressure_persist_fut_1bps_300s_btc,feature,btc,S5,queue_pressure_persist_fut_1bps_300s,B5_dynamics,Dynamics,True,False,True,True,958.7651,False,True,False,False,True
queue_pressure_persist_fut_1bps_300s_eth,feature,eth,S5,queue_pressure_persist_fut_1bps_300s,B5_dynamics,Dynamics,True,False,True,True,958.7651,False,True,False,True,False
queue_pressure_persist_fut_1bps_900s_btc,feature,btc,S5,queue_pressure_persist_fut_1bps_900s,B5_dynamics,Dynamics,True,False,True,True,598.9308,False,True,True,True,True
queue_pressure_persist_fut_1bps_900s_eth,feature,eth,S5,queue_pressure_persist_fut_1bps_900s,B5_dynamics,Dynamics,True,False,True,True,598.9308,False,True,True,False,True
queue_pressure_persist_spot_1bps_300s_btc,feature,btc,S5,queue_pressure_persist_spot_1bps_300s,B5_dynamics,Dynamics,True,False,True,True,852.9428,False,True,False,False,True
queue_pressure_persist_spot_1bps_300s_eth,feature,eth,S5,queue_pressure_persist_spot_1bps_300s,B5_dynamics,Dynamics,True,False,True,True,852.9428,True,False,True,False,True
queue_pressure_persist_spot_1bps_900s_btc,feature,btc,S5,queue_pressure_persist_spot_1bps_900s,B5_dynamics,Dynamics,True,False,True,True,487.267,True,True,True,True,True
queue_pressure_persist_spot_1bps_900s_eth,feature,eth,S5,queue_pressure_persist_spot_1bps_900s,B5_dynamics,Dynamics,True,False,True,True,487.267,False,True,True,False,True
queue_pressure_ratio_fut_1bps_15s_btc,feature,btc,S5,queue_pressure_ratio_fut_1bps_15s,B1_imbalance,Pressure,True,False,True,True,5414.7351,False,False,False,False,False
queue_pressure_ratio_fut_1bps_15s_eth,feature,eth,S5,queue_pressure_ratio_fut_1bps_15s,B1_imbalance,Pressure,True,False,True,True,5414.7351,False,False,False,False,False
queue_pressure_ratio_fut_1bps_60s_btc,feature,btc,S5,queue_pressure_ratio_fut_1bps_60s,B1_imbalance,Pressure,True,False,True,True,5378.4676,False,False,False,False,False
queue_pressure_ratio_fut_1bps_60s_eth,feature,eth,S5,queue_pressure_ratio_fut_1bps_60s,B1_imbalance,Pressure,True,False,True,True,5378.4676,False,False,False,False,False
queue_pressure_ratio_spot_1bps_15s_btc,feature,btc,S5,queue_pressure_ratio_spot_1bps_15s,B1_imbalance,Pressure,True,False,False,True,6442.3311,False,False,False,False,False
queue_pressure_ratio_spot_1bps_15s_eth,feature,eth,S5,queue_pressure_ratio_spot_1bps_15s,B1_imbalance,Pressure,True,False,False,True,6442.3311,False,False,False,False,False
queue_pressure_ratio_spot_1bps_60s_btc,feature,btc,S5,queue_pressure_ratio_spot_1bps_60s,B1_imbalance,Pressure,True,False,False,True,6305.5647,False,False,False,False,False
queue_pressure_ratio_spot_1bps_60s_eth,feature,eth,S5,queue_pressure_ratio_spot_1bps_60s,B1_imbalance,Pressure,True,False,False,True,6305.5647,False,False,False,False,False
queue_pressure_shock_fut_10bps_15s_btc,feature,btc,S5,queue_pressure_shock_fut_10bps_15s,B5_dynamics,Dynamics,True,True,True,True,6.4337,False,False,False,False,False
queue_pressure_shock_fut_10bps_15s_eth,feature,eth,S5,queue_pressure_shock_fut_10bps_15s,B5_dynamics,Dynamics,True,True,True,True,6.4337,False,False,False,False,False
queue_pressure_shock_fut_10bps_5s_btc,feature,btc,S5,queue_pressure_shock_fut_10bps_5s,B5_dynamics,Dynamics,True,True,True,True,4.775,False,False,False,False,False
queue_pressure_shock_fut_10bps_5s_eth,feature,eth,S5,queue_pressure_shock_fut_10bps_5s,B5_dynamics,Dynamics,True,True,True,True,4.775,False,False,False,False,False
queue_pressure_shock_fut_10bps_60s_btc,feature,btc,S5,queue_pressure_shock_fut_10bps_60s,B5_dynamics,Dynamics,True,False,True,True,14.2083,False,False,False,False,False
queue_pressure_shock_fut_10bps_60s_eth,feature,eth,S5,queue_pressure_shock_fut_10bps_60s,B5_dynamics,Dynamics,True,False,True,True,14.2083,False,False,False,True,False
queue_pressure_shock_fut_1bps_5s_btc,feature,btc,S5,queue_pressure_shock_fut_1bps_5s,B5_dynamics,Dynamics,True,False,True,True,10.5865,False,False,False,False,False
queue_pressure_shock_fut_1bps_5s_eth,feature,eth,S5,queue_pressure_shock_fut_1bps_5s,B5_dynamics,Dynamics,True,False,True,True,10.5865,False,False,False,False,False
queue_pressure_shock_fut_2bps_15s_btc,feature,btc,S5,queue_pressure_shock_fut_2bps_15s,B5_dynamics,Dynamics,True,True,True,True,4.582,False,False,False,False,False
queue_pressure_shock_fut_2bps_15s_eth,feature,eth,S5,queue_pressure_shock_fut_2bps_15s,B5_dynamics,Dynamics,True,True,True,True,4.582,False,False,False,False,False
queue_pressure_shock_fut_2bps_5s_btc,feature,btc,S5,queue_pressure_shock_fut_2bps_5s,B5_dynamics,Dynamics,True,False,True,True,10.4506,False,False,False,False,False
queue_pressure_shock_fut_2bps_5s_eth,feature,eth,S5,queue_pressure_shock_fut_2bps_5s,B5_dynamics,Dynamics,True,False,True,True,10.4506,False,False,False,False,False
queue_pressure_shock_fut_2bps_60s_btc,feature,btc,S5,queue_pressure_shock_fut_2bps_60s,B5_dynamics,Dynamics,True,True,True,True,8.1666,False,False,False,False,False
queue_pressure_shock_fut_2bps_60s_eth,feature,eth,S5,queue_pressure_shock_fut_2bps_60s,B5_dynamics,Dynamics,True,True,True,True,8.1666,False,False,False,False,False
queue_pressure_shock_fut_5bps_15s_btc,feature,btc,S5,queue_pressure_shock_fut_5bps_15s,B5_dynamics,Dynamics,True,True,True,True,4.8115,False,False,False,False,False
queue_pressure_shock_fut_5bps_15s_eth,feature,eth,S5,queue_pressure_shock_fut_5bps_15s,B5_dynamics,Dynamics,True,True,True,True,4.8115,False,False,False,False,False
queue_pressure_shock_fut_5bps_5s_btc,feature,btc,S5,queue_pressure_shock_fut_5bps_5s,B5_dynamics,Dynamics,True,False,True,True,11.0673,False,False,False,False,False
queue_pressure_shock_fut_5bps_5s_eth,feature,eth,S5,queue_pressure_shock_fut_5bps_5s,B5_dynamics,Dynamics,True,False,True,True,11.0673,False,False,False,False,False
queue_pressure_shock_fut_5bps_60s_btc,feature,btc,S5,queue_pressure_shock_fut_5bps_60s,B5_dynamics,Dynamics,True,True,True,True,7.784,False,False,False,False,False
queue_pressure_shock_fut_5bps_60s_eth,feature,eth,S5,queue_pressure_shock_fut_5bps_60s,B5_dynamics,Dynamics,True,True,True,True,7.784,False,False,False,True,False
queue_pressure_shock_spot_10bps_15s_btc,feature,btc,S5,queue_pressure_shock_spot_10bps_15s,B5_dynamics,Dynamics,True,True,True,True,8.631,False,False,False,False,False
queue_pressure_shock_spot_10bps_15s_eth,feature,eth,S5,queue_pressure_shock_spot_10bps_15s,B5_dynamics,Dynamics,True,True,True,True,8.631,False,False,False,False,False
queue_pressure_shock_spot_10bps_5s_btc,feature,btc,S5,queue_pressure_shock_spot_10bps_5s,B5_dynamics,Dynamics,True,True,True,True,8.4278,False,False,False,False,False
queue_pressure_shock_spot_10bps_5s_eth,feature,eth,S5,queue_pressure_shock_spot_10bps_5s,B5_dynamics,Dynamics,True,True,True,True,8.4278,False,False,False,False,False
queue_pressure_shock_spot_10bps_60s_btc,feature,btc,S5,queue_pressure_shock_spot_10bps_60s,B5_dynamics,Dynamics,True,False,True,True,14.0131,False,False,False,False,False
queue_pressure_shock_spot_10bps_60s_eth,feature,eth,S5,queue_pressure_shock_spot_10bps_60s,B5_dynamics,Dynamics,True,False,True,True,14.0131,False,False,False,True,False
queue_pressure_shock_spot_1bps_5s_btc,feature,btc,S5,queue_pressure_shock_spot_1bps_5s,B5_dynamics,Dynamics,True,False,True,True,10.569,False,False,False,False,False
queue_pressure_shock_spot_1bps_5s_eth,feature,eth,S5,queue_pressure_shock_spot_1bps_5s,B5_dynamics,Dynamics,True,False,True,True,10.569,False,False,False,False,False
queue_pressure_shock_spot_2bps_15s_btc,feature,btc,S5,queue_pressure_shock_spot_2bps_15s,B5_dynamics,Dynamics,True,True,True,True,6.2007,False,False,False,False,False
queue_pressure_shock_spot_2bps_15s_eth,feature,eth,S5,queue_pressure_shock_spot_2bps_15s,B5_dynamics,Dynamics,True,True,True,True,6.2007,False,False,False,False,False
queue_pressure_shock_spot_2bps_5s_btc,feature,btc,S5,queue_pressure_shock_spot_2bps_5s,B5_dynamics,Dynamics,True,False,True,True,11.425,False,False,False,False,False
queue_pressure_shock_spot_2bps_5s_eth,feature,eth,S5,queue_pressure_shock_spot_2bps_5s,B5_dynamics,Dynamics,True,False,True,True,11.425,False,False,False,False,False
queue_pressure_shock_spot_2bps_60s_btc,feature,btc,S5,queue_pressure_shock_spot_2bps_60s,B5_dynamics,Dynamics,True,True,True,True,9.7525,False,False,False,False,False
queue_pressure_shock_spot_2bps_60s_eth,feature,eth,S5,queue_pressure_shock_spot_2bps_60s,B5_dynamics,Dynamics,True,True,True,True,9.7525,False,False,False,False,False
queue_pressure_shock_spot_5bps_15s_btc,feature,btc,S5,queue_pressure_shock_spot_5bps_15s,B5_dynamics,Dynamics,True,True,True,True,5.2594,False,False,False,False,False
queue_pressure_shock_spot_5bps_15s_eth,feature,eth,S5,queue_pressure_shock_spot_5bps_15s,B5_dynamics,Dynamics,True,True,True,True,5.2594,False,False,False,False,False
queue_pressure_shock_spot_5bps_5s_btc,feature,btc,S5,queue_pressure_shock_spot_5bps_5s,B5_dynamics,Dynamics,True,False,True,True,10.7185,False,False,False,False,False
queue_pressure_shock_spot_5bps_5s_eth,feature,eth,S5,queue_pressure_shock_spot_5bps_5s,B5_dynamics,Dynamics,True,False,True,True,10.7185,False,False,False,False,False
queue_pressure_shock_spot_5bps_60s_btc,feature,btc,S5,queue_pressure_shock_spot_5bps_60s,B5_dynamics,Dynamics,True,False,True,True,10.8692,False,False,False,False,False
queue_pressure_shock_spot_5bps_60s_eth,feature,eth,S5,queue_pressure_shock_spot_5bps_60s,B5_dynamics,Dynamics,True,False,True,True,10.8692,False,False,False,False,False
queue_pressure_spot_10bps_15s_btc,feature,btc,S5,queue_pressure_spot_10bps_15s,B1_imbalance,Pressure,True,False,True,True,390.1523,False,False,False,False,False
queue_pressure_spot_10bps_15s_eth,feature,eth,S5,queue_pressure_spot_10bps_15s,B1_imbalance,Pressure,True,False,True,True,390.1523,False,False,False,False,False
queue_pressure_spot_10bps_5s_btc,feature,btc,S5,queue_pressure_spot_10bps_5s,B1_imbalance,Pressure,True,False,True,True,1002.6229,False,False,False,False,False
queue_pressure_spot_10bps_5s_eth,feature,eth,S5,queue_pressure_spot_10bps_5s,B1_imbalance,Pressure,True,False,True,True,1002.6229,False,False,False,False,False
queue_pressure_spot_10bps_60s_btc,feature,btc,S5,queue_pressure_spot_10bps_60s,B1_imbalance,Pressure,True,False,True,True,349.8321,False,False,False,False,False
queue_pressure_spot_10bps_60s_eth,feature,eth,S5,queue_pressure_spot_10bps_60s,B1_imbalance,Pressure,True,False,True,True,349.8321,False,False,False,False,False
queue_pressure_spot_1bps_15s_btc,feature,btc,S5,queue_pressure_spot_1bps_15s,B1_imbalance,Pressure,True,False,True,True,6442.3311,False,False,False,False,False
queue_pressure_spot_1bps_15s_eth,feature,eth,S5,queue_pressure_spot_1bps_15s,B1_imbalance,Pressure,True,False,True,True,6442.3311,False,False,False,False,False
queue_pressure_spot_1bps_1s_btc,feature,btc,S5,queue_pressure_spot_1bps_1s,B1_imbalance,Pressure,True,False,True,True,5057.8973,False,False,False,False,False
queue_pressure_spot_1bps_1s_eth,feature,eth,S5,queue_pressure_spot_1bps_1s,B1_imbalance,Pressure,True,False,True,True,5057.8973,False,False,False,False,False
queue_pressure_spot_1bps_5s_btc,feature,btc,S5,queue_pressure_spot_1bps_5s,B1_imbalance,Pressure,True,False,True,True,5150.2826,False,False,False,False,False
queue_pressure_spot_1bps_5s_eth,feature,eth,S5,queue_pressure_spot_1bps_5s,B1_imbalance,Pressure,True,False,True,True,5150.2826,False,False,False,False,False
queue_pressure_spot_1bps_60s_btc,feature,btc,S5,queue_pressure_spot_1bps_60s,B1_imbalance,Pressure,True,False,True,True,6305.5647,False,False,False,False,False
queue_pressure_spot_1bps_60s_eth,feature,eth,S5,queue_pressure_spot_1bps_60s,B1_imbalance,Pressure,True,False,True,True,6305.5647,False,False,False,False,False
queue_pressure_spot_2bps_15s_btc,feature,btc,S5,queue_pressure_spot_2bps_15s,B1_imbalance,Pressure,True,False,True,True,156.4878,False,False,False,False,False
queue_pressure_spot_2bps_15s_eth,feature,eth,S5,queue_pressure_spot_2bps_15s,B1_imbalance,Pressure,True,False,True,True,156.4878,False,False,False,False,False
queue_pressure_spot_2bps_1s_btc,feature,btc,S5,queue_pressure_spot_2bps_1s,B1_imbalance,Pressure,True,False,True,True,5077.529,False,False,False,False,False
queue_pressure_spot_2bps_1s_eth,feature,eth,S5,queue_pressure_spot_2bps_1s,B1_imbalance,Pressure,True,False,True,True,5077.529,False,False,False,False,False
queue_pressure_spot_2bps_5s_btc,feature,btc,S5,queue_pressure_spot_2bps_5s,B1_imbalance,Pressure,True,False,True,True,537.23,False,False,False,False,False
queue_pressure_spot_2bps_5s_eth,feature,eth,S5,queue_pressure_spot_2bps_5s,B1_imbalance,Pressure,True,False,True,True,537.23,False,False,False,False,False
queue_pressure_spot_2bps_60s_btc,feature,btc,S5,queue_pressure_spot_2bps_60s,B1_imbalance,Pressure,True,False,True,True,122.7554,False,False,False,False,False
queue_pressure_spot_2bps_60s_eth,feature,eth,S5,queue_pressure_spot_2bps_60s,B1_imbalance,Pressure,True,False,True,True,122.7554,False,False,False,True,False
queue_pressure_spot_5bps_15s_btc,feature,btc,S5,queue_pressure_spot_5bps_15s,B1_imbalance,Pressure,True,False,True,True,295.7916,False,False,False,False,False
queue_pressure_spot_5bps_15s_eth,feature,eth,S5,queue_pressure_spot_5bps_15s,B1_imbalance,Pressure,True,False,True,True,295.7916,False,False,False,False,False
queue_pressure_spot_5bps_1s_btc,feature,btc,S5,queue_pressure_spot_5bps_1s,B1_imbalance,Pressure,True,False,True,True,5147.6802,False,False,False,False,False
queue_pressure_spot_5bps_1s_eth,feature,eth,S5,queue_pressure_spot_5bps_1s,B1_imbalance,Pressure,True,False,True,True,5147.6802,False,False,False,False,False
queue_pressure_spot_5bps_5s_btc,feature,btc,S5,queue_pressure_spot_5bps_5s,B1_imbalance,Pressure,True,False,True,True,755.3039,False,False,False,False,False
queue_pressure_spot_5bps_5s_eth,feature,eth,S5,queue_pressure_spot_5bps_5s,B1_imbalance,Pressure,True,False,True,True,755.3039,False,False,False,False,False
queue_pressure_spot_5bps_60s_btc,feature,btc,S5,queue_pressure_spot_5bps_60s,B1_imbalance,Pressure,True,False,True,True,172.8834,True,False,False,False,False
queue_pressure_spot_5bps_60s_eth,feature,eth,S5,queue_pressure_spot_5bps_60s,B1_imbalance,Pressure,True,False,True,True,172.8834,False,False,False,False,False
range_pct_fut_3600s_btc,feature,btc,S5,range_pct_fut_3600s,B6_context,Range,True,False,True,True,1008.3988,True,True,True,True,True
range_pct_fut_3600s_eth,feature,eth,S5,range_pct_fut_3600s,B6_context,Range,True,False,True,True,1008.3988,True,False,True,False,True
range_pct_spot_3600s_btc,feature,btc,S5,range_pct_spot_3600s,B6_context,Range,True,False,False,True,1026.2939,True,True,True,True,True
range_pct_spot_3600s_eth,feature,eth,S5,range_pct_spot_3600s,B6_context,Range,True,False,False,True,1026.2939,True,True,True,True,True
range_pos_day_fut_btc,feature,btc,S5,range_pos_day_fut,B6_context,Range,True,False,True,True,3356.0861,False,False,True,False,True
range_pos_day_fut_eth,feature,eth,S5,range_pos_day_fut,B6_context,Range,True,False,True,True,3356.0861,True,True,True,False,True
range_pos_day_spot_btc,feature,btc,S5,range_pos_day_spot,B6_context,Range,True,False,False,True,3300.2016,True,True,False,False,True
range_pos_day_spot_eth,feature,eth,S5,range_pos_day_spot,B6_context,Range,True,False,False,True,3300.2016,True,True,False,True,True
range_pos_fut_3600s_btc,feature,btc,S5,range_pos_fut_3600s,B6_context,Range,True,False,True,True,2198.5181,False,False,True,True,False
range_pos_fut_3600s_eth,feature,eth,S5,range_pos_fut_3600s,B6_context,Range,True,False,True,True,2198.5181,False,True,True,True,True
range_pos_spot_3600s_btc,feature,btc,S5,range_pos_spot_3600s,B6_context,Range,True,False,False,True,2197.9767,True,True,True,False,True
range_pos_spot_3600s_eth,feature,eth,S5,range_pos_spot_3600s,B6_context,Range,True,False,False,True,2197.9767,False,True,True,True,True
range_pos_week_fut_btc,feature,btc,S5,range_pos_week_fut,B6_context,Session Levels,True,False,True,True,,False,False,False,False,False
reclaimed_week_open_900s_fut_btc,feature,btc,S5,reclaimed_week_open_900s_fut,B6_context,Level Events,True,False,True,True,,False,False,False,False,False
refill_rate_behind_fut_1bps_15s_btc,feature,btc,S5,refill_rate_behind_fut_1bps_15s,B3_flow,Liquidity Events,True,False,True,True,2079.4324,False,False,False,False,False
refill_rate_behind_fut_1bps_15s_eth,feature,eth,S5,refill_rate_behind_fut_1bps_15s,B3_flow,Liquidity Events,True,False,True,True,2079.4324,False,False,False,False,False
refill_rate_behind_spot_1bps_15s_btc,feature,btc,S5,refill_rate_behind_spot_1bps_15s,B3_flow,Liquidity Events,True,False,True,True,2121.4517,False,False,False,False,False
refill_rate_behind_spot_1bps_15s_eth,feature,eth,S5,refill_rate_behind_spot_1bps_15s,B3_flow,Liquidity Events,True,False,True,True,2121.4517,False,False,False,False,False
refill_rate_fut_10bps_15s_btc,feature,btc,S5,refill_rate_fut_10bps_15s,B3_flow,Liquidity Events,True,False,True,True,788.8327,False,False,False,True,False
refill_rate_fut_10bps_15s_eth,feature,eth,S5,refill_rate_fut_10bps_15s,B3_flow,Liquidity Events,True,False,True,True,788.8327,False,False,False,True,False
refill_rate_fut_10bps_5s_btc,feature,btc,S5,refill_rate_fut_10bps_5s,B3_flow,Liquidity Events,True,False,True,True,472.2401,False,False,False,True,False
refill_rate_fut_10bps_5s_eth,feature,eth,S5,refill_rate_fut_10bps_5s,B3_flow,Liquidity Events,True,False,True,True,472.2401,False,False,False,False,False
refill_rate_fut_10bps_60s_btc,feature,btc,S5,refill_rate_fut_10bps_60s,B3_flow,Liquidity Events,True,False,True,True,1367.7804,False,False,False,False,False
refill_rate_fut_10bps_60s_eth,feature,eth,S5,refill_rate_fut_10bps_60s,B3_flow,Liquidity Events,True,False,True,True,1367.7804,False,False,True,False,False
refill_rate_fut_1bps_15s_btc,feature,btc,S5,refill_rate_fut_1bps_15s,B3_flow,Liquidity Events,True,False,False,True,131.1821,False,False,False,False,False
refill_rate_fut_1bps_15s_eth,feature,eth,S5,refill_rate_fut_1bps_15s,B3_flow,Liquidity Events,True,False,False,True,131.1821,False,False,False,False,False
refill_rate_fut_1bps_5s_btc,feature,btc,S5,refill_rate_fut_1bps_5s,B3_flow,Liquidity Events,True,False,True,True,77.9325,False,False,False,False,False
refill_rate_fut_1bps_5s_eth,feature,eth,S5,refill_rate_fut_1bps_5s,B3_flow,Liquidity Events,True,False,True,True,77.9325,False,False,False,False,False
refill_rate_fut_1bps_60s_btc,feature,btc,S5,refill_rate_fut_1bps_60s,B3_flow,Liquidity Events,True,False,False,True,349.3695,False,True,True,True,True
refill_rate_fut_1bps_60s_eth,feature,eth,S5,refill_rate_fut_1bps_60s,B3_flow,Liquidity Events,True,False,False,True,349.3695,True,True,True,True,True
refill_rate_fut_2bps_15s_btc,feature,btc,S5,refill_rate_fut_2bps_15s,B3_flow,Liquidity Events,True,False,True,True,120.4909,False,False,False,False,False
refill_rate_fut_2bps_15s_eth,feature,eth,S5,refill_rate_fut_2bps_15s,B3_flow,Liquidity Events,True,False,True,True,120.4909,False,False,False,False,False
refill_rate_fut_2bps_5s_btc,feature,btc,S5,refill_rate_fut_2bps_5s,B3_flow,Liquidity Events,True,False,True,True,80.2163,False,False,False,False,False
refill_rate_fut_2bps_5s_eth,feature,eth,S5,refill_rate_fut_2bps_5s,B3_flow,Liquidity Events,True,False,True,True,80.2163,False,False,False,False,False
refill_rate_fut_2bps_60s_btc,feature,btc,S5,refill_rate_fut_2bps_60s,B3_flow,Liquidity Events,True,False,True,True,352.3879,False,True,False,False,True
refill_rate_fut_2bps_60s_eth,feature,eth,S5,refill_rate_fut_2bps_60s,B3_flow,Liquidity Events,True,False,True,True,352.3879,False,False,True,False,False
refill_rate_fut_5bps_15s_btc,feature,btc,S5,refill_rate_fut_5bps_15s,B3_flow,Liquidity Events,True,False,True,True,296.5034,False,False,False,False,False
refill_rate_fut_5bps_15s_eth,feature,eth,S5,refill_rate_fut_5bps_15s,B3_flow,Liquidity Events,True,False,True,True,296.5034,False,False,False,False,False
refill_rate_fut_5bps_5s_btc,feature,btc,S5,refill_rate_fut_5bps_5s,B3_flow,Liquidity Events,True,False,True,True,237.5351,False,False,False,True,False
refill_rate_fut_5bps_5s_eth,feature,eth,S5,refill_rate_fut_5bps_5s,B3_flow,Liquidity Events,True,False,True,True,237.5351,False,False,False,True,False
refill_rate_fut_5bps_60s_btc,feature,btc,S5,refill_rate_fut_5bps_60s,B3_flow,Liquidity Events,True,False,True,True,773.4371,True,False,False,True,False
refill_rate_fut_5bps_60s_eth,feature,eth,S5,refill_rate_fut_5bps_60s,B3_flow,Liquidity Events,True,False,True,True,773.4371,False,False,True,False,True
refill_rate_shock_fut_10bps_15s_btc,feature,btc,S5,refill_rate_shock_fut_10bps_15s,B5_dynamics,Dynamics,True,False,True,True,21.3919,False,False,False,False,False
refill_rate_shock_fut_10bps_15s_eth,feature,eth,S5,refill_rate_shock_fut_10bps_15s,B5_dynamics,Dynamics,True,False,True,True,21.3919,False,False,False,False,False
refill_rate_shock_fut_10bps_5s_btc,feature,btc,S5,refill_rate_shock_fut_10bps_5s,B5_dynamics,Dynamics,True,False,True,True,17.9988,False,False,False,False,False
refill_rate_shock_fut_10bps_5s_eth,feature,eth,S5,refill_rate_shock_fut_10bps_5s,B5_dynamics,Dynamics,True,False,True,True,17.9988,False,False,False,False,False
refill_rate_shock_fut_10bps_60s_btc,feature,btc,S5,refill_rate_shock_fut_10bps_60s,B5_dynamics,Dynamics,True,False,True,True,41.495,False,False,False,True,False
refill_rate_shock_fut_10bps_60s_eth,feature,eth,S5,refill_rate_shock_fut_10bps_60s,B5_dynamics,Dynamics,True,False,True,True,41.495,False,False,False,False,False
refill_rate_shock_fut_1bps_60s_btc,feature,btc,S5,refill_rate_shock_fut_1bps_60s,B5_dynamics,Dynamics,True,False,True,True,55.0086,False,False,False,False,False
refill_rate_shock_fut_1bps_60s_eth,feature,eth,S5,refill_rate_shock_fut_1bps_60s,B5_dynamics,Dynamics,True,False,True,True,55.0086,False,False,False,False,False
refill_rate_shock_fut_2bps_5s_eth,feature,eth,S5,refill_rate_shock_fut_2bps_5s,B5_dynamics,Dynamics,True,True,True,True,9.9365,False,False,False,False,False
refill_rate_shock_fut_5bps_15s_btc,feature,btc,S5,refill_rate_shock_fut_5bps_15s,B5_dynamics,Dynamics,True,False,True,True,15.7496,False,False,False,False,False
refill_rate_shock_fut_5bps_15s_eth,feature,eth,S5,refill_rate_shock_fut_5bps_15s,B5_dynamics,Dynamics,True,False,True,True,15.7496,False,False,False,False,False
refill_rate_shock_fut_5bps_5s_btc,feature,btc,S5,refill_rate_shock_fut_5bps_5s,B5_dynamics,Dynamics,True,False,True,True,12.4221,False,False,False,False,False
refill_rate_shock_fut_5bps_5s_eth,feature,eth,S5,refill_rate_shock_fut_5bps_5s,B5_dynamics,Dynamics,True,False,True,True,12.4221,False,False,False,False,False
refill_rate_shock_fut_5bps_60s_btc,feature,btc,S5,refill_rate_shock_fut_5bps_60s,B5_dynamics,Dynamics,True,False,True,True,50.3548,False,False,False,False,False
refill_rate_shock_fut_5bps_60s_eth,feature,eth,S5,refill_rate_shock_fut_5bps_60s,B5_dynamics,Dynamics,True,False,True,True,50.3548,False,False,False,True,False
refill_rate_shock_spot_10bps_15s_btc,feature,btc,S5,refill_rate_shock_spot_10bps_15s,B5_dynamics,Dynamics,True,False,True,True,19.1714,False,False,False,False,False
refill_rate_shock_spot_10bps_15s_eth,feature,eth,S5,refill_rate_shock_spot_10bps_15s,B5_dynamics,Dynamics,True,False,True,True,19.1714,False,False,False,False,False
refill_rate_shock_spot_10bps_5s_btc,feature,btc,S5,refill_rate_shock_spot_10bps_5s,B5_dynamics,Dynamics,True,False,True,True,13.4132,False,False,False,False,False
refill_rate_shock_spot_10bps_60s_btc,feature,btc,S5,refill_rate_shock_spot_10bps_60s,B5_dynamics,Dynamics,True,False,True,True,69.8002,False,False,False,False,False
refill_rate_shock_spot_10bps_60s_eth,feature,eth,S5,refill_rate_shock_spot_10bps_60s,B5_dynamics,Dynamics,True,False,True,True,69.8002,False,False,False,False,False
refill_rate_shock_spot_1bps_60s_btc,feature,btc,S5,refill_rate_shock_spot_1bps_60s,B5_dynamics,Dynamics,True,False,True,True,59.1437,False,False,False,True,False
refill_rate_shock_spot_1bps_60s_eth,feature,eth,S5,refill_rate_shock_spot_1bps_60s,B5_dynamics,Dynamics,True,False,True,True,59.1437,False,False,False,False,False
refill_rate_shock_spot_2bps_5s_btc,feature,btc,S5,refill_rate_shock_spot_2bps_5s,B5_dynamics,Dynamics,True,False,True,True,10.0189,False,False,False,False,False
refill_rate_shock_spot_2bps_5s_eth,feature,eth,S5,refill_rate_shock_spot_2bps_5s,B5_dynamics,Dynamics,True,False,True,True,10.0189,False,False,False,False,False
refill_rate_shock_spot_5bps_15s_btc,feature,btc,S5,refill_rate_shock_spot_5bps_15s,B5_dynamics,Dynamics,True,False,True,True,15.0262,False,False,False,False,False
refill_rate_shock_spot_5bps_15s_eth,feature,eth,S5,refill_rate_shock_spot_5bps_15s,B5_dynamics,Dynamics,True,False,True,True,15.0262,False,False,False,False,False
refill_rate_shock_spot_5bps_5s_btc,feature,btc,S5,refill_rate_shock_spot_5bps_5s,B5_dynamics,Dynamics,True,False,True,True,11.3854,False,False,False,False,False
refill_rate_shock_spot_5bps_5s_eth,feature,eth,S5,refill_rate_shock_spot_5bps_5s,B5_dynamics,Dynamics,True,False,True,True,11.3854,False,False,False,False,False
refill_rate_shock_spot_5bps_60s_btc,feature,btc,S5,refill_rate_shock_spot_5bps_60s,B5_dynamics,Dynamics,True,False,True,True,54.1017,False,False,False,True,False
refill_rate_shock_spot_5bps_60s_eth,feature,eth,S5,refill_rate_shock_spot_5bps_60s,B5_dynamics,Dynamics,True,False,True,True,54.1017,False,False,False,True,False
refill_rate_spot_10bps_15s_btc,feature,btc,S5,refill_rate_spot_10bps_15s,B3_flow,Liquidity Events,True,False,True,True,1156.9128,False,False,False,True,False
refill_rate_spot_10bps_15s_eth,feature,eth,S5,refill_rate_spot_10bps_15s,B3_flow,Liquidity Events,True,False,True,True,1156.9128,False,False,True,True,False
refill_rate_spot_10bps_5s_btc,feature,btc,S5,refill_rate_spot_10bps_5s,B3_flow,Liquidity Events,True,False,True,True,789.1551,False,False,False,False,False
refill_rate_spot_10bps_5s_eth,feature,eth,S5,refill_rate_spot_10bps_5s,B3_flow,Liquidity Events,True,False,True,True,789.1551,False,False,False,False,False
refill_rate_spot_10bps_60s_btc,feature,btc,S5,refill_rate_spot_10bps_60s,B3_flow,Liquidity Events,True,False,True,True,1755.3941,False,True,False,False,False
refill_rate_spot_10bps_60s_eth,feature,eth,S5,refill_rate_spot_10bps_60s,B3_flow,Liquidity Events,True,False,True,True,1755.3941,True,True,True,False,False
refill_rate_spot_1bps_15s_btc,feature,btc,S5,refill_rate_spot_1bps_15s,B3_flow,Liquidity Events,True,False,False,True,114.3086,False,False,False,False,False
refill_rate_spot_1bps_15s_eth,feature,eth,S5,refill_rate_spot_1bps_15s,B3_flow,Liquidity Events,True,False,False,True,114.3086,False,False,False,False,False
refill_rate_spot_1bps_5s_btc,feature,btc,S5,refill_rate_spot_1bps_5s,B3_flow,Liquidity Events,True,False,True,True,54.5,False,False,False,False,False
refill_rate_spot_1bps_5s_eth,feature,eth,S5,refill_rate_spot_1bps_5s,B3_flow,Liquidity Events,True,False,True,True,54.5,False,False,False,False,False
refill_rate_spot_1bps_60s_btc,feature,btc,S5,refill_rate_spot_1bps_60s,B3_flow,Liquidity Events,True,False,False,True,346.9607,False,False,True,False,True
refill_rate_spot_1bps_60s_eth,feature,eth,S5,refill_rate_spot_1bps_60s,B3_flow,Liquidity Events,True,False,False,True,346.9607,False,True,True,True,True
refill_rate_spot_2bps_15s_btc,feature,btc,S5,refill_rate_spot_2bps_15s,B3_flow,Liquidity Events,True,False,True,True,147.0801,False,False,False,True,False
refill_rate_spot_2bps_15s_eth,feature,eth,S5,refill_rate_spot_2bps_15s,B3_flow,Liquidity Events,True,False,True,True,147.0801,False,False,False,False,False
refill_rate_spot_2bps_5s_btc,feature,btc,S5,refill_rate_spot_2bps_5s,B3_flow,Liquidity Events,True,False,True,True,104.6337,False,False,False,False,False
refill_rate_spot_2bps_5s_eth,feature,eth,S5,refill_rate_spot_2bps_5s,B3_flow,Liquidity Events,True,False,True,True,104.6337,False,False,False,False,False
refill_rate_spot_2bps_60s_btc,feature,btc,S5,refill_rate_spot_2bps_60s,B3_flow,Liquidity Events,True,False,True,True,384.3306,False,True,True,True,True
refill_rate_spot_2bps_60s_eth,feature,eth,S5,refill_rate_spot_2bps_60s,B3_flow,Liquidity Events,True,False,True,True,384.3306,False,True,True,False,True
refill_rate_spot_5bps_15s_btc,feature,btc,S5,refill_rate_spot_5bps_15s,B3_flow,Liquidity Events,True,False,True,True,431.5494,False,False,False,False,False
refill_rate_spot_5bps_15s_eth,feature,eth,S5,refill_rate_spot_5bps_15s,B3_flow,Liquidity Events,True,False,True,True,431.5494,False,False,False,False,False
refill_rate_spot_5bps_5s_btc,feature,btc,S5,refill_rate_spot_5bps_5s,B3_flow,Liquidity Events,True,False,True,True,382.0999,False,False,False,False,False
refill_rate_spot_5bps_5s_eth,feature,eth,S5,refill_rate_spot_5bps_5s,B3_flow,Liquidity Events,True,False,True,True,382.0999,False,False,False,False,False
refill_rate_spot_5bps_60s_btc,feature,btc,S5,refill_rate_spot_5bps_60s,B3_flow,Liquidity Events,True,False,True,True,1311.857,False,False,True,True,True
refill_rate_spot_5bps_60s_eth,feature,eth,S5,refill_rate_spot_5bps_60s,B3_flow,Liquidity Events,True,False,True,True,1311.857,False,True,False,True,False
refill_vs_pull_div_fut_minus_spot_1bps_15s_eth,feature,eth,S5,refill_vs_pull_div_fut_minus_spot_1bps_15s,B4_cross_market,Cross-Market,True,False,False,True,3082.0854,False,False,False,False,False
refill_vs_pull_div_fut_minus_spot_2bps_60s_eth,feature,eth,S5,refill_vs_pull_div_fut_minus_spot_2bps_60s,B4_cross_market,Cross-Market,True,False,False,True,3201.043,False,False,False,False,False
refill_vs_pull_fut_1bps_15s_btc,feature,btc,S5,refill_vs_pull_fut_1bps_15s,B3_flow,Liquidity Events,True,False,False,True,5001.5916,False,False,False,False,False
refill_vs_pull_fut_1bps_15s_eth,feature,eth,S5,refill_vs_pull_fut_1bps_15s,B3_flow,Liquidity Events,True,False,False,True,5001.5916,False,False,False,False,False
refill_vs_pull_fut_1bps_persist_15s_btc,feature,btc,S5,refill_vs_pull_fut_1bps_persist_15s,B5_dynamics,Dynamics,True,True,True,True,7.3994,False,False,False,False,False
refill_vs_pull_fut_1bps_persist_15s_eth,feature,eth,S5,refill_vs_pull_fut_1bps_persist_15s,B5_dynamics,Dynamics,True,True,True,True,7.3994,False,False,False,False,False
refill_vs_pull_fut_2bps_5s_btc,feature,btc,S5,refill_vs_pull_fut_2bps_5s,B3_flow,Liquidity Events,True,False,False,True,5002.9873,False,False,False,False,False
refill_vs_pull_fut_2bps_5s_eth,feature,eth,S5,refill_vs_pull_fut_2bps_5s,B3_flow,Liquidity Events,True,False,False,True,5002.9873,False,False,False,False,False
refill_vs_pull_fut_2bps_60s_btc,feature,btc,S5,refill_vs_pull_fut_2bps_60s,B3_flow,Liquidity Events,True,False,True,True,5002.9873,False,False,False,False,False
refill_vs_pull_fut_2bps_60s_eth,feature,eth,S5,refill_vs_pull_fut_2bps_60s,B3_flow,Liquidity Events,True,False,True,True,5002.9873,False,False,False,False,False
refill_vs_pull_fut_2bps_persist_60s_btc,feature,btc,S5,refill_vs_pull_fut_2bps_persist_60s,B5_dynamics,Dynamics,True,False,True,True,38.264,False,False,False,False,False
refill_vs_pull_fut_2bps_persist_60s_eth,feature,eth,S5,refill_vs_pull_fut_2bps_persist_60s,B5_dynamics,Dynamics,True,False,True,True,38.264,False,False,False,False,False
refill_vs_pull_spot_1bps_15s_btc,feature,btc,S5,refill_vs_pull_spot_1bps_15s,B3_flow,Liquidity Events,True,False,False,True,5887.5274,False,False,False,False,False
refill_vs_pull_spot_1bps_15s_eth,feature,eth,S5,refill_vs_pull_spot_1bps_15s,B3_flow,Liquidity Events,True,False,False,True,5887.5274,False,False,False,False,False
refill_vs_pull_spot_1bps_5s_btc,feature,btc,S5,refill_vs_pull_spot_1bps_5s,B3_flow,Liquidity Events,True,False,True,True,5887.5274,False,False,False,False,False
refill_vs_pull_spot_1bps_persist_15s_eth,feature,eth,S5,refill_vs_pull_spot_1bps_persist_15s,B5_dynamics,Dynamics,True,True,True,True,9.5266,False,False,False,False,False
refill_vs_pull_spot_2bps_5s_eth,feature,eth,S5,refill_vs_pull_spot_2bps_5s,B3_flow,Liquidity Events,True,False,False,True,5921.9709,False,False,False,False,False
refill_vs_pull_spot_2bps_60s_eth,feature,eth,S5,refill_vs_pull_spot_2bps_60s,B3_flow,Liquidity Events,True,False,True,True,5921.9709,False,False,False,False,False
refill_vs_pull_spot_2bps_persist_60s_btc,feature,btc,S5,refill_vs_pull_spot_2bps_persist_60s,B5_dynamics,Dynamics,True,False,True,True,58.2693,False,False,False,False,False
refill_vs_pull_spot_2bps_persist_60s_eth,feature,eth,S5,refill_vs_pull_spot_2bps_persist_60s,B5_dynamics,Dynamics,True,False,True,True,58.2693,False,False,False,False,False
ret_shock_15s_btc,feature,btc,S5,ret_shock_15s,B5_dynamics,Dynamics,True,False,True,True,,False,False,False,False,False
ret_shock_15s_eth,feature,eth,S5,ret_shock_15s,B5_dynamics,Dynamics,True,False,True,True,,False,False,False,False,False
ret_shock_1s_btc,feature,btc,S5,ret_shock_1s,B5_dynamics,Dynamics,True,False,True,True,,False,False,False,False,False
ret_shock_1s_eth,feature,eth,S5,ret_shock_1s,B5_dynamics,Dynamics,True,False,True,True,,False,False,False,False,False
ret_shock_60s_btc,feature,btc,S5,ret_shock_60s,B5_dynamics,Dynamics,True,False,True,True,,False,False,False,False,False
ret_shock_60s_eth,feature,eth,S5,ret_shock_60s,B5_dynamics,Dynamics,True,False,True,True,,False,False,False,False,False
signed_notional_fut_1s_btc,feature,btc,S5,signed_notional_fut_1s,B1_imbalance,Aggression,True,False,True,True,3360.6815,True,False,False,True,False
signed_notional_fut_1s_eth,feature,eth,S5,signed_notional_fut_1s,B1_imbalance,Aggression,True,False,True,True,3360.6815,False,False,False,True,False
signed_notional_spot_1s_btc,feature,btc,S5,signed_notional_spot_1s,B1_imbalance,Aggression,True,False,True,True,3887.8572,False,False,False,False,False
signed_notional_spot_1s_eth,feature,eth,S5,signed_notional_spot_1s,B1_imbalance,Aggression,True,False,True,True,3887.8572,False,False,False,True,False
signed_vol_fut_1s_btc,feature,btc,S5,signed_vol_fut_1s,B1_imbalance,Aggression,True,False,True,True,2508.393,False,False,False,True,False
signed_vol_fut_1s_eth,feature,eth,S5,signed_vol_fut_1s,B1_imbalance,Aggression,True,False,True,True,2508.393,False,False,False,False,False
signed_vol_spot_1s_btc,feature,btc,S5,signed_vol_spot_1s,B1_imbalance,Aggression,True,False,True,True,3981.9582,False,False,False,False,False
signed_vol_spot_1s_eth,feature,eth,S5,signed_vol_spot_1s,B1_imbalance,Aggression,True,False,True,True,3981.9582,False,False,False,True,False
spot_fut_taker_activity_share_300s_btc,feature,btc,S5,spot_fut_taker_activity_share_300s,B4_cross_market,Cross-Market,True,False,True,True,428.4923,False,False,True,False,False
spot_fut_taker_activity_share_300s_eth,feature,eth,S5,spot_fut_taker_activity_share_300s,B4_cross_market,Cross-Market,True,False,True,True,428.4923,True,True,True,True,False
spot_fut_taker_activity_share_900s_btc,feature,btc,S5,spot_fut_taker_activity_share_900s,B4_cross_market,Cross-Market,True,False,True,True,323.1491,True,True,True,False,True
spot_fut_taker_activity_share_900s_eth,feature,eth,S5,spot_fut_taker_activity_share_900s,B4_cross_market,Cross-Market,True,False,True,True,323.1491,True,True,True,True,True
spread_fut_1s_btc,feature,btc,S5,spread_fut_1s,B6_context,Price,True,False,True,True,1994.9605,False,False,False,False,False
spread_fut_1s_eth,feature,eth,S5,spread_fut_1s,B6_context,Price,True,False,True,True,1994.9605,False,False,False,False,False
spread_fut_300s_btc,feature,btc,S5,spread_fut_300s,B6_context,Price,True,False,True,True,3632.7286,False,True,False,True,True
spread_fut_300s_eth,feature,eth,S5,spread_fut_300s,B6_context,Price,True,False,True,True,3632.7286,False,True,True,True,True
spread_fut_60s_btc,feature,btc,S5,spread_fut_60s,B6_context,Price,True,False,True,True,4002.3232,False,False,False,False,False
spread_fut_60s_eth,feature,eth,S5,spread_fut_60s,B6_context,Price,True,False,True,True,4002.3232,False,False,False,False,False
spread_fut_900s_btc,feature,btc,S5,spread_fut_900s,B6_context,Price,True,False,True,True,1789.5452,True,True,True,True,True
spread_fut_900s_eth,feature,eth,S5,spread_fut_900s,B6_context,Price,True,False,True,True,1789.5452,False,True,False,False,True
spread_sf_div_1s_btc,feature,btc,S5,spread_sf_div_1s,B4_cross_market,Cross-Market,True,False,True,True,51.1776,False,False,False,False,False
spread_sf_div_1s_eth,feature,eth,S5,spread_sf_div_1s,B4_cross_market,Cross-Market,True,False,True,True,51.1776,False,False,False,False,False
spread_sf_div_300s_btc,feature,btc,S5,spread_sf_div_300s,B4_cross_market,Cross-Market,True,False,True,True,3435.1558,True,False,False,True,True
spread_sf_div_300s_eth,feature,eth,S5,spread_sf_div_300s,B4_cross_market,Cross-Market,True,False,True,True,3435.1558,False,False,False,False,False
spread_sf_div_60s_btc,feature,btc,S5,spread_sf_div_60s,B4_cross_market,Cross-Market,True,False,True,True,3188.66,False,False,False,False,False
spread_sf_div_60s_eth,feature,eth,S5,spread_sf_div_60s,B4_cross_market,Cross-Market,True,False,True,True,3188.66,False,False,False,True,False
spread_spot_1s_btc,feature,btc,S5,spread_spot_1s,B6_context,Price,True,False,True,True,1226.4138,False,False,False,False,False
spread_spot_1s_eth,feature,eth,S5,spread_spot_1s,B6_context,Price,True,False,True,True,1226.4138,False,False,False,False,False
spread_spot_300s_btc,feature,btc,S5,spread_spot_300s,B6_context,Price,True,False,True,True,2234.3608,False,True,False,False,False
spread_spot_300s_eth,feature,eth,S5,spread_spot_300s,B6_context,Price,True,False,True,True,2234.3608,False,False,False,False,False
spread_spot_60s_btc,feature,btc,S5,spread_spot_60s,B6_context,Price,True,False,True,True,3485.8992,False,False,False,False,False
spread_spot_60s_eth,feature,eth,S5,spread_spot_60s,B6_context,Price,True,False,True,True,3485.8992,False,False,True,True,True
spread_spot_900s_btc,feature,btc,S5,spread_spot_900s,B6_context,Price,True,False,True,True,1115.9245,False,True,False,True,True
spread_spot_900s_eth,feature,eth,S5,spread_spot_900s,B6_context,Price,True,False,True,True,1115.9245,True,False,True,True,True
taker_activity_share_sf_1s_btc,feature,btc,S5,taker_activity_share_sf_1s,B4_cross_market,Cross-Market,True,False,True,True,28.8271,False,False,False,False,False
taker_activity_share_sf_1s_eth,feature,eth,S5,taker_activity_share_sf_1s,B4_cross_market,Cross-Market,True,False,True,True,28.8271,False,False,False,False,False
taker_buy_notional_fut_1s_btc,feature,btc,S5,taker_buy_notional_fut_1s,B1_imbalance,Aggression,True,False,True,True,4938.3583,False,False,False,False,False
taker_buy_notional_fut_1s_eth,feature,eth,S5,taker_buy_notional_fut_1s,B1_imbalance,Aggression,True,False,True,True,4938.3583,False,False,False,True,False
taker_buy_notional_spot_1s_btc,feature,btc,S5,taker_buy_notional_spot_1s,B1_imbalance,Aggression,True,False,True,True,4601.3075,False,False,False,True,False
taker_buy_notional_spot_1s_eth,feature,eth,S5,taker_buy_notional_spot_1s,B1_imbalance,Aggression,True,False,True,True,4601.3075,False,False,False,False,False
taker_buy_vol_fut_1s_btc,feature,btc,S5,taker_buy_vol_fut_1s,B1_imbalance,Aggression,True,False,True,True,4310.6715,False,False,False,True,False
taker_buy_vol_fut_1s_eth,feature,eth,S5,taker_buy_vol_fut_1s,B1_imbalance,Aggression,True,False,True,True,4310.6715,False,False,False,False,False
taker_buy_vol_spot_1s_btc,feature,btc,S5,taker_buy_vol_spot_1s,B1_imbalance,Aggression,True,False,True,True,4487.0844,False,False,False,True,False
taker_buy_vol_spot_1s_eth,feature,eth,S5,taker_buy_vol_spot_1s,B1_imbalance,Aggression,True,False,True,True,4487.0844,False,False,False,False,False
taker_imbalance_fut_15s_btc,feature,btc,S5,taker_imbalance_fut_15s,B1_imbalance,Aggression,True,False,True,True,38.7331,False,False,False,False,False
taker_imbalance_fut_15s_eth,feature,eth,S5,taker_imbalance_fut_15s,B1_imbalance,Aggression,True,False,True,True,38.7331,False,False,False,False,False
taker_imbalance_fut_1s_btc,feature,btc,S5,taker_imbalance_fut_1s,B1_imbalance,Aggression,True,False,True,True,33.821,False,False,False,False,False
taker_imbalance_fut_1s_eth,feature,eth,S5,taker_imbalance_fut_1s,B1_imbalance,Aggression,True,False,True,True,33.821,False,False,False,True,False
taker_imbalance_fut_300s_btc,feature,btc,S5,taker_imbalance_fut_300s,B1_imbalance,Aggression,True,False,False,True,82.2329,False,True,False,True,False
taker_imbalance_fut_300s_eth,feature,eth,S5,taker_imbalance_fut_300s,B1_imbalance,Aggression,True,False,False,True,82.2329,False,False,False,True,False
taker_imbalance_fut_5s_btc,feature,btc,S5,taker_imbalance_fut_5s,B1_imbalance,Aggression,True,False,True,True,39.1049,False,False,False,False,False
taker_imbalance_fut_5s_eth,feature,eth,S5,taker_imbalance_fut_5s,B1_imbalance,Aggression,True,False,True,True,39.1049,False,False,False,False,False
taker_imbalance_fut_60s_btc,feature,btc,S5,taker_imbalance_fut_60s,B1_imbalance,Aggression,True,False,True,True,64.3107,False,False,False,False,False
taker_imbalance_fut_60s_eth,feature,eth,S5,taker_imbalance_fut_60s,B1_imbalance,Aggression,True,False,True,True,64.3107,False,False,False,False,False
taker_imbalance_fut_900s_btc,feature,btc,S5,taker_imbalance_fut_900s,B1_imbalance,Aggression,True,False,True,True,42.0778,True,True,False,False,True
taker_imbalance_fut_900s_eth,feature,eth,S5,taker_imbalance_fut_900s,B1_imbalance,Aggression,True,False,True,True,42.0778,True,True,False,False,True
taker_imbalance_fut_persist_15s_btc,feature,btc,S5,taker_imbalance_fut_persist_15s,B5_dynamics,Dynamics,True,True,True,True,9.8257,False,False,False,False,False
taker_imbalance_fut_persist_15s_eth,feature,eth,S5,taker_imbalance_fut_persist_15s,B5_dynamics,Dynamics,True,True,True,True,9.8257,False,False,False,False,False
taker_imbalance_fut_persist_60s_btc,feature,btc,S5,taker_imbalance_fut_persist_60s,B5_dynamics,Dynamics,True,True,True,True,8.8903,False,False,False,False,False
taker_imbalance_fut_persist_60s_eth,feature,eth,S5,taker_imbalance_fut_persist_60s,B5_dynamics,Dynamics,True,True,True,True,8.8903,False,False,False,False,False
taker_imbalance_shock_fut_15s_btc,feature,btc,S5,taker_imbalance_shock_fut_15s,B5_dynamics,Dynamics,True,False,True,True,53.962,False,False,False,False,False
taker_imbalance_shock_fut_15s_eth,feature,eth,S5,taker_imbalance_shock_fut_15s,B5_dynamics,Dynamics,True,False,True,True,53.962,False,False,False,False,False
taker_imbalance_shock_fut_5s_btc,feature,btc,S5,taker_imbalance_shock_fut_5s,B5_dynamics,Dynamics,True,False,True,True,114.0859,False,False,False,False,False
taker_imbalance_shock_fut_5s_eth,feature,eth,S5,taker_imbalance_shock_fut_5s,B5_dynamics,Dynamics,True,False,True,True,114.0859,False,False,False,True,False
taker_imbalance_shock_fut_60s_btc,feature,btc,S5,taker_imbalance_shock_fut_60s,B5_dynamics,Dynamics,True,False,True,True,35.3298,False,False,False,False,False
taker_imbalance_shock_fut_60s_eth,feature,eth,S5,taker_imbalance_shock_fut_60s,B5_dynamics,Dynamics,True,False,True,True,35.3298,True,False,False,True,False
taker_imbalance_shock_spot_15s_btc,feature,btc,S5,taker_imbalance_shock_spot_15s,B5_dynamics,Dynamics,True,False,True,True,33.362,False,False,False,False,False
taker_imbalance_shock_spot_15s_eth,feature,eth,S5,taker_imbalance_shock_spot_15s,B5_dynamics,Dynamics,True,False,True,True,33.362,False,False,False,False,False
taker_imbalance_shock_spot_5s_btc,feature,btc,S5,taker_imbalance_shock_spot_5s,B5_dynamics,Dynamics,True,False,True,True,48.4108,False,False,False,True,False
taker_imbalance_shock_spot_5s_eth,feature,eth,S5,taker_imbalance_shock_spot_5s,B5_dynamics,Dynamics,True,False,True,True,48.4108,False,False,False,False,False
taker_imbalance_shock_spot_60s_btc,feature,btc,S5,taker_imbalance_shock_spot_60s,B5_dynamics,Dynamics,True,False,True,True,25.0542,False,False,False,False,False
taker_imbalance_shock_spot_60s_eth,feature,eth,S5,taker_imbalance_shock_spot_60s,B5_dynamics,Dynamics,True,False,True,True,25.0542,False,False,False,True,False
taker_imbalance_spot_15s_btc,feature,btc,S5,taker_imbalance_spot_15s,B1_imbalance,Aggression,True,False,True,True,30.4634,False,False,False,False,False
taker_imbalance_spot_15s_eth,feature,eth,S5,taker_imbalance_spot_15s,B1_imbalance,Aggression,True,False,True,True,30.4634,False,False,False,False,False
taker_imbalance_spot_1s_btc,feature,btc,S5,taker_imbalance_spot_1s,B1_imbalance,Aggression,True,False,True,True,85.4718,False,False,False,False,False
taker_imbalance_spot_1s_eth,feature,eth,S5,taker_imbalance_spot_1s,B1_imbalance,Aggression,True,False,True,True,85.4718,False,False,False,False,False
taker_imbalance_spot_300s_btc,feature,btc,S5,taker_imbalance_spot_300s,B1_imbalance,Aggression,True,False,False,True,101.8106,True,False,False,False,False
taker_imbalance_spot_300s_eth,feature,eth,S5,taker_imbalance_spot_300s,B1_imbalance,Aggression,True,False,False,True,101.8106,True,False,True,True,False
taker_imbalance_spot_5s_btc,feature,btc,S5,taker_imbalance_spot_5s,B1_imbalance,Aggression,True,False,True,True,43.0032,False,False,False,False,False
taker_imbalance_spot_5s_eth,feature,eth,S5,taker_imbalance_spot_5s,B1_imbalance,Aggression,True,False,True,True,43.0032,False,False,False,False,False
taker_imbalance_spot_60s_btc,feature,btc,S5,taker_imbalance_spot_60s,B1_imbalance,Aggression,True,False,True,True,60.1741,False,False,False,False,False
taker_imbalance_spot_60s_eth,feature,eth,S5,taker_imbalance_spot_60s,B1_imbalance,Aggression,True,False,True,True,60.1741,True,False,False,False,False
taker_imbalance_spot_900s_btc,feature,btc,S5,taker_imbalance_spot_900s,B1_imbalance,Aggression,True,False,True,True,44.5781,True,False,True,True,True
taker_imbalance_spot_900s_eth,feature,eth,S5,taker_imbalance_spot_900s,B1_imbalance,Aggression,True,False,True,True,44.5781,True,True,True,True,True
taker_imbalance_spot_persist_15s_btc,feature,btc,S5,taker_imbalance_spot_persist_15s,B5_dynamics,Dynamics,True,False,True,True,13.8334,False,False,False,False,False
taker_imbalance_spot_persist_15s_eth,feature,eth,S5,taker_imbalance_spot_persist_15s,B5_dynamics,Dynamics,True,False,True,True,13.8334,False,False,False,False,False
taker_imbalance_spot_persist_60s_btc,feature,btc,S5,taker_imbalance_spot_persist_60s,B5_dynamics,Dynamics,True,True,True,True,8.7533,False,False,False,False,False
taker_imbalance_spot_persist_60s_eth,feature,eth,S5,taker_imbalance_spot_persist_60s,B5_dynamics,Dynamics,True,True,True,True,8.7533,False,False,False,False,False
taker_sell_notional_fut_1s_btc,feature,btc,S5,taker_sell_notional_fut_1s,B1_imbalance,Aggression,True,False,True,True,4323.6735,False,False,False,False,False
taker_sell_notional_fut_1s_eth,feature,eth,S5,taker_sell_notional_fut_1s,B1_imbalance,Aggression,True,False,True,True,4323.6735,False,False,False,True,False
taker_sell_notional_spot_1s_btc,feature,btc,S5,taker_sell_notional_spot_1s,B1_imbalance,Aggression,True,False,True,True,4378.1444,False,False,False,False,False
taker_sell_notional_spot_1s_eth,feature,eth,S5,taker_sell_notional_spot_1s,B1_imbalance,Aggression,True,False,True,True,4378.1444,False,False,False,False,False
taker_sell_vol_fut_1s_btc,feature,btc,S5,taker_sell_vol_fut_1s,B1_imbalance,Aggression,True,False,True,True,3620.6285,False,False,False,False,False
taker_sell_vol_fut_1s_eth,feature,eth,S5,taker_sell_vol_fut_1s,B1_imbalance,Aggression,True,False,True,True,3620.6285,False,False,False,False,False
taker_sell_vol_spot_1s_btc,feature,btc,S5,taker_sell_vol_spot_1s,B1_imbalance,Aggression,True,False,True,True,4497.6305,False,False,False,False,False
taker_sell_vol_spot_1s_eth,feature,eth,S5,taker_sell_vol_spot_1s,B1_imbalance,Aggression,True,False,True,True,4497.6305,False,False,False,False,False
trade_absorption_ratio_fut_1s_btc,feature,btc,S5,trade_absorption_ratio_fut_1s,B3_flow,Absorption,True,False,False,True,6667.4157,False,False,False,False,False
trade_absorption_ratio_fut_1s_eth,feature,eth,S5,trade_absorption_ratio_fut_1s,B3_flow,Absorption,True,False,False,True,6667.4157,False,False,False,False,False
trade_absorption_ratio_fut_2bps_1s_btc,feature,btc,S5,trade_absorption_ratio_fut_2bps_1s,B3_flow,Absorption,True,False,False,True,6667.4157,False,False,False,False,False
trade_absorption_ratio_fut_2bps_1s_eth,feature,eth,S5,trade_absorption_ratio_fut_2bps_1s,B3_flow,Absorption,True,False,False,True,6667.4157,False,False,False,False,False
trade_absorption_ratio_fut_5bps_1s_btc,feature,btc,S5,trade_absorption_ratio_fut_5bps_1s,B3_flow,Absorption,True,False,True,True,6667.4157,False,False,False,False,False
trade_absorption_ratio_fut_5bps_1s_eth,feature,eth,S5,trade_absorption_ratio_fut_5bps_1s,B3_flow,Absorption,True,False,True,True,6667.4157,False,False,False,False,False
trade_absorption_ratio_fut_60s_btc,feature,btc,S5,trade_absorption_ratio_fut_60s,B3_flow,Absorption,True,True,True,True,5.878,True,False,False,True,False
trade_absorption_ratio_fut_60s_eth,feature,eth,S5,trade_absorption_ratio_fut_60s,B3_flow,Absorption,True,True,True,True,5.878,False,False,False,True,False
trade_absorption_ratio_fut_900s_btc,feature,btc,S5,trade_absorption_ratio_fut_900s,B3_flow,Absorption,True,False,True,True,21.2306,True,True,True,False,True
trade_absorption_ratio_fut_900s_eth,feature,eth,S5,trade_absorption_ratio_fut_900s,B3_flow,Absorption,True,False,True,True,21.2306,True,True,True,False,True
trade_absorption_ratio_fut_persist_60s_eth,feature,eth,S5,trade_absorption_ratio_fut_persist_60s,B5_dynamics,Dynamics,True,False,True,True,416.8966,False,False,False,False,False
trade_absorption_ratio_fut_persist_900s_btc,feature,btc,S5,trade_absorption_ratio_fut_persist_900s,B5_dynamics,Dynamics,True,False,True,True,86.9966,False,False,False,False,False
trade_absorption_ratio_fut_persist_900s_eth,feature,eth,S5,trade_absorption_ratio_fut_persist_900s,B5_dynamics,Dynamics,True,False,True,True,86.9966,False,False,False,False,False
trade_absorption_ratio_spot_1s_btc,feature,btc,S5,trade_absorption_ratio_spot_1s,B3_flow,Absorption,True,True,True,True,3.1885,False,False,False,False,False
trade_absorption_ratio_spot_1s_eth,feature,eth,S5,trade_absorption_ratio_spot_1s,B3_flow,Absorption,True,True,True,True,3.1885,False,False,False,False,False
trade_absorption_ratio_spot_60s_btc,feature,btc,S5,trade_absorption_ratio_spot_60s,B3_flow,Absorption,True,False,True,True,27.6959,False,False,False,False,False
trade_absorption_ratio_spot_60s_eth,feature,eth,S5,trade_absorption_ratio_spot_60s,B3_flow,Absorption,True,False,True,True,27.6959,False,False,False,True,False
trade_absorption_ratio_spot_900s_btc,feature,btc,S5,trade_absorption_ratio_spot_900s,B3_flow,Absorption,True,False,True,True,90.0891,True,True,True,False,True
trade_absorption_ratio_spot_900s_eth,feature,eth,S5,trade_absorption_ratio_spot_900s,B3_flow,Absorption,True,False,True,True,90.0891,False,False,True,False,True
trade_absorption_ratio_spot_persist_900s_btc,feature,btc,S5,trade_absorption_ratio_spot_persist_900s,B5_dynamics,Dynamics,True,False,True,True,83.2053,False,False,False,False,False
trade_absorption_ratio_spot_persist_900s_eth,feature,eth,S5,trade_absorption_ratio_spot_persist_900s,B5_dynamics,Dynamics,True,False,True,True,83.2053,False,False,False,False,False
trade_count_fut_1s_btc,feature,btc,S5,trade_count_fut_1s,B3_flow,Activity,True,False,True,True,46.813,False,True,False,True,False
trade_count_fut_1s_eth,feature,eth,S5,trade_count_fut_1s,B3_flow,Activity,True,False,True,True,46.813,False,False,True,False,True
trade_count_fut_300s_btc,feature,btc,S5,trade_count_fut_300s,B3_flow,Activity,True,False,False,True,461.4321,False,True,True,True,True
trade_count_fut_300s_eth,feature,eth,S5,trade_count_fut_300s,B3_flow,Activity,True,False,False,True,461.4321,True,True,True,False,True
trade_count_fut_60s_btc,feature,btc,S5,trade_count_fut_60s,B3_flow,Activity,True,False,True,True,255.9848,False,False,False,False,False
trade_count_fut_60s_eth,feature,eth,S5,trade_count_fut_60s,B3_flow,Activity,True,False,True,True,255.9848,False,False,True,False,True
trade_count_fut_900s_btc,feature,btc,S5,trade_count_fut_900s,B3_flow,Activity,True,False,False,True,448.5829,True,True,True,False,True
trade_count_fut_900s_eth,feature,eth,S5,trade_count_fut_900s,B3_flow,Activity,True,False,False,True,448.5829,False,True,True,True,True
trade_count_fut_div_1s_btc,feature,btc,S5,trade_count_fut_div_1s,B4_cross_market,Cross-Market,True,True,True,True,7.7115,False,False,False,False,False
trade_count_fut_div_1s_eth,feature,eth,S5,trade_count_fut_div_1s,B4_cross_market,Cross-Market,True,True,True,True,7.7115,False,False,False,False,False
trade_count_fut_div_300s_btc,feature,btc,S5,trade_count_fut_div_300s,B4_cross_market,Cross-Market,True,False,False,True,3070.1744,True,False,False,False,False
trade_count_fut_div_300s_eth,feature,eth,S5,trade_count_fut_div_300s,B4_cross_market,Cross-Market,True,False,False,True,3070.1744,False,True,True,True,True
trade_count_fut_div_60s_btc,feature,btc,S5,trade_count_fut_div_60s,B4_cross_market,Cross-Market,True,False,False,True,2295.8592,True,False,False,True,False
trade_count_fut_div_60s_eth,feature,eth,S5,trade_count_fut_div_60s,B4_cross_market,Cross-Market,True,False,False,True,2295.8592,False,False,False,False,False
trade_count_fut_div_900s_btc,feature,btc,S5,trade_count_fut_div_900s,B4_cross_market,Cross-Market,True,False,False,True,2567.1906,True,True,True,True,True
trade_count_fut_div_900s_eth,feature,eth,S5,trade_count_fut_div_900s,B4_cross_market,Cross-Market,True,False,False,True,2567.1906,True,False,True,True,True
trade_count_fut_share_1s_btc,feature,btc,S5,trade_count_fut_share_1s,B4_cross_market,Cross-Market,True,False,True,True,117.1073,False,False,False,False,False
trade_count_fut_share_1s_eth,feature,eth,S5,trade_count_fut_share_1s,B4_cross_market,Cross-Market,True,False,True,True,117.1073,False,False,False,False,False
trade_count_fut_share_300s_btc,feature,btc,S5,trade_count_fut_share_300s,B4_cross_market,Cross-Market,True,False,True,True,1477.4283,True,True,False,False,False
trade_count_fut_share_300s_eth,feature,eth,S5,trade_count_fut_share_300s,B4_cross_market,Cross-Market,True,False,True,True,1477.4283,False,True,True,False,True
trade_count_fut_share_60s_btc,feature,btc,S5,trade_count_fut_share_60s,B4_cross_market,Cross-Market,True,False,False,True,861.5211,True,False,False,False,False
trade_count_fut_share_60s_eth,feature,eth,S5,trade_count_fut_share_60s,B4_cross_market,Cross-Market,True,False,False,True,861.5211,True,False,False,True,False
trade_count_fut_share_900s_btc,feature,btc,S5,trade_count_fut_share_900s,B4_cross_market,Cross-Market,True,False,True,True,966.3364,True,True,True,False,True
trade_count_fut_share_900s_eth,feature,eth,S5,trade_count_fut_share_900s,B4_cross_market,Cross-Market,True,False,True,True,966.3364,True,True,True,False,False
trade_count_sf_div_300s_btc,feature,btc,S5,trade_count_sf_div_300s,B4_cross_market,Cross-Market,True,False,True,True,4896.916,False,True,False,False,False
trade_count_sf_div_300s_eth,feature,eth,S5,trade_count_sf_div_300s,B4_cross_market,Cross-Market,True,False,True,True,4896.916,True,True,True,True,True
trade_count_sf_div_60s_btc,feature,btc,S5,trade_count_sf_div_60s,B4_cross_market,Cross-Market,True,False,True,True,3164.3264,False,False,False,False,False
trade_count_sf_div_60s_eth,feature,eth,S5,trade_count_sf_div_60s,B4_cross_market,Cross-Market,True,False,True,True,3164.3264,False,False,False,False,False
trade_count_sf_div_900s_btc,feature,btc,S5,trade_count_sf_div_900s,B4_cross_market,Cross-Market,True,False,True,True,3823.6076,False,True,True,True,True
trade_count_sf_div_900s_eth,feature,eth,S5,trade_count_sf_div_900s,B4_cross_market,Cross-Market,True,False,True,True,3823.6076,True,True,True,False,True
trade_count_sf_share_300s_btc,feature,btc,S5,trade_count_sf_share_300s,B4_cross_market,Cross-Market,True,False,True,True,1649.0001,False,True,False,False,False
trade_count_sf_share_300s_eth,feature,eth,S5,trade_count_sf_share_300s,B4_cross_market,Cross-Market,True,False,True,True,1649.0001,False,True,False,True,True
trade_count_sf_share_60s_btc,feature,btc,S5,trade_count_sf_share_60s,B4_cross_market,Cross-Market,True,False,True,True,385.833,False,False,False,False,False
trade_count_sf_share_60s_eth,feature,eth,S5,trade_count_sf_share_60s,B4_cross_market,Cross-Market,True,False,True,True,385.833,False,False,False,False,False
trade_count_sf_share_900s_btc,feature,btc,S5,trade_count_sf_share_900s,B4_cross_market,Cross-Market,True,False,True,True,4141.815,True,True,True,False,True
trade_count_sf_share_900s_eth,feature,eth,S5,trade_count_sf_share_900s,B4_cross_market,Cross-Market,True,False,True,True,4141.815,True,True,True,False,True
trade_count_spot_1s_btc,feature,btc,S5,trade_count_spot_1s,B3_flow,Activity,True,False,True,True,51.3818,False,False,False,False,False
trade_count_spot_1s_eth,feature,eth,S5,trade_count_spot_1s,B3_flow,Activity,True,False,True,True,51.3818,False,True,True,False,False
trade_count_spot_300s_btc,feature,btc,S5,trade_count_spot_300s,B3_flow,Activity,True,False,True,True,385.4412,False,True,True,False,True
trade_count_spot_300s_eth,feature,eth,S5,trade_count_spot_300s,B3_flow,Activity,True,False,True,True,385.4412,False,True,True,True,True
trade_count_spot_60s_btc,feature,btc,S5,trade_count_spot_60s,B3_flow,Activity,True,False,True,True,217.3704,False,True,False,False,True
trade_count_spot_60s_eth,feature,eth,S5,trade_count_spot_60s,B3_flow,Activity,True,False,True,True,217.3704,True,True,True,True,True
trade_count_spot_900s_btc,feature,btc,S5,trade_count_spot_900s,B3_flow,Activity,True,False,True,True,297.9409,False,True,True,True,True
trade_count_spot_900s_eth,feature,eth,S5,trade_count_spot_900s,B3_flow,Activity,True,False,True,True,297.9409,True,True,True,True,True
trade_count_spot_div_1s_btc,feature,btc,S5,trade_count_spot_div_1s,B4_cross_market,Cross-Market,True,True,True,True,6.0916,False,False,False,False,False
trade_count_spot_div_1s_eth,feature,eth,S5,trade_count_spot_div_1s,B4_cross_market,Cross-Market,True,True,True,True,6.0916,False,False,False,False,False
trade_count_spot_div_300s_btc,feature,btc,S5,trade_count_spot_div_300s,B4_cross_market,Cross-Market,True,False,True,True,305.2668,False,False,True,False,False
trade_count_spot_div_300s_eth,feature,eth,S5,trade_count_spot_div_300s,B4_cross_market,Cross-Market,True,False,True,True,305.2668,True,True,False,True,False
trade_count_spot_div_60s_btc,feature,btc,S5,trade_count_spot_div_60s,B4_cross_market,Cross-Market,True,False,True,True,331.4844,False,False,False,False,False
trade_count_spot_div_60s_eth,feature,eth,S5,trade_count_spot_div_60s,B4_cross_market,Cross-Market,True,False,True,True,331.4844,False,False,False,False,False
trade_count_spot_div_900s_btc,feature,btc,S5,trade_count_spot_div_900s,B4_cross_market,Cross-Market,True,False,True,True,420.4,True,False,True,False,False
trade_count_spot_div_900s_eth,feature,eth,S5,trade_count_spot_div_900s,B4_cross_market,Cross-Market,True,False,True,True,420.4,False,True,True,True,True
trade_count_spot_share_1s_btc,feature,btc,S5,trade_count_spot_share_1s,B4_cross_market,Cross-Market,True,False,True,True,76.7605,False,False,False,False,False
trade_count_spot_share_1s_eth,feature,eth,S5,trade_count_spot_share_1s,B4_cross_market,Cross-Market,True,False,True,True,76.7605,False,False,False,False,False
trade_count_spot_share_300s_btc,feature,btc,S5,trade_count_spot_share_300s,B4_cross_market,Cross-Market,True,False,True,True,756.728,True,True,False,True,True
trade_count_spot_share_300s_eth,feature,eth,S5,trade_count_spot_share_300s,B4_cross_market,Cross-Market,True,False,True,True,756.728,True,True,False,True,False
trade_count_spot_share_60s_btc,feature,btc,S5,trade_count_spot_share_60s,B4_cross_market,Cross-Market,True,False,True,True,476.874,False,False,False,True,False
trade_count_spot_share_60s_eth,feature,eth,S5,trade_count_spot_share_60s,B4_cross_market,Cross-Market,True,False,True,True,476.874,False,False,False,False,False
trade_count_spot_share_900s_btc,feature,btc,S5,trade_count_spot_share_900s,B4_cross_market,Cross-Market,True,False,True,True,496.572,True,False,True,False,False
trade_count_spot_share_900s_eth,feature,eth,S5,trade_count_spot_share_900s,B4_cross_market,Cross-Market,True,False,True,True,496.572,True,False,True,False,True
trade_size_sf_ratio_300s_btc,feature,btc,S5,trade_size_sf_ratio_300s,B4_cross_market,Cross-Market,True,False,True,True,185.9542,True,True,True,False,True
trade_size_sf_ratio_300s_eth,feature,eth,S5,trade_size_sf_ratio_300s,B4_cross_market,Cross-Market,True,False,True,True,185.9542,True,True,True,True,True
trade_size_sf_ratio_60s_btc,feature,btc,S5,trade_size_sf_ratio_60s,B4_cross_market,Cross-Market,True,False,True,True,51.372,False,False,False,False,False
trade_size_sf_ratio_60s_eth,feature,eth,S5,trade_size_sf_ratio_60s,B4_cross_market,Cross-Market,True,False,True,True,51.372,False,False,False,True,False
trend_aligned_15m_fut_btc,feature,btc,S5,trend_aligned_15m_fut,B6_context,Trend,True,False,True,True,,False,False,False,False,False
trend_aligned_15m_fut_eth,feature,eth,S5,trend_aligned_15m_fut,B6_context,Trend,True,False,True,True,,False,False,False,False,False
trend_aligned_240m_fut_btc,feature,btc,S5,trend_aligned_240m_fut,B6_context,Trend,True,False,True,True,,False,False,False,False,False
trend_aligned_240m_fut_eth,feature,eth,S5,trend_aligned_240m_fut,B6_context,Trend,True,False,True,True,,False,False,False,False,False
trend_aligned_60m_fut_btc,feature,btc,S5,trend_aligned_60m_fut,B6_context,Trend,True,False,True,True,,False,False,False,False,False
trend_aligned_60m_fut_eth,feature,eth,S5,trend_aligned_60m_fut,B6_context,Trend,True,False,True,True,,False,False,False,False,False
vacuum_score_shock_fut_10bps_15s_btc,feature,btc,S5,vacuum_score_shock_fut_10bps_15s,B5_dynamics,Dynamics,True,False,True,True,38.7165,False,False,False,False,False
vacuum_score_shock_fut_10bps_15s_eth,feature,eth,S5,vacuum_score_shock_fut_10bps_15s,B5_dynamics,Dynamics,True,False,True,True,38.7165,False,False,False,False,False
vacuum_score_shock_fut_10bps_60s_btc,feature,btc,S5,vacuum_score_shock_fut_10bps_60s,B5_dynamics,Dynamics,True,False,True,True,26.1822,False,False,False,False,False
vacuum_score_shock_fut_10bps_60s_eth,feature,eth,S5,vacuum_score_shock_fut_10bps_60s,B5_dynamics,Dynamics,True,False,True,True,26.1822,False,False,False,False,False
vacuum_score_shock_fut_5bps_15s_btc,feature,btc,S5,vacuum_score_shock_fut_5bps_15s,B5_dynamics,Dynamics,True,False,True,True,27.8683,False,False,False,False,False
vacuum_score_shock_fut_5bps_15s_eth,feature,eth,S5,vacuum_score_shock_fut_5bps_15s,B5_dynamics,Dynamics,True,False,True,True,27.8683,False,False,False,False,False
vacuum_score_shock_fut_5bps_5s_btc,feature,btc,S5,vacuum_score_shock_fut_5bps_5s,B5_dynamics,Dynamics,True,True,True,True,8.6131,False,False,False,False,False
vacuum_score_shock_fut_5bps_5s_eth,feature,eth,S5,vacuum_score_shock_fut_5bps_5s,B5_dynamics,Dynamics,True,True,True,True,8.6131,False,False,False,False,False
vacuum_score_shock_fut_5bps_60s_btc,feature,btc,S5,vacuum_score_shock_fut_5bps_60s,B5_dynamics,Dynamics,True,False,True,True,22.6358,False,False,False,False,False
vacuum_score_shock_fut_5bps_60s_eth,feature,eth,S5,vacuum_score_shock_fut_5bps_60s,B5_dynamics,Dynamics,True,False,True,True,22.6358,False,False,False,False,False
vacuum_score_shock_spot_10bps_15s_btc,feature,btc,S5,vacuum_score_shock_spot_10bps_15s,B5_dynamics,Dynamics,True,False,True,True,28.7048,False,False,False,False,False
vacuum_score_shock_spot_10bps_15s_eth,feature,eth,S5,vacuum_score_shock_spot_10bps_15s,B5_dynamics,Dynamics,True,False,True,True,28.7048,False,False,False,False,False
vacuum_score_shock_spot_10bps_5s_btc,feature,btc,S5,vacuum_score_shock_spot_10bps_5s,B5_dynamics,Dynamics,True,True,True,True,9.2107,False,False,False,False,False
vacuum_score_shock_spot_10bps_5s_eth,feature,eth,S5,vacuum_score_shock_spot_10bps_5s,B5_dynamics,Dynamics,True,True,True,True,9.2107,False,False,False,False,False
vacuum_score_shock_spot_10bps_60s_btc,feature,btc,S5,vacuum_score_shock_spot_10bps_60s,B5_dynamics,Dynamics,True,False,True,True,21.987,False,False,False,False,False
vacuum_score_shock_spot_10bps_60s_eth,feature,eth,S5,vacuum_score_shock_spot_10bps_60s,B5_dynamics,Dynamics,True,False,True,True,21.987,False,False,False,False,False
vacuum_score_shock_spot_5bps_15s_eth,feature,eth,S5,vacuum_score_shock_spot_5bps_15s,B5_dynamics,Dynamics,True,False,True,True,19.5294,False,False,False,False,False
vacuum_score_shock_spot_5bps_5s_eth,feature,eth,S5,vacuum_score_shock_spot_5bps_5s,B5_dynamics,Dynamics,True,True,True,True,6.8219,False,False,False,False,False
vacuum_score_shock_spot_5bps_60s_btc,feature,btc,S5,vacuum_score_shock_spot_5bps_60s,B5_dynamics,Dynamics,True,False,True,True,25.5821,False,False,False,False,False
vacuum_score_shock_spot_5bps_60s_eth,feature,eth,S5,vacuum_score_shock_spot_5bps_60s,B5_dynamics,Dynamics,True,False,True,True,25.5821,False,False,False,False,False
vah_1d_fut_btc,feature,btc,S5,vah_1d_fut,B6_context,Volume Profile Artefact,False,False,False,False,,False,True,True,False,True
vah_1d_fut_eth,feature,eth,S5,vah_1d_fut,B6_context,Volume Profile Artefact,False,False,False,False,,True,False,True,False,True
vah_240m_fut_btc,feature,btc,S5,vah_240m_fut,B6_context,Volume Profile Artefact,False,False,False,False,,False,False,False,False,False
vah_240m_fut_eth,feature,eth,S5,vah_240m_fut,B6_context,Volume Profile Artefact,False,False,False,False,,True,True,True,False,True
vah_60m_fut_btc,feature,btc,S5,vah_60m_fut,B6_context,Volume Profile Artefact,False,False,False,False,,False,True,False,False,True
vah_60m_fut_eth,feature,eth,S5,vah_60m_fut,B6_context,Volume Profile Artefact,False,False,False,False,,False,True,False,False,True
val_1d_fut_btc,feature,btc,S5,val_1d_fut,B6_context,Volume Profile Artefact,False,False,False,False,,True,False,False,True,True
val_1d_fut_eth,feature,eth,S5,val_1d_fut,B6_context,Volume Profile Artefact,False,False,False,False,,True,False,False,False,True
val_240m_fut_btc,feature,btc,S5,val_240m_fut,B6_context,Volume Profile Artefact,False,False,False,False,,False,True,False,False,True
val_240m_fut_eth,feature,eth,S5,val_240m_fut,B6_context,Volume Profile Artefact,False,False,False,False,,False,False,True,False,True
val_60m_fut_btc,feature,btc,S5,val_60m_fut,B6_context,Volume Profile Artefact,False,False,False,False,,True,False,True,False,True
val_60m_fut_eth,feature,eth,S5,val_60m_fut,B6_context,Volume Profile Artefact,False,False,False,False,,True,False,True,False,True
volume_fut_1s_btc,feature,btc,S5,volume_fut_1s,B3_flow,Activity,True,False,True,True,5551.1921,False,False,False,False,False
volume_fut_1s_eth,feature,eth,S5,volume_fut_1s,B3_flow,Activity,True,False,True,True,5551.1921,False,False,False,False,False
volume_fut_300s_btc,feature,btc,S5,volume_fut_300s,B3_flow,Activity,True,False,True,True,195.5313,True,False,True,True,True
volume_fut_300s_eth,feature,eth,S5,volume_fut_300s,B3_flow,Activity,True,False,True,True,195.5313,True,False,True,True,True
volume_fut_60s_btc,feature,btc,S5,volume_fut_60s,B3_flow,Activity,True,False,True,True,161.0493,False,False,False,False,False
volume_fut_60s_eth,feature,eth,S5,volume_fut_60s,B3_flow,Activity,True,False,True,True,161.0493,False,False,True,False,False
volume_fut_900s_btc,feature,btc,S5,volume_fut_900s,B3_flow,Activity,True,False,True,True,243.8652,False,True,True,False,True
volume_fut_900s_eth,feature,eth,S5,volume_fut_900s,B3_flow,Activity,True,False,True,True,243.8652,True,True,True,True,True
volume_fut_div_delta_1s_btc,feature,btc,S5,volume_fut_div_delta_1s,B4_cross_market,Cross-Market,True,True,True,True,6.8648,False,False,False,False,False
volume_fut_div_delta_1s_eth,feature,eth,S5,volume_fut_div_delta_1s,B4_cross_market,Cross-Market,True,True,True,True,6.8648,False,False,False,False,False
volume_fut_div_delta_300s_btc,feature,btc,S5,volume_fut_div_delta_300s,B4_cross_market,Cross-Market,True,False,True,True,32.2341,True,True,True,False,True
volume_fut_div_delta_300s_eth,feature,eth,S5,volume_fut_div_delta_300s,B4_cross_market,Cross-Market,True,False,True,True,32.2341,True,False,True,False,True
volume_fut_div_delta_900s_btc,feature,btc,S5,volume_fut_div_delta_900s,B4_cross_market,Cross-Market,True,False,True,True,126.0204,True,True,False,False,True
volume_fut_div_delta_900s_eth,feature,eth,S5,volume_fut_div_delta_900s,B4_cross_market,Cross-Market,True,False,True,True,126.0204,True,True,True,False,True
volume_sf_div_delta_300s_btc,feature,btc,S5,volume_sf_div_delta_300s,B4_cross_market,Cross-Market,True,True,True,True,3.9201,False,False,False,False,False
volume_sf_div_delta_300s_eth,feature,eth,S5,volume_sf_div_delta_300s,B4_cross_market,Cross-Market,True,True,True,True,3.9201,False,False,False,False,False
volume_sf_div_delta_900s_btc,feature,btc,S5,volume_sf_div_delta_900s,B4_cross_market,Cross-Market,True,True,True,True,3.206,False,False,False,False,False
volume_sf_div_delta_900s_eth,feature,eth,S5,volume_sf_div_delta_900s,B4_cross_market,Cross-Market,True,True,True,True,3.206,False,False,False,False,False
volume_spot_1s_btc,feature,btc,S5,volume_spot_1s,B3_flow,Activity,True,False,True,True,5125.1547,False,False,False,False,False
volume_spot_1s_eth,feature,eth,S5,volume_spot_1s,B3_flow,Activity,True,False,True,True,5125.1547,False,False,False,False,False
volume_spot_300s_btc,feature,btc,S5,volume_spot_300s,B3_flow,Activity,True,False,True,True,132.2343,True,True,True,True,False
volume_spot_300s_eth,feature,eth,S5,volume_spot_300s,B3_flow,Activity,True,False,True,True,132.2343,False,True,True,True,False
volume_spot_60s_btc,feature,btc,S5,volume_spot_60s,B3_flow,Activity,True,False,True,True,104.0856,True,False,False,False,False
volume_spot_60s_eth,feature,eth,S5,volume_spot_60s,B3_flow,Activity,True,False,True,True,104.0856,False,False,False,False,False
volume_spot_900s_btc,feature,btc,S5,volume_spot_900s,B3_flow,Activity,True,False,True,True,142.6388,False,False,True,True,True
volume_spot_900s_eth,feature,eth,S5,volume_spot_900s,B3_flow,Activity,True,False,True,True,142.6388,False,True,True,True,True
volume_spot_div_delta_1s_btc,feature,btc,S5,volume_spot_div_delta_1s,B4_cross_market,Cross-Market,True,True,True,True,2.4365,False,False,False,False,False
volume_spot_div_delta_1s_eth,feature,eth,S5,volume_spot_div_delta_1s,B4_cross_market,Cross-Market,True,True,True,True,2.4365,False,False,False,False,False
volume_spot_div_delta_300s_btc,feature,btc,S5,volume_spot_div_delta_300s,B4_cross_market,Cross-Market,True,False,True,True,33.8262,False,True,True,True,False
volume_spot_div_delta_300s_eth,feature,eth,S5,volume_spot_div_delta_300s,B4_cross_market,Cross-Market,True,False,True,True,33.8262,True,True,False,False,True
volume_spot_div_delta_900s_btc,feature,btc,S5,volume_spot_div_delta_900s,B4_cross_market,Cross-Market,True,False,True,True,43.9283,False,True,False,True,True
volume_spot_div_delta_900s_eth,feature,eth,S5,volume_spot_div_delta_900s,B4_cross_market,Cross-Market,True,False,True,True,43.9283,True,True,True,True,True
vwap_fut_1s_btc,feature,btc,S5,vwap_fut_1s,B6_context,Price,False,False,False,False,,True,False,False,False,False
vwap_fut_1s_eth,feature,eth,S5,vwap_fut_1s,B6_context,Price,False,False,False,False,,False,False,False,False,False
vwap_spot_1s_btc,feature,btc,S5,vwap_spot_1s,B6_context,Price,False,False,False,False,,False,False,False,False,False
vwap_spot_1s_eth,feature,eth,S5,vwap_spot_1s,B6_context,Price,False,False,False,False,,False,False,False,False,False
week_high_fut_btc,feature,btc,S5,week_high_fut,B6_context,Level Artefact,False,False,False,False,,False,False,False,False,False
week_low_fut_btc,feature,btc,S5,week_low_fut,B6_context,Level Artefact,False,False,False,False,,False,False,False,False,False
week_open_fut_btc,feature,btc,S5,week_open_fut,B6_context,Level Artefact,False,False,False,False,,True,False,False,False,False
week_range_bps_fut_btc,feature,btc,S5,week_range_bps_fut,B6_context,Session Levels,True,False,True,True,,False,False,False,False,False
z_absorb_refill_ask_fut_10bps_1s_btc,feature,btc,S5,z_absorb_refill_ask_fut_10bps_1s,B5_dynamics,Normalization,True,False,True,True,37.7967,False,False,False,False,False
z_absorb_refill_ask_fut_10bps_1s_eth,feature,eth,S5,z_absorb_refill_ask_fut_10bps_1s,B5_dynamics,Normalization,True,False,True,True,37.7967,False,False,False,False,False
z_absorb_refill_ask_fut_2bps_1s_btc,feature,btc,S5,z_absorb_refill_ask_fut_2bps_1s,B5_dynamics,Normalization,True,False,True,True,219.9389,False,False,False,False,False
z_absorb_refill_ask_fut_2bps_1s_eth,feature,eth,S5,z_absorb_refill_ask_fut_2bps_1s,B5_dynamics,Normalization,True,False,True,True,219.9389,False,False,False,False,False
z_absorb_refill_ask_fut_5bps_1s_btc,feature,btc,S5,z_absorb_refill_ask_fut_5bps_1s,B5_dynamics,Normalization,True,False,True,True,45.2315,False,False,False,False,False
z_absorb_refill_ask_fut_5bps_1s_eth,feature,eth,S5,z_absorb_refill_ask_fut_5bps_1s,B5_dynamics,Normalization,True,False,True,True,45.2315,False,False,False,False,False
z_absorb_refill_ask_spot_10bps_1s_btc,feature,btc,S5,z_absorb_refill_ask_spot_10bps_1s,B5_dynamics,Normalization,True,False,True,True,64.6166,False,False,False,False,False
z_absorb_refill_ask_spot_10bps_1s_eth,feature,eth,S5,z_absorb_refill_ask_spot_10bps_1s,B5_dynamics,Normalization,True,False,True,True,64.6166,False,False,False,False,False
z_absorb_refill_ask_spot_2bps_1s_btc,feature,btc,S5,z_absorb_refill_ask_spot_2bps_1s,B5_dynamics,Normalization,True,False,True,True,544.2485,False,False,False,False,False
z_absorb_refill_ask_spot_2bps_1s_eth,feature,eth,S5,z_absorb_refill_ask_spot_2bps_1s,B5_dynamics,Normalization,True,False,True,True,544.2485,False,False,False,False,False
z_absorb_refill_ask_spot_5bps_1s_btc,feature,btc,S5,z_absorb_refill_ask_spot_5bps_1s,B5_dynamics,Normalization,True,False,True,True,111.7942,False,False,False,False,False
z_absorb_refill_ask_spot_5bps_1s_eth,feature,eth,S5,z_absorb_refill_ask_spot_5bps_1s,B5_dynamics,Normalization,True,False,True,True,111.7942,False,False,False,False,False
z_absorb_refill_bid_fut_10bps_1s_btc,feature,btc,S5,z_absorb_refill_bid_fut_10bps_1s,B5_dynamics,Normalization,True,False,True,True,20.1756,False,False,False,False,False
z_absorb_refill_bid_fut_10bps_1s_eth,feature,eth,S5,z_absorb_refill_bid_fut_10bps_1s,B5_dynamics,Normalization,True,False,True,True,20.1756,False,False,False,False,False
z_absorb_refill_bid_fut_2bps_1s_btc,feature,btc,S5,z_absorb_refill_bid_fut_2bps_1s,B5_dynamics,Normalization,True,False,True,True,107.2365,False,False,False,False,False
z_absorb_refill_bid_fut_2bps_1s_eth,feature,eth,S5,z_absorb_refill_bid_fut_2bps_1s,B5_dynamics,Normalization,True,False,True,True,107.2365,False,False,False,False,False
z_absorb_refill_bid_fut_5bps_1s_btc,feature,btc,S5,z_absorb_refill_bid_fut_5bps_1s,B5_dynamics,Normalization,True,False,True,True,35.6969,False,False,False,False,False
z_absorb_refill_bid_spot_10bps_1s_btc,feature,btc,S5,z_absorb_refill_bid_spot_10bps_1s,B5_dynamics,Normalization,True,False,True,True,53.4852,False,False,False,False,False
z_absorb_refill_bid_spot_2bps_1s_btc,feature,btc,S5,z_absorb_refill_bid_spot_2bps_1s,B5_dynamics,Normalization,True,False,True,True,88.5335,False,False,False,False,False
z_absorb_refill_bid_spot_2bps_1s_eth,feature,eth,S5,z_absorb_refill_bid_spot_2bps_1s,B5_dynamics,Normalization,True,False,True,True,88.5335,False,False,False,False,False
z_absorb_refill_bid_spot_5bps_1s_eth,feature,eth,S5,z_absorb_refill_bid_spot_5bps_1s,B5_dynamics,Normalization,True,False,True,True,69.4552,False,False,False,False,False
z_absorb_refill_mid_fut_2bps_60s_btc,feature,btc,S5,z_absorb_refill_mid_fut_2bps_60s,B5_dynamics,Normalization,True,False,True,True,50.7243,False,False,False,False,False
z_absorb_refill_mid_fut_2bps_60s_eth,feature,eth,S5,z_absorb_refill_mid_fut_2bps_60s,B5_dynamics,Normalization,True,False,True,True,50.7243,False,False,False,False,False
z_absorb_refill_mid_fut_5bps_60s_btc,feature,btc,S5,z_absorb_refill_mid_fut_5bps_60s,B5_dynamics,Normalization,True,False,True,True,52.0434,False,False,False,False,False
z_absorb_refill_mid_fut_5bps_60s_eth,feature,eth,S5,z_absorb_refill_mid_fut_5bps_60s,B5_dynamics,Normalization,True,False,True,True,52.0434,False,False,False,False,False
z_avg_trade_size_fut_300s_btc,feature,btc,S5,z_avg_trade_size_fut_300s,B5_dynamics,Normalization,True,False,True,True,24.2484,True,False,False,True,False
z_avg_trade_size_fut_300s_eth,feature,eth,S5,z_avg_trade_size_fut_300s,B5_dynamics,Normalization,True,False,True,True,24.2484,False,False,False,False,False
z_avg_trade_size_fut_60s_btc,feature,btc,S5,z_avg_trade_size_fut_60s,B5_dynamics,Normalization,True,True,True,True,8.4512,True,False,False,False,False
z_avg_trade_size_fut_60s_eth,feature,eth,S5,z_avg_trade_size_fut_60s,B5_dynamics,Normalization,True,True,True,True,8.4512,False,False,False,False,False
z_avg_trade_size_spot_300s_btc,feature,btc,S5,z_avg_trade_size_spot_300s,B5_dynamics,Normalization,True,False,True,True,15.4696,False,False,False,False,False
z_avg_trade_size_spot_300s_eth,feature,eth,S5,z_avg_trade_size_spot_300s,B5_dynamics,Normalization,True,False,True,True,15.4696,True,True,False,False,False
z_avg_trade_size_spot_60s_btc,feature,btc,S5,z_avg_trade_size_spot_60s,B5_dynamics,Normalization,True,True,True,True,5.0871,False,False,False,True,False
z_avg_trade_size_spot_60s_eth,feature,eth,S5,z_avg_trade_size_spot_60s,B5_dynamics,Normalization,True,True,True,True,5.0871,False,False,False,False,False
z_basis_300s_btc,feature,btc,S5,z_basis_300s,B5_dynamics,Normalization,True,False,True,True,134.7047,False,False,False,True,False
z_basis_300s_eth,feature,eth,S5,z_basis_300s,B5_dynamics,Normalization,True,False,True,True,134.7047,True,True,False,False,True
z_basis_60s_btc,feature,btc,S5,z_basis_60s,B5_dynamics,Normalization,True,False,True,True,46.1326,False,False,False,True,False
z_basis_60s_eth,feature,eth,S5,z_basis_60s,B5_dynamics,Normalization,True,False,True,True,46.1326,False,False,False,True,False
z_basis_900s_btc,feature,btc,S5,z_basis_900s,B5_dynamics,Normalization,True,False,True,True,1772.949,False,False,False,False,False
z_basis_900s_eth,feature,eth,S5,z_basis_900s,B5_dynamics,Normalization,True,False,True,True,1772.949,False,False,False,True,False
z_book_asymmetry_fut_struct100_1s_btc,feature,btc,S5,z_book_asymmetry_fut_struct100_1s,B5_dynamics,Normalization,True,False,False,True,3480.673,False,False,False,False,False
z_book_asymmetry_fut_struct100_1s_eth,feature,eth,S5,z_book_asymmetry_fut_struct100_1s,B5_dynamics,Normalization,True,False,False,True,3480.673,False,False,False,False,False
z_book_asymmetry_fut_struct100_300s_btc,feature,btc,S5,z_book_asymmetry_fut_struct100_300s,B5_dynamics,Normalization,True,False,False,True,3016.4961,False,False,False,True,False
z_book_asymmetry_fut_struct100_300s_eth,feature,eth,S5,z_book_asymmetry_fut_struct100_300s,B5_dynamics,Normalization,True,False,False,True,3016.4961,False,False,False,False,False
z_book_asymmetry_fut_struct100_60s_btc,feature,btc,S5,z_book_asymmetry_fut_struct100_60s,B5_dynamics,Normalization,True,False,False,True,3420.0361,False,False,False,False,False
z_book_asymmetry_fut_struct100_60s_eth,feature,eth,S5,z_book_asymmetry_fut_struct100_60s,B5_dynamics,Normalization,True,False,False,True,3420.0361,False,False,False,True,False
z_book_asymmetry_fut_struct100_900s_btc,feature,btc,S5,z_book_asymmetry_fut_struct100_900s,B5_dynamics,Normalization,True,False,False,True,3027.7426,True,True,False,True,False
z_book_asymmetry_fut_struct100_900s_eth,feature,eth,S5,z_book_asymmetry_fut_struct100_900s,B5_dynamics,Normalization,True,False,False,True,3027.7426,True,True,True,True,False
z_book_asymmetry_fut_struct50_1s_btc,feature,btc,S5,z_book_asymmetry_fut_struct50_1s,B5_dynamics,Normalization,True,False,False,True,3502.6621,False,False,False,True,False
z_book_asymmetry_fut_struct50_1s_eth,feature,eth,S5,z_book_asymmetry_fut_struct50_1s,B5_dynamics,Normalization,True,False,False,True,3502.6621,False,False,False,False,False
z_book_asymmetry_fut_struct50_300s_btc,feature,btc,S5,z_book_asymmetry_fut_struct50_300s,B5_dynamics,Normalization,True,False,False,True,2726.1045,False,True,False,False,False
z_book_asymmetry_fut_struct50_300s_eth,feature,eth,S5,z_book_asymmetry_fut_struct50_300s,B5_dynamics,Normalization,True,False,False,True,2726.1045,False,False,False,False,False
z_book_asymmetry_fut_struct50_60s_btc,feature,btc,S5,z_book_asymmetry_fut_struct50_60s,B5_dynamics,Normalization,True,False,False,True,2027.0118,False,False,False,False,False
z_book_asymmetry_fut_struct50_60s_eth,feature,eth,S5,z_book_asymmetry_fut_struct50_60s,B5_dynamics,Normalization,True,False,False,True,2027.0118,False,False,False,False,False
z_book_asymmetry_fut_struct50_900s_btc,feature,btc,S5,z_book_asymmetry_fut_struct50_900s,B5_dynamics,Normalization,True,False,False,True,2963.3472,True,True,False,False,False
z_book_asymmetry_fut_struct50_900s_eth,feature,eth,S5,z_book_asymmetry_fut_struct50_900s,B5_dynamics,Normalization,True,False,False,True,2963.3472,True,True,True,False,True
z_book_asymmetry_spot_struct100_1s_btc,feature,btc,S5,z_book_asymmetry_spot_struct100_1s,B5_dynamics,Normalization,True,False,False,True,3394.7745,False,False,False,False,False
z_book_asymmetry_spot_struct100_1s_eth,feature,eth,S5,z_book_asymmetry_spot_struct100_1s,B5_dynamics,Normalization,True,False,False,True,3394.7745,False,False,False,False,False
z_book_asymmetry_spot_struct100_300s_btc,feature,btc,S5,z_book_asymmetry_spot_struct100_300s,B5_dynamics,Normalization,True,False,False,True,2490.7621,False,False,False,False,False
z_book_asymmetry_spot_struct100_300s_eth,feature,eth,S5,z_book_asymmetry_spot_struct100_300s,B5_dynamics,Normalization,True,False,False,True,2490.7621,True,False,False,False,False
z_book_asymmetry_spot_struct100_60s_btc,feature,btc,S5,z_book_asymmetry_spot_struct100_60s,B5_dynamics,Normalization,True,False,False,True,2812.2791,False,False,False,True,False
z_book_asymmetry_spot_struct100_60s_eth,feature,eth,S5,z_book_asymmetry_spot_struct100_60s,B5_dynamics,Normalization,True,False,False,True,2812.2791,False,False,False,True,False
z_book_asymmetry_spot_struct100_900s_btc,feature,btc,S5,z_book_asymmetry_spot_struct100_900s,B5_dynamics,Normalization,True,False,False,True,2524.9985,True,True,True,False,True
z_book_asymmetry_spot_struct100_900s_eth,feature,eth,S5,z_book_asymmetry_spot_struct100_900s,B5_dynamics,Normalization,True,False,False,True,2524.9985,True,False,True,False,True
z_book_asymmetry_spot_struct50_1s_btc,feature,btc,S5,z_book_asymmetry_spot_struct50_1s,B5_dynamics,Normalization,True,False,False,True,3294.205,False,False,False,False,False
z_book_asymmetry_spot_struct50_300s_btc,feature,btc,S5,z_book_asymmetry_spot_struct50_300s,B5_dynamics,Normalization,True,False,False,True,2543.0569,False,False,False,False,False
z_book_asymmetry_spot_struct50_300s_eth,feature,eth,S5,z_book_asymmetry_spot_struct50_300s,B5_dynamics,Normalization,True,False,False,True,2543.0569,False,False,False,False,False
z_book_asymmetry_spot_struct50_60s_btc,feature,btc,S5,z_book_asymmetry_spot_struct50_60s,B5_dynamics,Normalization,True,False,False,True,2900.0431,False,False,False,True,False
z_book_asymmetry_spot_struct50_60s_eth,feature,eth,S5,z_book_asymmetry_spot_struct50_60s,B5_dynamics,Normalization,True,False,False,True,2900.0431,False,False,False,False,False
z_book_asymmetry_spot_struct50_900s_btc,feature,btc,S5,z_book_asymmetry_spot_struct50_900s,B5_dynamics,Normalization,True,False,False,True,2583.3587,True,True,True,False,True
z_book_asymmetry_spot_struct50_900s_eth,feature,eth,S5,z_book_asymmetry_spot_struct50_900s,B5_dynamics,Normalization,True,False,False,True,2583.3587,True,True,True,False,True
z_depth_gradient_fut_struct100_1s_btc,feature,btc,S5,z_depth_gradient_fut_struct100_1s,B5_dynamics,Normalization,True,False,True,True,44.3711,False,False,False,False,False
z_depth_gradient_fut_struct100_1s_eth,feature,eth,S5,z_depth_gradient_fut_struct100_1s,B5_dynamics,Normalization,True,False,True,True,44.3711,False,False,False,False,False
z_depth_gradient_fut_struct100_300s_btc,feature,btc,S5,z_depth_gradient_fut_struct100_300s,B5_dynamics,Normalization,True,False,True,True,137.633,False,False,False,False,False
z_depth_gradient_fut_struct100_300s_eth,feature,eth,S5,z_depth_gradient_fut_struct100_300s,B5_dynamics,Normalization,True,False,True,True,137.633,False,False,False,False,False
z_depth_gradient_fut_struct100_60s_btc,feature,btc,S5,z_depth_gradient_fut_struct100_60s,B5_dynamics,Normalization,True,False,True,True,90.8779,False,False,False,False,False
z_depth_gradient_fut_struct100_60s_eth,feature,eth,S5,z_depth_gradient_fut_struct100_60s,B5_dynamics,Normalization,True,False,True,True,90.8779,False,False,False,True,False
z_depth_gradient_fut_struct100_900s_btc,feature,btc,S5,z_depth_gradient_fut_struct100_900s,B5_dynamics,Normalization,True,False,True,True,66.3377,False,False,False,False,False
z_depth_gradient_fut_struct100_900s_eth,feature,eth,S5,z_depth_gradient_fut_struct100_900s,B5_dynamics,Normalization,True,False,True,True,66.3377,True,True,True,False,True
z_depth_gradient_fut_struct50_1s_btc,feature,btc,S5,z_depth_gradient_fut_struct50_1s,B5_dynamics,Normalization,True,False,True,True,126.7273,False,False,False,False,False
z_depth_gradient_fut_struct50_1s_eth,feature,eth,S5,z_depth_gradient_fut_struct50_1s,B5_dynamics,Normalization,True,False,True,True,126.7273,False,False,False,False,False
z_depth_gradient_fut_struct50_300s_btc,feature,btc,S5,z_depth_gradient_fut_struct50_300s,B5_dynamics,Normalization,True,False,True,True,44.124,True,False,False,False,False
z_depth_gradient_fut_struct50_300s_eth,feature,eth,S5,z_depth_gradient_fut_struct50_300s,B5_dynamics,Normalization,True,False,True,True,44.124,False,False,False,True,False
z_depth_gradient_fut_struct50_60s_btc,feature,btc,S5,z_depth_gradient_fut_struct50_60s,B5_dynamics,Normalization,True,False,True,True,36.2851,False,False,False,True,False
z_depth_gradient_fut_struct50_60s_eth,feature,eth,S5,z_depth_gradient_fut_struct50_60s,B5_dynamics,Normalization,True,False,True,True,36.2851,True,False,False,True,False
z_depth_gradient_fut_struct50_900s_btc,feature,btc,S5,z_depth_gradient_fut_struct50_900s,B5_dynamics,Normalization,True,False,True,True,23.5264,False,False,True,True,False
z_depth_gradient_fut_struct50_900s_eth,feature,eth,S5,z_depth_gradient_fut_struct50_900s,B5_dynamics,Normalization,True,False,True,True,23.5264,True,True,True,True,True
z_depth_gradient_spot_struct100_1s_eth,feature,eth,S5,z_depth_gradient_spot_struct100_1s,B5_dynamics,Normalization,True,False,True,True,63.731,False,False,False,False,False
z_depth_gradient_spot_struct100_300s_btc,feature,btc,S5,z_depth_gradient_spot_struct100_300s,B5_dynamics,Normalization,True,False,True,True,29.5094,False,False,False,True,False
z_depth_gradient_spot_struct100_300s_eth,feature,eth,S5,z_depth_gradient_spot_struct100_300s,B5_dynamics,Normalization,True,False,True,True,29.5094,False,False,False,True,False
z_depth_gradient_spot_struct100_60s_btc,feature,btc,S5,z_depth_gradient_spot_struct100_60s,B5_dynamics,Normalization,True,False,True,True,40.9797,False,False,False,True,False
z_depth_gradient_spot_struct100_60s_eth,feature,eth,S5,z_depth_gradient_spot_struct100_60s,B5_dynamics,Normalization,True,False,True,True,40.9797,False,False,False,True,False
z_depth_gradient_spot_struct100_900s_btc,feature,btc,S5,z_depth_gradient_spot_struct100_900s,B5_dynamics,Normalization,True,False,True,True,23.2146,True,True,True,True,True
z_depth_gradient_spot_struct100_900s_eth,feature,eth,S5,z_depth_gradient_spot_struct100_900s,B5_dynamics,Normalization,True,False,True,True,23.2146,False,True,True,True,True
z_depth_gradient_spot_struct50_1s_eth,feature,eth,S5,z_depth_gradient_spot_struct50_1s,B5_dynamics,Normalization,True,False,True,True,120.1104,False,False,False,False,False
z_depth_gradient_spot_struct50_300s_btc,feature,btc,S5,z_depth_gradient_spot_struct50_300s,B5_dynamics,Normalization,True,False,True,True,13.2748,True,False,False,False,False
z_depth_gradient_spot_struct50_300s_eth,feature,eth,S5,z_depth_gradient_spot_struct50_300s,B5_dynamics,Normalization,True,False,True,True,13.2748,False,False,False,True,False
z_depth_gradient_spot_struct50_60s_btc,feature,btc,S5,z_depth_gradient_spot_struct50_60s,B5_dynamics,Normalization,True,False,True,True,14.4756,False,False,False,False,False
z_depth_gradient_spot_struct50_60s_eth,feature,eth,S5,z_depth_gradient_spot_struct50_60s,B5_dynamics,Normalization,True,False,True,True,14.4756,False,False,False,True,False
z_depth_gradient_spot_struct50_900s_btc,feature,btc,S5,z_depth_gradient_spot_struct50_900s,B5_dynamics,Normalization,True,True,True,True,9.0143,True,False,True,True,False
z_depth_gradient_spot_struct50_900s_eth,feature,eth,S5,z_depth_gradient_spot_struct50_900s,B5_dynamics,Normalization,True,True,True,True,9.0143,True,True,False,True,False
z_flow_depth_align_fut_struct100_300s_btc,feature,btc,S5,z_flow_depth_align_fut_struct100_300s,B5_dynamics,Normalization,True,False,True,True,13.2321,False,True,False,False,False
z_flow_depth_align_fut_struct100_300s_eth,feature,eth,S5,z_flow_depth_align_fut_struct100_300s,B5_dynamics,Normalization,True,False,True,True,13.2321,False,False,False,False,False
z_flow_depth_align_fut_struct100_60s_btc,feature,btc,S5,z_flow_depth_align_fut_struct100_60s,B5_dynamics,Normalization,True,False,True,True,11.1694,False,False,False,False,False
z_flow_depth_align_fut_struct100_60s_eth,feature,eth,S5,z_flow_depth_align_fut_struct100_60s,B5_dynamics,Normalization,True,False,True,True,11.1694,False,False,False,False,False
z_flow_depth_align_spot_struct100_300s_btc,feature,btc,S5,z_flow_depth_align_spot_struct100_300s,B5_dynamics,Normalization,True,False,True,True,17.0301,False,True,False,False,False
z_flow_depth_align_spot_struct100_300s_eth,feature,eth,S5,z_flow_depth_align_spot_struct100_300s,B5_dynamics,Normalization,True,False,True,True,17.0301,False,False,False,False,False
z_flow_depth_align_spot_struct100_60s_btc,feature,btc,S5,z_flow_depth_align_spot_struct100_60s,B5_dynamics,Normalization,True,False,True,True,18.3831,False,False,False,True,False
z_flow_depth_align_spot_struct100_60s_eth,feature,eth,S5,z_flow_depth_align_spot_struct100_60s,B5_dynamics,Normalization,True,False,True,True,18.3831,False,False,False,False,False
z_impact_per_signed_fut_15s_btc,feature,btc,S5,z_impact_per_signed_fut_15s,B5_dynamics,Normalization,True,True,True,True,5.4729,False,False,False,False,False
z_impact_per_signed_fut_15s_eth,feature,eth,S5,z_impact_per_signed_fut_15s,B5_dynamics,Normalization,True,True,True,True,5.4729,False,False,False,False,False
z_impact_per_signed_fut_5s_eth,feature,eth,S5,z_impact_per_signed_fut_5s,B5_dynamics,Normalization,True,True,True,True,3.8187,False,False,False,False,False
z_impact_per_signed_fut_60s_btc,feature,btc,S5,z_impact_per_signed_fut_60s,B5_dynamics,Normalization,True,True,True,True,5.6067,False,False,False,True,False
z_impact_per_signed_fut_60s_eth,feature,eth,S5,z_impact_per_signed_fut_60s,B5_dynamics,Normalization,True,True,True,True,5.6067,False,False,False,False,False
z_liq_concentration_fut_struct100_1s_btc,feature,btc,S5,z_liq_concentration_fut_struct100_1s,B5_dynamics,Normalization,True,False,True,True,37.11,False,False,False,False,False
z_liq_concentration_fut_struct100_1s_eth,feature,eth,S5,z_liq_concentration_fut_struct100_1s,B5_dynamics,Normalization,True,False,True,True,37.11,False,False,False,False,False
z_liq_concentration_fut_struct100_300s_btc,feature,btc,S5,z_liq_concentration_fut_struct100_300s,B5_dynamics,Normalization,True,False,True,True,49.3746,False,True,False,True,False
z_liq_concentration_fut_struct100_300s_eth,feature,eth,S5,z_liq_concentration_fut_struct100_300s,B5_dynamics,Normalization,True,False,True,True,49.3746,False,False,False,False,False
z_liq_concentration_fut_struct100_60s_btc,feature,btc,S5,z_liq_concentration_fut_struct100_60s,B5_dynamics,Normalization,True,False,True,True,58.7282,False,False,False,False,False
z_liq_concentration_fut_struct100_60s_eth,feature,eth,S5,z_liq_concentration_fut_struct100_60s,B5_dynamics,Normalization,True,False,True,True,58.7282,False,False,False,False,False
z_liq_concentration_fut_struct100_900s_btc,feature,btc,S5,z_liq_concentration_fut_struct100_900s,B5_dynamics,Normalization,True,False,True,True,22.8518,True,False,False,False,False
z_liq_concentration_fut_struct100_900s_eth,feature,eth,S5,z_liq_concentration_fut_struct100_900s,B5_dynamics,Normalization,True,False,True,True,22.8518,True,True,True,True,True
z_liq_concentration_fut_struct50_1s_btc,feature,btc,S5,z_liq_concentration_fut_struct50_1s,B5_dynamics,Normalization,True,False,True,True,104.7705,False,False,False,False,False
z_liq_concentration_fut_struct50_1s_eth,feature,eth,S5,z_liq_concentration_fut_struct50_1s,B5_dynamics,Normalization,True,False,True,True,104.7705,False,False,False,True,False
z_liq_concentration_fut_struct50_300s_btc,feature,btc,S5,z_liq_concentration_fut_struct50_300s,B5_dynamics,Normalization,True,False,True,True,30.5522,False,False,False,True,False
z_liq_concentration_fut_struct50_300s_eth,feature,eth,S5,z_liq_concentration_fut_struct50_300s,B5_dynamics,Normalization,True,False,True,True,30.5522,False,False,True,False,False
z_liq_concentration_fut_struct50_60s_btc,feature,btc,S5,z_liq_concentration_fut_struct50_60s,B5_dynamics,Normalization,True,False,True,True,35.6735,False,False,False,False,False
z_liq_concentration_fut_struct50_60s_eth,feature,eth,S5,z_liq_concentration_fut_struct50_60s,B5_dynamics,Normalization,True,False,True,True,35.6735,False,False,False,False,False
z_liq_concentration_fut_struct50_900s_btc,feature,btc,S5,z_liq_concentration_fut_struct50_900s,B5_dynamics,Normalization,True,False,True,True,28.8674,True,True,True,True,False
z_liq_concentration_fut_struct50_900s_eth,feature,eth,S5,z_liq_concentration_fut_struct50_900s,B5_dynamics,Normalization,True,False,True,True,28.8674,True,True,False,True,False
z_liq_concentration_spot_struct100_1s_btc,feature,btc,S5,z_liq_concentration_spot_struct100_1s,B5_dynamics,Normalization,True,False,True,True,79.0213,False,False,False,False,False
z_liq_concentration_spot_struct100_1s_eth,feature,eth,S5,z_liq_concentration_spot_struct100_1s,B5_dynamics,Normalization,True,False,True,True,79.0213,False,False,False,False,False
z_liq_concentration_spot_struct100_300s_btc,feature,btc,S5,z_liq_concentration_spot_struct100_300s,B5_dynamics,Normalization,True,False,True,True,59.0011,False,True,False,True,False
z_liq_concentration_spot_struct100_300s_eth,feature,eth,S5,z_liq_concentration_spot_struct100_300s,B5_dynamics,Normalization,True,False,True,True,59.0011,True,False,False,False,False
z_liq_concentration_spot_struct100_60s_btc,feature,btc,S5,z_liq_concentration_spot_struct100_60s,B5_dynamics,Normalization,True,False,True,True,62.2745,False,False,False,False,False
z_liq_concentration_spot_struct100_60s_eth,feature,eth,S5,z_liq_concentration_spot_struct100_60s,B5_dynamics,Normalization,True,False,True,True,62.2745,False,False,False,True,False
z_liq_concentration_spot_struct100_900s_btc,feature,btc,S5,z_liq_concentration_spot_struct100_900s,B5_dynamics,Normalization,True,False,True,True,50.167,False,True,True,True,False
z_liq_concentration_spot_struct100_900s_eth,feature,eth,S5,z_liq_concentration_spot_struct100_900s,B5_dynamics,Normalization,True,False,True,True,50.167,True,False,True,True,True
z_liq_concentration_spot_struct50_1s_eth,feature,eth,S5,z_liq_concentration_spot_struct50_1s,B5_dynamics,Normalization,True,False,True,True,84.5356,False,False,False,False,False
z_liq_concentration_spot_struct50_300s_btc,feature,btc,S5,z_liq_concentration_spot_struct50_300s,B5_dynamics,Normalization,True,False,True,True,43.4367,False,False,False,False,False
z_liq_concentration_spot_struct50_300s_eth,feature,eth,S5,z_liq_concentration_spot_struct50_300s,B5_dynamics,Normalization,True,False,True,True,43.4367,False,True,False,True,False
z_liq_concentration_spot_struct50_60s_btc,feature,btc,S5,z_liq_concentration_spot_struct50_60s,B5_dynamics,Normalization,True,False,True,True,33.5954,False,False,False,True,False
z_liq_concentration_spot_struct50_60s_eth,feature,eth,S5,z_liq_concentration_spot_struct50_60s,B5_dynamics,Normalization,True,False,True,True,33.5954,False,False,False,False,False
z_liq_concentration_spot_struct50_900s_btc,feature,btc,S5,z_liq_concentration_spot_struct50_900s,B5_dynamics,Normalization,True,False,True,True,37.213,True,True,False,True,True
z_liq_concentration_spot_struct50_900s_eth,feature,eth,S5,z_liq_concentration_spot_struct50_900s,B5_dynamics,Normalization,True,False,True,True,37.213,True,False,True,False,False
z_liq_imb_fut_struct100_1s_btc,feature,btc,S5,z_liq_imb_fut_struct100_1s,B5_dynamics,Normalization,True,False,True,True,3381.5953,False,False,False,False,False
z_liq_imb_fut_struct100_1s_eth,feature,eth,S5,z_liq_imb_fut_struct100_1s,B5_dynamics,Normalization,True,False,True,True,3381.5953,False,False,False,False,False
z_liq_imb_fut_struct100_300s_btc,feature,btc,S5,z_liq_imb_fut_struct100_300s,B5_dynamics,Normalization,True,False,True,True,3164.135,False,False,False,False,False
z_liq_imb_fut_struct100_300s_eth,feature,eth,S5,z_liq_imb_fut_struct100_300s,B5_dynamics,Normalization,True,False,True,True,3164.135,True,False,False,False,False
z_liq_imb_fut_struct100_60s_btc,feature,btc,S5,z_liq_imb_fut_struct100_60s,B5_dynamics,Normalization,True,False,True,True,3572.1244,False,False,False,True,False
z_liq_imb_fut_struct100_60s_eth,feature,eth,S5,z_liq_imb_fut_struct100_60s,B5_dynamics,Normalization,True,False,True,True,3572.1244,False,False,False,False,False
z_liq_imb_fut_struct100_900s_btc,feature,btc,S5,z_liq_imb_fut_struct100_900s,B5_dynamics,Normalization,True,False,True,True,3317.508,True,False,False,True,False
z_liq_imb_fut_struct100_900s_eth,feature,eth,S5,z_liq_imb_fut_struct100_900s,B5_dynamics,Normalization,True,False,True,True,3317.508,True,False,True,False,False
z_liq_imb_fut_struct50_1s_btc,feature,btc,S5,z_liq_imb_fut_struct50_1s,B5_dynamics,Normalization,True,False,True,True,2926.9635,False,False,False,False,False
z_liq_imb_fut_struct50_1s_eth,feature,eth,S5,z_liq_imb_fut_struct50_1s,B5_dynamics,Normalization,True,False,True,True,2926.9635,False,False,False,False,False
z_liq_imb_fut_struct50_300s_btc,feature,btc,S5,z_liq_imb_fut_struct50_300s,B5_dynamics,Normalization,True,False,True,True,3391.577,False,False,False,False,False
z_liq_imb_fut_struct50_300s_eth,feature,eth,S5,z_liq_imb_fut_struct50_300s,B5_dynamics,Normalization,True,False,True,True,3391.577,False,False,False,True,False
z_liq_imb_fut_struct50_60s_btc,feature,btc,S5,z_liq_imb_fut_struct50_60s,B5_dynamics,Normalization,True,False,True,True,2635.3553,False,False,False,False,False
z_liq_imb_fut_struct50_60s_eth,feature,eth,S5,z_liq_imb_fut_struct50_60s,B5_dynamics,Normalization,True,False,True,True,2635.3553,False,False,False,False,False
z_liq_imb_fut_struct50_900s_btc,feature,btc,S5,z_liq_imb_fut_struct50_900s,B5_dynamics,Normalization,True,False,True,True,3534.1106,True,True,False,True,False
z_liq_imb_fut_struct50_900s_eth,feature,eth,S5,z_liq_imb_fut_struct50_900s,B5_dynamics,Normalization,True,False,True,True,3534.1106,True,False,False,False,False
z_liq_imb_spot_struct100_300s_btc,feature,btc,S5,z_liq_imb_spot_struct100_300s,B5_dynamics,Normalization,True,False,True,True,2764.016,True,False,False,False,False
z_liq_imb_spot_struct100_300s_eth,feature,eth,S5,z_liq_imb_spot_struct100_300s,B5_dynamics,Normalization,True,False,True,True,2764.016,False,False,True,False,False
z_liq_imb_spot_struct100_60s_btc,feature,btc,S5,z_liq_imb_spot_struct100_60s,B5_dynamics,Normalization,True,False,True,True,2904.008,False,False,False,False,False
z_liq_imb_spot_struct100_60s_eth,feature,eth,S5,z_liq_imb_spot_struct100_60s,B5_dynamics,Normalization,True,False,True,True,2904.008,False,False,False,False,False
z_liq_imb_spot_struct100_900s_btc,feature,btc,S5,z_liq_imb_spot_struct100_900s,B5_dynamics,Normalization,True,False,True,True,3051.2373,False,True,False,True,True
z_liq_imb_spot_struct100_900s_eth,feature,eth,S5,z_liq_imb_spot_struct100_900s,B5_dynamics,Normalization,True,False,True,True,3051.2373,False,True,True,False,True
z_liq_imb_spot_struct50_1s_btc,feature,btc,S5,z_liq_imb_spot_struct50_1s,B5_dynamics,Normalization,True,False,True,True,2939.3483,False,False,False,False,False
z_liq_imb_spot_struct50_1s_eth,feature,eth,S5,z_liq_imb_spot_struct50_1s,B5_dynamics,Normalization,True,False,True,True,2939.3483,False,False,False,False,False
z_liq_imb_spot_struct50_300s_btc,feature,btc,S5,z_liq_imb_spot_struct50_300s,B5_dynamics,Normalization,True,False,True,True,3160.6912,False,False,False,False,False
z_liq_imb_spot_struct50_300s_eth,feature,eth,S5,z_liq_imb_spot_struct50_300s,B5_dynamics,Normalization,True,False,True,True,3160.6912,True,False,False,False,False
z_liq_imb_spot_struct50_60s_btc,feature,btc,S5,z_liq_imb_spot_struct50_60s,B5_dynamics,Normalization,True,False,True,True,3645.6746,False,False,False,False,False
z_liq_imb_spot_struct50_60s_eth,feature,eth,S5,z_liq_imb_spot_struct50_60s,B5_dynamics,Normalization,True,False,True,True,3645.6746,False,False,False,False,False
z_liq_imb_spot_struct50_900s_btc,feature,btc,S5,z_liq_imb_spot_struct50_900s,B5_dynamics,Normalization,True,False,True,True,3207.8324,True,False,False,False,False
z_liq_imb_spot_struct50_900s_eth,feature,eth,S5,z_liq_imb_spot_struct50_900s,B5_dynamics,Normalization,True,False,True,True,3207.8324,True,False,True,False,False
z_lwp_minus_mid_2bps_300s_btc,feature,btc,S5,z_lwp_minus_mid_2bps_300s,B5_dynamics,Normalization,True,False,True,True,483.9756,True,False,False,True,False
z_lwp_minus_mid_2bps_300s_eth,feature,eth,S5,z_lwp_minus_mid_2bps_300s,B5_dynamics,Normalization,True,False,True,True,483.9756,True,False,False,False,False
z_lwp_minus_mid_5bps_300s_btc,feature,btc,S5,z_lwp_minus_mid_5bps_300s,B5_dynamics,Normalization,True,False,False,True,472.7003,False,False,False,False,False
z_lwp_minus_mid_5bps_300s_eth,feature,eth,S5,z_lwp_minus_mid_5bps_300s,B5_dynamics,Normalization,True,False,False,True,472.7003,False,False,False,False,False
z_lwp_minus_mid_5bps_900s_btc,feature,btc,S5,z_lwp_minus_mid_5bps_900s,B5_dynamics,Normalization,True,False,True,True,2001.421,False,False,False,False,False
z_lwp_minus_mid_5bps_900s_eth,feature,eth,S5,z_lwp_minus_mid_5bps_900s,B5_dynamics,Normalization,True,False,True,True,2001.421,False,False,False,False,False
z_lwp_minus_mid_struct100_300s_btc,feature,btc,S5,z_lwp_minus_mid_struct100_300s,B5_dynamics,Normalization,True,False,True,True,599.2554,False,False,False,False,False
z_lwp_minus_mid_struct100_300s_eth,feature,eth,S5,z_lwp_minus_mid_struct100_300s,B5_dynamics,Normalization,True,False,True,True,599.2554,False,False,False,False,False
z_lwp_minus_mid_struct100_900s_btc,feature,btc,S5,z_lwp_minus_mid_struct100_900s,B5_dynamics,Normalization,True,False,True,True,1127.4981,False,False,False,False,False
z_lwp_minus_mid_struct100_900s_eth,feature,eth,S5,z_lwp_minus_mid_struct100_900s,B5_dynamics,Normalization,True,False,True,True,1127.4981,False,False,False,False,False
z_lwp_minus_mid_struct50_300s_btc,feature,btc,S5,z_lwp_minus_mid_struct50_300s,B5_dynamics,Normalization,True,False,True,True,249.0623,False,False,False,True,False
z_lwp_minus_mid_struct50_300s_eth,feature,eth,S5,z_lwp_minus_mid_struct50_300s,B5_dynamics,Normalization,True,False,True,True,249.0623,False,False,False,False,False
z_lwp_minus_mid_struct50_900s_btc,feature,btc,S5,z_lwp_minus_mid_struct50_900s,B5_dynamics,Normalization,True,False,True,True,683.7996,False,False,False,False,False
z_lwp_minus_mid_struct50_900s_eth,feature,eth,S5,z_lwp_minus_mid_struct50_900s,B5_dynamics,Normalization,True,False,True,True,683.7996,False,False,False,False,False
z_net_add_fut_5bps_900s_btc,feature,btc,S5,z_net_add_fut_5bps_900s,B5_dynamics,Normalization,True,False,True,True,39.177,False,False,False,False,False
z_net_add_fut_5bps_900s_eth,feature,eth,S5,z_net_add_fut_5bps_900s,B5_dynamics,Normalization,True,False,True,True,39.177,False,False,False,False,False
z_net_add_sf_5bps_900s_btc,feature,btc,S5,z_net_add_sf_5bps_900s,B4_cross_market,Cross-Market,True,True,True,True,5.1987,False,False,False,False,False
z_net_add_sf_5bps_900s_eth,feature,eth,S5,z_net_add_sf_5bps_900s,B4_cross_market,Cross-Market,True,True,True,True,5.1987,False,False,False,False,False
z_net_add_spot_5bps_900s_btc,feature,btc,S5,z_net_add_spot_5bps_900s,B5_dynamics,Normalization,True,False,True,True,98.4473,False,False,False,False,False
z_net_add_spot_5bps_900s_eth,feature,eth,S5,z_net_add_spot_5bps_900s,B5_dynamics,Normalization,True,False,True,True,98.4473,False,False,False,False,False
z_net_cancel_fut_5bps_900s_btc,feature,btc,S5,z_net_cancel_fut_5bps_900s,B5_dynamics,Normalization,True,False,True,True,20.7942,True,False,True,False,True
z_net_cancel_fut_5bps_900s_eth,feature,eth,S5,z_net_cancel_fut_5bps_900s,B5_dynamics,Normalization,True,False,True,True,20.7942,True,True,False,False,True
z_net_cancel_sf_5bps_900s_btc,feature,btc,S5,z_net_cancel_sf_5bps_900s,B4_cross_market,Cross-Market,True,True,True,True,6.0665,True,False,False,False,False
z_net_cancel_sf_5bps_900s_eth,feature,eth,S5,z_net_cancel_sf_5bps_900s,B4_cross_market,Cross-Market,True,True,True,True,6.0665,True,False,True,False,False
z_net_cancel_spot_5bps_900s_btc,feature,btc,S5,z_net_cancel_spot_5bps_900s,B5_dynamics,Normalization,True,False,True,True,30.8794,True,True,True,False,True
z_net_cancel_spot_5bps_900s_eth,feature,eth,S5,z_net_cancel_spot_5bps_900s,B5_dynamics,Normalization,True,False,True,True,30.8794,True,False,True,True,False
z_participation_rate_300s_btc,feature,btc,S5,z_participation_rate_300s,B5_dynamics,Normalization,True,False,True,True,75.3679,False,False,False,False,False
z_participation_rate_300s_eth,feature,eth,S5,z_participation_rate_300s,B5_dynamics,Normalization,True,False,True,True,75.3679,False,False,False,False,False
z_participation_rate_60s_btc,feature,btc,S5,z_participation_rate_60s,B5_dynamics,Normalization,True,False,True,True,79.5104,False,False,False,False,False
z_participation_rate_60s_eth,feature,eth,S5,z_participation_rate_60s,B5_dynamics,Normalization,True,False,True,True,79.5104,False,False,False,False,False
z_participation_rate_900s_btc,feature,btc,S5,z_participation_rate_900s,B5_dynamics,Normalization,True,False,True,True,104.0184,False,False,False,False,False
z_participation_rate_900s_eth,feature,eth,S5,z_participation_rate_900s,B5_dynamics,Normalization,True,False,True,True,104.0184,False,False,False,False,False
z_price_deviation_300s_btc,feature,btc,S5,z_price_deviation_300s,B5_dynamics,Normalization,True,False,False,True,25.4594,False,False,False,False,False
z_price_deviation_300s_eth,feature,eth,S5,z_price_deviation_300s,B5_dynamics,Normalization,True,False,False,True,25.4594,False,False,False,False,False
z_price_deviation_60s_btc,feature,btc,S5,z_price_deviation_60s,B5_dynamics,Normalization,True,False,True,True,18.8436,False,False,False,True,False
z_price_deviation_60s_eth,feature,eth,S5,z_price_deviation_60s,B5_dynamics,Normalization,True,False,True,True,18.8436,False,False,False,False,False
z_price_deviation_900s_btc,feature,btc,S5,z_price_deviation_900s,B5_dynamics,Normalization,True,False,True,True,23.8074,False,False,False,False,False
z_price_deviation_900s_eth,feature,eth,S5,z_price_deviation_900s,B5_dynamics,Normalization,True,False,True,True,23.8074,False,False,False,False,False
z_pull_rate_fut_10bps_15s_btc,feature,btc,S5,z_pull_rate_fut_10bps_15s,B5_dynamics,Normalization,True,False,True,True,30.3695,False,False,False,False,False
z_pull_rate_fut_10bps_15s_eth,feature,eth,S5,z_pull_rate_fut_10bps_15s,B5_dynamics,Normalization,True,False,True,True,30.3695,False,False,False,False,False
z_pull_rate_fut_10bps_5s_btc,feature,btc,S5,z_pull_rate_fut_10bps_5s,B5_dynamics,Normalization,True,False,True,True,28.3805,False,False,False,False,False
z_pull_rate_fut_10bps_5s_eth,feature,eth,S5,z_pull_rate_fut_10bps_5s,B5_dynamics,Normalization,True,False,True,True,28.3805,False,False,False,False,False
z_pull_rate_fut_10bps_60s_btc,feature,btc,S5,z_pull_rate_fut_10bps_60s,B5_dynamics,Normalization,True,False,True,True,88.6542,False,False,False,False,False
z_pull_rate_fut_10bps_60s_eth,feature,eth,S5,z_pull_rate_fut_10bps_60s,B5_dynamics,Normalization,True,False,True,True,88.6542,False,False,False,False,False
z_pull_rate_fut_1bps_15s_btc,feature,btc,S5,z_pull_rate_fut_1bps_15s,B5_dynamics,Normalization,True,True,True,True,9.228,False,False,False,False,False
z_pull_rate_fut_1bps_15s_eth,feature,eth,S5,z_pull_rate_fut_1bps_15s,B5_dynamics,Normalization,True,True,True,True,9.228,False,False,False,False,False
z_pull_rate_fut_1bps_5s_btc,feature,btc,S5,z_pull_rate_fut_1bps_5s,B5_dynamics,Normalization,True,False,True,True,24.351,False,False,False,False,False
z_pull_rate_fut_1bps_5s_eth,feature,eth,S5,z_pull_rate_fut_1bps_5s,B5_dynamics,Normalization,True,False,True,True,24.351,False,False,False,False,False
z_pull_rate_fut_1bps_60s_btc,feature,btc,S5,z_pull_rate_fut_1bps_60s,B5_dynamics,Normalization,True,False,True,True,124.7157,False,False,False,True,False
z_pull_rate_fut_1bps_60s_eth,feature,eth,S5,z_pull_rate_fut_1bps_60s,B5_dynamics,Normalization,True,False,True,True,124.7157,False,False,False,False,False
z_pull_rate_fut_2bps_15s_btc,feature,btc,S5,z_pull_rate_fut_2bps_15s,B5_dynamics,Normalization,True,True,True,True,9.3004,False,False,False,False,False
z_pull_rate_fut_2bps_15s_eth,feature,eth,S5,z_pull_rate_fut_2bps_15s,B5_dynamics,Normalization,True,True,True,True,9.3004,False,False,False,False,False
z_pull_rate_fut_2bps_5s_btc,feature,btc,S5,z_pull_rate_fut_2bps_5s,B5_dynamics,Normalization,True,False,True,True,24.9443,False,False,False,False,False
z_pull_rate_fut_2bps_5s_eth,feature,eth,S5,z_pull_rate_fut_2bps_5s,B5_dynamics,Normalization,True,False,True,True,24.9443,False,False,False,False,False
z_pull_rate_fut_2bps_60s_btc,feature,btc,S5,z_pull_rate_fut_2bps_60s,B5_dynamics,Normalization,True,False,True,True,35.1726,False,False,False,False,False
z_pull_rate_fut_2bps_60s_eth,feature,eth,S5,z_pull_rate_fut_2bps_60s,B5_dynamics,Normalization,True,False,True,True,35.1726,False,False,False,False,False
z_pull_rate_fut_5bps_15s_btc,feature,btc,S5,z_pull_rate_fut_5bps_15s,B5_dynamics,Normalization,True,False,True,True,27.0088,False,False,False,False,False
z_pull_rate_fut_5bps_60s_btc,feature,btc,S5,z_pull_rate_fut_5bps_60s,B5_dynamics,Normalization,True,False,True,True,103.4236,False,False,False,False,False
z_pull_rate_fut_5bps_60s_eth,feature,eth,S5,z_pull_rate_fut_5bps_60s,B5_dynamics,Normalization,True,False,True,True,103.4236,False,False,False,False,False
z_pull_rate_spot_10bps_15s_btc,feature,btc,S5,z_pull_rate_spot_10bps_15s,B5_dynamics,Normalization,True,False,True,True,36.232,False,False,False,False,False
z_pull_rate_spot_10bps_15s_eth,feature,eth,S5,z_pull_rate_spot_10bps_15s,B5_dynamics,Normalization,True,False,True,True,36.232,False,False,False,False,False
z_pull_rate_spot_10bps_5s_btc,feature,btc,S5,z_pull_rate_spot_10bps_5s,B5_dynamics,Normalization,True,False,True,True,21.0857,False,False,False,False,False
z_pull_rate_spot_10bps_60s_btc,feature,btc,S5,z_pull_rate_spot_10bps_60s,B5_dynamics,Normalization,True,False,True,True,233.7453,False,False,False,False,False
z_pull_rate_spot_10bps_60s_eth,feature,eth,S5,z_pull_rate_spot_10bps_60s,B5_dynamics,Normalization,True,False,True,True,233.7453,False,False,False,False,False
z_pull_rate_spot_1bps_15s_btc,feature,btc,S5,z_pull_rate_spot_1bps_15s,B5_dynamics,Normalization,True,True,True,True,7.5646,False,False,False,True,False
z_pull_rate_spot_1bps_15s_eth,feature,eth,S5,z_pull_rate_spot_1bps_15s,B5_dynamics,Normalization,True,True,True,True,7.5646,False,False,False,False,False
z_pull_rate_spot_1bps_5s_btc,feature,btc,S5,z_pull_rate_spot_1bps_5s,B5_dynamics,Normalization,True,False,True,True,17.9685,False,False,False,False,False
z_pull_rate_spot_1bps_5s_eth,feature,eth,S5,z_pull_rate_spot_1bps_5s,B5_dynamics,Normalization,True,False,True,True,17.9685,False,False,False,False,False
z_pull_rate_spot_1bps_60s_btc,feature,btc,S5,z_pull_rate_spot_1bps_60s,B5_dynamics,Normalization,True,False,True,True,106.1906,False,False,False,False,False
z_pull_rate_spot_1bps_60s_eth,feature,eth,S5,z_pull_rate_spot_1bps_60s,B5_dynamics,Normalization,True,False,True,True,106.1906,False,False,False,False,False
z_pull_rate_spot_2bps_15s_btc,feature,btc,S5,z_pull_rate_spot_2bps_15s,B5_dynamics,Normalization,True,False,True,True,10.3922,False,False,False,False,False
z_pull_rate_spot_2bps_15s_eth,feature,eth,S5,z_pull_rate_spot_2bps_15s,B5_dynamics,Normalization,True,False,True,True,10.3922,False,False,False,False,False
z_pull_rate_spot_2bps_5s_btc,feature,btc,S5,z_pull_rate_spot_2bps_5s,B5_dynamics,Normalization,True,False,True,True,20.9559,False,False,False,False,False
z_pull_rate_spot_2bps_5s_eth,feature,eth,S5,z_pull_rate_spot_2bps_5s,B5_dynamics,Normalization,True,False,True,True,20.9559,False,False,False,False,False
z_pull_rate_spot_2bps_60s_btc,feature,btc,S5,z_pull_rate_spot_2bps_60s,B5_dynamics,Normalization,True,False,True,True,63.1828,False,False,False,False,False
z_pull_rate_spot_2bps_60s_eth,feature,eth,S5,z_pull_rate_spot_2bps_60s,B5_dynamics,Normalization,True,False,True,True,63.1828,False,False,False,False,False
z_pull_rate_spot_5bps_15s_btc,feature,btc,S5,z_pull_rate_spot_5bps_15s,B5_dynamics,Normalization,True,False,True,True,43.8672,False,False,False,False,False
z_pull_rate_spot_5bps_15s_eth,feature,eth,S5,z_pull_rate_spot_5bps_15s,B5_dynamics,Normalization,True,False,True,True,43.8672,False,False,False,False,False
z_pull_rate_spot_5bps_5s_btc,feature,btc,S5,z_pull_rate_spot_5bps_5s,B5_dynamics,Normalization,True,False,True,True,25.0746,False,False,False,False,False
z_pull_rate_spot_5bps_60s_btc,feature,btc,S5,z_pull_rate_spot_5bps_60s,B5_dynamics,Normalization,True,False,True,True,256.4336,False,False,False,False,False
z_pull_rate_spot_5bps_60s_eth,feature,eth,S5,z_pull_rate_spot_5bps_60s,B5_dynamics,Normalization,True,False,True,True,256.4336,False,False,False,False,False
z_queue_pressure_fut_1bps_15s_btc,feature,btc,S5,z_queue_pressure_fut_1bps_15s,B5_dynamics,Normalization,True,True,True,True,8.2794,False,False,False,False,False
z_queue_pressure_fut_1bps_15s_eth,feature,eth,S5,z_queue_pressure_fut_1bps_15s,B5_dynamics,Normalization,True,True,True,True,8.2794,False,False,False,False,False
z_queue_pressure_fut_1bps_1s_btc,feature,btc,S5,z_queue_pressure_fut_1bps_1s,B5_dynamics,Normalization,True,True,True,True,7.2442,False,False,False,True,False
z_queue_pressure_fut_1bps_1s_eth,feature,eth,S5,z_queue_pressure_fut_1bps_1s,B5_dynamics,Normalization,True,True,True,True,7.2442,True,False,False,False,False
z_queue_pressure_fut_1bps_5s_btc,feature,btc,S5,z_queue_pressure_fut_1bps_5s,B5_dynamics,Normalization,True,False,True,True,12.8968,False,False,False,False,False
z_queue_pressure_fut_1bps_5s_eth,feature,eth,S5,z_queue_pressure_fut_1bps_5s,B5_dynamics,Normalization,True,False,True,True,12.8968,False,False,False,False,False
z_queue_pressure_fut_1bps_60s_btc,feature,btc,S5,z_queue_pressure_fut_1bps_60s,B5_dynamics,Normalization,True,True,True,True,9.7068,False,False,False,True,False
z_queue_pressure_fut_1bps_60s_eth,feature,eth,S5,z_queue_pressure_fut_1bps_60s,B5_dynamics,Normalization,True,True,True,True,9.7068,False,False,False,False,False
z_queue_pressure_fut_2bps_1s_btc,feature,btc,S5,z_queue_pressure_fut_2bps_1s,B5_dynamics,Normalization,True,True,True,True,7.5627,True,False,False,False,False
z_queue_pressure_fut_2bps_1s_eth,feature,eth,S5,z_queue_pressure_fut_2bps_1s,B5_dynamics,Normalization,True,True,True,True,7.5627,False,False,False,False,False
z_queue_pressure_fut_2bps_5s_btc,feature,btc,S5,z_queue_pressure_fut_2bps_5s,B5_dynamics,Normalization,True,False,True,True,12.9254,False,False,False,False,False
z_queue_pressure_fut_2bps_5s_eth,feature,eth,S5,z_queue_pressure_fut_2bps_5s,B5_dynamics,Normalization,True,False,True,True,12.9254,False,False,False,False,False
z_queue_pressure_fut_5bps_1s_btc,feature,btc,S5,z_queue_pressure_fut_5bps_1s,B5_dynamics,Normalization,True,True,True,True,9.4085,True,False,False,True,False
z_queue_pressure_fut_5bps_1s_eth,feature,eth,S5,z_queue_pressure_fut_5bps_1s,B5_dynamics,Normalization,True,True,True,True,9.4085,False,False,False,True,False
z_queue_pressure_fut_5bps_5s_btc,feature,btc,S5,z_queue_pressure_fut_5bps_5s,B5_dynamics,Normalization,True,False,True,True,13.2317,False,False,False,False,False
z_queue_pressure_fut_5bps_5s_eth,feature,eth,S5,z_queue_pressure_fut_5bps_5s,B5_dynamics,Normalization,True,False,True,True,13.2317,False,False,False,False,False
z_queue_pressure_spot_1bps_15s_btc,feature,btc,S5,z_queue_pressure_spot_1bps_15s,B5_dynamics,Normalization,True,True,True,True,7.5198,False,False,False,False,False
z_queue_pressure_spot_1bps_15s_eth,feature,eth,S5,z_queue_pressure_spot_1bps_15s,B5_dynamics,Normalization,True,True,True,True,7.5198,False,False,False,False,False
z_queue_pressure_spot_1bps_1s_btc,feature,btc,S5,z_queue_pressure_spot_1bps_1s,B5_dynamics,Normalization,True,False,True,True,11.3397,False,False,False,False,False
z_queue_pressure_spot_1bps_1s_eth,feature,eth,S5,z_queue_pressure_spot_1bps_1s,B5_dynamics,Normalization,True,False,True,True,11.3397,False,False,False,False,False
z_queue_pressure_spot_1bps_5s_btc,feature,btc,S5,z_queue_pressure_spot_1bps_5s,B5_dynamics,Normalization,True,False,True,True,13.7711,False,False,False,False,False
z_queue_pressure_spot_1bps_5s_eth,feature,eth,S5,z_queue_pressure_spot_1bps_5s,B5_dynamics,Normalization,True,False,True,True,13.7711,False,False,False,False,False
z_queue_pressure_spot_1bps_60s_btc,feature,btc,S5,z_queue_pressure_spot_1bps_60s,B5_dynamics,Normalization,True,False,True,True,10.5466,False,False,False,False,False
z_queue_pressure_spot_1bps_60s_eth,feature,eth,S5,z_queue_pressure_spot_1bps_60s,B5_dynamics,Normalization,True,False,True,True,10.5466,False,False,False,True,False
z_queue_pressure_spot_2bps_1s_btc,feature,btc,S5,z_queue_pressure_spot_2bps_1s,B5_dynamics,Normalization,True,False,True,True,13.9921,False,False,False,False,False
z_queue_pressure_spot_2bps_1s_eth,feature,eth,S5,z_queue_pressure_spot_2bps_1s,B5_dynamics,Normalization,True,False,True,True,13.9921,False,False,False,False,False
z_queue_pressure_spot_2bps_5s_btc,feature,btc,S5,z_queue_pressure_spot_2bps_5s,B5_dynamics,Normalization,True,False,True,True,14.281,False,False,False,False,False
z_queue_pressure_spot_2bps_5s_eth,feature,eth,S5,z_queue_pressure_spot_2bps_5s,B5_dynamics,Normalization,True,False,True,True,14.281,False,False,False,False,False
z_queue_pressure_spot_5bps_1s_btc,feature,btc,S5,z_queue_pressure_spot_5bps_1s,B5_dynamics,Normalization,True,False,True,True,29.0987,False,False,False,False,False
z_queue_pressure_spot_5bps_1s_eth,feature,eth,S5,z_queue_pressure_spot_5bps_1s,B5_dynamics,Normalization,True,False,True,True,29.0987,False,False,False,False,False
z_queue_pressure_spot_5bps_5s_btc,feature,btc,S5,z_queue_pressure_spot_5bps_5s,B5_dynamics,Normalization,True,False,True,True,13.1771,False,False,False,False,False
z_queue_pressure_spot_5bps_5s_eth,feature,eth,S5,z_queue_pressure_spot_5bps_5s,B5_dynamics,Normalization,True,False,True,True,13.1771,False,False,False,False,False
z_refill_rate_fut_10bps_15s_btc,feature,btc,S5,z_refill_rate_fut_10bps_15s,B5_dynamics,Normalization,True,False,True,True,21.6692,False,False,False,False,False
z_refill_rate_fut_10bps_15s_eth,feature,eth,S5,z_refill_rate_fut_10bps_15s,B5_dynamics,Normalization,True,False,True,True,21.6692,False,False,False,False,False
z_refill_rate_fut_10bps_5s_eth,feature,eth,S5,z_refill_rate_fut_10bps_5s,B5_dynamics,Normalization,True,False,True,True,15.3673,False,False,False,False,False
z_refill_rate_fut_10bps_60s_btc,feature,btc,S5,z_refill_rate_fut_10bps_60s,B5_dynamics,Normalization,True,False,True,True,52.3345,False,False,False,False,False
z_refill_rate_fut_10bps_60s_eth,feature,eth,S5,z_refill_rate_fut_10bps_60s,B5_dynamics,Normalization,True,False,True,True,52.3345,False,False,False,False,False
z_refill_rate_fut_1bps_15s_btc,feature,btc,S5,z_refill_rate_fut_1bps_15s,B5_dynamics,Normalization,True,True,True,True,6.3602,False,False,False,False,False
z_refill_rate_fut_1bps_15s_eth,feature,eth,S5,z_refill_rate_fut_1bps_15s,B5_dynamics,Normalization,True,True,True,True,6.3602,False,False,False,False,False
z_refill_rate_fut_1bps_5s_btc,feature,btc,S5,z_refill_rate_fut_1bps_5s,B5_dynamics,Normalization,True,True,True,True,4.4474,False,False,False,False,False
z_refill_rate_fut_1bps_5s_eth,feature,eth,S5,z_refill_rate_fut_1bps_5s,B5_dynamics,Normalization,True,True,True,True,4.4474,False,False,False,False,False
z_refill_rate_fut_1bps_60s_btc,feature,btc,S5,z_refill_rate_fut_1bps_60s,B5_dynamics,Normalization,True,False,True,True,63.3922,False,False,False,False,False
z_refill_rate_fut_1bps_60s_eth,feature,eth,S5,z_refill_rate_fut_1bps_60s,B5_dynamics,Normalization,True,False,True,True,63.3922,False,False,False,False,False
z_refill_rate_fut_2bps_15s_btc,feature,btc,S5,z_refill_rate_fut_2bps_15s,B5_dynamics,Normalization,True,True,True,True,6.5611,False,False,False,False,False
z_refill_rate_fut_2bps_15s_eth,feature,eth,S5,z_refill_rate_fut_2bps_15s,B5_dynamics,Normalization,True,True,True,True,6.5611,False,False,False,False,False
z_refill_rate_fut_2bps_5s_eth,feature,eth,S5,z_refill_rate_fut_2bps_5s,B5_dynamics,Normalization,True,False,True,True,12.8139,False,False,False,False,False
z_refill_rate_fut_2bps_60s_btc,feature,btc,S5,z_refill_rate_fut_2bps_60s,B5_dynamics,Normalization,True,False,True,True,12.5369,False,False,False,False,False
z_refill_rate_fut_2bps_60s_eth,feature,eth,S5,z_refill_rate_fut_2bps_60s,B5_dynamics,Normalization,True,False,True,True,12.5369,False,False,False,False,False
z_refill_rate_fut_5bps_15s_btc,feature,btc,S5,z_refill_rate_fut_5bps_15s,B5_dynamics,Normalization,True,False,True,True,18.2603,False,False,False,False,False
z_refill_rate_fut_5bps_15s_eth,feature,eth,S5,z_refill_rate_fut_5bps_15s,B5_dynamics,Normalization,True,False,True,True,18.2603,False,False,False,False,False
z_refill_rate_fut_5bps_5s_btc,feature,btc,S5,z_refill_rate_fut_5bps_5s,B5_dynamics,Normalization,True,False,True,True,13.9153,False,False,False,False,False
z_refill_rate_fut_5bps_5s_eth,feature,eth,S5,z_refill_rate_fut_5bps_5s,B5_dynamics,Normalization,True,False,True,True,13.9153,False,False,False,False,False
z_refill_rate_fut_5bps_60s_btc,feature,btc,S5,z_refill_rate_fut_5bps_60s,B5_dynamics,Normalization,True,False,True,True,60.5188,False,False,False,False,False
z_refill_rate_fut_5bps_60s_eth,feature,eth,S5,z_refill_rate_fut_5bps_60s,B5_dynamics,Normalization,True,False,True,True,60.5188,False,False,False,False,False
z_refill_rate_spot_10bps_15s_btc,feature,btc,S5,z_refill_rate_spot_10bps_15s,B5_dynamics,Normalization,True,False,True,True,20.367,False,False,False,False,False
z_refill_rate_spot_10bps_15s_eth,feature,eth,S5,z_refill_rate_spot_10bps_15s,B5_dynamics,Normalization,True,False,True,True,20.367,False,False,False,False,False
z_refill_rate_spot_10bps_5s_btc,feature,btc,S5,z_refill_rate_spot_10bps_5s,B5_dynamics,Normalization,True,False,True,True,15.1471,False,False,False,False,False
z_refill_rate_spot_10bps_60s_btc,feature,btc,S5,z_refill_rate_spot_10bps_60s,B5_dynamics,Normalization,True,False,True,True,83.4313,False,False,False,False,False
z_refill_rate_spot_10bps_60s_eth,feature,eth,S5,z_refill_rate_spot_10bps_60s,B5_dynamics,Normalization,True,False,True,True,83.4313,False,False,False,True,False
z_refill_rate_spot_1bps_15s_btc,feature,btc,S5,z_refill_rate_spot_1bps_15s,B5_dynamics,Normalization,True,True,True,True,4.9615,False,False,False,False,False
z_refill_rate_spot_1bps_15s_eth,feature,eth,S5,z_refill_rate_spot_1bps_15s,B5_dynamics,Normalization,True,True,True,True,4.9615,False,False,False,False,False
z_refill_rate_spot_1bps_5s_btc,feature,btc,S5,z_refill_rate_spot_1bps_5s,B5_dynamics,Normalization,True,True,True,True,4.3151,False,False,False,False,False
z_refill_rate_spot_1bps_5s_eth,feature,eth,S5,z_refill_rate_spot_1bps_5s,B5_dynamics,Normalization,True,True,True,True,4.3151,False,False,False,False,False
z_refill_rate_spot_1bps_60s_btc,feature,btc,S5,z_refill_rate_spot_1bps_60s,B5_dynamics,Normalization,True,False,True,True,64.6728,False,False,False,False,False
z_refill_rate_spot_1bps_60s_eth,feature,eth,S5,z_refill_rate_spot_1bps_60s,B5_dynamics,Normalization,True,False,True,True,64.6728,False,False,False,False,False
z_refill_rate_spot_2bps_15s_btc,feature,btc,S5,z_refill_rate_spot_2bps_15s,B5_dynamics,Normalization,True,True,True,True,5.8138,False,False,False,False,False
z_refill_rate_spot_2bps_15s_eth,feature,eth,S5,z_refill_rate_spot_2bps_15s,B5_dynamics,Normalization,True,True,True,True,5.8138,False,False,False,False,False
z_refill_rate_spot_2bps_5s_btc,feature,btc,S5,z_refill_rate_spot_2bps_5s,B5_dynamics,Normalization,True,False,True,True,11.8863,False,False,False,False,False
z_refill_rate_spot_2bps_60s_btc,feature,btc,S5,z_refill_rate_spot_2bps_60s,B5_dynamics,Normalization,True,False,True,True,20.2186,False,False,False,False,False
z_refill_rate_spot_2bps_60s_eth,feature,eth,S5,z_refill_rate_spot_2bps_60s,B5_dynamics,Normalization,True,False,True,True,20.2186,False,False,False,False,False
z_refill_rate_spot_5bps_15s_btc,feature,btc,S5,z_refill_rate_spot_5bps_15s,B5_dynamics,Normalization,True,False,True,True,19.5336,False,False,False,False,False
z_refill_rate_spot_5bps_15s_eth,feature,eth,S5,z_refill_rate_spot_5bps_15s,B5_dynamics,Normalization,True,False,True,True,19.5336,False,False,False,False,False
z_refill_rate_spot_5bps_5s_btc,feature,btc,S5,z_refill_rate_spot_5bps_5s,B5_dynamics,Normalization,True,False,True,True,14.8785,False,False,False,False,False
z_refill_rate_spot_5bps_5s_eth,feature,eth,S5,z_refill_rate_spot_5bps_5s,B5_dynamics,Normalization,True,False,True,True,14.8785,False,False,False,False,False
z_refill_rate_spot_5bps_60s_btc,feature,btc,S5,z_refill_rate_spot_5bps_60s,B5_dynamics,Normalization,True,False,True,True,79.2694,False,False,False,False,False
z_refill_rate_spot_5bps_60s_eth,feature,eth,S5,z_refill_rate_spot_5bps_60s,B5_dynamics,Normalization,True,False,True,True,79.2694,False,False,False,False,False
z_refill_vs_pull_fut_1bps_15s_btc,feature,btc,S5,z_refill_vs_pull_fut_1bps_15s,B5_dynamics,Normalization,True,False,True,True,248.0047,False,False,False,False,False
z_refill_vs_pull_fut_2bps_60s_eth,feature,eth,S5,z_refill_vs_pull_fut_2bps_60s,B5_dynamics,Normalization,True,False,True,True,2826.8968,False,False,False,False,False
z_refill_vs_pull_spot_1bps_15s_eth,feature,eth,S5,z_refill_vs_pull_spot_1bps_15s,B5_dynamics,Normalization,True,False,True,True,290.2325,False,False,False,False,False
z_rv_300s_btc,feature,btc,S5,z_rv_300s,B5_dynamics,Normalization,True,False,True,True,2606.9023,False,True,True,True,True
z_rv_300s_eth,feature,eth,S5,z_rv_300s,B5_dynamics,Normalization,True,False,True,True,2606.9023,True,True,False,False,True
z_rv_60s_btc,feature,btc,S5,z_rv_60s,B5_dynamics,Normalization,True,False,True,True,1593.3955,False,False,False,True,False
z_rv_60s_eth,feature,eth,S5,z_rv_60s,B5_dynamics,Normalization,True,False,True,True,1593.3955,False,True,False,False,False
z_rv_900s_btc,feature,btc,S5,z_rv_900s,B5_dynamics,Normalization,True,False,True,True,891.0237,True,False,True,True,True
z_rv_900s_eth,feature,eth,S5,z_rv_900s,B5_dynamics,Normalization,True,False,True,True,891.0237,False,True,True,True,True
z_spread_fut_300s_btc,feature,btc,S5,z_spread_fut_300s,B5_dynamics,Normalization,True,False,True,True,142.1868,False,False,False,False,False
z_spread_fut_300s_eth,feature,eth,S5,z_spread_fut_300s,B5_dynamics,Normalization,True,False,True,True,142.1868,False,False,False,False,False
z_spread_fut_60s_btc,feature,btc,S5,z_spread_fut_60s,B5_dynamics,Normalization,True,False,True,True,143.3626,False,False,False,False,False
z_spread_fut_60s_eth,feature,eth,S5,z_spread_fut_60s,B5_dynamics,Normalization,True,False,True,True,143.3626,False,False,False,True,False
z_spread_spot_300s_btc,feature,btc,S5,z_spread_spot_300s,B5_dynamics,Normalization,True,False,True,True,179.9416,False,False,False,False,False
z_spread_spot_300s_eth,feature,eth,S5,z_spread_spot_300s,B5_dynamics,Normalization,True,False,True,True,179.9416,False,False,False,False,False
z_spread_spot_60s_btc,feature,btc,S5,z_spread_spot_60s,B5_dynamics,Normalization,True,False,True,True,182.2658,False,False,False,False,False
z_spread_spot_60s_eth,feature,eth,S5,z_spread_spot_60s,B5_dynamics,Normalization,True,False,True,True,182.2658,False,False,False,True,False
z_taker_imbalance_fut_15s_btc,feature,btc,S5,z_taker_imbalance_fut_15s,B5_dynamics,Normalization,True,False,True,True,10.0594,False,False,False,False,False
z_taker_imbalance_fut_15s_eth,feature,eth,S5,z_taker_imbalance_fut_15s,B5_dynamics,Normalization,True,False,True,True,10.0594,False,False,False,False,False
z_taker_imbalance_fut_1s_btc,feature,btc,S5,z_taker_imbalance_fut_1s,B5_dynamics,Normalization,True,True,True,True,6.352,False,False,False,False,False
z_taker_imbalance_fut_1s_eth,feature,eth,S5,z_taker_imbalance_fut_1s,B5_dynamics,Normalization,True,True,True,True,6.352,False,False,False,False,False
z_taker_imbalance_fut_300s_btc,feature,btc,S5,z_taker_imbalance_fut_300s,B5_dynamics,Normalization,True,False,True,True,14.1059,True,True,False,False,True
z_taker_imbalance_fut_300s_eth,feature,eth,S5,z_taker_imbalance_fut_300s,B5_dynamics,Normalization,True,False,True,True,14.1059,True,True,False,True,False
z_taker_imbalance_fut_5s_btc,feature,btc,S5,z_taker_imbalance_fut_5s,B5_dynamics,Normalization,True,True,True,True,2.0022,False,False,False,False,False
z_taker_imbalance_fut_5s_eth,feature,eth,S5,z_taker_imbalance_fut_5s,B5_dynamics,Normalization,True,True,True,True,2.0022,False,False,False,False,False
z_taker_imbalance_fut_60s_btc,feature,btc,S5,z_taker_imbalance_fut_60s,B5_dynamics,Normalization,True,False,True,True,13.5003,False,False,False,False,False
z_taker_imbalance_fut_60s_eth,feature,eth,S5,z_taker_imbalance_fut_60s,B5_dynamics,Normalization,True,False,True,True,13.5003,False,False,False,True,False
z_taker_imbalance_fut_900s_btc,feature,btc,S5,z_taker_imbalance_fut_900s,B5_dynamics,Normalization,True,False,True,True,13.8342,True,True,True,True,True
z_taker_imbalance_fut_900s_eth,feature,eth,S5,z_taker_imbalance_fut_900s,B5_dynamics,Normalization,True,False,True,True,13.8342,True,False,False,False,False
z_taker_imbalance_spot_15s_btc,feature,btc,S5,z_taker_imbalance_spot_15s,B5_dynamics,Normalization,True,True,True,True,6.2318,False,False,False,False,False
z_taker_imbalance_spot_15s_eth,feature,eth,S5,z_taker_imbalance_spot_15s,B5_dynamics,Normalization,True,True,True,True,6.2318,False,False,False,False,False
z_taker_imbalance_spot_1s_btc,feature,btc,S5,z_taker_imbalance_spot_1s,B5_dynamics,Normalization,True,True,True,True,6.3452,False,False,False,False,False
z_taker_imbalance_spot_1s_eth,feature,eth,S5,z_taker_imbalance_spot_1s,B5_dynamics,Normalization,True,True,True,True,6.3452,False,False,False,False,False
z_taker_imbalance_spot_300s_btc,feature,btc,S5,z_taker_imbalance_spot_300s,B5_dynamics,Normalization,True,True,True,True,8.7937,True,True,False,False,True
z_taker_imbalance_spot_300s_eth,feature,eth,S5,z_taker_imbalance_spot_300s,B5_dynamics,Normalization,True,True,True,True,8.7937,False,True,False,False,False
z_taker_imbalance_spot_5s_btc,feature,btc,S5,z_taker_imbalance_spot_5s,B5_dynamics,Normalization,True,True,True,True,2.3884,False,False,False,False,False
z_taker_imbalance_spot_5s_eth,feature,eth,S5,z_taker_imbalance_spot_5s,B5_dynamics,Normalization,True,True,True,True,2.3884,False,False,False,False,False
z_taker_imbalance_spot_60s_btc,feature,btc,S5,z_taker_imbalance_spot_60s,B5_dynamics,Normalization,True,False,True,True,10.5448,False,False,False,False,False
z_taker_imbalance_spot_60s_eth,feature,eth,S5,z_taker_imbalance_spot_60s,B5_dynamics,Normalization,True,False,True,True,10.5448,False,False,False,False,False
z_taker_imbalance_spot_900s_btc,feature,btc,S5,z_taker_imbalance_spot_900s,B5_dynamics,Normalization,True,False,True,True,15.1016,True,True,False,True,False
z_taker_imbalance_spot_900s_eth,feature,eth,S5,z_taker_imbalance_spot_900s,B5_dynamics,Normalization,True,False,True,True,15.1016,True,False,False,False,False
z_trade_absorption_ratio_fut_1s_btc,feature,btc,S5,z_trade_absorption_ratio_fut_1s,B5_dynamics,Normalization,True,False,True,True,39.9495,False,False,False,False,False
z_trade_absorption_ratio_fut_1s_eth,feature,eth,S5,z_trade_absorption_ratio_fut_1s,B5_dynamics,Normalization,True,False,True,True,39.9495,False,False,False,False,False
z_trade_absorption_ratio_fut_60s_btc,feature,btc,S5,z_trade_absorption_ratio_fut_60s,B5_dynamics,Normalization,True,False,True,True,12.5398,False,False,False,False,False
z_trade_absorption_ratio_fut_60s_eth,feature,eth,S5,z_trade_absorption_ratio_fut_60s,B5_dynamics,Normalization,True,False,True,True,12.5398,False,False,False,True,False
z_trade_absorption_ratio_fut_900s_btc,feature,btc,S5,z_trade_absorption_ratio_fut_900s,B5_dynamics,Normalization,True,False,True,True,14.1332,True,True,True,True,True
z_trade_absorption_ratio_fut_900s_eth,feature,eth,S5,z_trade_absorption_ratio_fut_900s,B5_dynamics,Normalization,True,False,True,True,14.1332,True,True,True,False,True
z_trade_absorption_ratio_spot_1s_btc,feature,btc,S5,z_trade_absorption_ratio_spot_1s,B5_dynamics,Normalization,True,False,True,True,35.1987,False,False,False,False,False
z_trade_absorption_ratio_spot_1s_eth,feature,eth,S5,z_trade_absorption_ratio_spot_1s,B5_dynamics,Normalization,True,False,True,True,35.1987,False,False,False,False,False
z_trade_absorption_ratio_spot_60s_btc,feature,btc,S5,z_trade_absorption_ratio_spot_60s,B5_dynamics,Normalization,True,False,True,True,17.0538,False,False,False,False,False
z_trade_absorption_ratio_spot_60s_eth,feature,eth,S5,z_trade_absorption_ratio_spot_60s,B5_dynamics,Normalization,True,False,True,True,17.0538,False,False,False,False,False
z_trade_absorption_ratio_spot_900s_btc,feature,btc,S5,z_trade_absorption_ratio_spot_900s,B5_dynamics,Normalization,True,False,True,True,20.4266,False,False,False,False,False
z_trade_absorption_ratio_spot_900s_eth,feature,eth,S5,z_trade_absorption_ratio_spot_900s,B5_dynamics,Normalization,True,False,True,True,20.4266,True,True,True,False,False
z_volume_asym_fut_minus_spot_300s_btc,feature,btc,S5,z_volume_asym_fut_minus_spot_300s,B4_cross_market,Cross-Market,True,False,True,True,105.4621,False,False,False,False,False
z_volume_asym_fut_minus_spot_300s_eth,feature,eth,S5,z_volume_asym_fut_minus_spot_300s,B4_cross_market,Cross-Market,True,False,True,True,105.4621,True,False,False,True,False
z_volume_asym_fut_minus_spot_60s_btc,feature,btc,S5,z_volume_asym_fut_minus_spot_60s,B4_cross_market,Cross-Market,True,False,True,True,26.2954,False,False,False,True,False
z_volume_asym_fut_minus_spot_60s_eth,feature,eth,S5,z_volume_asym_fut_minus_spot_60s,B4_cross_market,Cross-Market,True,False,True,True,26.2954,False,False,True,True,False
z_volume_asym_fut_minus_spot_900s_btc,feature,btc,S5,z_volume_asym_fut_minus_spot_900s,B4_cross_market,Cross-Market,True,False,True,True,265.1199,False,True,True,True,True
z_volume_asym_fut_minus_spot_900s_eth,feature,eth,S5,z_volume_asym_fut_minus_spot_900s,B4_cross_market,Cross-Market,True,False,True,True,265.1199,True,False,True,False,False
ca_ret_fwd_spread_15s_btceth,target,btceth,S6,ca_ret_fwd_spread_15s,,Cross-Asset,False,False,False,False,,False,False,False,False,False
ca_ret_fwd_spread_1s_btceth,target,btceth,S6,ca_ret_fwd_spread_1s,,Cross-Asset,False,False,False,False,,False,False,False,False,False
ca_ret_fwd_spread_300s_btceth,target,btceth,S6,ca_ret_fwd_spread_300s,,Cross-Asset,False,False,False,False,,False,False,False,False,False
ca_ret_fwd_spread_60s_btceth,target,btceth,S6,ca_ret_fwd_spread_60s,,Cross-Asset,False,False,False,False,,False,False,False,False,False
ca_ret_fwd_spread_900s_btceth,target,btceth,S6,ca_ret_fwd_spread_900s,,Cross-Asset,False,False,False,False,,False,False,False,False,False
mae_fwd_15s_bps_btc,target,btc,S5,mae_fwd_15s_bps,,Forward Excursion,False,False,False,False,,False,False,False,False,False
mae_fwd_15s_bps_eth,target,eth,S5,mae_fwd_15s_bps,,Forward Excursion,False,False,False,False,,False,False,False,False,False
mae_fwd_300s_bps_btc,target,btc,S5,mae_fwd_300s_bps,,Forward Excursion,False,False,False,False,,False,False,False,False,False
mae_fwd_300s_bps_eth,target,eth,S5,mae_fwd_300s_bps,,Forward Excursion,False,False,False,False,,False,False,False,False,False
mae_fwd_60s_bps_btc,target,btc,S5,mae_fwd_60s_bps,,Forward Excursion,False,False,False,False,,False,False,False,False,False
mae_fwd_60s_bps_eth,target,eth,S5,mae_fwd_60s_bps,,Forward Excursion,False,False,False,False,,False,False,False,False,False
mae_fwd_900s_bps_btc,target,btc,S5,mae_fwd_900s_bps,,Forward Excursion,False,False,False,False,,False,False,False,False,False
mae_fwd_900s_bps_eth,target,eth,S5,mae_fwd_900s_bps,,Forward Excursion,False,False,False,False,,False,False,False,False,False
mfe_fwd_15s_bps_btc,target,btc,S5,mfe_fwd_15s_bps,,Forward Excursion,False,False,False,False,,False,False,False,False,False
mfe_fwd_15s_bps_eth,target,eth,S5,mfe_fwd_15s_bps,,Forward Excursion,False,False,False,False,,False,False,False,False,False
mfe_fwd_300s_bps_btc,target,btc,S5,mfe_fwd_300s_bps,,Forward Excursion,False,False,False,False,,False,False,False,False,False
mfe_fwd_300s_bps_eth,target,eth,S5,mfe_fwd_300s_bps,,Forward Excursion,False,False,False,False,,False,False,False,False,False
mfe_fwd_60s_bps_btc,target,btc,S5,mfe_fwd_60s_bps,,Forward Excursion,False,False,False,False,,False,False,False,False,False
mfe_fwd_60s_bps_eth,target,eth,S5,mfe_fwd_60s_bps,,Forward Excursion,False,False,False,False,,False,False,False,False,False
mfe_fwd_900s_bps_btc,target,btc,S5,mfe_fwd_900s_bps,,Forward Excursion,False,False,False,False,,False,False,False,False,False
mfe_fwd_900s_bps_eth,target,eth,S5,mfe_fwd_900s_bps,,Forward Excursion,False,False,False,False,,False,False,False,False,False
ret_15s_btc,target,btc,S5,ret_15s,,Returns,False,False,False,False,,False,False,False,False,False
ret_15s_eth,target,eth,S5,ret_15s,,Returns,False,False,False,False,,False,False,False,False,False
ret_60s_btc,target,btc,S5,ret_60s,,Returns,False,False,False,False,,False,False,False,False,False
ret_60s_eth,target,eth,S5,ret_60s,,Returns,False,False,False,False,,False,False,False,False,False
ret_fwd_120s_btc,target,btc,S5,ret_fwd_120s,,Returns,False,False,False,False,,False,False,False,False,False
ret_fwd_120s_eth,target,eth,S5,ret_fwd_120s,,Returns,False,False,False,False,,False,False,False,False,False
ret_fwd_15s_btc,target,btc,S5,ret_fwd_15s,,Returns,False,False,False,False,,False,False,False,False,False
ret_fwd_15s_eth,target,eth,S5,ret_fwd_15s,,Returns,False,False,False,False,,False,False,False,False,False
ret_fwd_1s_btc,target,btc,S5,ret_fwd_1s,,Returns,False,False,False,False,,False,False,False,False,False
ret_fwd_1s_eth,target,eth,S5,ret_fwd_1s,,Returns,False,False,False,False,,False,False,False,False,False
ret_fwd_300s_btc,target,btc,S5,ret_fwd_300s,,Returns,False,False,False,False,,False,False,False,False,False
ret_fwd_300s_eth,target,eth,S5,ret_fwd_300s,,Returns,False,False,False,False,,False,False,False,False,False
ret_fwd_30s_btc,target,btc,S5,ret_fwd_30s,,Returns,False,False,False,False,,False,False,False,False,False
ret_fwd_30s_eth,target,eth,S5,ret_fwd_30s,,Returns,False,False,False,False,,False,False,False,False,False
ret_fwd_5s_btc,target,btc,S5,ret_fwd_5s,,Returns,False,False,False,False,,False,False,False,False,False
ret_fwd_5s_eth,target,eth,S5,ret_fwd_5s,,Returns,False,False,False,False,,False,False,False,False,False
ret_fwd_60s_btc,target,btc,S5,ret_fwd_60s,,Returns,False,False,False,False,,False,False,False,False,False
ret_fwd_60s_eth,target,eth,S5,ret_fwd_60s,,Returns,False,False,False,False,,False,False,False,False,False
ret_fwd_900s_btc,target,btc,S5,ret_fwd_900s,,Returns,False,False,False,False,,False,False,False,False,False
ret_fwd_900s_eth,target,eth,S5,ret_fwd_900s,,Returns,False,False,False,False,,False,False,False,False,False
ret_mid_fut_15s_btc,target,btc,S5,ret_mid_fut_15s,,Returns,False,False,False,False,,False,False,False,False,False
ret_mid_fut_15s_eth,target,eth,S5,ret_mid_fut_15s,,Returns,False,False,False,False,,False,False,False,False,False
ret_mid_fut_1s_btc,target,btc,S5,ret_mid_fut_1s,,Returns,False,False,False,False,,False,False,False,False,False
ret_mid_fut_1s_eth,target,eth,S5,ret_mid_fut_1s,,Returns,False,False,False,False,,False,False,False,False,False
ret_mid_fut_60s_btc,target,btc,S5,ret_mid_fut_60s,,Returns,False,False,False,False,,False,False,False,False,False
ret_mid_fut_60s_eth,target,eth,S5,ret_mid_fut_60s,,Returns,False,False,False,False,,False,False,False,False,False
ret_mid_spot_15s_btc,target,btc,S5,ret_mid_spot_15s,,Returns,False,False,False,False,,False,False,False,False,False
ret_mid_spot_15s_eth,target,eth,S5,ret_mid_spot_15s,,Returns,False,False,False,False,,False,False,False,False,False
ret_mid_spot_1s_btc,target,btc,S5,ret_mid_spot_1s,,Returns,False,False,False,False,,False,False,False,False,False
ret_mid_spot_1s_eth,target,eth,S5,ret_mid_spot_1s,,Returns,False,False,False,False,,False,False,False,False,False
ret_mid_spot_60s_btc,target,btc,S5,ret_mid_spot_60s,,Returns,False,False,False,False,,False,False,False,False,False
ret_mid_spot_60s_eth,target,eth,S5,ret_mid_spot_60s,,Returns,False,False,False,False,,False,False,False,False,False
ret_vwap_fut_300s_btc,target,btc,S5,ret_vwap_fut_300s,,Returns,False,False,False,False,,False,False,False,False,False
ret_vwap_fut_300s_eth,target,eth,S5,ret_vwap_fut_300s,,Returns,False,False,False,False,,False,False,False,False,False
ret_vwap_fut_60s_btc,target,btc,S5,ret_vwap_fut_60s,,Returns,False,False,False,False,,False,False,False,False,False
ret_vwap_fut_60s_eth,target,eth,S5,ret_vwap_fut_60s,,Returns,False,False,False,False,,False,False,False,False,False
ret_vwap_fut_900s_btc,target,btc,S5,ret_vwap_fut_900s,,Returns,False,False,False,False,,False,False,False,False,False
ret_vwap_fut_900s_eth,target,eth,S5,ret_vwap_fut_900s,,Returns,False,False,False,False,,False,False,False,False,False
ret_vwap_spot_300s_btc,target,btc,S5,ret_vwap_spot_300s,,Returns,False,False,False,False,,False,False,False,False,False
ret_vwap_spot_300s_eth,target,eth,S5,ret_vwap_spot_300s,,Returns,False,False,False,False,,False,False,False,False,False
ret_vwap_spot_60s_btc,target,btc,S5,ret_vwap_spot_60s,,Returns,False,False,False,False,,False,False,False,False,False
ret_vwap_spot_60s_eth,target,eth,S5,ret_vwap_spot_60s,,Returns,False,False,False,False,,False,False,False,False,False
ret_vwap_spot_900s_btc,target,btc,S5,ret_vwap_spot_900s,,Returns,False,False,False,False,,False,False,False,False,False
ret_vwap_spot_900s_eth,target,eth,S5,ret_vwap_spot_900s,,Returns,False,False,False,False,,False,False,False,False,False
rv_fwd_300s_btc,target,btc,S5,rv_fwd_300s,,Forward RV,False,False,False,False,,False,False,False,False,False
rv_fwd_300s_eth,target,eth,S5,rv_fwd_300s,,Forward RV,False,False,False,False,,False,False,False,False,False
rv_fwd_60s_btc,target,btc,S5,rv_fwd_60s,,Forward RV,False,False,False,False,,False,False,False,False,False
rv_fwd_60s_eth,target,eth,S5,rv_fwd_60s,,Forward RV,False,False,False,False,,False,False,False,False,False
rv_fwd_900s_btc,target,btc,S5,rv_fwd_900s,,Forward RV,False,False,False,False,,False,False,False,False,False
rv_fwd_900s_eth,target,eth,S5,rv_fwd_900s,,Forward RV,False,False,False,False,,False,False,False,False,False
breakout_regime_flag_300s_btc,meta,btc,S5,breakout_regime_flag_300s,,Meta,False,False,False,False,,False,False,False,False,False
breakout_regime_flag_300s_eth,meta,eth,S5,breakout_regime_flag_300s,,Meta,False,False,False,False,,False,False,False,False,False
breakout_regime_flag_60s_btc,meta,btc,S5,breakout_regime_flag_60s,,Meta,False,False,False,False,,False,False,False,False,False
breakout_regime_flag_60s_eth,meta,eth,S5,breakout_regime_flag_60s,,Meta,False,False,False,False,,False,False,False,False,False
bucket_dt_utc_btc,meta,btc,S5,bucket_dt_utc,,Data Health / Context,False,False,False,False,,False,False,False,False,False
bucket_dt_utc_eth,meta,eth,S5,bucket_dt_utc,,Data Health / Context,False,False,False,False,,False,False,False,False,False
data_health_flag_btc,meta,btc,S5,data_health_flag,,Data Health,False,False,False,False,,False,False,False,False,False
data_health_flag_eth,meta,eth,S5,data_health_flag,,Data Health,False,False,False,False,,False,False,False,False,False
data_health_flag_soft_btc,meta,btc,S5,data_health_flag_soft,,Data Health,False,False,False,False,,False,False,False,False,False
data_health_flag_soft_eth,meta,eth,S5,data_health_flag_soft,,Data Health,False,False,False,False,,False,False,False,False,False
depth_availability_btc,meta,btc,S5,depth_availability,,Data Health / Context,False,False,False,False,,False,False,False,False,False
depth_availability_eth,meta,eth,S5,depth_availability,,Data Health / Context,False,False,False,False,,False,False,False,False,False
depth_lobdeep_global_btc,meta,btc,S5,depth_lobdeep_global,,Data Health,False,False,False,False,,False,False,False,False,False
depth_lobdeep_global_eth,meta,eth,S5,depth_lobdeep_global,,Data Health,False,False,False,False,,False,False,False,False,False
dir_consistency_asym_spot_60_over_900_btc,meta,btc,S5,dir_consistency_asym_spot_60_over_900,,Meta,False,False,False,False,,False,False,False,False,False
dir_consistency_asym_spot_60_over_900_eth,meta,eth,S5,dir_consistency_asym_spot_60_over_900,,Meta,False,False,False,False,,False,False,False,False,False
dir_consistency_fut_300s_btc,meta,btc,S5,dir_consistency_fut_300s,,Meta,False,False,False,False,,False,False,False,False,False
dir_consistency_fut_300s_eth,meta,eth,S5,dir_consistency_fut_300s,,Meta,False,False,False,False,,False,False,False,False,False
dir_consistency_fut_60s_btc,meta,btc,S5,dir_consistency_fut_60s,,Meta,False,False,False,False,,False,False,False,False,False
dir_consistency_fut_60s_eth,meta,eth,S5,dir_consistency_fut_60s,,Meta,False,False,False,False,,False,False,False,False,False
dir_consistency_fut_900s_btc,meta,btc,S5,dir_consistency_fut_900s,,Meta,False,False,False,False,,False,False,False,False,False
dir_consistency_fut_900s_eth,meta,eth,S5,dir_consistency_fut_900s,,Meta,False,False,False,False,,False,False,False,False,False
dir_consistency_spot_300s_btc,meta,btc,S5,dir_consistency_spot_300s,,Meta,False,False,False,False,,False,False,False,False,False
dir_consistency_spot_300s_eth,meta,eth,S5,dir_consistency_spot_300s,,Meta,False,False,False,False,,False,False,False,False,False
dir_consistency_spot_60s_btc,meta,btc,S5,dir_consistency_spot_60s,,Meta,False,False,False,False,,False,False,False,False,False
dir_consistency_spot_60s_eth,meta,eth,S5,dir_consistency_spot_60s,,Meta,False,False,False,False,,False,False,False,False,False
dir_consistency_spot_900s_btc,meta,btc,S5,dir_consistency_spot_900s,,Meta,False,False,False,False,,False,False,False,False,False
dir_consistency_spot_900s_eth,meta,eth,S5,dir_consistency_spot_900s,,Meta,False,False,False,False,,False,False,False,False,False
health_reason_code_btc,meta,btc,S5,health_reason_code,,Data Health / Context,False,False,False,False,,False,False,False,False,False
health_reason_code_eth,meta,eth,S5,health_reason_code,,Data Health / Context,False,False,False,False,,False,False,False,False,False
l2_bad_bitmask_btc,meta,btc,S5,l2_bad_bitmask,,Data Health / Context,False,False,False,False,,False,False,False,False,False
l2_bad_bitmask_eth,meta,eth,S5,l2_bad_bitmask,,Data Health / Context,False,False,False,False,,False,False,False,False,False
l2_bad_combos_btc,meta,btc,S5,l2_bad_combos,,Data Health / Context,False,False,False,False,,False,False,False,False,False
l2_bad_combos_eth,meta,eth,S5,l2_bad_combos,,Data Health / Context,False,False,False,False,,False,False,False,False,False
l2_coverage_flag_btc,meta,btc,S5,l2_coverage_flag,,Data Health,False,False,False,False,,False,False,False,False,False
l2_coverage_flag_eth,meta,eth,S5,l2_coverage_flag,,Data Health,False,False,False,False,,False,False,False,False,False
l2_crossed_combos_btc,meta,btc,S5,l2_crossed_combos,,Data Health / Context,False,False,False,False,,False,False,False,False,False
l2_crossed_combos_eth,meta,eth,S5,l2_crossed_combos,,Data Health / Context,False,False,False,False,,False,False,False,False,False
l2_gap_combos_btc,meta,btc,S5,l2_gap_combos,,Data Health / Context,False,False,False,False,,False,False,False,False,False
l2_gap_combos_eth,meta,eth,S5,l2_gap_combos,,Data Health / Context,False,False,False,False,,False,False,False,False,False
l2_invalid_ts_combos_btc,meta,btc,S5,l2_invalid_ts_combos,,Data Health / Context,False,False,False,False,,False,False,False,False,False
l2_invalid_ts_combos_eth,meta,eth,S5,l2_invalid_ts_combos,,Data Health / Context,False,False,False,False,,False,False,False,False,False
l2_missing_combos_btc,meta,btc,S5,l2_missing_combos,,Data Health / Context,False,False,False,False,,False,False,False,False,False
l2_missing_combos_eth,meta,eth,S5,l2_missing_combos,,Data Health / Context,False,False,False,False,,False,False,False,False,False
l2_reconnect_combos_btc,meta,btc,S5,l2_reconnect_combos,,Data Health / Context,False,False,False,False,,False,False,False,False,False
l2_reconnect_combos_eth,meta,eth,S5,l2_reconnect_combos,,Data Health / Context,False,False,False,False,,False,False,False,False,False
l2_total_combos_btc,meta,btc,S5,l2_total_combos,,Data Health / Context,False,False,False,False,,False,False,False,False,False
l2_total_combos_eth,meta,eth,S5,l2_total_combos,,Data Health / Context,False,False,False,False,,False,False,False,False,False
lob50_health_flag_btc,meta,btc,S5,lob50_health_flag,,Data Health,False,False,False,False,,False,False,False,False,False
lob50_health_flag_eth,meta,eth,S5,lob50_health_flag,,Data Health,False,False,False,False,,False,False,False,False,False
net_pressure_depth_coherence_fut_15s_btc,meta,btc,S5,net_pressure_depth_coherence_fut_15s,,Meta,False,False,False,False,,False,False,False,False,False
net_pressure_depth_coherence_fut_15s_eth,meta,eth,S5,net_pressure_depth_coherence_fut_15s,,Meta,False,False,False,False,,False,False,False,False,False
net_pressure_depth_coherence_fut_5s_btc,meta,btc,S5,net_pressure_depth_coherence_fut_5s,,Meta,False,False,False,False,,False,False,False,False,False
net_pressure_depth_coherence_fut_5s_eth,meta,eth,S5,net_pressure_depth_coherence_fut_5s,,Meta,False,False,False,False,,False,False,False,False,False
net_pressure_depth_coherence_fut_60s_btc,meta,btc,S5,net_pressure_depth_coherence_fut_60s,,Meta,False,False,False,False,,False,False,False,False,False
net_pressure_depth_coherence_fut_60s_eth,meta,eth,S5,net_pressure_depth_coherence_fut_60s,,Meta,False,False,False,False,,False,False,False,False,False
net_pressure_depth_coherence_spot_15s_btc,meta,btc,S5,net_pressure_depth_coherence_spot_15s,,Meta,False,False,False,False,,False,False,False,False,False
net_pressure_depth_coherence_spot_15s_eth,meta,eth,S5,net_pressure_depth_coherence_spot_15s,,Meta,False,False,False,False,,False,False,False,False,False
net_pressure_depth_coherence_spot_5s_btc,meta,btc,S5,net_pressure_depth_coherence_spot_5s,,Meta,False,False,False,False,,False,False,False,False,False
net_pressure_depth_coherence_spot_5s_eth,meta,eth,S5,net_pressure_depth_coherence_spot_5s,,Meta,False,False,False,False,,False,False,False,False,False
net_pressure_depth_coherence_spot_60s_btc,meta,btc,S5,net_pressure_depth_coherence_spot_60s,,Meta,False,False,False,False,,False,False,False,False,False
net_pressure_depth_coherence_spot_60s_eth,meta,eth,S5,net_pressure_depth_coherence_spot_60s,,Meta,False,False,False,False,,False,False,False,False,False
net_pressure_depth_curvature_fut_15s_btc,meta,btc,S5,net_pressure_depth_curvature_fut_15s,,Meta,False,False,False,False,,False,False,False,False,False
net_pressure_depth_curvature_fut_15s_eth,meta,eth,S5,net_pressure_depth_curvature_fut_15s,,Meta,False,False,False,False,,False,False,False,False,False
net_pressure_depth_curvature_fut_5s_btc,meta,btc,S5,net_pressure_depth_curvature_fut_5s,,Meta,False,False,False,False,,False,False,False,False,False
net_pressure_depth_curvature_fut_5s_eth,meta,eth,S5,net_pressure_depth_curvature_fut_5s,,Meta,False,False,False,False,,False,False,False,False,False
net_pressure_depth_curvature_fut_60s_btc,meta,btc,S5,net_pressure_depth_curvature_fut_60s,,Meta,False,False,False,False,,False,False,False,False,False
net_pressure_depth_curvature_fut_60s_eth,meta,eth,S5,net_pressure_depth_curvature_fut_60s,,Meta,False,False,False,False,,False,False,False,False,False
net_pressure_depth_curvature_spot_15s_btc,meta,btc,S5,net_pressure_depth_curvature_spot_15s,,Meta,False,False,False,False,,False,False,False,False,False
net_pressure_depth_curvature_spot_15s_eth,meta,eth,S5,net_pressure_depth_curvature_spot_15s,,Meta,False,False,False,False,,False,False,False,False,False
net_pressure_depth_curvature_spot_5s_btc,meta,btc,S5,net_pressure_depth_curvature_spot_5s,,Meta,False,False,False,False,,False,False,False,False,False
net_pressure_depth_curvature_spot_5s_eth,meta,eth,S5,net_pressure_depth_curvature_spot_5s,,Meta,False,False,False,False,,False,False,False,False,False
net_pressure_depth_curvature_spot_60s_btc,meta,btc,S5,net_pressure_depth_curvature_spot_60s,,Meta,False,False,False,False,,False,False,False,False,False
net_pressure_depth_curvature_spot_60s_eth,meta,eth,S5,net_pressure_depth_curvature_spot_60s,,Meta,False,False,False,False,,False,False,False,False,False
net_pressure_depth_slope_fut_15s_btc,meta,btc,S5,net_pressure_depth_slope_fut_15s,,Meta,False,False,False,False,,False,False,False,False,False
net_pressure_depth_slope_fut_15s_eth,meta,eth,S5,net_pressure_depth_slope_fut_15s,,Meta,False,False,False,False,,False,False,False,False,False
net_pressure_depth_slope_fut_5s_btc,meta,btc,S5,net_pressure_depth_slope_fut_5s,,Meta,False,False,False,False,,False,False,False,False,False
net_pressure_depth_slope_fut_5s_eth,meta,eth,S5,net_pressure_depth_slope_fut_5s,,Meta,False,False,False,False,,False,False,False,False,False
net_pressure_depth_slope_fut_60s_btc,meta,btc,S5,net_pressure_depth_slope_fut_60s,,Meta,False,False,False,False,,False,False,False,False,False
net_pressure_depth_slope_fut_60s_eth,meta,eth,S5,net_pressure_depth_slope_fut_60s,,Meta,False,False,False,False,,False,False,False,False,False
net_pressure_depth_slope_spot_15s_btc,meta,btc,S5,net_pressure_depth_slope_spot_15s,,Meta,False,False,False,False,,False,False,False,False,False
net_pressure_depth_slope_spot_15s_eth,meta,eth,S5,net_pressure_depth_slope_spot_15s,,Meta,False,False,False,False,,False,False,False,False,False
net_pressure_depth_slope_spot_5s_btc,meta,btc,S5,net_pressure_depth_slope_spot_5s,,Meta,False,False,False,False,,False,False,False,False,False
net_pressure_depth_slope_spot_5s_eth,meta,eth,S5,net_pressure_depth_slope_spot_5s,,Meta,False,False,False,False,,False,False,False,False,False
net_pressure_depth_slope_spot_60s_btc,meta,btc,S5,net_pressure_depth_slope_spot_60s,,Meta,False,False,False,False,,False,False,False,False,False
net_pressure_depth_slope_spot_60s_eth,meta,eth,S5,net_pressure_depth_slope_spot_60s,,Meta,False,False,False,False,,False,False,False,False,False
queue_pressure_depth_coherence_fut_15s_btc,meta,btc,S5,queue_pressure_depth_coherence_fut_15s,,Meta,False,False,False,False,,False,False,False,False,False
queue_pressure_depth_coherence_fut_15s_eth,meta,eth,S5,queue_pressure_depth_coherence_fut_15s,,Meta,False,False,False,False,,False,False,False,False,False
queue_pressure_depth_coherence_fut_5s_btc,meta,btc,S5,queue_pressure_depth_coherence_fut_5s,,Meta,False,False,False,False,,False,False,False,False,False
queue_pressure_depth_coherence_fut_5s_eth,meta,eth,S5,queue_pressure_depth_coherence_fut_5s,,Meta,False,False,False,False,,False,False,False,False,False
queue_pressure_depth_coherence_fut_60s_btc,meta,btc,S5,queue_pressure_depth_coherence_fut_60s,,Meta,False,False,False,False,,False,False,False,False,False
queue_pressure_depth_coherence_fut_60s_eth,meta,eth,S5,queue_pressure_depth_coherence_fut_60s,,Meta,False,False,False,False,,False,False,False,False,False
queue_pressure_depth_coherence_spot_15s_btc,meta,btc,S5,queue_pressure_depth_coherence_spot_15s,,Meta,False,False,False,False,,False,False,False,False,False
queue_pressure_depth_coherence_spot_15s_eth,meta,eth,S5,queue_pressure_depth_coherence_spot_15s,,Meta,False,False,False,False,,False,False,False,False,False
queue_pressure_depth_coherence_spot_5s_btc,meta,btc,S5,queue_pressure_depth_coherence_spot_5s,,Meta,False,False,False,False,,False,False,False,False,False
queue_pressure_depth_coherence_spot_5s_eth,meta,eth,S5,queue_pressure_depth_coherence_spot_5s,,Meta,False,False,False,False,,False,False,False,False,False
queue_pressure_depth_coherence_spot_60s_btc,meta,btc,S5,queue_pressure_depth_coherence_spot_60s,,Meta,False,False,False,False,,False,False,False,False,False
queue_pressure_depth_coherence_spot_60s_eth,meta,eth,S5,queue_pressure_depth_coherence_spot_60s,,Meta,False,False,False,False,,False,False,False,False,False
queue_pressure_depth_curvature_fut_15s_btc,meta,btc,S5,queue_pressure_depth_curvature_fut_15s,,Meta,False,False,False,False,,False,False,False,False,False
queue_pressure_depth_curvature_fut_15s_eth,meta,eth,S5,queue_pressure_depth_curvature_fut_15s,,Meta,False,False,False,False,,False,False,False,False,False
queue_pressure_depth_curvature_fut_5s_btc,meta,btc,S5,queue_pressure_depth_curvature_fut_5s,,Meta,False,False,False,False,,False,False,False,False,False
queue_pressure_depth_curvature_fut_5s_eth,meta,eth,S5,queue_pressure_depth_curvature_fut_5s,,Meta,False,False,False,False,,False,False,False,False,False
queue_pressure_depth_curvature_fut_60s_btc,meta,btc,S5,queue_pressure_depth_curvature_fut_60s,,Meta,False,False,False,False,,False,False,False,False,False
queue_pressure_depth_curvature_fut_60s_eth,meta,eth,S5,queue_pressure_depth_curvature_fut_60s,,Meta,False,False,False,False,,False,False,False,False,False
queue_pressure_depth_curvature_spot_15s_btc,meta,btc,S5,queue_pressure_depth_curvature_spot_15s,,Meta,False,False,False,False,,False,False,False,False,False
queue_pressure_depth_curvature_spot_15s_eth,meta,eth,S5,queue_pressure_depth_curvature_spot_15s,,Meta,False,False,False,False,,False,False,False,False,False
queue_pressure_depth_curvature_spot_5s_btc,meta,btc,S5,queue_pressure_depth_curvature_spot_5s,,Meta,False,False,False,False,,False,False,False,False,False
queue_pressure_depth_curvature_spot_5s_eth,meta,eth,S5,queue_pressure_depth_curvature_spot_5s,,Meta,False,False,False,False,,False,False,False,False,False
queue_pressure_depth_curvature_spot_60s_btc,meta,btc,S5,queue_pressure_depth_curvature_spot_60s,,Meta,False,False,False,False,,False,False,False,False,False
queue_pressure_depth_curvature_spot_60s_eth,meta,eth,S5,queue_pressure_depth_curvature_spot_60s,,Meta,False,False,False,False,,False,False,False,False,False
queue_pressure_depth_slope_fut_15s_btc,meta,btc,S5,queue_pressure_depth_slope_fut_15s,,Meta,False,False,False,False,,False,False,False,False,False
queue_pressure_depth_slope_fut_15s_eth,meta,eth,S5,queue_pressure_depth_slope_fut_15s,,Meta,False,False,False,False,,False,False,False,False,False
queue_pressure_depth_slope_fut_5s_btc,meta,btc,S5,queue_pressure_depth_slope_fut_5s,,Meta,False,False,False,False,,False,False,False,False,False
queue_pressure_depth_slope_fut_5s_eth,meta,eth,S5,queue_pressure_depth_slope_fut_5s,,Meta,False,False,False,False,,False,False,False,False,False
queue_pressure_depth_slope_fut_60s_btc,meta,btc,S5,queue_pressure_depth_slope_fut_60s,,Meta,False,False,False,False,,False,False,False,False,False
queue_pressure_depth_slope_fut_60s_eth,meta,eth,S5,queue_pressure_depth_slope_fut_60s,,Meta,False,False,False,False,,False,False,False,False,False
queue_pressure_depth_slope_spot_15s_btc,meta,btc,S5,queue_pressure_depth_slope_spot_15s,,Meta,False,False,False,False,,False,False,False,False,False
queue_pressure_depth_slope_spot_15s_eth,meta,eth,S5,queue_pressure_depth_slope_spot_15s,,Meta,False,False,False,False,,False,False,False,False,False
queue_pressure_depth_slope_spot_5s_btc,meta,btc,S5,queue_pressure_depth_slope_spot_5s,,Meta,False,False,False,False,,False,False,False,False,False
queue_pressure_depth_slope_spot_5s_eth,meta,eth,S5,queue_pressure_depth_slope_spot_5s,,Meta,False,False,False,False,,False,False,False,False,False
queue_pressure_depth_slope_spot_60s_btc,meta,btc,S5,queue_pressure_depth_slope_spot_60s,,Meta,False,False,False,False,,False,False,False,False,False
queue_pressure_depth_slope_spot_60s_eth,meta,eth,S5,queue_pressure_depth_slope_spot_60s,,Meta,False,False,False,False,,False,False,False,False,False
range_pct_fut_300s_btc,meta,btc,S5,range_pct_fut_300s,,Meta,False,False,False,False,,False,False,False,False,False
range_pct_fut_300s_eth,meta,eth,S5,range_pct_fut_300s,,Meta,False,False,False,False,,False,False,False,False,False
range_pct_fut_60s_btc,meta,btc,S5,range_pct_fut_60s,,Meta,False,False,False,False,,False,False,False,False,False
range_pct_fut_60s_eth,meta,eth,S5,range_pct_fut_60s,,Meta,False,False,False,False,,False,False,False,False,False
range_pct_fut_900s_btc,meta,btc,S5,range_pct_fut_900s,,Meta,False,False,False,False,,False,False,False,False,False
range_pct_fut_900s_eth,meta,eth,S5,range_pct_fut_900s,,Meta,False,False,False,False,,False,False,False,False,False
range_pct_spot_300s_btc,meta,btc,S5,range_pct_spot_300s,,Meta,False,False,False,False,,False,False,False,False,False
range_pct_spot_300s_eth,meta,eth,S5,range_pct_spot_300s,,Meta,False,False,False,False,,False,False,False,False,False
range_pct_spot_60s_btc,meta,btc,S5,range_pct_spot_60s,,Meta,False,False,False,False,,False,False,False,False,False
range_pct_spot_60s_eth,meta,eth,S5,range_pct_spot_60s,,Meta,False,False,False,False,,False,False,False,False,False
range_pct_spot_900s_btc,meta,btc,S5,range_pct_spot_900s,,Meta,False,False,False,False,,False,False,False,False,False
range_pct_spot_900s_eth,meta,eth,S5,range_pct_spot_900s,,Meta,False,False,False,False,,False,False,False,False,False
range_pos_fut_300s_btc,meta,btc,S5,range_pos_fut_300s,,Meta,False,False,False,False,,False,False,False,False,False
range_pos_fut_300s_eth,meta,eth,S5,range_pos_fut_300s,,Meta,False,False,False,False,,False,False,False,False,False
range_pos_fut_60s_btc,meta,btc,S5,range_pos_fut_60s,,Meta,False,False,False,False,,False,False,False,False,False
range_pos_fut_60s_eth,meta,eth,S5,range_pos_fut_60s,,Meta,False,False,False,False,,False,False,False,False,False
range_pos_fut_900s_btc,meta,btc,S5,range_pos_fut_900s,,Meta,False,False,False,False,,False,False,False,False,False
range_pos_fut_900s_eth,meta,eth,S5,range_pos_fut_900s,,Meta,False,False,False,False,,False,False,False,False,False
range_pos_spot_300s_btc,meta,btc,S5,range_pos_spot_300s,,Meta,False,False,False,False,,False,False,False,False,False
range_pos_spot_300s_eth,meta,eth,S5,range_pos_spot_300s,,Meta,False,False,False,False,,False,False,False,False,False
range_pos_spot_60s_btc,meta,btc,S5,range_pos_spot_60s,,Meta,False,False,False,False,,False,False,False,False,False
range_pos_spot_60s_eth,meta,eth,S5,range_pos_spot_60s,,Meta,False,False,False,False,,False,False,False,False,False
range_pos_spot_900s_btc,meta,btc,S5,range_pos_spot_900s,,Meta,False,False,False,False,,False,False,False,False,False
range_pos_spot_900s_eth,meta,eth,S5,range_pos_spot_900s,,Meta,False,False,False,False,,False,False,False,False,False
session_asia_btc,meta,btc,S5,session_asia,,Session,False,False,False,False,,False,False,False,False,False
session_asia_eth,meta,eth,S5,session_asia,,Session,False,False,False,False,,False,False,False,False,False
session_london_btc,meta,btc,S5,session_london,,Session,False,False,False,False,,False,False,False,False,False
session_london_eth,meta,eth,S5,session_london,,Session,False,False,False,False,,False,False,False,False,False
session_newyork_btc,meta,btc,S5,session_newyork,,Session,False,False,False,False,,False,False,False,False,False
session_newyork_eth,meta,eth,S5,session_newyork,,Session,False,False,False,False,,False,False,False,False,False
session_overlap_flag_btc,meta,btc,S5,session_overlap_flag,,Session,False,False,False,False,,False,False,False,False,False
session_overlap_flag_eth,meta,eth,S5,session_overlap_flag,,Session,False,False,False,False,,False,False,False,False,False
session_sydney_btc,meta,btc,S5,session_sydney,,Session,False,False,False,False,,False,False,False,False,False
session_sydney_eth,meta,eth,S5,session_sydney,,Session,False,False,False,False,,False,False,False,False,False
session_tokyo_btc,meta,btc,S5,session_tokyo,,Session,False,False,False,False,,False,False,False,False,False
session_tokyo_eth,meta,eth,S5,session_tokyo,,Session,False,False,False,False,,False,False,False,False,False
trades_coverage_flag_btc,meta,btc,S5,trades_coverage_flag,,Data Health,False,False,False,False,,False,False,False,False,False
trades_coverage_flag_eth,meta,eth,S5,trades_coverage_flag,,Data Health,False,False,False,False,,False,False,False,False,False
unidir_ratio_spot_300s_btc,meta,btc,S5,unidir_ratio_spot_300s,,Meta,False,False,False,False,,False,False,False,False,False
unidir_ratio_spot_300s_eth,meta,eth,S5,unidir_ratio_spot_300s,,Meta,False,False,False,False,,False,False,False,False,False
unidir_ratio_spot_60s_btc,meta,btc,S5,unidir_ratio_spot_60s,,Meta,False,False,False,False,,False,False,False,False,False
unidir_ratio_spot_60s_eth,meta,eth,S5,unidir_ratio_spot_60s,,Meta,False,False,False,False,,False,False,False,False,False
unusable_reason_code_btc,meta,btc,S5,unusable_reason_code,,Data Health / Context,False,False,False,False,,False,False,False,False,False
unusable_reason_code_eth,meta,eth,S5,unusable_reason_code,,Data Health / Context,False,False,False,False,,False,False,False,False,False
us_holiday_btc,meta,btc,S5,us_holiday,,Session,False,False,False,False,,False,False,False,False,False
us_holiday_eth,meta,eth,S5,us_holiday,,Session,False,False,False,False,,False,False,False,False,False
us_rth_btc,meta,btc,S5,us_rth,,Session,False,False,False,False,,False,False,False,False,False
us_rth_eth,meta,eth,S5,us_rth,,Session,False,False,False,False,,False,False,False,False,False
usability_bad_count_win_btc,meta,btc,S5,usability_bad_count_win,,Data Health / Context,False,False,False,False,,False,False,False,False,False
usability_bad_count_win_eth,meta,eth,S5,usability_bad_count_win,,Data Health / Context,False,False,False,False,,False,False,False,False,False
usability_bad_ratio_win_btc,meta,btc,S5,usability_bad_ratio_win,,Data Health / Context,False,False,False,False,,False,False,False,False,False
usability_bad_ratio_win_eth,meta,eth,S5,usability_bad_ratio_win,,Data Health / Context,False,False,False,False,,False,False,False,False,False
usability_max_bad_streak_win_btc,meta,btc,S5,usability_max_bad_streak_win,,Data Health / Context,False,False,False,False,,False,False,False,False,False
usability_max_bad_streak_win_eth,meta,eth,S5,usability_max_bad_streak_win,,Data Health / Context,False,False,False,False,,False,False,False,False,False
usability_warmup_flag_btc,meta,btc,S5,usability_warmup_flag,,Data Health / Context,False,False,False,False,,False,False,False,False,False
usability_warmup_flag_eth,meta,eth,S5,usability_warmup_flag,,Data Health / Context,False,False,False,False,,False,False,False,False,False
vacuum_score_fut_10bps_15s_btc,meta,btc,S5,vacuum_score_fut_10bps_15s,,Meta,False,False,False,False,,False,False,False,False,False
vacuum_score_fut_10bps_15s_eth,meta,eth,S5,vacuum_score_fut_10bps_15s,,Meta,False,False,False,False,,False,False,False,False,False
vacuum_score_fut_10bps_5s_btc,meta,btc,S5,vacuum_score_fut_10bps_5s,,Meta,False,False,False,False,,False,False,False,False,False
vacuum_score_fut_10bps_5s_eth,meta,eth,S5,vacuum_score_fut_10bps_5s,,Meta,False,False,False,False,,False,False,False,False,False
vacuum_score_fut_10bps_60s_btc,meta,btc,S5,vacuum_score_fut_10bps_60s,,Meta,False,False,False,False,,False,False,False,False,False
vacuum_score_fut_10bps_60s_eth,meta,eth,S5,vacuum_score_fut_10bps_60s,,Meta,False,False,False,False,,False,False,False,False,False
vacuum_score_fut_1bps_5s_btc,meta,btc,S5,vacuum_score_fut_1bps_5s,,Meta,False,False,False,False,,False,False,False,False,False
vacuum_score_fut_1bps_5s_eth,meta,eth,S5,vacuum_score_fut_1bps_5s,,Meta,False,False,False,False,,False,False,False,False,False
vacuum_score_fut_1bps_60s_btc,meta,btc,S5,vacuum_score_fut_1bps_60s,,Meta,False,False,False,False,,False,False,False,False,False
vacuum_score_fut_1bps_60s_eth,meta,eth,S5,vacuum_score_fut_1bps_60s,,Meta,False,False,False,False,,False,False,False,False,False
vacuum_score_fut_2bps_5s_btc,meta,btc,S5,vacuum_score_fut_2bps_5s,,Meta,False,False,False,False,,False,False,False,False,False
vacuum_score_fut_2bps_5s_eth,meta,eth,S5,vacuum_score_fut_2bps_5s,,Meta,False,False,False,False,,False,False,False,False,False
vacuum_score_fut_5bps_15s_btc,meta,btc,S5,vacuum_score_fut_5bps_15s,,Meta,False,False,False,False,,False,False,False,False,False
vacuum_score_fut_5bps_15s_eth,meta,eth,S5,vacuum_score_fut_5bps_15s,,Meta,False,False,False,False,,False,False,False,False,False
vacuum_score_fut_5bps_5s_btc,meta,btc,S5,vacuum_score_fut_5bps_5s,,Meta,False,False,False,False,,False,False,False,False,False
vacuum_score_fut_5bps_5s_eth,meta,eth,S5,vacuum_score_fut_5bps_5s,,Meta,False,False,False,False,,False,False,False,False,False
vacuum_score_fut_5bps_60s_btc,meta,btc,S5,vacuum_score_fut_5bps_60s,,Meta,False,False,False,False,,False,False,False,False,False
vacuum_score_fut_5bps_60s_eth,meta,eth,S5,vacuum_score_fut_5bps_60s,,Meta,False,False,False,False,,False,False,False,False,False
vacuum_score_spot_10bps_15s_btc,meta,btc,S5,vacuum_score_spot_10bps_15s,,Meta,False,False,False,False,,False,False,False,False,False
vacuum_score_spot_10bps_15s_eth,meta,eth,S5,vacuum_score_spot_10bps_15s,,Meta,False,False,False,False,,False,False,False,False,False
vacuum_score_spot_10bps_5s_btc,meta,btc,S5,vacuum_score_spot_10bps_5s,,Meta,False,False,False,False,,False,False,False,False,False
vacuum_score_spot_10bps_5s_eth,meta,eth,S5,vacuum_score_spot_10bps_5s,,Meta,False,False,False,False,,False,False,False,False,False
vacuum_score_spot_10bps_60s_btc,meta,btc,S5,vacuum_score_spot_10bps_60s,,Meta,False,False,False,False,,False,False,False,False,False
vacuum_score_spot_10bps_60s_eth,meta,eth,S5,vacuum_score_spot_10bps_60s,,Meta,False,False,False,False,,False,False,False,False,False
vacuum_score_spot_1bps_5s_btc,meta,btc,S5,vacuum_score_spot_1bps_5s,,Meta,False,False,False,False,,False,False,False,False,False
vacuum_score_spot_1bps_5s_eth,meta,eth,S5,vacuum_score_spot_1bps_5s,,Meta,False,False,False,False,,False,False,False,False,False
vacuum_score_spot_1bps_60s_btc,meta,btc,S5,vacuum_score_spot_1bps_60s,,Meta,False,False,False,False,,False,False,False,False,False
vacuum_score_spot_1bps_60s_eth,meta,eth,S5,vacuum_score_spot_1bps_60s,,Meta,False,False,False,False,,False,False,False,False,False
vacuum_score_spot_2bps_5s_btc,meta,btc,S5,vacuum_score_spot_2bps_5s,,Meta,False,False,False,False,,False,False,False,False,False
vacuum_score_spot_2bps_5s_eth,meta,eth,S5,vacuum_score_spot_2bps_5s,,Meta,False,False,False,False,,False,False,False,False,False
vacuum_score_spot_5bps_15s_btc,meta,btc,S5,vacuum_score_spot_5bps_15s,,Meta,False,False,False,False,,False,False,False,False,False
vacuum_score_spot_5bps_15s_eth,meta,eth,S5,vacuum_score_spot_5bps_15s,,Meta,False,False,False,False,,False,False,False,False,False
vacuum_score_spot_5bps_5s_btc,meta,btc,S5,vacuum_score_spot_5bps_5s,,Meta,False,False,False,False,,False,False,False,False,False
vacuum_score_spot_5bps_5s_eth,meta,eth,S5,vacuum_score_spot_5bps_5s,,Meta,False,False,False,False,,False,False,False,False,False
vacuum_score_spot_5bps_60s_btc,meta,btc,S5,vacuum_score_spot_5bps_60s,,Meta,False,False,False,False,,False,False,False,False,False
vacuum_score_spot_5bps_60s_eth,meta,eth,S5,vacuum_score_spot_5bps_60s,,Meta,False,False,False,False,,False,False,False,False,False